2026-03-26T10:02:10.689+05:30  INFO 24816 --- [order-service] [main] c.e.o.OrderServiceApplication            : Starting OrderServiceApplication using Java 21.0.2 with PID 24816 (F:\Ecommerce Production Level Application\order-service\target\classes started by nanda royality in F:\Ecommerce Production Level Application\user-service)
2026-03-26T10:02:10.760+05:30 DEBUG 24816 --- [order-service] [main] c.e.o.OrderServiceApplication            : Running with Spring Boot v3.2.3, Spring v6.1.4
2026-03-26T10:02:10.761+05:30  INFO 24816 --- [order-service] [main] c.e.o.OrderServiceApplication            : No active profile set, falling back to 1 default profile: "default"
2026-03-26T10:02:21.440+05:30  INFO 24816 --- [order-service] [main] .s.d.r.c.RepositoryConfigurationDelegate : Multiple Spring Data modules found, entering strict repository configuration mode
2026-03-26T10:02:21.471+05:30  INFO 24816 --- [order-service] [main] .s.d.r.c.RepositoryConfigurationDelegate : Bootstrapping Spring Data JPA repositories in DEFAULT mode.
2026-03-26T10:02:21.796+05:30  INFO 24816 --- [order-service] [main] .s.d.r.c.RepositoryConfigurationDelegate : Finished Spring Data repository scanning in 306 ms. Found 3 JPA repository interfaces.
2026-03-26T10:02:22.448+05:30  INFO 24816 --- [order-service] [main] o.s.cloud.context.scope.GenericScope     : BeanFactory id=050aadc7-4625-3da1-8ca2-406a49b73d0d
2026-03-26T10:02:23.181+05:30  WARN 24816 --- [order-service] [main] trationDelegate$BeanPostProcessorChecker : Bean 'org.springframework.cloud.client.loadbalancer.LoadBalancerAutoConfiguration$DeferringLoadBalancerInterceptorConfig' of type [org.springframework.cloud.client.loadbalancer.LoadBalancerAutoConfiguration$DeferringLoadBalancerInterceptorConfig] is not eligible for getting processed by all BeanPostProcessors (for example: not eligible for auto-proxying). The currently created BeanPostProcessor [lbRestClientPostProcessor] is declared through a non-static factory method on that class; consider declaring it as static instead.
2026-03-26T10:02:23.187+05:30  WARN 24816 --- [order-service] [main] trationDelegate$BeanPostProcessorChecker : Bean 'deferringLoadBalancerInterceptor' of type [org.springframework.cloud.client.loadbalancer.DeferringLoadBalancerInterceptor] is not eligible for getting processed by all BeanPostProcessors (for example: not eligible for auto-proxying). Is this bean getting eagerly injected into a currently created BeanPostProcessor [lbRestClientPostProcessor]? Check the corresponding BeanPostProcessor declaration and its dependencies.
2026-03-26T10:02:23.978+05:30  INFO 24816 --- [order-service] [main] o.s.b.w.embedded.tomcat.TomcatWebServer  : Tomcat initialized with port 8083 (http)
2026-03-26T10:02:24.012+05:30  INFO 24816 --- [order-service] [main] o.apache.catalina.core.StandardService   : Starting service [Tomcat]
2026-03-26T10:02:24.016+05:30  INFO 24816 --- [order-service] [main] o.apache.catalina.core.StandardEngine    : Starting Servlet engine: [Apache Tomcat/10.1.19]
2026-03-26T10:02:24.264+05:30  INFO 24816 --- [order-service] [main] o.a.c.c.C.[Tomcat].[localhost].[/]       : Initializing Spring embedded WebApplicationContext
2026-03-26T10:02:24.264+05:30  INFO 24816 --- [order-service] [main] w.s.c.ServletWebServerApplicationContext : Root WebApplicationContext: initialization completed in 13452 ms
2026-03-26T10:02:24.714+05:30 DEBUG 24816 --- [order-service] [main] c.e.o.security.JwtAuthenticationFilter   : Filter 'jwtAuthenticationFilter' configured for use
2026-03-26T10:02:24.921+05:30  INFO 24816 --- [order-service] [main] o.hibernate.jpa.internal.util.LogHelper  : HHH000204: Processing PersistenceUnitInfo [name: default]
2026-03-26T10:02:25.031+05:30  INFO 24816 --- [order-service] [main] org.hibernate.Version                    : HHH000412: Hibernate ORM core version 6.4.4.Final
2026-03-26T10:02:25.205+05:30  INFO 24816 --- [order-service] [main] o.h.c.internal.RegionFactoryInitiator    : HHH000026: Second-level cache disabled
2026-03-26T10:02:25.498+05:30  INFO 24816 --- [order-service] [main] o.s.o.j.p.SpringPersistenceUnitInfo      : No LoadTimeWeaver setup: ignoring JPA class transformer
2026-03-26T10:02:25.524+05:30  INFO 24816 --- [order-service] [main] com.zaxxer.hikari.HikariDataSource       : OrderServicePool - Starting...
2026-03-26T10:02:40.419+05:30  INFO 24816 --- [order-service] [main] com.zaxxer.hikari.pool.HikariPool        : OrderServicePool - Added connection com.mysql.cj.jdbc.ConnectionImpl@4c3c31a5
2026-03-26T10:02:40.421+05:30  INFO 24816 --- [order-service] [main] com.zaxxer.hikari.HikariDataSource       : OrderServicePool - Start completed.
2026-03-26T10:02:42.405+05:30  WARN 24816 --- [order-service] [main] org.hibernate.orm.deprecation            : HHH90000025: MySQLDialect does not need to be specified explicitly using 'hibernate.dialect' (remove the property setting and it will be selected by default)
2026-03-26T10:02:43.378+05:30  INFO 24816 --- [order-service] [main] o.h.e.t.j.p.i.JtaPlatformInitiator       : HHH000489: No JTA platform available (set 'hibernate.transaction.jta.platform' to enable JTA platform integration)
2026-03-26T10:02:54.815+05:30  INFO 24816 --- [order-service] [main] j.LocalContainerEntityManagerFactoryBean : Initialized JPA EntityManagerFactory for persistence unit 'default'
2026-03-26T10:02:58.044+05:30  INFO 24816 --- [order-service] [main] o.s.d.j.r.query.QueryEnhancerFactory     : Hibernate is in classpath; If applicable, HQL parser will be used.
2026-03-26T10:03:00.104+05:30  INFO 24816 --- [order-service] [main] o.s.c.openfeign.FeignClientFactoryBean   : For 'product-service' URL not provided. Will try picking an instance via load-balancing.
2026-03-26T10:03:02.321+05:30  WARN 24816 --- [order-service] [main] .s.s.UserDetailsServiceAutoConfiguration : 

Using generated security password: b0890d48-e269-424e-9787-2c04cc46d9d8

This generated password is for development use only. Your security configuration must be updated before running your application in production.

2026-03-26T10:03:03.141+05:30  INFO 24816 --- [order-service] [main] o.s.b.a.e.web.EndpointLinksResolver      : Exposing 1 endpoint(s) beneath base path '/actuator'
2026-03-26T10:03:03.545+05:30  INFO 24816 --- [order-service] [main] o.s.s.web.DefaultSecurityFilterChain     : Will secure any request with [org.springframework.security.web.session.DisableEncodeUrlFilter@5fce034f, org.springframework.security.web.context.request.async.WebAsyncManagerIntegrationFilter@373743f, org.springframework.security.web.context.SecurityContextHolderFilter@5b751bab, org.springframework.security.web.header.HeaderWriterFilter@29843829, org.springframework.web.filter.CorsFilter@75591913, org.springframework.security.web.authentication.logout.LogoutFilter@7393a461, com.ecommerce.order_service.security.JwtAuthenticationFilter@546083d6, org.springframework.security.web.savedrequest.RequestCacheAwareFilter@282506e1, org.springframework.security.web.servletapi.SecurityContextHolderAwareRequestFilter@43f1a188, org.springframework.security.web.authentication.AnonymousAuthenticationFilter@f019e01, org.springframework.security.web.session.SessionManagementFilter@38bbbb3c, org.springframework.security.web.access.ExceptionTranslationFilter@6ef25c03, org.springframework.security.web.access.intercept.AuthorizationFilter@14e215b]
2026-03-26T10:03:04.309+05:30  INFO 24816 --- [order-service] [main] DiscoveryClientOptionalArgsConfiguration : Eureka HTTP Client uses RestTemplate.
2026-03-26T10:03:04.403+05:30  WARN 24816 --- [order-service] [main] iguration$LoadBalancerCaffeineWarnLogger : Spring Cloud LoadBalancer is currently working with the default cache. While this cache implementation is useful for development and tests, it's recommended to use Caffeine cache in production.You can switch to using Caffeine cache, by adding it and org.springframework.cache.caffeine.CaffeineCacheManager to the classpath.
2026-03-26T10:03:04.497+05:30  INFO 24816 --- [order-service] [main] o.a.k.clients.admin.AdminClientConfig    : AdminClientConfig values: 
	auto.include.jmx.reporter = true
	bootstrap.servers = [localhost:9092]
	client.dns.lookup = use_all_dns_ips
	client.id = 
	connections.max.idle.ms = 300000
	default.api.timeout.ms = 60000
	metadata.max.age.ms = 300000
	metric.reporters = []
	metrics.num.samples = 2
	metrics.recording.level = INFO
	metrics.sample.window.ms = 30000
	receive.buffer.bytes = 65536
	reconnect.backoff.max.ms = 1000
	reconnect.backoff.ms = 50
	request.timeout.ms = 30000
	retries = 2147483647
	retry.backoff.ms = 100
	sasl.client.callback.handler.class = null
	sasl.jaas.config = null
	sasl.kerberos.kinit.cmd = /usr/bin/kinit
	sasl.kerberos.min.time.before.relogin = 60000
	sasl.kerberos.service.name = null
	sasl.kerberos.ticket.renew.jitter = 0.05
	sasl.kerberos.ticket.renew.window.factor = 0.8
	sasl.login.callback.handler.class = null
	sasl.login.class = null
	sasl.login.connect.timeout.ms = null
	sasl.login.read.timeout.ms = null
	sasl.login.refresh.buffer.seconds = 300
	sasl.login.refresh.min.period.seconds = 60
	sasl.login.refresh.window.factor = 0.8
	sasl.login.refresh.window.jitter = 0.05
	sasl.login.retry.backoff.max.ms = 10000
	sasl.login.retry.backoff.ms = 100
	sasl.mechanism = GSSAPI
	sasl.oauthbearer.clock.skew.seconds = 30
	sasl.oauthbearer.expected.audience = null
	sasl.oauthbearer.expected.issuer = null
	sasl.oauthbearer.jwks.endpoint.refresh.ms = 3600000
	sasl.oauthbearer.jwks.endpoint.retry.backoff.max.ms = 10000
	sasl.oauthbearer.jwks.endpoint.retry.backoff.ms = 100
	sasl.oauthbearer.jwks.endpoint.url = null
	sasl.oauthbearer.scope.claim.name = scope
	sasl.oauthbearer.sub.claim.name = sub
	sasl.oauthbearer.token.endpoint.url = null
	security.protocol = PLAINTEXT
	security.providers = null
	send.buffer.bytes = 131072
	socket.connection.setup.timeout.max.ms = 30000
	socket.connection.setup.timeout.ms = 10000
	ssl.cipher.suites = null
	ssl.enabled.protocols = [TLSv1.2, TLSv1.3]
	ssl.endpoint.identification.algorithm = https
	ssl.engine.factory.class = null
	ssl.key.password = null
	ssl.keymanager.algorithm = SunX509
	ssl.keystore.certificate.chain = null
	ssl.keystore.key = null
	ssl.keystore.location = null
	ssl.keystore.password = null
	ssl.keystore.type = JKS
	ssl.protocol = TLSv1.3
	ssl.provider = null
	ssl.secure.random.implementation = null
	ssl.trustmanager.algorithm = PKIX
	ssl.truststore.certificates = null
	ssl.truststore.location = null
	ssl.truststore.password = null
	ssl.truststore.type = JKS

2026-03-26T10:03:04.636+05:30  INFO 24816 --- [order-service] [main] o.a.kafka.common.utils.AppInfoParser     : Kafka version: 3.6.1
2026-03-26T10:03:04.807+05:30  INFO 24816 --- [order-service] [main] o.a.kafka.common.utils.AppInfoParser     : Kafka commitId: 5e3c2b738d253ff5
2026-03-26T10:03:04.808+05:30  INFO 24816 --- [order-service] [main] o.a.kafka.common.utils.AppInfoParser     : Kafka startTimeMs: 1774499584635
2026-03-26T10:03:04.818+05:30  INFO 24816 --- [order-service] [kafka-admin-client-thread | adminclient-1] org.apache.kafka.clients.NetworkClient   : [AdminClient clientId=adminclient-1] Node -1 disconnected.
2026-03-26T10:03:04.819+05:30  WARN 24816 --- [order-service] [kafka-admin-client-thread | adminclient-1] org.apache.kafka.clients.NetworkClient   : [AdminClient clientId=adminclient-1] Connection to node -1 (localhost/127.0.0.1:9092) could not be established. Broker may not be available.
2026-03-26T10:03:04.934+05:30  INFO 24816 --- [order-service] [kafka-admin-client-thread | adminclient-1] org.apache.kafka.clients.NetworkClient   : [AdminClient clientId=adminclient-1] Node -1 disconnected.
2026-03-26T10:03:04.935+05:30  WARN 24816 --- [order-service] [kafka-admin-client-thread | adminclient-1] org.apache.kafka.clients.NetworkClient   : [AdminClient clientId=adminclient-1] Connection to node -1 (localhost/127.0.0.1:9092) could not be established. Broker may not be available.
2026-03-26T10:03:05.044+05:30  INFO 24816 --- [order-service] [kafka-admin-client-thread | adminclient-1] org.apache.kafka.clients.NetworkClient   : [AdminClient clientId=adminclient-1] Node -1 disconnected.
2026-03-26T10:03:05.045+05:30  WARN 24816 --- [order-service] [kafka-admin-client-thread | adminclient-1] org.apache.kafka.clients.NetworkClient   : [AdminClient clientId=adminclient-1] Connection to node -1 (localhost/127.0.0.1:9092) could not be established. Broker may not be available.
2026-03-26T10:03:05.375+05:30  INFO 24816 --- [order-service] [kafka-admin-client-thread | adminclient-1] org.apache.kafka.clients.NetworkClient   : [AdminClient clientId=adminclient-1] Node -1 disconnected.
2026-03-26T10:03:05.375+05:30  WARN 24816 --- [order-service] [kafka-admin-client-thread | adminclient-1] org.apache.kafka.clients.NetworkClient   : [AdminClient clientId=adminclient-1] Connection to node -1 (localhost/127.0.0.1:9092) could not be established. Broker may not be available.
2026-03-26T10:03:05.918+05:30  INFO 24816 --- [order-service] [kafka-admin-client-thread | adminclient-1] org.apache.kafka.clients.NetworkClient   : [AdminClient clientId=adminclient-1] Node -1 disconnected.
2026-03-26T10:03:05.919+05:30  WARN 24816 --- [order-service] [kafka-admin-client-thread | adminclient-1] org.apache.kafka.clients.NetworkClient   : [AdminClient clientId=adminclient-1] Connection to node -1 (localhost/127.0.0.1:9092) could not be established. Broker may not be available.
2026-03-26T10:03:06.900+05:30  INFO 24816 --- [order-service] [kafka-admin-client-thread | adminclient-1] org.apache.kafka.clients.NetworkClient   : [AdminClient clientId=adminclient-1] Node -1 disconnected.
2026-03-26T10:03:06.900+05:30  WARN 24816 --- [order-service] [kafka-admin-client-thread | adminclient-1] org.apache.kafka.clients.NetworkClient   : [AdminClient clientId=adminclient-1] Connection to node -1 (localhost/127.0.0.1:9092) could not be established. Broker may not be available.
2026-03-26T10:03:07.770+05:30  INFO 24816 --- [order-service] [kafka-admin-client-thread | adminclient-1] org.apache.kafka.clients.NetworkClient   : [AdminClient clientId=adminclient-1] Node -1 disconnected.
2026-03-26T10:03:07.771+05:30  WARN 24816 --- [order-service] [kafka-admin-client-thread | adminclient-1] org.apache.kafka.clients.NetworkClient   : [AdminClient clientId=adminclient-1] Connection to node -1 (localhost/127.0.0.1:9092) could not be established. Broker may not be available.
2026-03-26T10:03:08.646+05:30  INFO 24816 --- [order-service] [kafka-admin-client-thread | adminclient-1] org.apache.kafka.clients.NetworkClient   : [AdminClient clientId=adminclient-1] Node -1 disconnected.
2026-03-26T10:03:09.091+05:30  WARN 24816 --- [order-service] [kafka-admin-client-thread | adminclient-1] org.apache.kafka.clients.NetworkClient   : [AdminClient clientId=adminclient-1] Connection to node -1 (localhost/127.0.0.1:9092) could not be established. Broker may not be available.
2026-03-26T10:03:09.727+05:30  INFO 24816 --- [order-service] [kafka-admin-client-thread | adminclient-1] org.apache.kafka.clients.NetworkClient   : [AdminClient clientId=adminclient-1] Node -1 disconnected.
2026-03-26T10:03:09.728+05:30  WARN 24816 --- [order-service] [kafka-admin-client-thread | adminclient-1] org.apache.kafka.clients.NetworkClient   : [AdminClient clientId=adminclient-1] Connection to node -1 (localhost/127.0.0.1:9092) could not be established. Broker may not be available.
2026-03-26T10:03:10.723+05:30  INFO 24816 --- [order-service] [kafka-admin-client-thread | adminclient-1] org.apache.kafka.clients.NetworkClient   : [AdminClient clientId=adminclient-1] Node -1 disconnected.
2026-03-26T10:03:10.723+05:30  WARN 24816 --- [order-service] [kafka-admin-client-thread | adminclient-1] org.apache.kafka.clients.NetworkClient   : [AdminClient clientId=adminclient-1] Connection to node -1 (localhost/127.0.0.1:9092) could not be established. Broker may not be available.
2026-03-26T10:03:11.720+05:30  INFO 24816 --- [order-service] [kafka-admin-client-thread | adminclient-1] org.apache.kafka.clients.NetworkClient   : [AdminClient clientId=adminclient-1] Node -1 disconnected.
2026-03-26T10:03:11.720+05:30  WARN 24816 --- [order-service] [kafka-admin-client-thread | adminclient-1] org.apache.kafka.clients.NetworkClient   : [AdminClient clientId=adminclient-1] Connection to node -1 (localhost/127.0.0.1:9092) could not be established. Broker may not be available.
2026-03-26T10:03:12.716+05:30  INFO 24816 --- [order-service] [kafka-admin-client-thread | adminclient-1] org.apache.kafka.clients.NetworkClient   : [AdminClient clientId=adminclient-1] Node -1 disconnected.
2026-03-26T10:03:12.739+05:30  WARN 24816 --- [order-service] [kafka-admin-client-thread | adminclient-1] org.apache.kafka.clients.NetworkClient   : [AdminClient clientId=adminclient-1] Connection to node -1 (localhost/127.0.0.1:9092) could not be established. Broker may not be available.
2026-03-26T10:03:13.946+05:30  INFO 24816 --- [order-service] [kafka-admin-client-thread | adminclient-1] org.apache.kafka.clients.NetworkClient   : [AdminClient clientId=adminclient-1] Node -1 disconnected.
2026-03-26T10:03:13.946+05:30  WARN 24816 --- [order-service] [kafka-admin-client-thread | adminclient-1] org.apache.kafka.clients.NetworkClient   : [AdminClient clientId=adminclient-1] Connection to node -1 (localhost/127.0.0.1:9092) could not be established. Broker may not be available.
2026-03-26T10:03:14.822+05:30  INFO 24816 --- [order-service] [kafka-admin-client-thread | adminclient-1] org.apache.kafka.clients.NetworkClient   : [AdminClient clientId=adminclient-1] Node -1 disconnected.
2026-03-26T10:03:14.822+05:30  WARN 24816 --- [order-service] [kafka-admin-client-thread | adminclient-1] org.apache.kafka.clients.NetworkClient   : [AdminClient clientId=adminclient-1] Connection to node -1 (localhost/127.0.0.1:9092) could not be established. Broker may not be available.
2026-03-26T10:03:15.692+05:30  INFO 24816 --- [order-service] [kafka-admin-client-thread | adminclient-1] org.apache.kafka.clients.NetworkClient   : [AdminClient clientId=adminclient-1] Node -1 disconnected.
2026-03-26T10:03:15.693+05:30  WARN 24816 --- [order-service] [kafka-admin-client-thread | adminclient-1] org.apache.kafka.clients.NetworkClient   : [AdminClient clientId=adminclient-1] Connection to node -1 (localhost/127.0.0.1:9092) could not be established. Broker may not be available.
2026-03-26T10:03:16.549+05:30  INFO 24816 --- [order-service] [kafka-admin-client-thread | adminclient-1] org.apache.kafka.clients.NetworkClient   : [AdminClient clientId=adminclient-1] Node -1 disconnected.
2026-03-26T10:03:16.550+05:30  WARN 24816 --- [order-service] [kafka-admin-client-thread | adminclient-1] org.apache.kafka.clients.NetworkClient   : [AdminClient clientId=adminclient-1] Connection to node -1 (localhost/127.0.0.1:9092) could not be established. Broker may not be available.
2026-03-26T10:03:17.535+05:30  INFO 24816 --- [order-service] [kafka-admin-client-thread | adminclient-1] org.apache.kafka.clients.NetworkClient   : [AdminClient clientId=adminclient-1] Node -1 disconnected.
2026-03-26T10:03:17.535+05:30  WARN 24816 --- [order-service] [kafka-admin-client-thread | adminclient-1] org.apache.kafka.clients.NetworkClient   : [AdminClient clientId=adminclient-1] Connection to node -1 (localhost/127.0.0.1:9092) could not be established. Broker may not be available.
2026-03-26T10:03:18.723+05:30  INFO 24816 --- [order-service] [kafka-admin-client-thread | adminclient-1] org.apache.kafka.clients.NetworkClient   : [AdminClient clientId=adminclient-1] Node -1 disconnected.
2026-03-26T10:03:18.723+05:30  WARN 24816 --- [order-service] [kafka-admin-client-thread | adminclient-1] org.apache.kafka.clients.NetworkClient   : [AdminClient clientId=adminclient-1] Connection to node -1 (localhost/127.0.0.1:9092) could not be established. Broker may not be available.
2026-03-26T10:03:19.593+05:30  INFO 24816 --- [order-service] [kafka-admin-client-thread | adminclient-1] org.apache.kafka.clients.NetworkClient   : [AdminClient clientId=adminclient-1] Node -1 disconnected.
2026-03-26T10:03:19.594+05:30  WARN 24816 --- [order-service] [kafka-admin-client-thread | adminclient-1] org.apache.kafka.clients.NetworkClient   : [AdminClient clientId=adminclient-1] Connection to node -1 (localhost/127.0.0.1:9092) could not be established. Broker may not be available.
2026-03-26T10:03:20.798+05:30  INFO 24816 --- [order-service] [kafka-admin-client-thread | adminclient-1] org.apache.kafka.clients.NetworkClient   : [AdminClient clientId=adminclient-1] Node -1 disconnected.
2026-03-26T10:03:20.798+05:30  WARN 24816 --- [order-service] [kafka-admin-client-thread | adminclient-1] org.apache.kafka.clients.NetworkClient   : [AdminClient clientId=adminclient-1] Connection to node -1 (localhost/127.0.0.1:9092) could not be established. Broker may not be available.
2026-03-26T10:03:21.888+05:30  INFO 24816 --- [order-service] [kafka-admin-client-thread | adminclient-1] org.apache.kafka.clients.NetworkClient   : [AdminClient clientId=adminclient-1] Node -1 disconnected.
2026-03-26T10:03:21.889+05:30  WARN 24816 --- [order-service] [kafka-admin-client-thread | adminclient-1] org.apache.kafka.clients.NetworkClient   : [AdminClient clientId=adminclient-1] Connection to node -1 (localhost/127.0.0.1:9092) could not be established. Broker may not be available.
2026-03-26T10:03:23.044+05:30  INFO 24816 --- [order-service] [kafka-admin-client-thread | adminclient-1] org.apache.kafka.clients.NetworkClient   : [AdminClient clientId=adminclient-1] Node -1 disconnected.
2026-03-26T10:03:23.045+05:30  WARN 24816 --- [order-service] [kafka-admin-client-thread | adminclient-1] org.apache.kafka.clients.NetworkClient   : [AdminClient clientId=adminclient-1] Connection to node -1 (localhost/127.0.0.1:9092) could not be established. Broker may not be available.
2026-03-26T10:03:24.139+05:30  INFO 24816 --- [order-service] [kafka-admin-client-thread | adminclient-1] org.apache.kafka.clients.NetworkClient   : [AdminClient clientId=adminclient-1] Node -1 disconnected.
2026-03-26T10:03:24.139+05:30  WARN 24816 --- [order-service] [kafka-admin-client-thread | adminclient-1] org.apache.kafka.clients.NetworkClient   : [AdminClient clientId=adminclient-1] Connection to node -1 (localhost/127.0.0.1:9092) could not be established. Broker may not be available.
2026-03-26T10:03:25.232+05:30  INFO 24816 --- [order-service] [kafka-admin-client-thread | adminclient-1] org.apache.kafka.clients.NetworkClient   : [AdminClient clientId=adminclient-1] Node -1 disconnected.
2026-03-26T10:03:25.232+05:30  WARN 24816 --- [order-service] [kafka-admin-client-thread | adminclient-1] org.apache.kafka.clients.NetworkClient   : [AdminClient clientId=adminclient-1] Connection to node -1 (localhost/127.0.0.1:9092) could not be established. Broker may not be available.
2026-03-26T10:03:26.432+05:30  INFO 24816 --- [order-service] [kafka-admin-client-thread | adminclient-1] org.apache.kafka.clients.NetworkClient   : [AdminClient clientId=adminclient-1] Node -1 disconnected.
2026-03-26T10:03:26.433+05:30  WARN 24816 --- [order-service] [kafka-admin-client-thread | adminclient-1] org.apache.kafka.clients.NetworkClient   : [AdminClient clientId=adminclient-1] Connection to node -1 (localhost/127.0.0.1:9092) could not be established. Broker may not be available.
2026-03-26T10:03:27.413+05:30  INFO 24816 --- [order-service] [kafka-admin-client-thread | adminclient-1] org.apache.kafka.clients.NetworkClient   : [AdminClient clientId=adminclient-1] Node -1 disconnected.
2026-03-26T10:03:27.413+05:30  WARN 24816 --- [order-service] [kafka-admin-client-thread | adminclient-1] org.apache.kafka.clients.NetworkClient   : [AdminClient clientId=adminclient-1] Connection to node -1 (localhost/127.0.0.1:9092) could not be established. Broker may not be available.
2026-03-26T10:03:28.398+05:30  INFO 24816 --- [order-service] [kafka-admin-client-thread | adminclient-1] org.apache.kafka.clients.NetworkClient   : [AdminClient clientId=adminclient-1] Node -1 disconnected.
2026-03-26T10:03:28.399+05:30  WARN 24816 --- [order-service] [kafka-admin-client-thread | adminclient-1] org.apache.kafka.clients.NetworkClient   : [AdminClient clientId=adminclient-1] Connection to node -1 (localhost/127.0.0.1:9092) could not be established. Broker may not be available.
2026-03-26T10:03:29.461+05:30  INFO 24816 --- [order-service] [kafka-admin-client-thread | adminclient-1] org.apache.kafka.clients.NetworkClient   : [AdminClient clientId=adminclient-1] Node -1 disconnected.
2026-03-26T10:03:29.461+05:30  WARN 24816 --- [order-service] [kafka-admin-client-thread | adminclient-1] org.apache.kafka.clients.NetworkClient   : [AdminClient clientId=adminclient-1] Connection to node -1 (localhost/127.0.0.1:9092) could not be established. Broker may not be available.
2026-03-26T10:03:30.439+05:30  INFO 24816 --- [order-service] [kafka-admin-client-thread | adminclient-1] org.apache.kafka.clients.NetworkClient   : [AdminClient clientId=adminclient-1] Node -1 disconnected.
2026-03-26T10:03:30.509+05:30  WARN 24816 --- [order-service] [kafka-admin-client-thread | adminclient-1] org.apache.kafka.clients.NetworkClient   : [AdminClient clientId=adminclient-1] Connection to node -1 (localhost/127.0.0.1:9092) could not be established. Broker may not be available.
2026-03-26T10:03:31.575+05:30  INFO 24816 --- [order-service] [kafka-admin-client-thread | adminclient-1] org.apache.kafka.clients.NetworkClient   : [AdminClient clientId=adminclient-1] Node -1 disconnected.
2026-03-26T10:03:31.575+05:30  WARN 24816 --- [order-service] [kafka-admin-client-thread | adminclient-1] org.apache.kafka.clients.NetworkClient   : [AdminClient clientId=adminclient-1] Connection to node -1 (localhost/127.0.0.1:9092) could not be established. Broker may not be available.
2026-03-26T10:03:32.764+05:30  INFO 24816 --- [order-service] [kafka-admin-client-thread | adminclient-1] org.apache.kafka.clients.NetworkClient   : [AdminClient clientId=adminclient-1] Node -1 disconnected.
2026-03-26T10:03:32.765+05:30  WARN 24816 --- [order-service] [kafka-admin-client-thread | adminclient-1] org.apache.kafka.clients.NetworkClient   : [AdminClient clientId=adminclient-1] Connection to node -1 (localhost/127.0.0.1:9092) could not be established. Broker may not be available.
2026-03-26T10:03:33.637+05:30  INFO 24816 --- [order-service] [kafka-admin-client-thread | adminclient-1] org.apache.kafka.clients.NetworkClient   : [AdminClient clientId=adminclient-1] Node -1 disconnected.
2026-03-26T10:03:33.638+05:30  WARN 24816 --- [order-service] [kafka-admin-client-thread | adminclient-1] org.apache.kafka.clients.NetworkClient   : [AdminClient clientId=adminclient-1] Connection to node -1 (localhost/127.0.0.1:9092) could not be established. Broker may not be available.
2026-03-26T10:03:34.612+05:30  INFO 24816 --- [order-service] [kafka-admin-client-thread | adminclient-1] org.apache.kafka.clients.NetworkClient   : [AdminClient clientId=adminclient-1] Node -1 disconnected.
2026-03-26T10:03:34.691+05:30  WARN 24816 --- [order-service] [kafka-admin-client-thread | adminclient-1] org.apache.kafka.clients.NetworkClient   : [AdminClient clientId=adminclient-1] Connection to node -1 (localhost/127.0.0.1:9092) could not be established. Broker may not be available.
2026-03-26T10:03:34.811+05:30  INFO 24816 --- [order-service] [kafka-admin-client-thread | adminclient-1] o.a.k.c.a.i.AdminMetadataManager         : [AdminClient clientId=adminclient-1] Metadata update failed

org.apache.kafka.common.errors.TimeoutException: Timed out waiting for a node assignment. Call: fetchMetadata

2026-03-26T10:03:34.812+05:30 ERROR 24816 --- [order-service] [main] o.springframework.kafka.core.KafkaAdmin  : Could not configure topics

org.springframework.kafka.KafkaException: Timed out waiting to get existing topics
	at org.springframework.kafka.core.KafkaAdmin.lambda$checkPartitions$11(KafkaAdmin.java:520) ~[spring-kafka-3.1.2.jar:3.1.2]
	at java.base/java.util.HashMap.forEach(HashMap.java:1429) ~[na:na]
	at org.springframework.kafka.core.KafkaAdmin.checkPartitions(KafkaAdmin.java:499) ~[spring-kafka-3.1.2.jar:3.1.2]
	at org.springframework.kafka.core.KafkaAdmin.addOrModifyTopicsIfNeeded(KafkaAdmin.java:392) ~[spring-kafka-3.1.2.jar:3.1.2]
	at org.springframework.kafka.core.KafkaAdmin.initialize(KafkaAdmin.java:258) ~[spring-kafka-3.1.2.jar:3.1.2]
	at org.springframework.kafka.core.KafkaAdmin.afterSingletonsInstantiated(KafkaAdmin.java:222) ~[spring-kafka-3.1.2.jar:3.1.2]
	at org.springframework.beans.factory.support.DefaultListableBeanFactory.preInstantiateSingletons(DefaultListableBeanFactory.java:986) ~[spring-beans-6.1.4.jar:6.1.4]
	at org.springframework.context.support.AbstractApplicationContext.finishBeanFactoryInitialization(AbstractApplicationContext.java:959) ~[spring-context-6.1.4.jar:6.1.4]
	at org.springframework.context.support.AbstractApplicationContext.refresh(AbstractApplicationContext.java:624) ~[spring-context-6.1.4.jar:6.1.4]
	at org.springframework.boot.web.servlet.context.ServletWebServerApplicationContext.refresh(ServletWebServerApplicationContext.java:146) ~[spring-boot-3.2.3.jar:3.2.3]
	at org.springframework.boot.SpringApplication.refresh(SpringApplication.java:754) ~[spring-boot-3.2.3.jar:3.2.3]
	at org.springframework.boot.SpringApplication.refreshContext(SpringApplication.java:456) ~[spring-boot-3.2.3.jar:3.2.3]
	at org.springframework.boot.SpringApplication.run(SpringApplication.java:334) ~[spring-boot-3.2.3.jar:3.2.3]
	at org.springframework.boot.SpringApplication.run(SpringApplication.java:1354) ~[spring-boot-3.2.3.jar:3.2.3]
	at org.springframework.boot.SpringApplication.run(SpringApplication.java:1343) ~[spring-boot-3.2.3.jar:3.2.3]
	at com.ecommerce.order_service.OrderServiceApplication.main(OrderServiceApplication.java:14) ~[classes/:na]
Caused by: java.util.concurrent.TimeoutException: null
	at java.base/java.util.concurrent.CompletableFuture.timedGet(CompletableFuture.java:1960) ~[na:na]
	at java.base/java.util.concurrent.CompletableFuture.get(CompletableFuture.java:2095) ~[na:na]
	at org.apache.kafka.common.internals.KafkaFutureImpl.get(KafkaFutureImpl.java:180) ~[kafka-clients-3.6.1.jar:na]
	at org.springframework.kafka.core.KafkaAdmin.lambda$checkPartitions$11(KafkaAdmin.java:502) ~[spring-kafka-3.1.2.jar:3.1.2]
	... 15 common frames omitted

2026-03-26T10:03:35.901+05:30  INFO 24816 --- [order-service] [kafka-admin-client-thread | adminclient-1] org.apache.kafka.clients.NetworkClient   : [AdminClient clientId=adminclient-1] Node -1 disconnected.
2026-03-26T10:03:35.901+05:30  WARN 24816 --- [order-service] [kafka-admin-client-thread | adminclient-1] org.apache.kafka.clients.NetworkClient   : [AdminClient clientId=adminclient-1] Connection to node -1 (localhost/127.0.0.1:9092) could not be established. Broker may not be available.
2026-03-26T10:03:36.976+05:30  INFO 24816 --- [order-service] [kafka-admin-client-thread | adminclient-1] org.apache.kafka.clients.NetworkClient   : [AdminClient clientId=adminclient-1] Node -1 disconnected.
2026-03-26T10:03:36.977+05:30  WARN 24816 --- [order-service] [kafka-admin-client-thread | adminclient-1] org.apache.kafka.clients.NetworkClient   : [AdminClient clientId=adminclient-1] Connection to node -1 (localhost/127.0.0.1:9092) could not be established. Broker may not be available.
2026-03-26T10:03:38.157+05:30  INFO 24816 --- [order-service] [kafka-admin-client-thread | adminclient-1] org.apache.kafka.clients.NetworkClient   : [AdminClient clientId=adminclient-1] Node -1 disconnected.
2026-03-26T10:03:38.157+05:30  WARN 24816 --- [order-service] [kafka-admin-client-thread | adminclient-1] org.apache.kafka.clients.NetworkClient   : [AdminClient clientId=adminclient-1] Connection to node -1 (localhost/127.0.0.1:9092) could not be established. Broker may not be available.
2026-03-26T10:03:39.360+05:30  INFO 24816 --- [order-service] [kafka-admin-client-thread | adminclient-1] org.apache.kafka.clients.NetworkClient   : [AdminClient clientId=adminclient-1] Node -1 disconnected.
2026-03-26T10:03:39.361+05:30  WARN 24816 --- [order-service] [kafka-admin-client-thread | adminclient-1] org.apache.kafka.clients.NetworkClient   : [AdminClient clientId=adminclient-1] Connection to node -1 (localhost/127.0.0.1:9092) could not be established. Broker may not be available.
2026-03-26T10:03:40.542+05:30  INFO 24816 --- [order-service] [kafka-admin-client-thread | adminclient-1] org.apache.kafka.clients.NetworkClient   : [AdminClient clientId=adminclient-1] Node -1 disconnected.
2026-03-26T10:03:41.228+05:30  WARN 24816 --- [order-service] [kafka-admin-client-thread | adminclient-1] org.apache.kafka.clients.NetworkClient   : [AdminClient clientId=adminclient-1] Connection to node -1 (localhost/127.0.0.1:9092) could not be established. Broker may not be available.
2026-03-26T10:03:41.445+05:30  INFO 24816 --- [order-service] [kafka-admin-client-thread | adminclient-1] org.apache.kafka.clients.NetworkClient   : [AdminClient clientId=adminclient-1] Node -1 disconnected.
2026-03-26T10:03:41.445+05:30  WARN 24816 --- [order-service] [kafka-admin-client-thread | adminclient-1] org.apache.kafka.clients.NetworkClient   : [AdminClient clientId=adminclient-1] Connection to node -1 (localhost/127.0.0.1:9092) could not be established. Broker may not be available.
2026-03-26T10:03:42.613+05:30  INFO 24816 --- [order-service] [kafka-admin-client-thread | adminclient-1] org.apache.kafka.clients.NetworkClient   : [AdminClient clientId=adminclient-1] Node -1 disconnected.
2026-03-26T10:03:42.613+05:30  WARN 24816 --- [order-service] [kafka-admin-client-thread | adminclient-1] org.apache.kafka.clients.NetworkClient   : [AdminClient clientId=adminclient-1] Connection to node -1 (localhost/127.0.0.1:9092) could not be established. Broker may not be available.
2026-03-26T10:03:43.796+05:30  INFO 24816 --- [order-service] [kafka-admin-client-thread | adminclient-1] org.apache.kafka.clients.NetworkClient   : [AdminClient clientId=adminclient-1] Node -1 disconnected.
2026-03-26T10:03:43.796+05:30  WARN 24816 --- [order-service] [kafka-admin-client-thread | adminclient-1] org.apache.kafka.clients.NetworkClient   : [AdminClient clientId=adminclient-1] Connection to node -1 (localhost/127.0.0.1:9092) could not be established. Broker may not be available.
2026-03-26T10:03:44.824+05:30  INFO 24816 --- [order-service] [kafka-admin-client-thread | adminclient-1] o.a.k.clients.admin.KafkaAdminClient     : [AdminClient clientId=adminclient-1] Forcing a hard I/O thread shutdown. Requests in progress will be aborted.
2026-03-26T10:03:44.825+05:30  INFO 24816 --- [order-service] [kafka-admin-client-thread | adminclient-1] o.a.kafka.common.utils.AppInfoParser     : App info kafka.admin.client for adminclient-1 unregistered
2026-03-26T10:03:44.825+05:30  INFO 24816 --- [order-service] [kafka-admin-client-thread | adminclient-1] o.a.k.c.a.i.AdminMetadataManager         : [AdminClient clientId=adminclient-1] Metadata update failed

org.apache.kafka.common.errors.TimeoutException: The AdminClient thread has exited. Call: fetchMetadata

2026-03-26T10:03:44.825+05:30  INFO 24816 --- [order-service] [kafka-admin-client-thread | adminclient-1] o.a.k.clients.admin.KafkaAdminClient     : [AdminClient clientId=adminclient-1] Timed out 2 remaining operation(s) during close.
2026-03-26T10:03:44.828+05:30  INFO 24816 --- [order-service] [kafka-admin-client-thread | adminclient-1] o.apache.kafka.common.metrics.Metrics    : Metrics scheduler closed
2026-03-26T10:03:44.828+05:30  INFO 24816 --- [order-service] [kafka-admin-client-thread | adminclient-1] o.apache.kafka.common.metrics.Metrics    : Closing reporter org.apache.kafka.common.metrics.JmxReporter
2026-03-26T10:03:44.828+05:30  INFO 24816 --- [order-service] [kafka-admin-client-thread | adminclient-1] o.apache.kafka.common.metrics.Metrics    : Metrics reporters closed
2026-03-26T10:03:44.839+05:30  INFO 24816 --- [order-service] [main] o.s.c.n.eureka.InstanceInfoFactory       : Setting initial instance status as: STARTING
2026-03-26T10:03:44.871+05:30  INFO 24816 --- [order-service] [main] com.netflix.discovery.DiscoveryClient    : Initializing Eureka in region us-east-1
2026-03-26T10:03:44.875+05:30  INFO 24816 --- [order-service] [main] c.n.d.s.r.aws.ConfigClusterResolver      : Resolving eureka endpoints via configuration
2026-03-26T10:03:44.897+05:30  INFO 24816 --- [order-service] [main] com.netflix.discovery.DiscoveryClient    : Disable delta property : false
2026-03-26T10:03:44.897+05:30  INFO 24816 --- [order-service] [main] com.netflix.discovery.DiscoveryClient    : Single vip registry refresh property : null
2026-03-26T10:03:44.897+05:30  INFO 24816 --- [order-service] [main] com.netflix.discovery.DiscoveryClient    : Force full registry fetch : false
2026-03-26T10:03:44.897+05:30  INFO 24816 --- [order-service] [main] com.netflix.discovery.DiscoveryClient    : Application is null : false
2026-03-26T10:03:44.897+05:30  INFO 24816 --- [order-service] [main] com.netflix.discovery.DiscoveryClient    : Registered Applications size is zero : true
2026-03-26T10:03:44.897+05:30  INFO 24816 --- [order-service] [main] com.netflix.discovery.DiscoveryClient    : Application version is -1: true
2026-03-26T10:03:44.897+05:30  INFO 24816 --- [order-service] [main] com.netflix.discovery.DiscoveryClient    : Getting all instance registry info from the eureka server
2026-03-26T10:03:45.255+05:30  INFO 24816 --- [order-service] [main] com.netflix.discovery.DiscoveryClient    : The response status is 200
2026-03-26T10:03:45.257+05:30  INFO 24816 --- [order-service] [main] com.netflix.discovery.DiscoveryClient    : Starting heartbeat executor: renew interval is: 30
2026-03-26T10:03:45.260+05:30  INFO 24816 --- [order-service] [main] c.n.discovery.InstanceInfoReplicator     : InstanceInfoReplicator onDemand update allowed rate per min is 4
2026-03-26T10:03:45.265+05:30  INFO 24816 --- [order-service] [main] com.netflix.discovery.DiscoveryClient    : Discovery Client initialized at timestamp 1774499625264 with initial instances count: 1
2026-03-26T10:03:45.274+05:30  INFO 24816 --- [order-service] [main] o.s.c.n.e.s.EurekaServiceRegistry        : Registering application ORDER-SERVICE with eureka with status UP
2026-03-26T10:03:45.277+05:30  INFO 24816 --- [order-service] [main] com.netflix.discovery.DiscoveryClient    : Saw local status change event StatusChangeEvent [timestamp=1774499625277, current=UP, previous=STARTING]
2026-03-26T10:03:45.280+05:30  INFO 24816 --- [order-service] [DiscoveryClient-InstanceInfoReplicator-0] com.netflix.discovery.DiscoveryClient    : DiscoveryClient_ORDER-SERVICE/order-service:8083: registering service...
2026-03-26T10:03:45.296+05:30  INFO 24816 --- [order-service] [main] o.s.b.w.embedded.tomcat.TomcatWebServer  : Tomcat started on port 8083 (http) with context path ''
2026-03-26T10:03:45.298+05:30  INFO 24816 --- [order-service] [main] .s.c.n.e.s.EurekaAutoServiceRegistration : Updating port to 8083
2026-03-26T10:03:45.331+05:30  INFO 24816 --- [order-service] [main] c.e.o.OrderServiceApplication            : Started OrderServiceApplication in 95.393 seconds (process running for 96.25)
2026-03-26T10:03:45.342+05:30  INFO 24816 --- [order-service] [DiscoveryClient-InstanceInfoReplicator-0] com.netflix.discovery.DiscoveryClient    : DiscoveryClient_ORDER-SERVICE/order-service:8083 - registration status: 204
2026-03-26T10:06:02.993+05:30  INFO 24816 --- [order-service] [SpringApplicationShutdownHook] o.s.c.n.e.s.EurekaServiceRegistry        : Unregistering application ORDER-SERVICE with eureka with status DOWN
2026-03-26T10:06:02.993+05:30  INFO 24816 --- [order-service] [SpringApplicationShutdownHook] com.netflix.discovery.DiscoveryClient    : Saw local status change event StatusChangeEvent [timestamp=1774499762993, current=DOWN, previous=UP]
2026-03-26T10:06:02.993+05:30  INFO 24816 --- [order-service] [DiscoveryClient-InstanceInfoReplicator-0] com.netflix.discovery.DiscoveryClient    : DiscoveryClient_ORDER-SERVICE/order-service:8083: registering service...
2026-03-26T10:06:03.020+05:30  INFO 24816 --- [order-service] [DiscoveryClient-InstanceInfoReplicator-0] c.n.d.s.t.d.RedirectingEurekaHttpClient  : Request execution error. endpoint=DefaultEndpoint{ serviceUrl='http://localhost:8761/eureka/} exception=I/O error on POST request for "http://localhost:8761/eureka/apps/ORDER-SERVICE": Socket closed stacktrace=org.springframework.web.client.ResourceAccessException: I/O error on POST request for "http://localhost:8761/eureka/apps/ORDER-SERVICE": Socket closed
	at org.springframework.web.client.RestTemplate.createResourceAccessException(RestTemplate.java:915)
	at org.springframework.web.client.RestTemplate.doExecute(RestTemplate.java:895)
	at org.springframework.web.client.RestTemplate.execute(RestTemplate.java:790)
	at org.springframework.web.client.RestTemplate.exchange(RestTemplate.java:672)
	at org.springframework.cloud.netflix.eureka.http.RestTemplateEurekaHttpClient.register(RestTemplateEurekaHttpClient.java:77)
	at com.netflix.discovery.shared.transport.decorator.EurekaHttpClientDecorator$1.execute(EurekaHttpClientDecorator.java:59)
	at com.netflix.discovery.shared.transport.decorator.RedirectingEurekaHttpClient.execute(RedirectingEurekaHttpClient.java:91)
	at com.netflix.discovery.shared.transport.decorator.EurekaHttpClientDecorator.register(EurekaHttpClientDecorator.java:56)
	at com.netflix.discovery.shared.transport.decorator.EurekaHttpClientDecorator$1.execute(EurekaHttpClientDecorator.java:59)
	at com.netflix.discovery.shared.transport.decorator.RetryableEurekaHttpClient.execute(RetryableEurekaHttpClient.java:120)
	at com.netflix.discovery.shared.transport.decorator.EurekaHttpClientDecorator.register(EurekaHttpClientDecorator.java:56)
	at com.netflix.discovery.shared.transport.decorator.EurekaHttpClientDecorator$1.execute(EurekaHttpClientDecorator.java:59)
	at com.netflix.discovery.shared.transport.decorator.SessionedEurekaHttpClient.execute(SessionedEurekaHttpClient.java:77)
	at com.netflix.discovery.shared.transport.decorator.EurekaHttpClientDecorator.register(EurekaHttpClientDecorator.java:56)
	at com.netflix.discovery.DiscoveryClient.register(DiscoveryClient.java:820)
	at com.netflix.discovery.InstanceInfoReplicator.run(InstanceInfoReplicator.java:121)
	at com.netflix.discovery.InstanceInfoReplicator$1.run(InstanceInfoReplicator.java:101)
	at java.base/java.util.concurrent.Executors$RunnableAdapter.call(Executors.java:572)
	at java.base/java.util.concurrent.FutureTask.run(FutureTask.java:317)
	at java.base/java.util.concurrent.ScheduledThreadPoolExecutor$ScheduledFutureTask.run(ScheduledThreadPoolExecutor.java:304)
	at java.base/java.util.concurrent.ThreadPoolExecutor.runWorker(ThreadPoolExecutor.java:1144)
	at java.base/java.util.concurrent.ThreadPoolExecutor$Worker.run(ThreadPoolExecutor.java:642)
	at java.base/java.lang.Thread.run(Thread.java:1583)
Caused by: java.net.SocketException: Socket closed
	at java.base/sun.nio.ch.NioSocketImpl.endRead(NioSocketImpl.java:243)
	at java.base/sun.nio.ch.NioSocketImpl.implRead(NioSocketImpl.java:323)
	at java.base/sun.nio.ch.NioSocketImpl.read(NioSocketImpl.java:346)
	at java.base/sun.nio.ch.NioSocketImpl$1.read(NioSocketImpl.java:796)
	at java.base/java.net.Socket$SocketInputStream.read(Socket.java:1099)
	at org.apache.hc.core5.http.impl.io.SessionInputBufferImpl.fillBuffer(SessionInputBufferImpl.java:149)
	at org.apache.hc.core5.http.impl.io.SessionInputBufferImpl.readLine(SessionInputBufferImpl.java:280)
	at org.apache.hc.core5.http.impl.io.AbstractMessageParser.parse(AbstractMessageParser.java:247)
	at org.apache.hc.core5.http.impl.io.AbstractMessageParser.parse(AbstractMessageParser.java:54)
	at org.apache.hc.core5.http.impl.io.DefaultBHttpClientConnection.receiveResponseHeader(DefaultBHttpClientConnection.java:299)
	at org.apache.hc.core5.http.impl.io.HttpRequestExecutor.execute(HttpRequestExecutor.java:175)
	at org.apache.hc.core5.http.impl.io.HttpRequestExecutor.execute(HttpRequestExecutor.java:218)
	at org.apache.hc.client5.http.impl.io.PoolingHttpClientConnectionManager$InternalConnectionEndpoint.execute(PoolingHttpClientConnectionManager.java:712)
	at org.apache.hc.client5.http.impl.classic.InternalExecRuntime.execute(InternalExecRuntime.java:216)
	at org.apache.hc.client5.http.impl.classic.MainClientExec.execute(MainClientExec.java:116)
	at org.apache.hc.client5.http.impl.classic.ExecChainElement.execute(ExecChainElement.java:51)
	at org.apache.hc.client5.http.impl.classic.ConnectExec.execute(ConnectExec.java:188)
	at org.apache.hc.client5.http.impl.classic.ExecChainElement.execute(ExecChainElement.java:51)
	at org.apache.hc.client5.http.impl.classic.ProtocolExec.execute(ProtocolExec.java:192)
	at org.apache.hc.client5.http.impl.classic.ExecChainElement.execute(ExecChainElement.java:51)
	at org.apache.hc.client5.http.impl.classic.HttpRequestRetryExec.execute(HttpRequestRetryExec.java:96)
	at org.apache.hc.client5.http.impl.classic.ExecChainElement.execute(ExecChainElement.java:51)
	at org.apache.hc.client5.http.impl.classic.ContentCompressionExec.execute(ContentCompressionExec.java:152)
	at org.apache.hc.client5.http.impl.classic.ExecChainElement.execute(ExecChainElement.java:51)
	at org.apache.hc.client5.http.impl.classic.RedirectExec.execute(RedirectExec.java:115)
	at org.apache.hc.client5.http.impl.classic.ExecChainElement.execute(ExecChainElement.java:51)
	at org.apache.hc.client5.http.impl.classic.InternalHttpClient.doExecute(InternalHttpClient.java:170)
	at org.apache.hc.client5.http.impl.classic.CloseableHttpClient.execute(CloseableHttpClient.java:87)
	at org.apache.hc.client5.http.impl.classic.CloseableHttpClient.execute(CloseableHttpClient.java:55)
	at org.apache.hc.client5.http.classic.HttpClient.executeOpen(HttpClient.java:183)
	at org.springframework.http.client.HttpComponentsClientHttpRequest.executeInternal(HttpComponentsClientHttpRequest.java:95)
	at org.springframework.http.client.AbstractStreamingClientHttpRequest.executeInternal(AbstractStreamingClientHttpRequest.java:70)
	at org.springframework.http.client.AbstractClientHttpRequest.execute(AbstractClientHttpRequest.java:66)
	at org.springframework.http.client.InterceptingClientHttpRequest$InterceptingRequestExecution.execute(InterceptingClientHttpRequest.java:112)
	at org.springframework.cloud.netflix.eureka.http.RestTemplateTransportClientFactory.lambda$restTemplate$0(RestTemplateTransportClientFactory.java:143)
	at org.springframework.http.client.InterceptingClientHttpRequest$InterceptingRequestExecution.execute(InterceptingClientHttpRequest.java:88)
	at org.springframework.http.client.InterceptingClientHttpRequest.executeInternal(InterceptingClientHttpRequest.java:72)
	at org.springframework.http.client.AbstractBufferingClientHttpRequest.executeInternal(AbstractBufferingClientHttpRequest.java:48)
	at org.springframework.http.client.AbstractClientHttpRequest.execute(AbstractClientHttpRequest.java:66)
	at org.springframework.web.client.RestTemplate.doExecute(RestTemplate.java:889)
	... 21 more

2026-03-26T10:06:03.020+05:30  WARN 24816 --- [order-service] [DiscoveryClient-InstanceInfoReplicator-0] c.n.d.s.t.d.RetryableEurekaHttpClient    : Request execution failed with message: I/O error on POST request for "http://localhost:8761/eureka/apps/ORDER-SERVICE": Socket closed
2026-03-26T10:06:03.039+05:30  INFO 24816 --- [order-service] [SpringApplicationShutdownHook] j.LocalContainerEntityManagerFactoryBean : Closing JPA EntityManagerFactory for persistence unit 'default'
2026-03-26T10:06:03.040+05:30  INFO 24816 --- [order-service] [DiscoveryClient-InstanceInfoReplicator-0] c.n.d.s.t.d.RedirectingEurekaHttpClient  : Request execution error. endpoint=DefaultEndpoint{ serviceUrl='http://localhost:8761/eureka/}, exception=Connection pool shut down stacktrace=java.lang.IllegalStateException: Connection pool shut down
	at org.apache.hc.core5.util.Asserts.check(Asserts.java:38)
	at org.apache.hc.core5.pool.StrictConnPool.lease(StrictConnPool.java:176)
	at org.apache.hc.client5.http.impl.io.PoolingHttpClientConnectionManager.lease(PoolingHttpClientConnectionManager.java:298)
	at org.apache.hc.client5.http.impl.classic.InternalExecRuntime.acquireEndpoint(InternalExecRuntime.java:103)
	at org.apache.hc.client5.http.impl.classic.ConnectExec.execute(ConnectExec.java:125)
	at org.apache.hc.client5.http.impl.classic.ExecChainElement.execute(ExecChainElement.java:51)
	at org.apache.hc.client5.http.impl.classic.ProtocolExec.execute(ProtocolExec.java:192)
	at org.apache.hc.client5.http.impl.classic.ExecChainElement.execute(ExecChainElement.java:51)
	at org.apache.hc.client5.http.impl.classic.HttpRequestRetryExec.execute(HttpRequestRetryExec.java:96)
	at org.apache.hc.client5.http.impl.classic.ExecChainElement.execute(ExecChainElement.java:51)
	at org.apache.hc.client5.http.impl.classic.ContentCompressionExec.execute(ContentCompressionExec.java:152)
	at org.apache.hc.client5.http.impl.classic.ExecChainElement.execute(ExecChainElement.java:51)
	at org.apache.hc.client5.http.impl.classic.RedirectExec.execute(RedirectExec.java:115)
	at org.apache.hc.client5.http.impl.classic.ExecChainElement.execute(ExecChainElement.java:51)
	at org.apache.hc.client5.http.impl.classic.InternalHttpClient.doExecute(InternalHttpClient.java:170)
	at org.apache.hc.client5.http.impl.classic.CloseableHttpClient.execute(CloseableHttpClient.java:87)
	at org.apache.hc.client5.http.impl.classic.CloseableHttpClient.execute(CloseableHttpClient.java:55)
	at org.apache.hc.client5.http.classic.HttpClient.executeOpen(HttpClient.java:183)
	at org.springframework.http.client.HttpComponentsClientHttpRequest.executeInternal(HttpComponentsClientHttpRequest.java:95)
	at org.springframework.http.client.AbstractStreamingClientHttpRequest.executeInternal(AbstractStreamingClientHttpRequest.java:70)
	at org.springframework.http.client.AbstractClientHttpRequest.execute(AbstractClientHttpRequest.java:66)
	at org.springframework.http.client.InterceptingClientHttpRequest$InterceptingRequestExecution.execute(InterceptingClientHttpRequest.java:112)
	at org.springframework.cloud.netflix.eureka.http.RestTemplateTransportClientFactory.lambda$restTemplate$0(RestTemplateTransportClientFactory.java:143)
	at org.springframework.http.client.InterceptingClientHttpRequest$InterceptingRequestExecution.execute(InterceptingClientHttpRequest.java:88)
	at org.springframework.http.client.InterceptingClientHttpRequest.executeInternal(InterceptingClientHttpRequest.java:72)
	at org.springframework.http.client.AbstractBufferingClientHttpRequest.executeInternal(AbstractBufferingClientHttpRequest.java:48)
	at org.springframework.http.client.AbstractClientHttpRequest.execute(AbstractClientHttpRequest.java:66)
	at org.springframework.web.client.RestTemplate.doExecute(RestTemplate.java:889)
	at org.springframework.web.client.RestTemplate.execute(RestTemplate.java:790)
	at org.springframework.web.client.RestTemplate.exchange(RestTemplate.java:672)
	at org.springframework.cloud.netflix.eureka.http.RestTemplateEurekaHttpClient.register(RestTemplateEurekaHttpClient.java:77)
	at com.netflix.discovery.shared.transport.decorator.EurekaHttpClientDecorator$1.execute(EurekaHttpClientDecorator.java:59)
	at com.netflix.discovery.shared.transport.decorator.RedirectingEurekaHttpClient.executeOnNewServer(RedirectingEurekaHttpClient.java:121)
	at com.netflix.discovery.shared.transport.decorator.RedirectingEurekaHttpClient.execute(RedirectingEurekaHttpClient.java:80)
	at com.netflix.discovery.shared.transport.decorator.EurekaHttpClientDecorator.register(EurekaHttpClientDecorator.java:56)
	at com.netflix.discovery.shared.transport.decorator.EurekaHttpClientDecorator$1.execute(EurekaHttpClientDecorator.java:59)
	at com.netflix.discovery.shared.transport.decorator.RetryableEurekaHttpClient.execute(RetryableEurekaHttpClient.java:120)
	at com.netflix.discovery.shared.transport.decorator.EurekaHttpClientDecorator.register(EurekaHttpClientDecorator.java:56)
	at com.netflix.discovery.shared.transport.decorator.EurekaHttpClientDecorator$1.execute(EurekaHttpClientDecorator.java:59)
	at com.netflix.discovery.shared.transport.decorator.SessionedEurekaHttpClient.execute(SessionedEurekaHttpClient.java:77)
	at com.netflix.discovery.shared.transport.decorator.EurekaHttpClientDecorator.register(EurekaHttpClientDecorator.java:56)
	at com.netflix.discovery.DiscoveryClient.register(DiscoveryClient.java:820)
	at com.netflix.discovery.InstanceInfoReplicator.run(InstanceInfoReplicator.java:121)
	at com.netflix.discovery.InstanceInfoReplicator$1.run(InstanceInfoReplicator.java:101)
	at java.base/java.util.concurrent.Executors$RunnableAdapter.call(Executors.java:572)
	at java.base/java.util.concurrent.FutureTask.run(FutureTask.java:317)
	at java.base/java.util.concurrent.ScheduledThreadPoolExecutor$ScheduledFutureTask.run(ScheduledThreadPoolExecutor.java:304)
	at java.base/java.util.concurrent.ThreadPoolExecutor.runWorker(ThreadPoolExecutor.java:1144)
	at java.base/java.util.concurrent.ThreadPoolExecutor$Worker.run(ThreadPoolExecutor.java:642)
	at java.base/java.lang.Thread.run(Thread.java:1583)

2026-03-26T10:06:03.040+05:30  WARN 24816 --- [order-service] [DiscoveryClient-InstanceInfoReplicator-0] c.n.d.s.t.d.RetryableEurekaHttpClient    : Request execution failed with message: Connection pool shut down
2026-03-26T10:06:03.040+05:30  WARN 24816 --- [order-service] [DiscoveryClient-InstanceInfoReplicator-0] com.netflix.discovery.DiscoveryClient    : DiscoveryClient_ORDER-SERVICE/order-service:8083 - registration failed Cannot execute request on any known server

com.netflix.discovery.shared.transport.TransportException: Cannot execute request on any known server
	at com.netflix.discovery.shared.transport.decorator.RetryableEurekaHttpClient.execute(RetryableEurekaHttpClient.java:112) ~[eureka-client-2.0.2.jar:2.0.2]
	at com.netflix.discovery.shared.transport.decorator.EurekaHttpClientDecorator.register(EurekaHttpClientDecorator.java:56) ~[eureka-client-2.0.2.jar:2.0.2]
	at com.netflix.discovery.shared.transport.decorator.EurekaHttpClientDecorator$1.execute(EurekaHttpClientDecorator.java:59) ~[eureka-client-2.0.2.jar:2.0.2]
	at com.netflix.discovery.shared.transport.decorator.SessionedEurekaHttpClient.execute(SessionedEurekaHttpClient.java:77) ~[eureka-client-2.0.2.jar:2.0.2]
	at com.netflix.discovery.shared.transport.decorator.EurekaHttpClientDecorator.register(EurekaHttpClientDecorator.java:56) ~[eureka-client-2.0.2.jar:2.0.2]
	at com.netflix.discovery.DiscoveryClient.register(DiscoveryClient.java:820) ~[eureka-client-2.0.2.jar:2.0.2]
	at com.netflix.discovery.InstanceInfoReplicator.run(InstanceInfoReplicator.java:121) ~[eureka-client-2.0.2.jar:2.0.2]
	at com.netflix.discovery.InstanceInfoReplicator$1.run(InstanceInfoReplicator.java:101) ~[eureka-client-2.0.2.jar:2.0.2]
	at java.base/java.util.concurrent.Executors$RunnableAdapter.call(Executors.java:572) ~[na:na]
	at java.base/java.util.concurrent.FutureTask.run(FutureTask.java:317) ~[na:na]
	at java.base/java.util.concurrent.ScheduledThreadPoolExecutor$ScheduledFutureTask.run(ScheduledThreadPoolExecutor.java:304) ~[na:na]
	at java.base/java.util.concurrent.ThreadPoolExecutor.runWorker(ThreadPoolExecutor.java:1144) ~[na:na]
	at java.base/java.util.concurrent.ThreadPoolExecutor$Worker.run(ThreadPoolExecutor.java:642) ~[na:na]
	at java.base/java.lang.Thread.run(Thread.java:1583) ~[na:na]

2026-03-26T10:06:03.041+05:30  WARN 24816 --- [order-service] [DiscoveryClient-InstanceInfoReplicator-0] c.n.discovery.InstanceInfoReplicator     : There was a problem with the instance info replicator

com.netflix.discovery.shared.transport.TransportException: Cannot execute request on any known server
	at com.netflix.discovery.shared.transport.decorator.RetryableEurekaHttpClient.execute(RetryableEurekaHttpClient.java:112) ~[eureka-client-2.0.2.jar:2.0.2]
	at com.netflix.discovery.shared.transport.decorator.EurekaHttpClientDecorator.register(EurekaHttpClientDecorator.java:56) ~[eureka-client-2.0.2.jar:2.0.2]
	at com.netflix.discovery.shared.transport.decorator.EurekaHttpClientDecorator$1.execute(EurekaHttpClientDecorator.java:59) ~[eureka-client-2.0.2.jar:2.0.2]
	at com.netflix.discovery.shared.transport.decorator.SessionedEurekaHttpClient.execute(SessionedEurekaHttpClient.java:77) ~[eureka-client-2.0.2.jar:2.0.2]
	at com.netflix.discovery.shared.transport.decorator.EurekaHttpClientDecorator.register(EurekaHttpClientDecorator.java:56) ~[eureka-client-2.0.2.jar:2.0.2]
	at com.netflix.discovery.DiscoveryClient.register(DiscoveryClient.java:820) ~[eureka-client-2.0.2.jar:2.0.2]
	at com.netflix.discovery.InstanceInfoReplicator.run(InstanceInfoReplicator.java:121) ~[eureka-client-2.0.2.jar:2.0.2]
	at com.netflix.discovery.InstanceInfoReplicator$1.run(InstanceInfoReplicator.java:101) ~[eureka-client-2.0.2.jar:2.0.2]
	at java.base/java.util.concurrent.Executors$RunnableAdapter.call(Executors.java:572) ~[na:na]
	at java.base/java.util.concurrent.FutureTask.run(FutureTask.java:317) ~[na:na]
	at java.base/java.util.concurrent.ScheduledThreadPoolExecutor$ScheduledFutureTask.run(ScheduledThreadPoolExecutor.java:304) ~[na:na]
	at java.base/java.util.concurrent.ThreadPoolExecutor.runWorker(ThreadPoolExecutor.java:1144) ~[na:na]
	at java.base/java.util.concurrent.ThreadPoolExecutor$Worker.run(ThreadPoolExecutor.java:642) ~[na:na]
	at java.base/java.lang.Thread.run(Thread.java:1583) ~[na:na]

2026-03-26T10:06:03.043+05:30  INFO 24816 --- [order-service] [SpringApplicationShutdownHook] com.zaxxer.hikari.HikariDataSource       : OrderServicePool - Shutdown initiated...
2026-03-26T10:06:03.051+05:30  INFO 24816 --- [order-service] [SpringApplicationShutdownHook] com.zaxxer.hikari.HikariDataSource       : OrderServicePool - Shutdown completed.
2026-03-26T10:06:03.052+05:30  INFO 24816 --- [order-service] [SpringApplicationShutdownHook] com.netflix.discovery.DiscoveryClient    : Shutting down DiscoveryClient ...
2026-03-26T10:06:06.064+05:30  INFO 24816 --- [order-service] [SpringApplicationShutdownHook] com.netflix.discovery.DiscoveryClient    : Unregistering ...
2026-03-26T10:06:06.068+05:30  INFO 24816 --- [order-service] [SpringApplicationShutdownHook] c.n.d.s.t.d.RedirectingEurekaHttpClient  : Request execution error. endpoint=DefaultEndpoint{ serviceUrl='http://localhost:8761/eureka/}, exception=Connection pool shut down stacktrace=java.lang.IllegalStateException: Connection pool shut down
	at org.apache.hc.core5.util.Asserts.check(Asserts.java:38)
	at org.apache.hc.core5.pool.StrictConnPool.lease(StrictConnPool.java:176)
	at org.apache.hc.client5.http.impl.io.PoolingHttpClientConnectionManager.lease(PoolingHttpClientConnectionManager.java:298)
	at org.apache.hc.client5.http.impl.classic.InternalExecRuntime.acquireEndpoint(InternalExecRuntime.java:103)
	at org.apache.hc.client5.http.impl.classic.ConnectExec.execute(ConnectExec.java:125)
	at org.apache.hc.client5.http.impl.classic.ExecChainElement.execute(ExecChainElement.java:51)
	at org.apache.hc.client5.http.impl.classic.ProtocolExec.execute(ProtocolExec.java:192)
	at org.apache.hc.client5.http.impl.classic.ExecChainElement.execute(ExecChainElement.java:51)
	at org.apache.hc.client5.http.impl.classic.HttpRequestRetryExec.execute(HttpRequestRetryExec.java:96)
	at org.apache.hc.client5.http.impl.classic.ExecChainElement.execute(ExecChainElement.java:51)
	at org.apache.hc.client5.http.impl.classic.ContentCompressionExec.execute(ContentCompressionExec.java:152)
	at org.apache.hc.client5.http.impl.classic.ExecChainElement.execute(ExecChainElement.java:51)
	at org.apache.hc.client5.http.impl.classic.RedirectExec.execute(RedirectExec.java:115)
	at org.apache.hc.client5.http.impl.classic.ExecChainElement.execute(ExecChainElement.java:51)
	at org.apache.hc.client5.http.impl.classic.InternalHttpClient.doExecute(InternalHttpClient.java:170)
	at org.apache.hc.client5.http.impl.classic.CloseableHttpClient.execute(CloseableHttpClient.java:87)
	at org.apache.hc.client5.http.impl.classic.CloseableHttpClient.execute(CloseableHttpClient.java:55)
	at org.apache.hc.client5.http.classic.HttpClient.executeOpen(HttpClient.java:183)
	at org.springframework.http.client.HttpComponentsClientHttpRequest.executeInternal(HttpComponentsClientHttpRequest.java:95)
	at org.springframework.http.client.AbstractStreamingClientHttpRequest.executeInternal(AbstractStreamingClientHttpRequest.java:70)
	at org.springframework.http.client.AbstractClientHttpRequest.execute(AbstractClientHttpRequest.java:66)
	at org.springframework.http.client.InterceptingClientHttpRequest$InterceptingRequestExecution.execute(InterceptingClientHttpRequest.java:112)
	at org.springframework.cloud.netflix.eureka.http.RestTemplateTransportClientFactory.lambda$restTemplate$0(RestTemplateTransportClientFactory.java:143)
	at org.springframework.http.client.InterceptingClientHttpRequest$InterceptingRequestExecution.execute(InterceptingClientHttpRequest.java:88)
	at org.springframework.http.client.InterceptingClientHttpRequest.executeInternal(InterceptingClientHttpRequest.java:72)
	at org.springframework.http.client.AbstractBufferingClientHttpRequest.executeInternal(AbstractBufferingClientHttpRequest.java:48)
	at org.springframework.http.client.AbstractClientHttpRequest.execute(AbstractClientHttpRequest.java:66)
	at org.springframework.web.client.RestTemplate.doExecute(RestTemplate.java:889)
	at org.springframework.web.client.RestTemplate.execute(RestTemplate.java:790)
	at org.springframework.web.client.RestTemplate.exchange(RestTemplate.java:672)
	at org.springframework.cloud.netflix.eureka.http.RestTemplateEurekaHttpClient.cancel(RestTemplateEurekaHttpClient.java:87)
	at com.netflix.discovery.shared.transport.decorator.EurekaHttpClientDecorator$2.execute(EurekaHttpClientDecorator.java:74)
	at com.netflix.discovery.shared.transport.decorator.RedirectingEurekaHttpClient.executeOnNewServer(RedirectingEurekaHttpClient.java:121)
	at com.netflix.discovery.shared.transport.decorator.RedirectingEurekaHttpClient.execute(RedirectingEurekaHttpClient.java:80)
	at com.netflix.discovery.shared.transport.decorator.EurekaHttpClientDecorator.cancel(EurekaHttpClientDecorator.java:71)
	at com.netflix.discovery.shared.transport.decorator.EurekaHttpClientDecorator$2.execute(EurekaHttpClientDecorator.java:74)
	at com.netflix.discovery.shared.transport.decorator.RetryableEurekaHttpClient.execute(RetryableEurekaHttpClient.java:120)
	at com.netflix.discovery.shared.transport.decorator.EurekaHttpClientDecorator.cancel(EurekaHttpClientDecorator.java:71)
	at com.netflix.discovery.shared.transport.decorator.EurekaHttpClientDecorator$2.execute(EurekaHttpClientDecorator.java:74)
	at com.netflix.discovery.shared.transport.decorator.SessionedEurekaHttpClient.execute(SessionedEurekaHttpClient.java:77)
	at com.netflix.discovery.shared.transport.decorator.EurekaHttpClientDecorator.cancel(EurekaHttpClientDecorator.java:71)
	at com.netflix.discovery.DiscoveryClient.unregister(DiscoveryClient.java:916)
	at com.netflix.discovery.DiscoveryClient.shutdown(DiscoveryClient.java:892)
	at java.base/jdk.internal.reflect.DirectMethodHandleAccessor.invoke(DirectMethodHandleAccessor.java:103)
	at java.base/java.lang.reflect.Method.invoke(Method.java:580)
	at org.springframework.beans.factory.annotation.InitDestroyAnnotationBeanPostProcessor$LifecycleMethod.invoke(InitDestroyAnnotationBeanPostProcessor.java:457)
	at org.springframework.beans.factory.annotation.InitDestroyAnnotationBeanPostProcessor$LifecycleMetadata.invokeDestroyMethods(InitDestroyAnnotationBeanPostProcessor.java:415)
	at org.springframework.beans.factory.annotation.InitDestroyAnnotationBeanPostProcessor.postProcessBeforeDestruction(InitDestroyAnnotationBeanPostProcessor.java:239)
	at org.springframework.beans.factory.support.DisposableBeanAdapter.destroy(DisposableBeanAdapter.java:202)
	at org.springframework.beans.factory.support.DisposableBeanAdapter.run(DisposableBeanAdapter.java:195)
	at org.springframework.cloud.context.scope.GenericScope$BeanLifecycleWrapper.destroy(GenericScope.java:389)
	at org.springframework.cloud.context.scope.GenericScope.destroy(GenericScope.java:136)
	at org.springframework.beans.factory.support.DisposableBeanAdapter.destroy(DisposableBeanAdapter.java:211)
	at org.springframework.beans.factory.support.DefaultSingletonBeanRegistry.destroyBean(DefaultSingletonBeanRegistry.java:587)
	at org.springframework.beans.factory.support.DefaultSingletonBeanRegistry.destroySingleton(DefaultSingletonBeanRegistry.java:559)
	at org.springframework.beans.factory.support.DefaultListableBeanFactory.destroySingleton(DefaultListableBeanFactory.java:1202)
	at org.springframework.beans.factory.support.DefaultSingletonBeanRegistry.destroySingletons(DefaultSingletonBeanRegistry.java:520)
	at org.springframework.beans.factory.support.DefaultListableBeanFactory.destroySingletons(DefaultListableBeanFactory.java:1195)
	at org.springframework.context.support.AbstractApplicationContext.destroyBeans(AbstractApplicationContext.java:1183)
	at org.springframework.context.support.AbstractApplicationContext.doClose(AbstractApplicationContext.java:1144)
	at org.springframework.boot.web.servlet.context.ServletWebServerApplicationContext.doClose(ServletWebServerApplicationContext.java:174)
	at org.springframework.context.support.AbstractApplicationContext.close(AbstractApplicationContext.java:1090)
	at org.springframework.boot.SpringApplicationShutdownHook.closeAndWait(SpringApplicationShutdownHook.java:145)
	at java.base/java.lang.Iterable.forEach(Iterable.java:75)
	at org.springframework.boot.SpringApplicationShutdownHook.run(SpringApplicationShutdownHook.java:114)
	at java.base/java.lang.Thread.run(Thread.java:1583)

2026-03-26T10:06:06.530+05:30  WARN 24816 --- [order-service] [SpringApplicationShutdownHook] c.n.d.s.t.d.RetryableEurekaHttpClient    : Request execution failed with message: Connection pool shut down
2026-03-26T10:06:06.530+05:30 ERROR 24816 --- [order-service] [SpringApplicationShutdownHook] com.netflix.discovery.DiscoveryClient    : DiscoveryClient_ORDER-SERVICE/order-service:8083 - de-registration failedCannot execute request on any known server

com.netflix.discovery.shared.transport.TransportException: Cannot execute request on any known server
	at com.netflix.discovery.shared.transport.decorator.RetryableEurekaHttpClient.execute(RetryableEurekaHttpClient.java:112) ~[eureka-client-2.0.2.jar:2.0.2]
	at com.netflix.discovery.shared.transport.decorator.EurekaHttpClientDecorator.cancel(EurekaHttpClientDecorator.java:71) ~[eureka-client-2.0.2.jar:2.0.2]
	at com.netflix.discovery.shared.transport.decorator.EurekaHttpClientDecorator$2.execute(EurekaHttpClientDecorator.java:74) ~[eureka-client-2.0.2.jar:2.0.2]
	at com.netflix.discovery.shared.transport.decorator.SessionedEurekaHttpClient.execute(SessionedEurekaHttpClient.java:77) ~[eureka-client-2.0.2.jar:2.0.2]
	at com.netflix.discovery.shared.transport.decorator.EurekaHttpClientDecorator.cancel(EurekaHttpClientDecorator.java:71) ~[eureka-client-2.0.2.jar:2.0.2]
	at com.netflix.discovery.DiscoveryClient.unregister(DiscoveryClient.java:916) ~[eureka-client-2.0.2.jar:2.0.2]
	at com.netflix.discovery.DiscoveryClient.shutdown(DiscoveryClient.java:892) ~[eureka-client-2.0.2.jar:2.0.2]
	at java.base/jdk.internal.reflect.DirectMethodHandleAccessor.invoke(DirectMethodHandleAccessor.java:103) ~[na:na]
	at java.base/java.lang.reflect.Method.invoke(Method.java:580) ~[na:na]
	at org.springframework.beans.factory.annotation.InitDestroyAnnotationBeanPostProcessor$LifecycleMethod.invoke(InitDestroyAnnotationBeanPostProcessor.java:457) ~[spring-beans-6.1.4.jar:6.1.4]
	at org.springframework.beans.factory.annotation.InitDestroyAnnotationBeanPostProcessor$LifecycleMetadata.invokeDestroyMethods(InitDestroyAnnotationBeanPostProcessor.java:415) ~[spring-beans-6.1.4.jar:6.1.4]
	at org.springframework.beans.factory.annotation.InitDestroyAnnotationBeanPostProcessor.postProcessBeforeDestruction(InitDestroyAnnotationBeanPostProcessor.java:239) ~[spring-beans-6.1.4.jar:6.1.4]
	at org.springframework.beans.factory.support.DisposableBeanAdapter.destroy(DisposableBeanAdapter.java:202) ~[spring-beans-6.1.4.jar:6.1.4]
	at org.springframework.beans.factory.support.DisposableBeanAdapter.run(DisposableBeanAdapter.java:195) ~[spring-beans-6.1.4.jar:6.1.4]
	at org.springframework.cloud.context.scope.GenericScope$BeanLifecycleWrapper.destroy(GenericScope.java:389) ~[spring-cloud-context-4.1.2.jar:4.1.2]
	at org.springframework.cloud.context.scope.GenericScope.destroy(GenericScope.java:136) ~[spring-cloud-context-4.1.2.jar:4.1.2]
	at org.springframework.beans.factory.support.DisposableBeanAdapter.destroy(DisposableBeanAdapter.java:211) ~[spring-beans-6.1.4.jar:6.1.4]
	at org.springframework.beans.factory.support.DefaultSingletonBeanRegistry.destroyBean(DefaultSingletonBeanRegistry.java:587) ~[spring-beans-6.1.4.jar:6.1.4]
	at org.springframework.beans.factory.support.DefaultSingletonBeanRegistry.destroySingleton(DefaultSingletonBeanRegistry.java:559) ~[spring-beans-6.1.4.jar:6.1.4]
	at org.springframework.beans.factory.support.DefaultListableBeanFactory.destroySingleton(DefaultListableBeanFactory.java:1202) ~[spring-beans-6.1.4.jar:6.1.4]
	at org.springframework.beans.factory.support.DefaultSingletonBeanRegistry.destroySingletons(DefaultSingletonBeanRegistry.java:520) ~[spring-beans-6.1.4.jar:6.1.4]
	at org.springframework.beans.factory.support.DefaultListableBeanFactory.destroySingletons(DefaultListableBeanFactory.java:1195) ~[spring-beans-6.1.4.jar:6.1.4]
	at org.springframework.context.support.AbstractApplicationContext.destroyBeans(AbstractApplicationContext.java:1183) ~[spring-context-6.1.4.jar:6.1.4]
	at org.springframework.context.support.AbstractApplicationContext.doClose(AbstractApplicationContext.java:1144) ~[spring-context-6.1.4.jar:6.1.4]
	at org.springframework.boot.web.servlet.context.ServletWebServerApplicationContext.doClose(ServletWebServerApplicationContext.java:174) ~[spring-boot-3.2.3.jar:3.2.3]
	at org.springframework.context.support.AbstractApplicationContext.close(AbstractApplicationContext.java:1090) ~[spring-context-6.1.4.jar:6.1.4]
	at org.springframework.boot.SpringApplicationShutdownHook.closeAndWait(SpringApplicationShutdownHook.java:145) ~[spring-boot-3.2.3.jar:3.2.3]
	at java.base/java.lang.Iterable.forEach(Iterable.java:75) ~[na:na]
	at org.springframework.boot.SpringApplicationShutdownHook.run(SpringApplicationShutdownHook.java:114) ~[spring-boot-3.2.3.jar:3.2.3]
	at java.base/java.lang.Thread.run(Thread.java:1583) ~[na:na]

2026-03-26T10:06:06.539+05:30  INFO 24816 --- [order-service] [SpringApplicationShutdownHook] com.netflix.discovery.DiscoveryClient    : Completed shut down of DiscoveryClient
2026-03-26T11:12:43.914+05:30  INFO 12532 --- [order-service] [main] c.e.o.OrderServiceApplication            : Starting OrderServiceApplication using Java 21.0.2 with PID 12532 (F:\Ecommerce Production Level Application\order-service\target\classes started by nanda royality in F:\Ecommerce Production Level Application\user-service)
2026-03-26T11:12:43.924+05:30 DEBUG 12532 --- [order-service] [main] c.e.o.OrderServiceApplication            : Running with Spring Boot v3.2.3, Spring v6.1.4
2026-03-26T11:12:43.925+05:30  INFO 12532 --- [order-service] [main] c.e.o.OrderServiceApplication            : No active profile set, falling back to 1 default profile: "default"
2026-03-26T11:12:45.763+05:30  INFO 12532 --- [order-service] [main] .s.d.r.c.RepositoryConfigurationDelegate : Multiple Spring Data modules found, entering strict repository configuration mode
2026-03-26T11:12:45.765+05:30  INFO 12532 --- [order-service] [main] .s.d.r.c.RepositoryConfigurationDelegate : Bootstrapping Spring Data JPA repositories in DEFAULT mode.
2026-03-26T11:12:45.981+05:30  INFO 12532 --- [order-service] [main] .s.d.r.c.RepositoryConfigurationDelegate : Finished Spring Data repository scanning in 194 ms. Found 3 JPA repository interfaces.
2026-03-26T11:12:46.469+05:30  INFO 12532 --- [order-service] [main] o.s.cloud.context.scope.GenericScope     : BeanFactory id=050aadc7-4625-3da1-8ca2-406a49b73d0d
2026-03-26T11:12:47.050+05:30  WARN 12532 --- [order-service] [main] trationDelegate$BeanPostProcessorChecker : Bean 'org.springframework.cloud.client.loadbalancer.LoadBalancerAutoConfiguration$DeferringLoadBalancerInterceptorConfig' of type [org.springframework.cloud.client.loadbalancer.LoadBalancerAutoConfiguration$DeferringLoadBalancerInterceptorConfig] is not eligible for getting processed by all BeanPostProcessors (for example: not eligible for auto-proxying). The currently created BeanPostProcessor [lbRestClientPostProcessor] is declared through a non-static factory method on that class; consider declaring it as static instead.
2026-03-26T11:12:47.054+05:30  WARN 12532 --- [order-service] [main] trationDelegate$BeanPostProcessorChecker : Bean 'deferringLoadBalancerInterceptor' of type [org.springframework.cloud.client.loadbalancer.DeferringLoadBalancerInterceptor] is not eligible for getting processed by all BeanPostProcessors (for example: not eligible for auto-proxying). Is this bean getting eagerly injected into a currently created BeanPostProcessor [lbRestClientPostProcessor]? Check the corresponding BeanPostProcessor declaration and its dependencies.
2026-03-26T11:12:47.532+05:30  INFO 12532 --- [order-service] [main] o.s.b.w.embedded.tomcat.TomcatWebServer  : Tomcat initialized with port 8083 (http)
2026-03-26T11:12:47.553+05:30  INFO 12532 --- [order-service] [main] o.apache.catalina.core.StandardService   : Starting service [Tomcat]
2026-03-26T11:12:47.554+05:30  INFO 12532 --- [order-service] [main] o.apache.catalina.core.StandardEngine    : Starting Servlet engine: [Apache Tomcat/10.1.19]
2026-03-26T11:12:47.694+05:30  INFO 12532 --- [order-service] [main] o.a.c.c.C.[Tomcat].[localhost].[/]       : Initializing Spring embedded WebApplicationContext
2026-03-26T11:12:47.695+05:30  INFO 12532 --- [order-service] [main] w.s.c.ServletWebServerApplicationContext : Root WebApplicationContext: initialization completed in 3706 ms
2026-03-26T11:12:48.048+05:30 DEBUG 12532 --- [order-service] [main] c.e.o.security.JwtAuthenticationFilter   : Filter 'jwtAuthenticationFilter' configured for use
2026-03-26T11:12:48.262+05:30  INFO 12532 --- [order-service] [main] o.hibernate.jpa.internal.util.LogHelper  : HHH000204: Processing PersistenceUnitInfo [name: default]
2026-03-26T11:12:48.395+05:30  INFO 12532 --- [order-service] [main] org.hibernate.Version                    : HHH000412: Hibernate ORM core version 6.4.4.Final
2026-03-26T11:12:48.432+05:30  INFO 12532 --- [order-service] [main] o.h.c.internal.RegionFactoryInitiator    : HHH000026: Second-level cache disabled
2026-03-26T11:12:48.675+05:30  INFO 12532 --- [order-service] [main] o.s.o.j.p.SpringPersistenceUnitInfo      : No LoadTimeWeaver setup: ignoring JPA class transformer
2026-03-26T11:12:48.700+05:30  INFO 12532 --- [order-service] [main] com.zaxxer.hikari.HikariDataSource       : OrderServicePool - Starting...
2026-03-26T11:12:48.883+05:30  INFO 12532 --- [order-service] [main] com.zaxxer.hikari.pool.HikariPool        : OrderServicePool - Added connection com.mysql.cj.jdbc.ConnectionImpl@4e67e090
2026-03-26T11:12:48.885+05:30  INFO 12532 --- [order-service] [main] com.zaxxer.hikari.HikariDataSource       : OrderServicePool - Start completed.
2026-03-26T11:12:49.035+05:30  WARN 12532 --- [order-service] [main] org.hibernate.orm.deprecation            : HHH90000025: MySQLDialect does not need to be specified explicitly using 'hibernate.dialect' (remove the property setting and it will be selected by default)
2026-03-26T11:12:49.937+05:30  INFO 12532 --- [order-service] [main] o.h.e.t.j.p.i.JtaPlatformInitiator       : HHH000489: No JTA platform available (set 'hibernate.transaction.jta.platform' to enable JTA platform integration)
2026-03-26T11:12:50.417+05:30  INFO 12532 --- [order-service] [main] j.LocalContainerEntityManagerFactoryBean : Initialized JPA EntityManagerFactory for persistence unit 'default'
2026-03-26T11:12:50.946+05:30  INFO 12532 --- [order-service] [main] o.s.d.j.r.query.QueryEnhancerFactory     : Hibernate is in classpath; If applicable, HQL parser will be used.
2026-03-26T11:12:52.050+05:30  INFO 12532 --- [order-service] [main] o.s.c.openfeign.FeignClientFactoryBean   : For 'product-service' URL not provided. Will try picking an instance via load-balancing.
2026-03-26T11:12:52.759+05:30  WARN 12532 --- [order-service] [main] .s.s.UserDetailsServiceAutoConfiguration : 

Using generated security password: 9a4c7813-3dc3-4cfc-a26d-fc48cab8f7ed

This generated password is for development use only. Your security configuration must be updated before running your application in production.

2026-03-26T11:12:53.389+05:30  INFO 12532 --- [order-service] [main] o.s.b.a.e.web.EndpointLinksResolver      : Exposing 1 endpoint(s) beneath base path '/actuator'
2026-03-26T11:12:53.510+05:30  INFO 12532 --- [order-service] [main] o.s.s.web.DefaultSecurityFilterChain     : Will secure any request with [org.springframework.security.web.session.DisableEncodeUrlFilter@256ba00b, org.springframework.security.web.context.request.async.WebAsyncManagerIntegrationFilter@54516707, org.springframework.security.web.context.SecurityContextHolderFilter@779af906, org.springframework.security.web.header.HeaderWriterFilter@cfe4f8c, org.springframework.web.filter.CorsFilter@38bbbb3c, org.springframework.security.web.authentication.logout.LogoutFilter@35853c37, com.ecommerce.order_service.security.JwtAuthenticationFilter@4f7ba0af, org.springframework.security.web.savedrequest.RequestCacheAwareFilter@642c407d, org.springframework.security.web.servletapi.SecurityContextHolderAwareRequestFilter@3b60f14c, org.springframework.security.web.authentication.AnonymousAuthenticationFilter@21032dfd, org.springframework.security.web.session.SessionManagementFilter@3495b709, org.springframework.security.web.access.ExceptionTranslationFilter@74ddae54, org.springframework.security.web.access.intercept.AuthorizationFilter@29843829]
2026-03-26T11:12:54.338+05:30  INFO 12532 --- [order-service] [main] DiscoveryClientOptionalArgsConfiguration : Eureka HTTP Client uses RestTemplate.
2026-03-26T11:12:54.389+05:30  WARN 12532 --- [order-service] [main] iguration$LoadBalancerCaffeineWarnLogger : Spring Cloud LoadBalancer is currently working with the default cache. While this cache implementation is useful for development and tests, it's recommended to use Caffeine cache in production.You can switch to using Caffeine cache, by adding it and org.springframework.cache.caffeine.CaffeineCacheManager to the classpath.
2026-03-26T11:12:54.479+05:30  INFO 12532 --- [order-service] [main] o.a.k.clients.admin.AdminClientConfig    : AdminClientConfig values: 
	auto.include.jmx.reporter = true
	bootstrap.servers = [localhost:9092]
	client.dns.lookup = use_all_dns_ips
	client.id = 
	connections.max.idle.ms = 300000
	default.api.timeout.ms = 60000
	metadata.max.age.ms = 300000
	metric.reporters = []
	metrics.num.samples = 2
	metrics.recording.level = INFO
	metrics.sample.window.ms = 30000
	receive.buffer.bytes = 65536
	reconnect.backoff.max.ms = 1000
	reconnect.backoff.ms = 50
	request.timeout.ms = 30000
	retries = 2147483647
	retry.backoff.ms = 100
	sasl.client.callback.handler.class = null
	sasl.jaas.config = null
	sasl.kerberos.kinit.cmd = /usr/bin/kinit
	sasl.kerberos.min.time.before.relogin = 60000
	sasl.kerberos.service.name = null
	sasl.kerberos.ticket.renew.jitter = 0.05
	sasl.kerberos.ticket.renew.window.factor = 0.8
	sasl.login.callback.handler.class = null
	sasl.login.class = null
	sasl.login.connect.timeout.ms = null
	sasl.login.read.timeout.ms = null
	sasl.login.refresh.buffer.seconds = 300
	sasl.login.refresh.min.period.seconds = 60
	sasl.login.refresh.window.factor = 0.8
	sasl.login.refresh.window.jitter = 0.05
	sasl.login.retry.backoff.max.ms = 10000
	sasl.login.retry.backoff.ms = 100
	sasl.mechanism = GSSAPI
	sasl.oauthbearer.clock.skew.seconds = 30
	sasl.oauthbearer.expected.audience = null
	sasl.oauthbearer.expected.issuer = null
	sasl.oauthbearer.jwks.endpoint.refresh.ms = 3600000
	sasl.oauthbearer.jwks.endpoint.retry.backoff.max.ms = 10000
	sasl.oauthbearer.jwks.endpoint.retry.backoff.ms = 100
	sasl.oauthbearer.jwks.endpoint.url = null
	sasl.oauthbearer.scope.claim.name = scope
	sasl.oauthbearer.sub.claim.name = sub
	sasl.oauthbearer.token.endpoint.url = null
	security.protocol = PLAINTEXT
	security.providers = null
	send.buffer.bytes = 131072
	socket.connection.setup.timeout.max.ms = 30000
	socket.connection.setup.timeout.ms = 10000
	ssl.cipher.suites = null
	ssl.enabled.protocols = [TLSv1.2, TLSv1.3]
	ssl.endpoint.identification.algorithm = https
	ssl.engine.factory.class = null
	ssl.key.password = null
	ssl.keymanager.algorithm = SunX509
	ssl.keystore.certificate.chain = null
	ssl.keystore.key = null
	ssl.keystore.location = null
	ssl.keystore.password = null
	ssl.keystore.type = JKS
	ssl.protocol = TLSv1.3
	ssl.provider = null
	ssl.secure.random.implementation = null
	ssl.trustmanager.algorithm = PKIX
	ssl.truststore.certificates = null
	ssl.truststore.location = null
	ssl.truststore.password = null
	ssl.truststore.type = JKS

2026-03-26T11:12:54.646+05:30  INFO 12532 --- [order-service] [main] o.a.kafka.common.utils.AppInfoParser     : Kafka version: 3.6.1
2026-03-26T11:12:54.646+05:30  INFO 12532 --- [order-service] [main] o.a.kafka.common.utils.AppInfoParser     : Kafka commitId: 5e3c2b738d253ff5
2026-03-26T11:12:54.646+05:30  INFO 12532 --- [order-service] [main] o.a.kafka.common.utils.AppInfoParser     : Kafka startTimeMs: 1774503774644
2026-03-26T11:12:54.962+05:30  INFO 12532 --- [order-service] [kafka-admin-client-thread | adminclient-1] o.a.kafka.common.utils.AppInfoParser     : App info kafka.admin.client for adminclient-1 unregistered
2026-03-26T11:12:54.967+05:30  INFO 12532 --- [order-service] [kafka-admin-client-thread | adminclient-1] o.apache.kafka.common.metrics.Metrics    : Metrics scheduler closed
2026-03-26T11:12:54.967+05:30  INFO 12532 --- [order-service] [kafka-admin-client-thread | adminclient-1] o.apache.kafka.common.metrics.Metrics    : Closing reporter org.apache.kafka.common.metrics.JmxReporter
2026-03-26T11:12:54.967+05:30  INFO 12532 --- [order-service] [kafka-admin-client-thread | adminclient-1] o.apache.kafka.common.metrics.Metrics    : Metrics reporters closed
2026-03-26T11:12:54.985+05:30  INFO 12532 --- [order-service] [main] o.s.c.n.eureka.InstanceInfoFactory       : Setting initial instance status as: STARTING
2026-03-26T11:12:55.040+05:30  INFO 12532 --- [order-service] [main] com.netflix.discovery.DiscoveryClient    : Initializing Eureka in region us-east-1
2026-03-26T11:12:55.045+05:30  INFO 12532 --- [order-service] [main] c.n.d.s.r.aws.ConfigClusterResolver      : Resolving eureka endpoints via configuration
2026-03-26T11:12:55.071+05:30  INFO 12532 --- [order-service] [main] com.netflix.discovery.DiscoveryClient    : Disable delta property : false
2026-03-26T11:12:55.071+05:30  INFO 12532 --- [order-service] [main] com.netflix.discovery.DiscoveryClient    : Single vip registry refresh property : null
2026-03-26T11:12:55.071+05:30  INFO 12532 --- [order-service] [main] com.netflix.discovery.DiscoveryClient    : Force full registry fetch : false
2026-03-26T11:12:55.071+05:30  INFO 12532 --- [order-service] [main] com.netflix.discovery.DiscoveryClient    : Application is null : false
2026-03-26T11:12:55.071+05:30  INFO 12532 --- [order-service] [main] com.netflix.discovery.DiscoveryClient    : Registered Applications size is zero : true
2026-03-26T11:12:55.071+05:30  INFO 12532 --- [order-service] [main] com.netflix.discovery.DiscoveryClient    : Application version is -1: true
2026-03-26T11:12:55.071+05:30  INFO 12532 --- [order-service] [main] com.netflix.discovery.DiscoveryClient    : Getting all instance registry info from the eureka server
2026-03-26T11:12:55.461+05:30  INFO 12532 --- [order-service] [main] com.netflix.discovery.DiscoveryClient    : The response status is 200
2026-03-26T11:12:55.463+05:30  INFO 12532 --- [order-service] [main] com.netflix.discovery.DiscoveryClient    : Starting heartbeat executor: renew interval is: 30
2026-03-26T11:12:55.465+05:30  INFO 12532 --- [order-service] [main] c.n.discovery.InstanceInfoReplicator     : InstanceInfoReplicator onDemand update allowed rate per min is 4
2026-03-26T11:12:55.471+05:30  INFO 12532 --- [order-service] [main] com.netflix.discovery.DiscoveryClient    : Discovery Client initialized at timestamp 1774503775470 with initial instances count: 2
2026-03-26T11:12:55.495+05:30  INFO 12532 --- [order-service] [main] o.s.c.n.e.s.EurekaServiceRegistry        : Registering application ORDER-SERVICE with eureka with status UP
2026-03-26T11:12:55.496+05:30  INFO 12532 --- [order-service] [main] com.netflix.discovery.DiscoveryClient    : Saw local status change event StatusChangeEvent [timestamp=1774503775496, current=UP, previous=STARTING]
2026-03-26T11:12:55.499+05:30  INFO 12532 --- [order-service] [DiscoveryClient-InstanceInfoReplicator-0] com.netflix.discovery.DiscoveryClient    : DiscoveryClient_ORDER-SERVICE/order-service:8083: registering service...
2026-03-26T11:12:55.519+05:30  INFO 12532 --- [order-service] [main] o.s.b.w.embedded.tomcat.TomcatWebServer  : Tomcat started on port 8083 (http) with context path ''
2026-03-26T11:12:55.520+05:30  INFO 12532 --- [order-service] [main] .s.c.n.e.s.EurekaAutoServiceRegistration : Updating port to 8083
2026-03-26T11:12:55.560+05:30  INFO 12532 --- [order-service] [main] c.e.o.OrderServiceApplication            : Started OrderServiceApplication in 12.332 seconds (process running for 13.023)
2026-03-26T11:12:55.562+05:30  INFO 12532 --- [order-service] [DiscoveryClient-InstanceInfoReplicator-0] com.netflix.discovery.DiscoveryClient    : DiscoveryClient_ORDER-SERVICE/order-service:8083 - registration status: 204
2026-03-26T11:17:59.165+05:30  INFO 12532 --- [order-service] [AsyncResolver-bootstrap-executor-0] c.n.d.s.r.aws.ConfigClusterResolver      : Resolving eureka endpoints via configuration
2026-03-26T11:23:24.778+05:30  INFO 12532 --- [order-service] [AsyncResolver-bootstrap-executor-0] c.n.d.s.r.aws.ConfigClusterResolver      : Resolving eureka endpoints via configuration
2026-03-26T11:28:24.794+05:30  INFO 12532 --- [order-service] [AsyncResolver-bootstrap-executor-0] c.n.d.s.r.aws.ConfigClusterResolver      : Resolving eureka endpoints via configuration
2026-03-26T11:33:24.798+05:30  INFO 12532 --- [order-service] [AsyncResolver-bootstrap-executor-0] c.n.d.s.r.aws.ConfigClusterResolver      : Resolving eureka endpoints via configuration
2026-03-26T11:38:38.303+05:30  INFO 12532 --- [order-service] [AsyncResolver-bootstrap-executor-0] c.n.d.s.r.aws.ConfigClusterResolver      : Resolving eureka endpoints via configuration
2026-03-26T11:43:51.856+05:30  INFO 12532 --- [order-service] [AsyncResolver-bootstrap-executor-0] c.n.d.s.r.aws.ConfigClusterResolver      : Resolving eureka endpoints via configuration
2026-03-26T11:47:44.236+05:30  INFO 12532 --- [order-service] [DiscoveryClient-CacheRefreshExecutor-0] o.a.h.c.h.i.c.HttpRequestRetryExec       : Recoverable I/O exception (org.apache.hc.core5.http.NoHttpResponseException) caught when processing request to {}->http://localhost:8761
2026-03-26T11:48:51.862+05:30  INFO 12532 --- [order-service] [AsyncResolver-bootstrap-executor-0] c.n.d.s.r.aws.ConfigClusterResolver      : Resolving eureka endpoints via configuration
2026-03-26T11:46:28.879+05:30  WARN 12532 --- [order-service] [DiscoveryClient-0] c.netflix.discovery.TimedSupervisorTask  : task supervisor timed out

java.util.concurrent.TimeoutException: null
	at java.base/java.util.concurrent.FutureTask.get(FutureTask.java:204) ~[na:na]
	at com.netflix.discovery.TimedSupervisorTask.run(TimedSupervisorTask.java:68) ~[eureka-client-2.0.2.jar:2.0.2]
	at java.base/java.util.concurrent.Executors$RunnableAdapter.call(Executors.java:572) ~[na:na]
	at java.base/java.util.concurrent.FutureTask.run(FutureTask.java:317) ~[na:na]
	at java.base/java.util.concurrent.ScheduledThreadPoolExecutor$ScheduledFutureTask.run(ScheduledThreadPoolExecutor.java:304) ~[na:na]
	at java.base/java.util.concurrent.ThreadPoolExecutor.runWorker(ThreadPoolExecutor.java:1144) ~[na:na]
	at java.base/java.util.concurrent.ThreadPoolExecutor$Worker.run(ThreadPoolExecutor.java:642) ~[na:na]
	at java.base/java.lang.Thread.run(Thread.java:1583) ~[na:na]

2026-03-26T11:46:22.697+05:30  WARN 12532 --- [order-service] [DiscoveryClient-1] c.netflix.discovery.TimedSupervisorTask  : task supervisor timed out

java.util.concurrent.TimeoutException: null
	at java.base/java.util.concurrent.FutureTask.get(FutureTask.java:204) ~[na:na]
	at com.netflix.discovery.TimedSupervisorTask.run(TimedSupervisorTask.java:68) ~[eureka-client-2.0.2.jar:2.0.2]
	at java.base/java.util.concurrent.Executors$RunnableAdapter.call(Executors.java:572) ~[na:na]
	at java.base/java.util.concurrent.FutureTask.run(FutureTask.java:317) ~[na:na]
	at java.base/java.util.concurrent.ScheduledThreadPoolExecutor$ScheduledFutureTask.run(ScheduledThreadPoolExecutor.java:304) ~[na:na]
	at java.base/java.util.concurrent.ThreadPoolExecutor.runWorker(ThreadPoolExecutor.java:1144) ~[na:na]
	at java.base/java.util.concurrent.ThreadPoolExecutor$Worker.run(ThreadPoolExecutor.java:642) ~[na:na]
	at java.base/java.lang.Thread.run(Thread.java:1583) ~[na:na]

2026-03-26T11:51:31.303+05:30  WARN 12532 --- [order-service] [DiscoveryClient-1] c.netflix.discovery.TimedSupervisorTask  : task supervisor timed out

java.util.concurrent.TimeoutException: null
	at java.base/java.util.concurrent.FutureTask.get(FutureTask.java:204) ~[na:na]
	at com.netflix.discovery.TimedSupervisorTask.run(TimedSupervisorTask.java:68) ~[eureka-client-2.0.2.jar:2.0.2]
	at java.base/java.util.concurrent.Executors$RunnableAdapter.call(Executors.java:572) ~[na:na]
	at java.base/java.util.concurrent.FutureTask.run(FutureTask.java:317) ~[na:na]
	at java.base/java.util.concurrent.ScheduledThreadPoolExecutor$ScheduledFutureTask.run(ScheduledThreadPoolExecutor.java:304) ~[na:na]
	at java.base/java.util.concurrent.ThreadPoolExecutor.runWorker(ThreadPoolExecutor.java:1144) ~[na:na]
	at java.base/java.util.concurrent.ThreadPoolExecutor$Worker.run(ThreadPoolExecutor.java:642) ~[na:na]
	at java.base/java.lang.Thread.run(Thread.java:1583) ~[na:na]

2026-03-26T11:51:36.719+05:30  WARN 12532 --- [order-service] [DiscoveryClient-0] c.netflix.discovery.TimedSupervisorTask  : task supervisor timed out

java.util.concurrent.TimeoutException: null
	at java.base/java.util.concurrent.FutureTask.get(FutureTask.java:204) ~[na:na]
	at com.netflix.discovery.TimedSupervisorTask.run(TimedSupervisorTask.java:68) ~[eureka-client-2.0.2.jar:2.0.2]
	at java.base/java.util.concurrent.Executors$RunnableAdapter.call(Executors.java:572) ~[na:na]
	at java.base/java.util.concurrent.FutureTask.run(FutureTask.java:317) ~[na:na]
	at java.base/java.util.concurrent.ScheduledThreadPoolExecutor$ScheduledFutureTask.run(ScheduledThreadPoolExecutor.java:304) ~[na:na]
	at java.base/java.util.concurrent.ThreadPoolExecutor.runWorker(ThreadPoolExecutor.java:1144) ~[na:na]
	at java.base/java.util.concurrent.ThreadPoolExecutor$Worker.run(ThreadPoolExecutor.java:642) ~[na:na]
	at java.base/java.lang.Thread.run(Thread.java:1583) ~[na:na]

2026-03-26T11:52:04.128+05:30  INFO 12532 --- [order-service] [DiscoveryClient-HeartbeatExecutor-0] com.netflix.discovery.DiscoveryClient    : DiscoveryClient_ORDER-SERVICE/order-service:8083 - Re-registering apps/ORDER-SERVICE
2026-03-26T11:52:04.300+05:30  INFO 12532 --- [order-service] [DiscoveryClient-HeartbeatExecutor-0] com.netflix.discovery.DiscoveryClient    : DiscoveryClient_ORDER-SERVICE/order-service:8083: registering service...
2026-03-26T11:52:27.229+05:30  INFO 12532 --- [order-service] [DiscoveryClient-InstanceInfoReplicator-0] com.netflix.discovery.DiscoveryClient    : DiscoveryClient_ORDER-SERVICE/order-service:8083: registering service...
2026-03-26T11:52:49.211+05:30  INFO 12532 --- [order-service] [DiscoveryClient-InstanceInfoReplicator-0] com.netflix.discovery.DiscoveryClient    : DiscoveryClient_ORDER-SERVICE/order-service:8083 - registration status: 204
2026-03-26T11:53:51.875+05:30  INFO 12532 --- [order-service] [AsyncResolver-bootstrap-executor-0] c.n.d.s.r.aws.ConfigClusterResolver      : Resolving eureka endpoints via configuration
2026-03-26T11:54:25.251+05:30  INFO 12532 --- [order-service] [DiscoveryClient-CacheRefreshExecutor-0] c.n.d.s.t.d.RedirectingEurekaHttpClient  : Request execution error. endpoint=DefaultEndpoint{ serviceUrl='http://localhost:8761/eureka/}, exception=null stacktrace=java.util.concurrent.CancellationException
	at org.apache.hc.core5.concurrent.BasicFuture.getResult(BasicFuture.java:75)
	at org.apache.hc.core5.concurrent.BasicFuture.get(BasicFuture.java:96)
	at org.apache.hc.core5.pool.StrictConnPool$1.get(StrictConnPool.java:184)
	at org.apache.hc.core5.pool.StrictConnPool$1.get(StrictConnPool.java:178)
	at org.apache.hc.client5.http.impl.io.PoolingHttpClientConnectionManager$3.get(PoolingHttpClientConnectionManager.java:312)
	at org.apache.hc.client5.http.impl.classic.InternalExecRuntime.acquireEndpoint(InternalExecRuntime.java:109)
	at org.apache.hc.client5.http.impl.classic.ConnectExec.execute(ConnectExec.java:125)
	at org.apache.hc.client5.http.impl.classic.ExecChainElement.execute(ExecChainElement.java:51)
	at org.apache.hc.client5.http.impl.classic.ProtocolExec.execute(ProtocolExec.java:192)
	at org.apache.hc.client5.http.impl.classic.ExecChainElement.execute(ExecChainElement.java:51)
	at org.apache.hc.client5.http.impl.classic.HttpRequestRetryExec.execute(HttpRequestRetryExec.java:96)
	at org.apache.hc.client5.http.impl.classic.ExecChainElement.execute(ExecChainElement.java:51)
	at org.apache.hc.client5.http.impl.classic.ContentCompressionExec.execute(ContentCompressionExec.java:152)
	at org.apache.hc.client5.http.impl.classic.ExecChainElement.execute(ExecChainElement.java:51)
	at org.apache.hc.client5.http.impl.classic.RedirectExec.execute(RedirectExec.java:115)
	at org.apache.hc.client5.http.impl.classic.ExecChainElement.execute(ExecChainElement.java:51)
	at org.apache.hc.client5.http.impl.classic.InternalHttpClient.doExecute(InternalHttpClient.java:170)
	at org.apache.hc.client5.http.impl.classic.CloseableHttpClient.execute(CloseableHttpClient.java:87)
	at org.apache.hc.client5.http.impl.classic.CloseableHttpClient.execute(CloseableHttpClient.java:55)
	at org.apache.hc.client5.http.classic.HttpClient.executeOpen(HttpClient.java:183)
	at org.springframework.http.client.HttpComponentsClientHttpRequest.executeInternal(HttpComponentsClientHttpRequest.java:95)
	at org.springframework.http.client.AbstractStreamingClientHttpRequest.executeInternal(AbstractStreamingClientHttpRequest.java:70)
	at org.springframework.http.client.AbstractClientHttpRequest.execute(AbstractClientHttpRequest.java:66)
	at org.springframework.http.client.InterceptingClientHttpRequest$InterceptingRequestExecution.execute(InterceptingClientHttpRequest.java:112)
	at org.springframework.cloud.netflix.eureka.http.RestTemplateTransportClientFactory.lambda$restTemplate$0(RestTemplateTransportClientFactory.java:143)
	at org.springframework.http.client.InterceptingClientHttpRequest$InterceptingRequestExecution.execute(InterceptingClientHttpRequest.java:88)
	at org.springframework.http.client.InterceptingClientHttpRequest.executeInternal(InterceptingClientHttpRequest.java:72)
	at org.springframework.http.client.AbstractBufferingClientHttpRequest.executeInternal(AbstractBufferingClientHttpRequest.java:48)
	at org.springframework.http.client.AbstractClientHttpRequest.execute(AbstractClientHttpRequest.java:66)
	at org.springframework.web.client.RestTemplate.doExecute(RestTemplate.java:889)
	at org.springframework.web.client.RestTemplate.execute(RestTemplate.java:790)
	at org.springframework.web.client.RestTemplate.exchange(RestTemplate.java:672)
	at org.springframework.cloud.netflix.eureka.http.RestTemplateEurekaHttpClient.getApplicationsInternal(RestTemplateEurekaHttpClient.java:145)
	at org.springframework.cloud.netflix.eureka.http.RestTemplateEurekaHttpClient.getDelta(RestTemplateEurekaHttpClient.java:155)
	at com.netflix.discovery.shared.transport.decorator.EurekaHttpClientDecorator$7.execute(EurekaHttpClientDecorator.java:152)
	at com.netflix.discovery.shared.transport.decorator.RedirectingEurekaHttpClient.executeOnNewServer(RedirectingEurekaHttpClient.java:121)
	at com.netflix.discovery.shared.transport.decorator.RedirectingEurekaHttpClient.execute(RedirectingEurekaHttpClient.java:80)
	at com.netflix.discovery.shared.transport.decorator.EurekaHttpClientDecorator.getDelta(EurekaHttpClientDecorator.java:149)
	at com.netflix.discovery.shared.transport.decorator.EurekaHttpClientDecorator$7.execute(EurekaHttpClientDecorator.java:152)
	at com.netflix.discovery.shared.transport.decorator.RetryableEurekaHttpClient.execute(RetryableEurekaHttpClient.java:120)
	at com.netflix.discovery.shared.transport.decorator.EurekaHttpClientDecorator.getDelta(EurekaHttpClientDecorator.java:149)
	at com.netflix.discovery.shared.transport.decorator.EurekaHttpClientDecorator$7.execute(EurekaHttpClientDecorator.java:152)
	at com.netflix.discovery.shared.transport.decorator.SessionedEurekaHttpClient.execute(SessionedEurekaHttpClient.java:77)
	at com.netflix.discovery.shared.transport.decorator.EurekaHttpClientDecorator.getDelta(EurekaHttpClientDecorator.java:149)
	at com.netflix.discovery.DiscoveryClient.getAndUpdateDelta(DiscoveryClient.java:1079)
	at com.netflix.discovery.DiscoveryClient.fetchRegistry(DiscoveryClient.java:960)
	at com.netflix.discovery.DiscoveryClient.refreshRegistry(DiscoveryClient.java:1475)
	at com.netflix.discovery.DiscoveryClient$CacheRefreshThread.run(DiscoveryClient.java:1442)
	at java.base/java.util.concurrent.Executors$RunnableAdapter.call(Executors.java:572)
	at java.base/java.util.concurrent.FutureTask.run(FutureTask.java:317)
	at java.base/java.util.concurrent.ThreadPoolExecutor.runWorker(ThreadPoolExecutor.java:1144)
	at java.base/java.util.concurrent.ThreadPoolExecutor$Worker.run(ThreadPoolExecutor.java:642)
	at java.base/java.lang.Thread.run(Thread.java:1583)

2026-03-26T11:54:25.313+05:30  WARN 12532 --- [order-service] [DiscoveryClient-CacheRefreshExecutor-0] c.n.d.s.t.d.RetryableEurekaHttpClient    : Request execution failed with message: null
2026-03-26T11:54:25.291+05:30  INFO 12532 --- [order-service] [DiscoveryClient-HeartbeatExecutor-0] c.n.d.s.t.d.RedirectingEurekaHttpClient  : Request execution error. endpoint=DefaultEndpoint{ serviceUrl='http://localhost:8761/eureka/}, exception=null stacktrace=java.util.concurrent.CancellationException
	at org.apache.hc.core5.concurrent.BasicFuture.getResult(BasicFuture.java:75)
	at org.apache.hc.core5.concurrent.BasicFuture.get(BasicFuture.java:96)
	at org.apache.hc.core5.pool.StrictConnPool$1.get(StrictConnPool.java:184)
	at org.apache.hc.core5.pool.StrictConnPool$1.get(StrictConnPool.java:178)
	at org.apache.hc.client5.http.impl.io.PoolingHttpClientConnectionManager$3.get(PoolingHttpClientConnectionManager.java:312)
	at org.apache.hc.client5.http.impl.classic.InternalExecRuntime.acquireEndpoint(InternalExecRuntime.java:109)
	at org.apache.hc.client5.http.impl.classic.ConnectExec.execute(ConnectExec.java:125)
	at org.apache.hc.client5.http.impl.classic.ExecChainElement.execute(ExecChainElement.java:51)
	at org.apache.hc.client5.http.impl.classic.ProtocolExec.execute(ProtocolExec.java:192)
	at org.apache.hc.client5.http.impl.classic.ExecChainElement.execute(ExecChainElement.java:51)
	at org.apache.hc.client5.http.impl.classic.HttpRequestRetryExec.execute(HttpRequestRetryExec.java:96)
	at org.apache.hc.client5.http.impl.classic.ExecChainElement.execute(ExecChainElement.java:51)
	at org.apache.hc.client5.http.impl.classic.ContentCompressionExec.execute(ContentCompressionExec.java:152)
	at org.apache.hc.client5.http.impl.classic.ExecChainElement.execute(ExecChainElement.java:51)
	at org.apache.hc.client5.http.impl.classic.RedirectExec.execute(RedirectExec.java:115)
	at org.apache.hc.client5.http.impl.classic.ExecChainElement.execute(ExecChainElement.java:51)
	at org.apache.hc.client5.http.impl.classic.InternalHttpClient.doExecute(InternalHttpClient.java:170)
	at org.apache.hc.client5.http.impl.classic.CloseableHttpClient.execute(CloseableHttpClient.java:87)
	at org.apache.hc.client5.http.impl.classic.CloseableHttpClient.execute(CloseableHttpClient.java:55)
	at org.apache.hc.client5.http.classic.HttpClient.executeOpen(HttpClient.java:183)
	at org.springframework.http.client.HttpComponentsClientHttpRequest.executeInternal(HttpComponentsClientHttpRequest.java:95)
	at org.springframework.http.client.AbstractStreamingClientHttpRequest.executeInternal(AbstractStreamingClientHttpRequest.java:70)
	at org.springframework.http.client.AbstractClientHttpRequest.execute(AbstractClientHttpRequest.java:66)
	at org.springframework.http.client.InterceptingClientHttpRequest$InterceptingRequestExecution.execute(InterceptingClientHttpRequest.java:112)
	at org.springframework.cloud.netflix.eureka.http.RestTemplateTransportClientFactory.lambda$restTemplate$0(RestTemplateTransportClientFactory.java:143)
	at org.springframework.http.client.InterceptingClientHttpRequest$InterceptingRequestExecution.execute(InterceptingClientHttpRequest.java:88)
	at org.springframework.http.client.InterceptingClientHttpRequest.executeInternal(InterceptingClientHttpRequest.java:72)
	at org.springframework.http.client.AbstractBufferingClientHttpRequest.executeInternal(AbstractBufferingClientHttpRequest.java:48)
	at org.springframework.http.client.AbstractClientHttpRequest.execute(AbstractClientHttpRequest.java:66)
	at org.springframework.web.client.RestTemplate.doExecute(RestTemplate.java:889)
	at org.springframework.web.client.RestTemplate.execute(RestTemplate.java:790)
	at org.springframework.web.client.RestTemplate.exchange(RestTemplate.java:672)
	at org.springframework.cloud.netflix.eureka.http.RestTemplateEurekaHttpClient.register(RestTemplateEurekaHttpClient.java:77)
	at com.netflix.discovery.shared.transport.decorator.EurekaHttpClientDecorator$1.execute(EurekaHttpClientDecorator.java:59)
	at com.netflix.discovery.shared.transport.decorator.RedirectingEurekaHttpClient.executeOnNewServer(RedirectingEurekaHttpClient.java:121)
	at com.netflix.discovery.shared.transport.decorator.RedirectingEurekaHttpClient.execute(RedirectingEurekaHttpClient.java:80)
	at com.netflix.discovery.shared.transport.decorator.EurekaHttpClientDecorator.register(EurekaHttpClientDecorator.java:56)
	at com.netflix.discovery.shared.transport.decorator.EurekaHttpClientDecorator$1.execute(EurekaHttpClientDecorator.java:59)
	at com.netflix.discovery.shared.transport.decorator.RetryableEurekaHttpClient.execute(RetryableEurekaHttpClient.java:120)
	at com.netflix.discovery.shared.transport.decorator.EurekaHttpClientDecorator.register(EurekaHttpClientDecorator.java:56)
	at com.netflix.discovery.shared.transport.decorator.EurekaHttpClientDecorator$1.execute(EurekaHttpClientDecorator.java:59)
	at com.netflix.discovery.shared.transport.decorator.SessionedEurekaHttpClient.execute(SessionedEurekaHttpClient.java:77)
	at com.netflix.discovery.shared.transport.decorator.EurekaHttpClientDecorator.register(EurekaHttpClientDecorator.java:56)
	at com.netflix.discovery.DiscoveryClient.register(DiscoveryClient.java:820)
	at com.netflix.discovery.DiscoveryClient.renew(DiscoveryClient.java:843)
	at com.netflix.discovery.DiscoveryClient$HeartbeatThread.run(DiscoveryClient.java:1401)
	at java.base/java.util.concurrent.Executors$RunnableAdapter.call(Executors.java:572)
	at java.base/java.util.concurrent.FutureTask.run(FutureTask.java:317)
	at java.base/java.util.concurrent.ThreadPoolExecutor.runWorker(ThreadPoolExecutor.java:1144)
	at java.base/java.util.concurrent.ThreadPoolExecutor$Worker.run(ThreadPoolExecutor.java:642)
	at java.base/java.lang.Thread.run(Thread.java:1583)

2026-03-26T11:54:25.474+05:30  WARN 12532 --- [order-service] [DiscoveryClient-HeartbeatExecutor-0] c.n.d.s.t.d.RetryableEurekaHttpClient    : Request execution failed with message: null
2026-03-26T11:54:25.476+05:30  INFO 12532 --- [order-service] [DiscoveryClient-HeartbeatExecutor-0] c.n.d.s.t.d.RedirectingEurekaHttpClient  : Request execution error. endpoint=DefaultEndpoint{ serviceUrl='http://localhost:8761/eureka/} exception=null stacktrace=java.util.concurrent.CancellationException
	at org.apache.hc.core5.concurrent.BasicFuture.getResult(BasicFuture.java:75)
	at org.apache.hc.core5.concurrent.BasicFuture.get(BasicFuture.java:96)
	at org.apache.hc.core5.pool.StrictConnPool$1.get(StrictConnPool.java:184)
	at org.apache.hc.core5.pool.StrictConnPool$1.get(StrictConnPool.java:178)
	at org.apache.hc.client5.http.impl.io.PoolingHttpClientConnectionManager$3.get(PoolingHttpClientConnectionManager.java:312)
	at org.apache.hc.client5.http.impl.classic.InternalExecRuntime.acquireEndpoint(InternalExecRuntime.java:109)
	at org.apache.hc.client5.http.impl.classic.ConnectExec.execute(ConnectExec.java:125)
	at org.apache.hc.client5.http.impl.classic.ExecChainElement.execute(ExecChainElement.java:51)
	at org.apache.hc.client5.http.impl.classic.ProtocolExec.execute(ProtocolExec.java:192)
	at org.apache.hc.client5.http.impl.classic.ExecChainElement.execute(ExecChainElement.java:51)
	at org.apache.hc.client5.http.impl.classic.HttpRequestRetryExec.execute(HttpRequestRetryExec.java:96)
	at org.apache.hc.client5.http.impl.classic.ExecChainElement.execute(ExecChainElement.java:51)
	at org.apache.hc.client5.http.impl.classic.ContentCompressionExec.execute(ContentCompressionExec.java:152)
	at org.apache.hc.client5.http.impl.classic.ExecChainElement.execute(ExecChainElement.java:51)
	at org.apache.hc.client5.http.impl.classic.RedirectExec.execute(RedirectExec.java:115)
	at org.apache.hc.client5.http.impl.classic.ExecChainElement.execute(ExecChainElement.java:51)
	at org.apache.hc.client5.http.impl.classic.InternalHttpClient.doExecute(InternalHttpClient.java:170)
	at org.apache.hc.client5.http.impl.classic.CloseableHttpClient.execute(CloseableHttpClient.java:87)
	at org.apache.hc.client5.http.impl.classic.CloseableHttpClient.execute(CloseableHttpClient.java:55)
	at org.apache.hc.client5.http.classic.HttpClient.executeOpen(HttpClient.java:183)
	at org.springframework.http.client.HttpComponentsClientHttpRequest.executeInternal(HttpComponentsClientHttpRequest.java:95)
	at org.springframework.http.client.AbstractStreamingClientHttpRequest.executeInternal(AbstractStreamingClientHttpRequest.java:70)
	at org.springframework.http.client.AbstractClientHttpRequest.execute(AbstractClientHttpRequest.java:66)
	at org.springframework.http.client.InterceptingClientHttpRequest$InterceptingRequestExecution.execute(InterceptingClientHttpRequest.java:112)
	at org.springframework.cloud.netflix.eureka.http.RestTemplateTransportClientFactory.lambda$restTemplate$0(RestTemplateTransportClientFactory.java:143)
	at org.springframework.http.client.InterceptingClientHttpRequest$InterceptingRequestExecution.execute(InterceptingClientHttpRequest.java:88)
	at org.springframework.http.client.InterceptingClientHttpRequest.executeInternal(InterceptingClientHttpRequest.java:72)
	at org.springframework.http.client.AbstractBufferingClientHttpRequest.executeInternal(AbstractBufferingClientHttpRequest.java:48)
	at org.springframework.http.client.AbstractClientHttpRequest.execute(AbstractClientHttpRequest.java:66)
	at org.springframework.web.client.RestTemplate.doExecute(RestTemplate.java:889)
	at org.springframework.web.client.RestTemplate.execute(RestTemplate.java:790)
	at org.springframework.web.client.RestTemplate.exchange(RestTemplate.java:672)
	at org.springframework.cloud.netflix.eureka.http.RestTemplateEurekaHttpClient.register(RestTemplateEurekaHttpClient.java:77)
	at com.netflix.discovery.shared.transport.decorator.EurekaHttpClientDecorator$1.execute(EurekaHttpClientDecorator.java:59)
	at com.netflix.discovery.shared.transport.decorator.RedirectingEurekaHttpClient.execute(RedirectingEurekaHttpClient.java:91)
	at com.netflix.discovery.shared.transport.decorator.EurekaHttpClientDecorator.register(EurekaHttpClientDecorator.java:56)
	at com.netflix.discovery.shared.transport.decorator.EurekaHttpClientDecorator$1.execute(EurekaHttpClientDecorator.java:59)
	at com.netflix.discovery.shared.transport.decorator.RetryableEurekaHttpClient.execute(RetryableEurekaHttpClient.java:120)
	at com.netflix.discovery.shared.transport.decorator.EurekaHttpClientDecorator.register(EurekaHttpClientDecorator.java:56)
	at com.netflix.discovery.shared.transport.decorator.EurekaHttpClientDecorator$1.execute(EurekaHttpClientDecorator.java:59)
	at com.netflix.discovery.shared.transport.decorator.SessionedEurekaHttpClient.execute(SessionedEurekaHttpClient.java:77)
	at com.netflix.discovery.shared.transport.decorator.EurekaHttpClientDecorator.register(EurekaHttpClientDecorator.java:56)
	at com.netflix.discovery.DiscoveryClient.register(DiscoveryClient.java:820)
	at com.netflix.discovery.DiscoveryClient.renew(DiscoveryClient.java:843)
	at com.netflix.discovery.DiscoveryClient$HeartbeatThread.run(DiscoveryClient.java:1401)
	at java.base/java.util.concurrent.Executors$RunnableAdapter.call(Executors.java:572)
	at java.base/java.util.concurrent.FutureTask.run(FutureTask.java:317)
	at java.base/java.util.concurrent.ThreadPoolExecutor.runWorker(ThreadPoolExecutor.java:1144)
	at java.base/java.util.concurrent.ThreadPoolExecutor$Worker.run(ThreadPoolExecutor.java:642)
	at java.base/java.lang.Thread.run(Thread.java:1583)

2026-03-26T11:54:25.851+05:30  WARN 12532 --- [order-service] [DiscoveryClient-HeartbeatExecutor-0] c.n.d.s.t.d.RetryableEurekaHttpClient    : Request execution failed with message: null
2026-03-26T11:54:25.411+05:30  INFO 12532 --- [order-service] [DiscoveryClient-CacheRefreshExecutor-0] c.n.d.s.t.d.RedirectingEurekaHttpClient  : Request execution error. endpoint=DefaultEndpoint{ serviceUrl='http://localhost:8761/eureka/} exception=null stacktrace=java.util.concurrent.CancellationException
	at org.apache.hc.core5.concurrent.BasicFuture.getResult(BasicFuture.java:75)
	at org.apache.hc.core5.concurrent.BasicFuture.get(BasicFuture.java:96)
	at org.apache.hc.core5.pool.StrictConnPool$1.get(StrictConnPool.java:184)
	at org.apache.hc.core5.pool.StrictConnPool$1.get(StrictConnPool.java:178)
	at org.apache.hc.client5.http.impl.io.PoolingHttpClientConnectionManager$3.get(PoolingHttpClientConnectionManager.java:312)
	at org.apache.hc.client5.http.impl.classic.InternalExecRuntime.acquireEndpoint(InternalExecRuntime.java:109)
	at org.apache.hc.client5.http.impl.classic.ConnectExec.execute(ConnectExec.java:125)
	at org.apache.hc.client5.http.impl.classic.ExecChainElement.execute(ExecChainElement.java:51)
	at org.apache.hc.client5.http.impl.classic.ProtocolExec.execute(ProtocolExec.java:192)
	at org.apache.hc.client5.http.impl.classic.ExecChainElement.execute(ExecChainElement.java:51)
	at org.apache.hc.client5.http.impl.classic.HttpRequestRetryExec.execute(HttpRequestRetryExec.java:96)
	at org.apache.hc.client5.http.impl.classic.ExecChainElement.execute(ExecChainElement.java:51)
	at org.apache.hc.client5.http.impl.classic.ContentCompressionExec.execute(ContentCompressionExec.java:152)
	at org.apache.hc.client5.http.impl.classic.ExecChainElement.execute(ExecChainElement.java:51)
	at org.apache.hc.client5.http.impl.classic.RedirectExec.execute(RedirectExec.java:115)
	at org.apache.hc.client5.http.impl.classic.ExecChainElement.execute(ExecChainElement.java:51)
	at org.apache.hc.client5.http.impl.classic.InternalHttpClient.doExecute(InternalHttpClient.java:170)
	at org.apache.hc.client5.http.impl.classic.CloseableHttpClient.execute(CloseableHttpClient.java:87)
	at org.apache.hc.client5.http.impl.classic.CloseableHttpClient.execute(CloseableHttpClient.java:55)
	at org.apache.hc.client5.http.classic.HttpClient.executeOpen(HttpClient.java:183)
	at org.springframework.http.client.HttpComponentsClientHttpRequest.executeInternal(HttpComponentsClientHttpRequest.java:95)
	at org.springframework.http.client.AbstractStreamingClientHttpRequest.executeInternal(AbstractStreamingClientHttpRequest.java:70)
	at org.springframework.http.client.AbstractClientHttpRequest.execute(AbstractClientHttpRequest.java:66)
	at org.springframework.http.client.InterceptingClientHttpRequest$InterceptingRequestExecution.execute(InterceptingClientHttpRequest.java:112)
	at org.springframework.cloud.netflix.eureka.http.RestTemplateTransportClientFactory.lambda$restTemplate$0(RestTemplateTransportClientFactory.java:143)
	at org.springframework.http.client.InterceptingClientHttpRequest$InterceptingRequestExecution.execute(InterceptingClientHttpRequest.java:88)
	at org.springframework.http.client.InterceptingClientHttpRequest.executeInternal(InterceptingClientHttpRequest.java:72)
	at org.springframework.http.client.AbstractBufferingClientHttpRequest.executeInternal(AbstractBufferingClientHttpRequest.java:48)
	at org.springframework.http.client.AbstractClientHttpRequest.execute(AbstractClientHttpRequest.java:66)
	at org.springframework.web.client.RestTemplate.doExecute(RestTemplate.java:889)
	at org.springframework.web.client.RestTemplate.execute(RestTemplate.java:790)
	at org.springframework.web.client.RestTemplate.exchange(RestTemplate.java:672)
	at org.springframework.cloud.netflix.eureka.http.RestTemplateEurekaHttpClient.getApplicationsInternal(RestTemplateEurekaHttpClient.java:145)
	at org.springframework.cloud.netflix.eureka.http.RestTemplateEurekaHttpClient.getDelta(RestTemplateEurekaHttpClient.java:155)
	at com.netflix.discovery.shared.transport.decorator.EurekaHttpClientDecorator$7.execute(EurekaHttpClientDecorator.java:152)
	at com.netflix.discovery.shared.transport.decorator.RedirectingEurekaHttpClient.execute(RedirectingEurekaHttpClient.java:91)
	at com.netflix.discovery.shared.transport.decorator.EurekaHttpClientDecorator.getDelta(EurekaHttpClientDecorator.java:149)
	at com.netflix.discovery.shared.transport.decorator.EurekaHttpClientDecorator$7.execute(EurekaHttpClientDecorator.java:152)
	at com.netflix.discovery.shared.transport.decorator.RetryableEurekaHttpClient.execute(RetryableEurekaHttpClient.java:120)
	at com.netflix.discovery.shared.transport.decorator.EurekaHttpClientDecorator.getDelta(EurekaHttpClientDecorator.java:149)
	at com.netflix.discovery.shared.transport.decorator.EurekaHttpClientDecorator$7.execute(EurekaHttpClientDecorator.java:152)
	at com.netflix.discovery.shared.transport.decorator.SessionedEurekaHttpClient.execute(SessionedEurekaHttpClient.java:77)
	at com.netflix.discovery.shared.transport.decorator.EurekaHttpClientDecorator.getDelta(EurekaHttpClientDecorator.java:149)
	at com.netflix.discovery.DiscoveryClient.getAndUpdateDelta(DiscoveryClient.java:1079)
	at com.netflix.discovery.DiscoveryClient.fetchRegistry(DiscoveryClient.java:960)
	at com.netflix.discovery.DiscoveryClient.refreshRegistry(DiscoveryClient.java:1475)
	at com.netflix.discovery.DiscoveryClient$CacheRefreshThread.run(DiscoveryClient.java:1442)
	at java.base/java.util.concurrent.Executors$RunnableAdapter.call(Executors.java:572)
	at java.base/java.util.concurrent.FutureTask.run(FutureTask.java:317)
	at java.base/java.util.concurrent.ThreadPoolExecutor.runWorker(ThreadPoolExecutor.java:1144)
	at java.base/java.util.concurrent.ThreadPoolExecutor$Worker.run(ThreadPoolExecutor.java:642)
	at java.base/java.lang.Thread.run(Thread.java:1583)

2026-03-26T11:54:27.276+05:30  WARN 12532 --- [order-service] [DiscoveryClient-CacheRefreshExecutor-0] c.n.d.s.t.d.RetryableEurekaHttpClient    : Request execution failed with message: null
2026-03-26T11:54:27.778+05:30  INFO 12532 --- [order-service] [DiscoveryClient-CacheRefreshExecutor-0] com.netflix.discovery.DiscoveryClient    : DiscoveryClient_ORDER-SERVICE/order-service:8083 - was unable to refresh its cache! This periodic background refresh will be retried in 30 seconds. status = Cannot execute request on any known server stacktrace = com.netflix.discovery.shared.transport.TransportException: Cannot execute request on any known server
	at com.netflix.discovery.shared.transport.decorator.RetryableEurekaHttpClient.execute(RetryableEurekaHttpClient.java:112)
	at com.netflix.discovery.shared.transport.decorator.EurekaHttpClientDecorator.getDelta(EurekaHttpClientDecorator.java:149)
	at com.netflix.discovery.shared.transport.decorator.EurekaHttpClientDecorator$7.execute(EurekaHttpClientDecorator.java:152)
	at com.netflix.discovery.shared.transport.decorator.SessionedEurekaHttpClient.execute(SessionedEurekaHttpClient.java:77)
	at com.netflix.discovery.shared.transport.decorator.EurekaHttpClientDecorator.getDelta(EurekaHttpClientDecorator.java:149)
	at com.netflix.discovery.DiscoveryClient.getAndUpdateDelta(DiscoveryClient.java:1079)
	at com.netflix.discovery.DiscoveryClient.fetchRegistry(DiscoveryClient.java:960)
	at com.netflix.discovery.DiscoveryClient.refreshRegistry(DiscoveryClient.java:1475)
	at com.netflix.discovery.DiscoveryClient$CacheRefreshThread.run(DiscoveryClient.java:1442)
	at java.base/java.util.concurrent.Executors$RunnableAdapter.call(Executors.java:572)
	at java.base/java.util.concurrent.FutureTask.run(FutureTask.java:317)
	at java.base/java.util.concurrent.ThreadPoolExecutor.runWorker(ThreadPoolExecutor.java:1144)
	at java.base/java.util.concurrent.ThreadPoolExecutor$Worker.run(ThreadPoolExecutor.java:642)
	at java.base/java.lang.Thread.run(Thread.java:1583)

2026-03-26T11:54:26.020+05:30  WARN 12532 --- [order-service] [DiscoveryClient-HeartbeatExecutor-0] com.netflix.discovery.DiscoveryClient    : DiscoveryClient_ORDER-SERVICE/order-service:8083 - registration failed Cannot execute request on any known server

com.netflix.discovery.shared.transport.TransportException: Cannot execute request on any known server
	at com.netflix.discovery.shared.transport.decorator.RetryableEurekaHttpClient.execute(RetryableEurekaHttpClient.java:112) ~[eureka-client-2.0.2.jar:2.0.2]
	at com.netflix.discovery.shared.transport.decorator.EurekaHttpClientDecorator.register(EurekaHttpClientDecorator.java:56) ~[eureka-client-2.0.2.jar:2.0.2]
	at com.netflix.discovery.shared.transport.decorator.EurekaHttpClientDecorator$1.execute(EurekaHttpClientDecorator.java:59) ~[eureka-client-2.0.2.jar:2.0.2]
	at com.netflix.discovery.shared.transport.decorator.SessionedEurekaHttpClient.execute(SessionedEurekaHttpClient.java:77) ~[eureka-client-2.0.2.jar:2.0.2]
	at com.netflix.discovery.shared.transport.decorator.EurekaHttpClientDecorator.register(EurekaHttpClientDecorator.java:56) ~[eureka-client-2.0.2.jar:2.0.2]
	at com.netflix.discovery.DiscoveryClient.register(DiscoveryClient.java:820) ~[eureka-client-2.0.2.jar:2.0.2]
	at com.netflix.discovery.DiscoveryClient.renew(DiscoveryClient.java:843) ~[eureka-client-2.0.2.jar:2.0.2]
	at com.netflix.discovery.DiscoveryClient$HeartbeatThread.run(DiscoveryClient.java:1401) ~[eureka-client-2.0.2.jar:2.0.2]
	at java.base/java.util.concurrent.Executors$RunnableAdapter.call(Executors.java:572) ~[na:na]
	at java.base/java.util.concurrent.FutureTask.run(FutureTask.java:317) ~[na:na]
	at java.base/java.util.concurrent.ThreadPoolExecutor.runWorker(ThreadPoolExecutor.java:1144) ~[na:na]
	at java.base/java.util.concurrent.ThreadPoolExecutor$Worker.run(ThreadPoolExecutor.java:642) ~[na:na]
	at java.base/java.lang.Thread.run(Thread.java:1583) ~[na:na]

2026-03-26T11:54:29.181+05:30 ERROR 12532 --- [order-service] [DiscoveryClient-HeartbeatExecutor-0] com.netflix.discovery.DiscoveryClient    : DiscoveryClient_ORDER-SERVICE/order-service:8083 - was unable to send heartbeat!

com.netflix.discovery.shared.transport.TransportException: Cannot execute request on any known server
	at com.netflix.discovery.shared.transport.decorator.RetryableEurekaHttpClient.execute(RetryableEurekaHttpClient.java:112) ~[eureka-client-2.0.2.jar:2.0.2]
	at com.netflix.discovery.shared.transport.decorator.EurekaHttpClientDecorator.register(EurekaHttpClientDecorator.java:56) ~[eureka-client-2.0.2.jar:2.0.2]
	at com.netflix.discovery.shared.transport.decorator.EurekaHttpClientDecorator$1.execute(EurekaHttpClientDecorator.java:59) ~[eureka-client-2.0.2.jar:2.0.2]
	at com.netflix.discovery.shared.transport.decorator.SessionedEurekaHttpClient.execute(SessionedEurekaHttpClient.java:77) ~[eureka-client-2.0.2.jar:2.0.2]
	at com.netflix.discovery.shared.transport.decorator.EurekaHttpClientDecorator.register(EurekaHttpClientDecorator.java:56) ~[eureka-client-2.0.2.jar:2.0.2]
	at com.netflix.discovery.DiscoveryClient.register(DiscoveryClient.java:820) ~[eureka-client-2.0.2.jar:2.0.2]
	at com.netflix.discovery.DiscoveryClient.renew(DiscoveryClient.java:843) ~[eureka-client-2.0.2.jar:2.0.2]
	at com.netflix.discovery.DiscoveryClient$HeartbeatThread.run(DiscoveryClient.java:1401) ~[eureka-client-2.0.2.jar:2.0.2]
	at java.base/java.util.concurrent.Executors$RunnableAdapter.call(Executors.java:572) ~[na:na]
	at java.base/java.util.concurrent.FutureTask.run(FutureTask.java:317) ~[na:na]
	at java.base/java.util.concurrent.ThreadPoolExecutor.runWorker(ThreadPoolExecutor.java:1144) ~[na:na]
	at java.base/java.util.concurrent.ThreadPoolExecutor$Worker.run(ThreadPoolExecutor.java:642) ~[na:na]
	at java.base/java.lang.Thread.run(Thread.java:1583) ~[na:na]

2026-03-26T11:58:51.890+05:30  INFO 12532 --- [order-service] [AsyncResolver-bootstrap-executor-0] c.n.d.s.r.aws.ConfigClusterResolver      : Resolving eureka endpoints via configuration
2026-03-26T12:03:51.906+05:30  INFO 12532 --- [order-service] [AsyncResolver-bootstrap-executor-0] c.n.d.s.r.aws.ConfigClusterResolver      : Resolving eureka endpoints via configuration
2026-03-26T12:08:51.921+05:30  INFO 12532 --- [order-service] [AsyncResolver-bootstrap-executor-0] c.n.d.s.r.aws.ConfigClusterResolver      : Resolving eureka endpoints via configuration
2026-03-26T12:09:30.451+05:30  WARN 12532 --- [order-service] [DiscoveryClient-1] c.netflix.discovery.TimedSupervisorTask  : task supervisor timed out

java.util.concurrent.TimeoutException: null
	at java.base/java.util.concurrent.FutureTask.get(FutureTask.java:204) ~[na:na]
	at com.netflix.discovery.TimedSupervisorTask.run(TimedSupervisorTask.java:68) ~[eureka-client-2.0.2.jar:2.0.2]
	at java.base/java.util.concurrent.Executors$RunnableAdapter.call(Executors.java:572) ~[na:na]
	at java.base/java.util.concurrent.FutureTask.run(FutureTask.java:317) ~[na:na]
	at java.base/java.util.concurrent.ScheduledThreadPoolExecutor$ScheduledFutureTask.run(ScheduledThreadPoolExecutor.java:304) ~[na:na]
	at java.base/java.util.concurrent.ThreadPoolExecutor.runWorker(ThreadPoolExecutor.java:1144) ~[na:na]
	at java.base/java.util.concurrent.ThreadPoolExecutor$Worker.run(ThreadPoolExecutor.java:642) ~[na:na]
	at java.base/java.lang.Thread.run(Thread.java:1583) ~[na:na]

2026-03-26T12:13:51.977+05:30  INFO 12532 --- [order-service] [AsyncResolver-bootstrap-executor-0] c.n.d.s.r.aws.ConfigClusterResolver      : Resolving eureka endpoints via configuration
2026-03-26T12:18:51.999+05:30  INFO 12532 --- [order-service] [AsyncResolver-bootstrap-executor-0] c.n.d.s.r.aws.ConfigClusterResolver      : Resolving eureka endpoints via configuration
2026-03-26T12:37:22.423+05:30  INFO 908 --- [order-service] [main] c.e.o.OrderServiceApplication            : Starting OrderServiceApplication using Java 21.0.2 with PID 908 (F:\Ecommerce Production Level Application\order-service\target\classes started by nanda royality in F:\Ecommerce Production Level Application\user-service)
2026-03-26T12:37:22.452+05:30 DEBUG 908 --- [order-service] [main] c.e.o.OrderServiceApplication            : Running with Spring Boot v3.2.3, Spring v6.1.4
2026-03-26T12:37:22.452+05:30  INFO 908 --- [order-service] [main] c.e.o.OrderServiceApplication            : No active profile set, falling back to 1 default profile: "default"
2026-03-26T12:37:24.843+05:30  INFO 908 --- [order-service] [main] .s.d.r.c.RepositoryConfigurationDelegate : Multiple Spring Data modules found, entering strict repository configuration mode
2026-03-26T12:37:24.846+05:30  INFO 908 --- [order-service] [main] .s.d.r.c.RepositoryConfigurationDelegate : Bootstrapping Spring Data JPA repositories in DEFAULT mode.
2026-03-26T12:37:25.038+05:30  INFO 908 --- [order-service] [main] .s.d.r.c.RepositoryConfigurationDelegate : Finished Spring Data repository scanning in 176 ms. Found 3 JPA repository interfaces.
2026-03-26T12:37:25.489+05:30  INFO 908 --- [order-service] [main] o.s.cloud.context.scope.GenericScope     : BeanFactory id=050aadc7-4625-3da1-8ca2-406a49b73d0d
2026-03-26T12:37:26.014+05:30  WARN 908 --- [order-service] [main] trationDelegate$BeanPostProcessorChecker : Bean 'org.springframework.cloud.client.loadbalancer.LoadBalancerAutoConfiguration$DeferringLoadBalancerInterceptorConfig' of type [org.springframework.cloud.client.loadbalancer.LoadBalancerAutoConfiguration$DeferringLoadBalancerInterceptorConfig] is not eligible for getting processed by all BeanPostProcessors (for example: not eligible for auto-proxying). The currently created BeanPostProcessor [lbRestClientPostProcessor] is declared through a non-static factory method on that class; consider declaring it as static instead.
2026-03-26T12:37:26.047+05:30  WARN 908 --- [order-service] [main] trationDelegate$BeanPostProcessorChecker : Bean 'deferringLoadBalancerInterceptor' of type [org.springframework.cloud.client.loadbalancer.DeferringLoadBalancerInterceptor] is not eligible for getting processed by all BeanPostProcessors (for example: not eligible for auto-proxying). Is this bean getting eagerly injected into a currently created BeanPostProcessor [lbRestClientPostProcessor]? Check the corresponding BeanPostProcessor declaration and its dependencies.
2026-03-26T12:37:26.487+05:30  INFO 908 --- [order-service] [main] o.s.b.w.embedded.tomcat.TomcatWebServer  : Tomcat initialized with port 8083 (http)
2026-03-26T12:37:26.512+05:30  INFO 908 --- [order-service] [main] o.apache.catalina.core.StandardService   : Starting service [Tomcat]
2026-03-26T12:37:26.512+05:30  INFO 908 --- [order-service] [main] o.apache.catalina.core.StandardEngine    : Starting Servlet engine: [Apache Tomcat/10.1.19]
2026-03-26T12:37:26.650+05:30  INFO 908 --- [order-service] [main] o.a.c.c.C.[Tomcat].[localhost].[/]       : Initializing Spring embedded WebApplicationContext
2026-03-26T12:37:26.651+05:30  INFO 908 --- [order-service] [main] w.s.c.ServletWebServerApplicationContext : Root WebApplicationContext: initialization completed in 4138 ms
2026-03-26T12:37:27.010+05:30 DEBUG 908 --- [order-service] [main] c.e.o.security.JwtAuthenticationFilter   : Filter 'jwtAuthenticationFilter' configured for use
2026-03-26T12:37:27.177+05:30  INFO 908 --- [order-service] [main] o.hibernate.jpa.internal.util.LogHelper  : HHH000204: Processing PersistenceUnitInfo [name: default]
2026-03-26T12:37:27.260+05:30  INFO 908 --- [order-service] [main] org.hibernate.Version                    : HHH000412: Hibernate ORM core version 6.4.4.Final
2026-03-26T12:37:27.295+05:30  INFO 908 --- [order-service] [main] o.h.c.internal.RegionFactoryInitiator    : HHH000026: Second-level cache disabled
2026-03-26T12:37:27.566+05:30  INFO 908 --- [order-service] [main] o.s.o.j.p.SpringPersistenceUnitInfo      : No LoadTimeWeaver setup: ignoring JPA class transformer
2026-03-26T12:37:27.605+05:30  INFO 908 --- [order-service] [main] com.zaxxer.hikari.HikariDataSource       : OrderServicePool - Starting...
2026-03-26T12:37:28.093+05:30  INFO 908 --- [order-service] [main] com.zaxxer.hikari.pool.HikariPool        : OrderServicePool - Added connection com.mysql.cj.jdbc.ConnectionImpl@5464aeec
2026-03-26T12:37:28.096+05:30  INFO 908 --- [order-service] [main] com.zaxxer.hikari.HikariDataSource       : OrderServicePool - Start completed.
2026-03-26T12:37:28.134+05:30  WARN 908 --- [order-service] [main] org.hibernate.orm.deprecation            : HHH90000025: MySQLDialect does not need to be specified explicitly using 'hibernate.dialect' (remove the property setting and it will be selected by default)
2026-03-26T12:37:29.046+05:30  INFO 908 --- [order-service] [main] o.h.e.t.j.p.i.JtaPlatformInitiator       : HHH000489: No JTA platform available (set 'hibernate.transaction.jta.platform' to enable JTA platform integration)
2026-03-26T12:37:30.709+05:30  INFO 908 --- [order-service] [main] j.LocalContainerEntityManagerFactoryBean : Initialized JPA EntityManagerFactory for persistence unit 'default'
2026-03-26T12:37:31.254+05:30  INFO 908 --- [order-service] [main] o.s.d.j.r.query.QueryEnhancerFactory     : Hibernate is in classpath; If applicable, HQL parser will be used.
2026-03-26T12:37:32.162+05:30  INFO 908 --- [order-service] [main] o.s.c.openfeign.FeignClientFactoryBean   : For 'product-service' URL not provided. Will try picking an instance via load-balancing.
2026-03-26T12:37:33.242+05:30  WARN 908 --- [order-service] [main] .s.s.UserDetailsServiceAutoConfiguration : 

Using generated security password: 7c30df29-580b-4222-81c5-fc7d87a10f23

This generated password is for development use only. Your security configuration must be updated before running your application in production.

2026-03-26T12:37:33.903+05:30  INFO 908 --- [order-service] [main] o.s.b.a.e.web.EndpointLinksResolver      : Exposing 1 endpoint(s) beneath base path '/actuator'
2026-03-26T12:37:33.996+05:30  INFO 908 --- [order-service] [main] o.s.s.web.DefaultSecurityFilterChain     : Will secure any request with [org.springframework.security.web.session.DisableEncodeUrlFilter@156cfd3b, org.springframework.security.web.context.request.async.WebAsyncManagerIntegrationFilter@7f2c223b, org.springframework.security.web.context.SecurityContextHolderFilter@7ba4591, org.springframework.security.web.header.HeaderWriterFilter@46ab3c70, org.springframework.web.filter.CorsFilter@319f21b7, org.springframework.security.web.authentication.logout.LogoutFilter@72fb0cb3, com.ecommerce.order_service.security.JwtAuthenticationFilter@4e26564d, org.springframework.security.web.savedrequest.RequestCacheAwareFilter@585cbbde, org.springframework.security.web.servletapi.SecurityContextHolderAwareRequestFilter@1bf5745, org.springframework.security.web.authentication.AnonymousAuthenticationFilter@6f8a11f0, org.springframework.security.web.session.SessionManagementFilter@3a9bd6c7, org.springframework.security.web.access.ExceptionTranslationFilter@9bec662, org.springframework.security.web.access.intercept.AuthorizationFilter@6b57b1c7]
2026-03-26T12:37:34.765+05:30  INFO 908 --- [order-service] [main] DiscoveryClientOptionalArgsConfiguration : Eureka HTTP Client uses RestTemplate.
2026-03-26T12:37:34.816+05:30  WARN 908 --- [order-service] [main] iguration$LoadBalancerCaffeineWarnLogger : Spring Cloud LoadBalancer is currently working with the default cache. While this cache implementation is useful for development and tests, it's recommended to use Caffeine cache in production.You can switch to using Caffeine cache, by adding it and org.springframework.cache.caffeine.CaffeineCacheManager to the classpath.
2026-03-26T12:37:34.920+05:30  INFO 908 --- [order-service] [main] o.a.k.clients.admin.AdminClientConfig    : AdminClientConfig values: 
	auto.include.jmx.reporter = true
	bootstrap.servers = [localhost:9092]
	client.dns.lookup = use_all_dns_ips
	client.id = 
	connections.max.idle.ms = 300000
	default.api.timeout.ms = 60000
	metadata.max.age.ms = 300000
	metric.reporters = []
	metrics.num.samples = 2
	metrics.recording.level = INFO
	metrics.sample.window.ms = 30000
	receive.buffer.bytes = 65536
	reconnect.backoff.max.ms = 1000
	reconnect.backoff.ms = 50
	request.timeout.ms = 30000
	retries = 2147483647
	retry.backoff.ms = 100
	sasl.client.callback.handler.class = null
	sasl.jaas.config = null
	sasl.kerberos.kinit.cmd = /usr/bin/kinit
	sasl.kerberos.min.time.before.relogin = 60000
	sasl.kerberos.service.name = null
	sasl.kerberos.ticket.renew.jitter = 0.05
	sasl.kerberos.ticket.renew.window.factor = 0.8
	sasl.login.callback.handler.class = null
	sasl.login.class = null
	sasl.login.connect.timeout.ms = null
	sasl.login.read.timeout.ms = null
	sasl.login.refresh.buffer.seconds = 300
	sasl.login.refresh.min.period.seconds = 60
	sasl.login.refresh.window.factor = 0.8
	sasl.login.refresh.window.jitter = 0.05
	sasl.login.retry.backoff.max.ms = 10000
	sasl.login.retry.backoff.ms = 100
	sasl.mechanism = GSSAPI
	sasl.oauthbearer.clock.skew.seconds = 30
	sasl.oauthbearer.expected.audience = null
	sasl.oauthbearer.expected.issuer = null
	sasl.oauthbearer.jwks.endpoint.refresh.ms = 3600000
	sasl.oauthbearer.jwks.endpoint.retry.backoff.max.ms = 10000
	sasl.oauthbearer.jwks.endpoint.retry.backoff.ms = 100
	sasl.oauthbearer.jwks.endpoint.url = null
	sasl.oauthbearer.scope.claim.name = scope
	sasl.oauthbearer.sub.claim.name = sub
	sasl.oauthbearer.token.endpoint.url = null
	security.protocol = PLAINTEXT
	security.providers = null
	send.buffer.bytes = 131072
	socket.connection.setup.timeout.max.ms = 30000
	socket.connection.setup.timeout.ms = 10000
	ssl.cipher.suites = null
	ssl.enabled.protocols = [TLSv1.2, TLSv1.3]
	ssl.endpoint.identification.algorithm = https
	ssl.engine.factory.class = null
	ssl.key.password = null
	ssl.keymanager.algorithm = SunX509
	ssl.keystore.certificate.chain = null
	ssl.keystore.key = null
	ssl.keystore.location = null
	ssl.keystore.password = null
	ssl.keystore.type = JKS
	ssl.protocol = TLSv1.3
	ssl.provider = null
	ssl.secure.random.implementation = null
	ssl.trustmanager.algorithm = PKIX
	ssl.truststore.certificates = null
	ssl.truststore.location = null
	ssl.truststore.password = null
	ssl.truststore.type = JKS

2026-03-26T12:37:35.112+05:30  INFO 908 --- [order-service] [main] o.a.kafka.common.utils.AppInfoParser     : Kafka version: 3.6.1
2026-03-26T12:37:35.112+05:30  INFO 908 --- [order-service] [main] o.a.kafka.common.utils.AppInfoParser     : Kafka commitId: 5e3c2b738d253ff5
2026-03-26T12:37:35.112+05:30  INFO 908 --- [order-service] [main] o.a.kafka.common.utils.AppInfoParser     : Kafka startTimeMs: 1774508855111
2026-03-26T12:37:35.434+05:30  INFO 908 --- [order-service] [kafka-admin-client-thread | adminclient-1] o.a.kafka.common.utils.AppInfoParser     : App info kafka.admin.client for adminclient-1 unregistered
2026-03-26T12:37:35.441+05:30  INFO 908 --- [order-service] [kafka-admin-client-thread | adminclient-1] o.apache.kafka.common.metrics.Metrics    : Metrics scheduler closed
2026-03-26T12:37:35.441+05:30  INFO 908 --- [order-service] [kafka-admin-client-thread | adminclient-1] o.apache.kafka.common.metrics.Metrics    : Closing reporter org.apache.kafka.common.metrics.JmxReporter
2026-03-26T12:37:35.441+05:30  INFO 908 --- [order-service] [kafka-admin-client-thread | adminclient-1] o.apache.kafka.common.metrics.Metrics    : Metrics reporters closed
2026-03-26T12:37:35.462+05:30  INFO 908 --- [order-service] [main] o.s.c.n.eureka.InstanceInfoFactory       : Setting initial instance status as: STARTING
2026-03-26T12:37:35.502+05:30  INFO 908 --- [order-service] [main] com.netflix.discovery.DiscoveryClient    : Initializing Eureka in region us-east-1
2026-03-26T12:37:35.508+05:30  INFO 908 --- [order-service] [main] c.n.d.s.r.aws.ConfigClusterResolver      : Resolving eureka endpoints via configuration
2026-03-26T12:37:35.540+05:30  INFO 908 --- [order-service] [main] com.netflix.discovery.DiscoveryClient    : Disable delta property : false
2026-03-26T12:37:35.540+05:30  INFO 908 --- [order-service] [main] com.netflix.discovery.DiscoveryClient    : Single vip registry refresh property : null
2026-03-26T12:37:35.540+05:30  INFO 908 --- [order-service] [main] com.netflix.discovery.DiscoveryClient    : Force full registry fetch : false
2026-03-26T12:37:35.540+05:30  INFO 908 --- [order-service] [main] com.netflix.discovery.DiscoveryClient    : Application is null : false
2026-03-26T12:37:35.540+05:30  INFO 908 --- [order-service] [main] com.netflix.discovery.DiscoveryClient    : Registered Applications size is zero : true
2026-03-26T12:37:35.540+05:30  INFO 908 --- [order-service] [main] com.netflix.discovery.DiscoveryClient    : Application version is -1: true
2026-03-26T12:37:35.540+05:30  INFO 908 --- [order-service] [main] com.netflix.discovery.DiscoveryClient    : Getting all instance registry info from the eureka server
2026-03-26T12:37:35.924+05:30  INFO 908 --- [order-service] [main] com.netflix.discovery.DiscoveryClient    : The response status is 200
2026-03-26T12:37:35.926+05:30  INFO 908 --- [order-service] [main] com.netflix.discovery.DiscoveryClient    : Starting heartbeat executor: renew interval is: 30
2026-03-26T12:37:35.929+05:30  INFO 908 --- [order-service] [main] c.n.discovery.InstanceInfoReplicator     : InstanceInfoReplicator onDemand update allowed rate per min is 4
2026-03-26T12:37:35.933+05:30  INFO 908 --- [order-service] [main] com.netflix.discovery.DiscoveryClient    : Discovery Client initialized at timestamp 1774508855932 with initial instances count: 1
2026-03-26T12:37:35.938+05:30  INFO 908 --- [order-service] [main] o.s.c.n.e.s.EurekaServiceRegistry        : Registering application ORDER-SERVICE with eureka with status UP
2026-03-26T12:37:35.938+05:30  INFO 908 --- [order-service] [main] com.netflix.discovery.DiscoveryClient    : Saw local status change event StatusChangeEvent [timestamp=1774508855938, current=UP, previous=STARTING]
2026-03-26T12:37:35.940+05:30  INFO 908 --- [order-service] [DiscoveryClient-InstanceInfoReplicator-0] com.netflix.discovery.DiscoveryClient    : DiscoveryClient_ORDER-SERVICE/order-service:8083: registering service...
2026-03-26T12:37:35.955+05:30  INFO 908 --- [order-service] [main] o.s.b.w.embedded.tomcat.TomcatWebServer  : Tomcat started on port 8083 (http) with context path ''
2026-03-26T12:37:35.956+05:30  INFO 908 --- [order-service] [main] .s.c.n.e.s.EurekaAutoServiceRegistration : Updating port to 8083
2026-03-26T12:37:35.981+05:30  INFO 908 --- [order-service] [main] c.e.o.OrderServiceApplication            : Started OrderServiceApplication in 14.21 seconds (process running for 15.26)
2026-03-26T12:37:35.987+05:30  INFO 908 --- [order-service] [DiscoveryClient-InstanceInfoReplicator-0] com.netflix.discovery.DiscoveryClient    : DiscoveryClient_ORDER-SERVICE/order-service:8083 - registration status: 204
2026-03-26T12:42:35.548+05:30  INFO 908 --- [order-service] [AsyncResolver-bootstrap-executor-0] c.n.d.s.r.aws.ConfigClusterResolver      : Resolving eureka endpoints via configuration
2026-03-26T12:47:36.751+05:30  INFO 908 --- [order-service] [AsyncResolver-bootstrap-executor-0] c.n.d.s.r.aws.ConfigClusterResolver      : Resolving eureka endpoints via configuration
2026-03-26T12:52:42.520+05:30  INFO 908 --- [order-service] [AsyncResolver-bootstrap-executor-0] c.n.d.s.r.aws.ConfigClusterResolver      : Resolving eureka endpoints via configuration
2026-03-26T12:57:42.542+05:30  INFO 908 --- [order-service] [AsyncResolver-bootstrap-executor-0] c.n.d.s.r.aws.ConfigClusterResolver      : Resolving eureka endpoints via configuration
2026-03-26T13:02:42.595+05:30  INFO 908 --- [order-service] [AsyncResolver-bootstrap-executor-0] c.n.d.s.r.aws.ConfigClusterResolver      : Resolving eureka endpoints via configuration
