2026-03-25T13:44:02.441+05:30  INFO 14572 --- [product-service] [main] c.e.p.ProductServiceApplication          : Starting ProductServiceApplication using Java 21.0.2 with PID 14572 (F:\Ecommerce Production Level Application\product-service\target\classes started by nanda royality in F:\Ecommerce Production Level Application\user-service)
2026-03-25T13:44:02.508+05:30 DEBUG 14572 --- [product-service] [main] c.e.p.ProductServiceApplication          : Running with Spring Boot v3.2.3, Spring v6.1.4
2026-03-25T13:44:02.510+05:30  INFO 14572 --- [product-service] [main] c.e.p.ProductServiceApplication          : No active profile set, falling back to 1 default profile: "default"
2026-03-25T13:44:12.620+05:30  INFO 14572 --- [product-service] [main] .s.d.r.c.RepositoryConfigurationDelegate : Multiple Spring Data modules found, entering strict repository configuration mode
2026-03-25T13:44:12.623+05:30  INFO 14572 --- [product-service] [main] .s.d.r.c.RepositoryConfigurationDelegate : Bootstrapping Spring Data JPA repositories in DEFAULT mode.
2026-03-25T13:44:12.844+05:30  INFO 14572 --- [product-service] [main] .s.d.r.c.RepositoryConfigurationDelegate : Finished Spring Data repository scanning in 210 ms. Found 5 JPA repository interfaces.
2026-03-25T13:44:13.318+05:30  INFO 14572 --- [product-service] [main] o.s.cloud.context.scope.GenericScope     : BeanFactory id=d813ef7e-d178-3557-8b87-0fa4396fa45c
2026-03-25T13:44:13.983+05:30  WARN 14572 --- [product-service] [main] trationDelegate$BeanPostProcessorChecker : Bean 'org.springframework.cloud.client.loadbalancer.LoadBalancerAutoConfiguration$RetryInterceptorAutoConfiguration' of type [org.springframework.cloud.client.loadbalancer.LoadBalancerAutoConfiguration$RetryInterceptorAutoConfiguration] is not eligible for getting processed by all BeanPostProcessors (for example: not eligible for auto-proxying). The currently created BeanPostProcessor [lbRestClientPostProcessor] is declared through a non-static factory method on that class; consider declaring it as static instead.
2026-03-25T13:44:13.990+05:30  WARN 14572 --- [product-service] [main] trationDelegate$BeanPostProcessorChecker : Bean 'org.springframework.cloud.loadbalancer.config.BlockingLoadBalancerClientAutoConfiguration' of type [org.springframework.cloud.loadbalancer.config.BlockingLoadBalancerClientAutoConfiguration] is not eligible for getting processed by all BeanPostProcessors (for example: not eligible for auto-proxying). Is this bean getting eagerly injected into a currently created BeanPostProcessor [lbRestClientPostProcessor]? Check the corresponding BeanPostProcessor declaration and its dependencies.
2026-03-25T13:44:13.995+05:30  WARN 14572 --- [product-service] [main] trationDelegate$BeanPostProcessorChecker : Bean 'org.springframework.cloud.loadbalancer.config.LoadBalancerAutoConfiguration' of type [org.springframework.cloud.loadbalancer.config.LoadBalancerAutoConfiguration] is not eligible for getting processed by all BeanPostProcessors (for example: not eligible for auto-proxying). Is this bean getting eagerly injected into a currently created BeanPostProcessor [lbRestClientPostProcessor]? Check the corresponding BeanPostProcessor declaration and its dependencies.
2026-03-25T13:44:14.007+05:30  WARN 14572 --- [product-service] [main] trationDelegate$BeanPostProcessorChecker : Bean 'org.springframework.cloud.commons.config.CommonsConfigAutoConfiguration' of type [org.springframework.cloud.commons.config.CommonsConfigAutoConfiguration] is not eligible for getting processed by all BeanPostProcessors (for example: not eligible for auto-proxying). Is this bean getting eagerly injected into a currently created BeanPostProcessor [lbRestClientPostProcessor]? Check the corresponding BeanPostProcessor declaration and its dependencies.
2026-03-25T13:44:14.011+05:30  WARN 14572 --- [product-service] [main] trationDelegate$BeanPostProcessorChecker : Bean 'org.springframework.cloud.client.loadbalancer.LoadBalancerDefaultMappingsProviderAutoConfiguration' of type [org.springframework.cloud.client.loadbalancer.LoadBalancerDefaultMappingsProviderAutoConfiguration] is not eligible for getting processed by all BeanPostProcessors (for example: not eligible for auto-proxying). Is this bean getting eagerly injected into a currently created BeanPostProcessor [lbRestClientPostProcessor]? Check the corresponding BeanPostProcessor declaration and its dependencies.
2026-03-25T13:44:14.014+05:30  WARN 14572 --- [product-service] [main] trationDelegate$BeanPostProcessorChecker : Bean 'loadBalancerClientsDefaultsMappingsProvider' of type [org.springframework.cloud.client.loadbalancer.LoadBalancerDefaultMappingsProviderAutoConfiguration$$Lambda/0x0000021cac516398] is not eligible for getting processed by all BeanPostProcessors (for example: not eligible for auto-proxying). Is this bean getting eagerly injected into a currently created BeanPostProcessor [lbRestClientPostProcessor]? Check the corresponding BeanPostProcessor declaration and its dependencies.
2026-03-25T13:44:14.021+05:30  WARN 14572 --- [product-service] [main] trationDelegate$BeanPostProcessorChecker : Bean 'defaultsBindHandlerAdvisor' of type [org.springframework.cloud.commons.config.DefaultsBindHandlerAdvisor] is not eligible for getting processed by all BeanPostProcessors (for example: not eligible for auto-proxying). Is this bean getting eagerly injected into a currently created BeanPostProcessor [lbRestClientPostProcessor]? Check the corresponding BeanPostProcessor declaration and its dependencies.
2026-03-25T13:44:14.027+05:30  WARN 14572 --- [product-service] [main] trationDelegate$BeanPostProcessorChecker : Bean 'org.springframework.boot.autoconfigure.flyway.FlywayAutoConfiguration' of type [org.springframework.boot.autoconfigure.flyway.FlywayAutoConfiguration] is not eligible for getting processed by all BeanPostProcessors (for example: not eligible for auto-proxying). Is this bean getting eagerly injected into a currently created BeanPostProcessor [lbRestClientPostProcessor]? Check the corresponding BeanPostProcessor declaration and its dependencies.
2026-03-25T13:44:14.032+05:30  WARN 14572 --- [product-service] [main] trationDelegate$BeanPostProcessorChecker : Bean 'stringOrNumberMigrationVersionConverter' of type [org.springframework.boot.autoconfigure.flyway.FlywayAutoConfiguration$StringOrNumberToMigrationVersionConverter] is not eligible for getting processed by all BeanPostProcessors (for example: not eligible for auto-proxying). Is this bean getting eagerly injected into a currently created BeanPostProcessor [lbRestClientPostProcessor]? Check the corresponding BeanPostProcessor declaration and its dependencies.
2026-03-25T13:44:14.042+05:30  WARN 14572 --- [product-service] [main] trationDelegate$BeanPostProcessorChecker : Bean 'spring.cloud.loadbalancer-org.springframework.cloud.client.loadbalancer.LoadBalancerClientsProperties' of type [org.springframework.cloud.client.loadbalancer.LoadBalancerClientsProperties] is not eligible for getting processed by all BeanPostProcessors (for example: not eligible for auto-proxying). Is this bean getting eagerly injected into a currently created BeanPostProcessor [lbRestClientPostProcessor]? Check the corresponding BeanPostProcessor declaration and its dependencies.
2026-03-25T13:44:14.052+05:30  WARN 14572 --- [product-service] [main] trationDelegate$BeanPostProcessorChecker : Bean 'default.org.springframework.cloud.loadbalancer.config.LoadBalancerAutoConfiguration.LoadBalancerClientSpecification' of type [org.springframework.cloud.loadbalancer.annotation.LoadBalancerClientSpecification] is not eligible for getting processed by all BeanPostProcessors (for example: not eligible for auto-proxying). Is this bean getting eagerly injected into a currently created BeanPostProcessor [lbRestClientPostProcessor]? Check the corresponding BeanPostProcessor declaration and its dependencies.
2026-03-25T13:44:14.055+05:30  WARN 14572 --- [product-service] [main] trationDelegate$BeanPostProcessorChecker : Bean 'default.org.springframework.cloud.loadbalancer.config.BlockingLoadBalancerClientAutoConfiguration.LoadBalancerClientSpecification' of type [org.springframework.cloud.loadbalancer.annotation.LoadBalancerClientSpecification] is not eligible for getting processed by all BeanPostProcessors (for example: not eligible for auto-proxying). Is this bean getting eagerly injected into a currently created BeanPostProcessor [lbRestClientPostProcessor]? Check the corresponding BeanPostProcessor declaration and its dependencies.
2026-03-25T13:44:14.056+05:30  WARN 14572 --- [product-service] [main] trationDelegate$BeanPostProcessorChecker : Bean 'default.org.springframework.cloud.netflix.eureka.loadbalancer.LoadBalancerEurekaAutoConfiguration.LoadBalancerClientSpecification' of type [org.springframework.cloud.loadbalancer.annotation.LoadBalancerClientSpecification] is not eligible for getting processed by all BeanPostProcessors (for example: not eligible for auto-proxying). Is this bean getting eagerly injected into a currently created BeanPostProcessor [lbRestClientPostProcessor]? Check the corresponding BeanPostProcessor declaration and its dependencies.
2026-03-25T13:44:14.057+05:30  WARN 14572 --- [product-service] [main] trationDelegate$BeanPostProcessorChecker : Bean 'loadBalancerClientFactory' of type [org.springframework.cloud.loadbalancer.support.LoadBalancerClientFactory] is not eligible for getting processed by all BeanPostProcessors (for example: not eligible for auto-proxying). Is this bean getting eagerly injected into a currently created BeanPostProcessor [lbRestClientPostProcessor]? Check the corresponding BeanPostProcessor declaration and its dependencies.
2026-03-25T13:44:14.067+05:30  WARN 14572 --- [product-service] [main] trationDelegate$BeanPostProcessorChecker : Bean 'blockingLoadBalancerClient' of type [org.springframework.cloud.loadbalancer.blocking.client.BlockingLoadBalancerClient] is not eligible for getting processed by all BeanPostProcessors (for example: not eligible for auto-proxying). Is this bean getting eagerly injected into a currently created BeanPostProcessor [lbRestClientPostProcessor]? Check the corresponding BeanPostProcessor declaration and its dependencies.
2026-03-25T13:44:14.081+05:30  WARN 14572 --- [product-service] [main] trationDelegate$BeanPostProcessorChecker : Bean 'loadBalancerServiceInstanceCookieTransformer' of type [org.springframework.cloud.loadbalancer.core.LoadBalancerServiceInstanceCookieTransformer] is not eligible for getting processed by all BeanPostProcessors (for example: not eligible for auto-proxying). Is this bean getting eagerly injected into a currently created BeanPostProcessor [lbRestClientPostProcessor]? Check the corresponding BeanPostProcessor declaration and its dependencies.
2026-03-25T13:44:14.084+05:30  WARN 14572 --- [product-service] [main] trationDelegate$BeanPostProcessorChecker : Bean 'xForwarderHeadersTransformer' of type [org.springframework.cloud.loadbalancer.blocking.XForwardedHeadersTransformer] is not eligible for getting processed by all BeanPostProcessors (for example: not eligible for auto-proxying). Is this bean getting eagerly injected into a currently created BeanPostProcessor [lbRestClientPostProcessor]? Check the corresponding BeanPostProcessor declaration and its dependencies.
2026-03-25T13:44:14.087+05:30  WARN 14572 --- [product-service] [main] trationDelegate$BeanPostProcessorChecker : Bean 'org.springframework.cloud.client.loadbalancer.LoadBalancerAutoConfiguration' of type [org.springframework.cloud.client.loadbalancer.LoadBalancerAutoConfiguration] is not eligible for getting processed by all BeanPostProcessors (for example: not eligible for auto-proxying). Is this bean getting eagerly injected into a currently created BeanPostProcessor [lbRestClientPostProcessor]? Check the corresponding BeanPostProcessor declaration and its dependencies.
2026-03-25T13:44:14.091+05:30  WARN 14572 --- [product-service] [main] trationDelegate$BeanPostProcessorChecker : Bean 'loadBalancerRequestFactory' of type [org.springframework.cloud.client.loadbalancer.LoadBalancerRequestFactory] is not eligible for getting processed by all BeanPostProcessors (for example: not eligible for auto-proxying). Is this bean getting eagerly injected into a currently created BeanPostProcessor [lbRestClientPostProcessor]? Check the corresponding BeanPostProcessor declaration and its dependencies.
2026-03-25T13:44:14.095+05:30  WARN 14572 --- [product-service] [main] trationDelegate$BeanPostProcessorChecker : Bean 'org.springframework.cloud.loadbalancer.config.BlockingLoadBalancerClientAutoConfiguration$BlockingLoadBalancerRetryConfig' of type [org.springframework.cloud.loadbalancer.config.BlockingLoadBalancerClientAutoConfiguration$BlockingLoadBalancerRetryConfig$$SpringCGLIB$$0] is not eligible for getting processed by all BeanPostProcessors (for example: not eligible for auto-proxying). Is this bean getting eagerly injected into a currently created BeanPostProcessor [lbRestClientPostProcessor]? Check the corresponding BeanPostProcessor declaration and its dependencies.
2026-03-25T13:44:14.102+05:30  WARN 14572 --- [product-service] [main] trationDelegate$BeanPostProcessorChecker : Bean 'loadBalancedRetryFactory' of type [org.springframework.cloud.loadbalancer.blocking.retry.BlockingLoadBalancedRetryFactory] is not eligible for getting processed by all BeanPostProcessors (for example: not eligible for auto-proxying). Is this bean getting eagerly injected into a currently created BeanPostProcessor [lbRestClientPostProcessor]? Check the corresponding BeanPostProcessor declaration and its dependencies.
2026-03-25T13:44:14.111+05:30  WARN 14572 --- [product-service] [main] trationDelegate$BeanPostProcessorChecker : Bean 'loadBalancerInterceptor' of type [org.springframework.cloud.client.loadbalancer.RetryLoadBalancerInterceptor] is not eligible for getting processed by all BeanPostProcessors (for example: not eligible for auto-proxying). Is this bean getting eagerly injected into a currently created BeanPostProcessor [lbRestClientPostProcessor]? Check the corresponding BeanPostProcessor declaration and its dependencies.
2026-03-25T13:44:14.468+05:30  INFO 14572 --- [product-service] [main] o.s.b.w.embedded.tomcat.TomcatWebServer  : Tomcat initialized with port 8082 (http)
2026-03-25T13:44:14.481+05:30  INFO 14572 --- [product-service] [main] o.apache.catalina.core.StandardService   : Starting service [Tomcat]
2026-03-25T13:44:14.481+05:30  INFO 14572 --- [product-service] [main] o.apache.catalina.core.StandardEngine    : Starting Servlet engine: [Apache Tomcat/10.1.19]
2026-03-25T13:44:14.598+05:30  INFO 14572 --- [product-service] [main] o.a.c.c.C.[Tomcat].[localhost].[/]       : Initializing Spring embedded WebApplicationContext
2026-03-25T13:44:14.599+05:30  INFO 14572 --- [product-service] [main] w.s.c.ServletWebServerApplicationContext : Root WebApplicationContext: initialization completed in 11866 ms
2026-03-25T13:44:14.911+05:30 DEBUG 14572 --- [product-service] [main] c.e.p.security.JwtAuthenticationFilter   : Filter 'jwtAuthenticationFilter' configured for use
2026-03-25T13:44:15.022+05:30  INFO 14572 --- [product-service] [main] com.zaxxer.hikari.HikariDataSource       : ProductServicePool - Starting...
2026-03-25T13:44:15.783+05:30  INFO 14572 --- [product-service] [main] com.zaxxer.hikari.pool.HikariPool        : ProductServicePool - Added connection com.mysql.cj.jdbc.ConnectionImpl@4f22fd5d
2026-03-25T13:44:15.785+05:30  INFO 14572 --- [product-service] [main] com.zaxxer.hikari.HikariDataSource       : ProductServicePool - Start completed.
2026-03-25T13:44:15.920+05:30  INFO 14572 --- [product-service] [main] o.f.c.internal.license.VersionPrinter    : Flyway Community Edition 9.22.3 by Redgate
2026-03-25T13:44:15.920+05:30  INFO 14572 --- [product-service] [main] o.f.c.internal.license.VersionPrinter    : See release notes here: https://rd.gt/416ObMi
2026-03-25T13:44:15.920+05:30  INFO 14572 --- [product-service] [main] o.f.c.internal.license.VersionPrinter    : 
2026-03-25T13:44:16.441+05:30  INFO 14572 --- [product-service] [main] org.flywaydb.core.FlywayExecutor         : Database: jdbc:mysql://localhost:3306/product_db (MySQL 8.0)
2026-03-25T13:44:17.282+05:30  INFO 14572 --- [product-service] [main] o.f.core.internal.command.DbValidate     : Successfully validated 0 migrations (execution time 00:00.367s)
2026-03-25T13:44:17.282+05:30  WARN 14572 --- [product-service] [main] o.f.core.internal.command.DbValidate     : No migrations found. Are your locations set up correctly?
2026-03-25T13:44:17.298+05:30  INFO 14572 --- [product-service] [main] o.f.core.internal.command.DbMigrate      : Current version of schema `product_db`: << Empty Schema >>
2026-03-25T13:44:17.302+05:30  INFO 14572 --- [product-service] [main] o.f.core.internal.command.DbMigrate      : Schema `product_db` is up to date. No migration necessary.
2026-03-25T13:44:17.437+05:30  INFO 14572 --- [product-service] [main] o.hibernate.jpa.internal.util.LogHelper  : HHH000204: Processing PersistenceUnitInfo [name: default]
2026-03-25T13:44:17.519+05:30  INFO 14572 --- [product-service] [main] org.hibernate.Version                    : HHH000412: Hibernate ORM core version 6.4.4.Final
2026-03-25T13:44:17.564+05:30  INFO 14572 --- [product-service] [main] o.h.c.internal.RegionFactoryInitiator    : HHH000026: Second-level cache disabled
2026-03-25T13:44:17.874+05:30  INFO 14572 --- [product-service] [main] o.s.o.j.p.SpringPersistenceUnitInfo      : No LoadTimeWeaver setup: ignoring JPA class transformer
2026-03-25T13:44:17.997+05:30  WARN 14572 --- [product-service] [main] org.hibernate.orm.deprecation            : HHH90000025: MySQLDialect does not need to be specified explicitly using 'hibernate.dialect' (remove the property setting and it will be selected by default)
2026-03-25T13:44:19.594+05:30  INFO 14572 --- [product-service] [main] o.h.e.t.j.p.i.JtaPlatformInitiator       : HHH000489: No JTA platform available (set 'hibernate.transaction.jta.platform' to enable JTA platform integration)
2026-03-25T13:44:24.722+05:30  INFO 14572 --- [product-service] [main] j.LocalContainerEntityManagerFactoryBean : Initialized JPA EntityManagerFactory for persistence unit 'default'
2026-03-25T13:44:47.265+05:30  INFO 14572 --- [product-service] [main] o.s.d.j.r.query.QueryEnhancerFactory     : Hibernate is in classpath; If applicable, HQL parser will be used.
2026-03-25T13:44:58.970+05:30  WARN 14572 --- [product-service] [main] .s.s.UserDetailsServiceAutoConfiguration : 

Using generated security password: 8751c4a5-6693-49bf-a7de-db1c97f18c0c

This generated password is for development use only. Your security configuration must be updated before running your application in production.

2026-03-25T13:45:00.268+05:30  INFO 14572 --- [product-service] [main] o.s.b.a.e.web.EndpointLinksResolver      : Exposing 1 endpoint(s) beneath base path '/actuator'
2026-03-25T13:45:00.526+05:30  INFO 14572 --- [product-service] [main] o.s.s.web.DefaultSecurityFilterChain     : Will secure any request with [org.springframework.security.web.session.DisableEncodeUrlFilter@33e52ab, org.springframework.security.web.context.request.async.WebAsyncManagerIntegrationFilter@21d99a6b, org.springframework.security.web.context.SecurityContextHolderFilter@4fc1f04e, org.springframework.security.web.header.HeaderWriterFilter@281f19e3, org.springframework.web.filter.CorsFilter@37d77fd2, org.springframework.security.web.authentication.logout.LogoutFilter@2f4aade8, com.ecommerce.product_service.security.JwtAuthenticationFilter@7cbe3a05, org.springframework.security.web.savedrequest.RequestCacheAwareFilter@31b3999, org.springframework.security.web.servletapi.SecurityContextHolderAwareRequestFilter@61709f44, org.springframework.security.web.authentication.AnonymousAuthenticationFilter@63822d44, org.springframework.security.web.session.SessionManagementFilter@162b7470, org.springframework.security.web.access.ExceptionTranslationFilter@4c839d3d, org.springframework.security.web.access.intercept.AuthorizationFilter@1b618413]
2026-03-25T13:45:03.481+05:30  INFO 14572 --- [product-service] [main] DiscoveryClientOptionalArgsConfiguration : Eureka HTTP Client uses RestTemplate.
2026-03-25T13:45:03.554+05:30  WARN 14572 --- [product-service] [main] iguration$LoadBalancerCaffeineWarnLogger : Spring Cloud LoadBalancer is currently working with the default cache. While this cache implementation is useful for development and tests, it's recommended to use Caffeine cache in production.You can switch to using Caffeine cache, by adding it and org.springframework.cache.caffeine.CaffeineCacheManager to the classpath.
2026-03-25T13:45:04.837+05:30  INFO 14572 --- [product-service] [main] o.a.k.clients.admin.AdminClientConfig    : AdminClientConfig values: 
	auto.include.jmx.reporter = true
	bootstrap.servers = [localhost:9092]
	client.dns.lookup = use_all_dns_ips
	client.id = 
	connections.max.idle.ms = 300000
	default.api.timeout.ms = 60000
	metadata.max.age.ms = 300000
	metric.reporters = []
	metrics.num.samples = 2
	metrics.recording.level = INFO
	metrics.sample.window.ms = 30000
	receive.buffer.bytes = 65536
	reconnect.backoff.max.ms = 1000
	reconnect.backoff.ms = 50
	request.timeout.ms = 30000
	retries = 2147483647
	retry.backoff.ms = 100
	sasl.client.callback.handler.class = null
	sasl.jaas.config = null
	sasl.kerberos.kinit.cmd = /usr/bin/kinit
	sasl.kerberos.min.time.before.relogin = 60000
	sasl.kerberos.service.name = null
	sasl.kerberos.ticket.renew.jitter = 0.05
	sasl.kerberos.ticket.renew.window.factor = 0.8
	sasl.login.callback.handler.class = null
	sasl.login.class = null
	sasl.login.connect.timeout.ms = null
	sasl.login.read.timeout.ms = null
	sasl.login.refresh.buffer.seconds = 300
	sasl.login.refresh.min.period.seconds = 60
	sasl.login.refresh.window.factor = 0.8
	sasl.login.refresh.window.jitter = 0.05
	sasl.login.retry.backoff.max.ms = 10000
	sasl.login.retry.backoff.ms = 100
	sasl.mechanism = GSSAPI
	sasl.oauthbearer.clock.skew.seconds = 30
	sasl.oauthbearer.expected.audience = null
	sasl.oauthbearer.expected.issuer = null
	sasl.oauthbearer.jwks.endpoint.refresh.ms = 3600000
	sasl.oauthbearer.jwks.endpoint.retry.backoff.max.ms = 10000
	sasl.oauthbearer.jwks.endpoint.retry.backoff.ms = 100
	sasl.oauthbearer.jwks.endpoint.url = null
	sasl.oauthbearer.scope.claim.name = scope
	sasl.oauthbearer.sub.claim.name = sub
	sasl.oauthbearer.token.endpoint.url = null
	security.protocol = PLAINTEXT
	security.providers = null
	send.buffer.bytes = 131072
	socket.connection.setup.timeout.max.ms = 30000
	socket.connection.setup.timeout.ms = 10000
	ssl.cipher.suites = null
	ssl.enabled.protocols = [TLSv1.2, TLSv1.3]
	ssl.endpoint.identification.algorithm = https
	ssl.engine.factory.class = null
	ssl.key.password = null
	ssl.keymanager.algorithm = SunX509
	ssl.keystore.certificate.chain = null
	ssl.keystore.key = null
	ssl.keystore.location = null
	ssl.keystore.password = null
	ssl.keystore.type = JKS
	ssl.protocol = TLSv1.3
	ssl.provider = null
	ssl.secure.random.implementation = null
	ssl.trustmanager.algorithm = PKIX
	ssl.truststore.certificates = null
	ssl.truststore.location = null
	ssl.truststore.password = null
	ssl.truststore.type = JKS

2026-03-25T13:45:05.158+05:30  INFO 14572 --- [product-service] [main] o.a.kafka.common.utils.AppInfoParser     : Kafka version: 3.6.1
2026-03-25T13:45:05.158+05:30  INFO 14572 --- [product-service] [main] o.a.kafka.common.utils.AppInfoParser     : Kafka commitId: 5e3c2b738d253ff5
2026-03-25T13:45:05.159+05:30  INFO 14572 --- [product-service] [main] o.a.kafka.common.utils.AppInfoParser     : Kafka startTimeMs: 1774426505155
2026-03-25T13:45:05.204+05:30  INFO 14572 --- [product-service] [kafka-admin-client-thread | adminclient-1] org.apache.kafka.clients.NetworkClient   : [AdminClient clientId=adminclient-1] Node -1 disconnected.
2026-03-25T13:45:05.212+05:30  WARN 14572 --- [product-service] [kafka-admin-client-thread | adminclient-1] org.apache.kafka.clients.NetworkClient   : [AdminClient clientId=adminclient-1] Connection to node -1 (localhost/127.0.0.1:9092) could not be established. Broker may not be available.
2026-03-25T13:45:05.331+05:30  INFO 14572 --- [product-service] [kafka-admin-client-thread | adminclient-1] org.apache.kafka.clients.NetworkClient   : [AdminClient clientId=adminclient-1] Node -1 disconnected.
2026-03-25T13:45:05.332+05:30  WARN 14572 --- [product-service] [kafka-admin-client-thread | adminclient-1] org.apache.kafka.clients.NetworkClient   : [AdminClient clientId=adminclient-1] Connection to node -1 (localhost/127.0.0.1:9092) could not be established. Broker may not be available.
2026-03-25T13:45:05.551+05:30  INFO 14572 --- [product-service] [kafka-admin-client-thread | adminclient-1] org.apache.kafka.clients.NetworkClient   : [AdminClient clientId=adminclient-1] Node -1 disconnected.
2026-03-25T13:45:05.551+05:30  WARN 14572 --- [product-service] [kafka-admin-client-thread | adminclient-1] org.apache.kafka.clients.NetworkClient   : [AdminClient clientId=adminclient-1] Connection to node -1 (localhost/127.0.0.1:9092) could not be established. Broker may not be available.
2026-03-25T13:45:05.881+05:30  INFO 14572 --- [product-service] [kafka-admin-client-thread | adminclient-1] org.apache.kafka.clients.NetworkClient   : [AdminClient clientId=adminclient-1] Node -1 disconnected.
2026-03-25T13:45:05.882+05:30  WARN 14572 --- [product-service] [kafka-admin-client-thread | adminclient-1] org.apache.kafka.clients.NetworkClient   : [AdminClient clientId=adminclient-1] Connection to node -1 (localhost/127.0.0.1:9092) could not be established. Broker may not be available.
2026-03-25T13:45:06.317+05:30  INFO 14572 --- [product-service] [kafka-admin-client-thread | adminclient-1] org.apache.kafka.clients.NetworkClient   : [AdminClient clientId=adminclient-1] Node -1 disconnected.
2026-03-25T13:45:06.318+05:30  WARN 14572 --- [product-service] [kafka-admin-client-thread | adminclient-1] org.apache.kafka.clients.NetworkClient   : [AdminClient clientId=adminclient-1] Connection to node -1 (localhost/127.0.0.1:9092) could not be established. Broker may not be available.
2026-03-25T13:45:07.078+05:30  INFO 14572 --- [product-service] [kafka-admin-client-thread | adminclient-1] org.apache.kafka.clients.NetworkClient   : [AdminClient clientId=adminclient-1] Node -1 disconnected.
2026-03-25T13:45:07.079+05:30  WARN 14572 --- [product-service] [kafka-admin-client-thread | adminclient-1] org.apache.kafka.clients.NetworkClient   : [AdminClient clientId=adminclient-1] Connection to node -1 (localhost/127.0.0.1:9092) could not be established. Broker may not be available.
2026-03-25T13:45:08.275+05:30  INFO 14572 --- [product-service] [kafka-admin-client-thread | adminclient-1] org.apache.kafka.clients.NetworkClient   : [AdminClient clientId=adminclient-1] Node -1 disconnected.
2026-03-25T13:45:08.275+05:30  WARN 14572 --- [product-service] [kafka-admin-client-thread | adminclient-1] org.apache.kafka.clients.NetworkClient   : [AdminClient clientId=adminclient-1] Connection to node -1 (localhost/127.0.0.1:9092) could not be established. Broker may not be available.
2026-03-25T13:45:09.475+05:30  INFO 14572 --- [product-service] [kafka-admin-client-thread | adminclient-1] org.apache.kafka.clients.NetworkClient   : [AdminClient clientId=adminclient-1] Node -1 disconnected.
2026-03-25T13:45:09.475+05:30  WARN 14572 --- [product-service] [kafka-admin-client-thread | adminclient-1] org.apache.kafka.clients.NetworkClient   : [AdminClient clientId=adminclient-1] Connection to node -1 (localhost/127.0.0.1:9092) could not be established. Broker may not be available.
2026-03-25T13:45:10.353+05:30  INFO 14572 --- [product-service] [kafka-admin-client-thread | adminclient-1] org.apache.kafka.clients.NetworkClient   : [AdminClient clientId=adminclient-1] Node -1 disconnected.
2026-03-25T13:45:10.354+05:30  WARN 14572 --- [product-service] [kafka-admin-client-thread | adminclient-1] org.apache.kafka.clients.NetworkClient   : [AdminClient clientId=adminclient-1] Connection to node -1 (localhost/127.0.0.1:9092) could not be established. Broker may not be available.
2026-03-25T13:45:11.333+05:30  INFO 14572 --- [product-service] [kafka-admin-client-thread | adminclient-1] org.apache.kafka.clients.NetworkClient   : [AdminClient clientId=adminclient-1] Node -1 disconnected.
2026-03-25T13:45:11.333+05:30  WARN 14572 --- [product-service] [kafka-admin-client-thread | adminclient-1] org.apache.kafka.clients.NetworkClient   : [AdminClient clientId=adminclient-1] Connection to node -1 (localhost/127.0.0.1:9092) could not be established. Broker may not be available.
2026-03-25T13:45:12.203+05:30  INFO 14572 --- [product-service] [kafka-admin-client-thread | adminclient-1] org.apache.kafka.clients.NetworkClient   : [AdminClient clientId=adminclient-1] Node -1 disconnected.
2026-03-25T13:45:12.204+05:30  WARN 14572 --- [product-service] [kafka-admin-client-thread | adminclient-1] org.apache.kafka.clients.NetworkClient   : [AdminClient clientId=adminclient-1] Connection to node -1 (localhost/127.0.0.1:9092) could not be established. Broker may not be available.
2026-03-25T13:45:13.192+05:30  INFO 14572 --- [product-service] [kafka-admin-client-thread | adminclient-1] org.apache.kafka.clients.NetworkClient   : [AdminClient clientId=adminclient-1] Node -1 disconnected.
2026-03-25T13:45:13.193+05:30  WARN 14572 --- [product-service] [kafka-admin-client-thread | adminclient-1] org.apache.kafka.clients.NetworkClient   : [AdminClient clientId=adminclient-1] Connection to node -1 (localhost/127.0.0.1:9092) could not be established. Broker may not be available.
2026-03-25T13:45:14.402+05:30  INFO 14572 --- [product-service] [kafka-admin-client-thread | adminclient-1] org.apache.kafka.clients.NetworkClient   : [AdminClient clientId=adminclient-1] Node -1 disconnected.
2026-03-25T13:45:14.403+05:30  WARN 14572 --- [product-service] [kafka-admin-client-thread | adminclient-1] org.apache.kafka.clients.NetworkClient   : [AdminClient clientId=adminclient-1] Connection to node -1 (localhost/127.0.0.1:9092) could not be established. Broker may not be available.
2026-03-25T13:45:15.389+05:30  INFO 14572 --- [product-service] [kafka-admin-client-thread | adminclient-1] org.apache.kafka.clients.NetworkClient   : [AdminClient clientId=adminclient-1] Node -1 disconnected.
2026-03-25T13:45:15.389+05:30  WARN 14572 --- [product-service] [kafka-admin-client-thread | adminclient-1] org.apache.kafka.clients.NetworkClient   : [AdminClient clientId=adminclient-1] Connection to node -1 (localhost/127.0.0.1:9092) could not be established. Broker may not be available.
2026-03-25T13:45:16.603+05:30  INFO 14572 --- [product-service] [kafka-admin-client-thread | adminclient-1] org.apache.kafka.clients.NetworkClient   : [AdminClient clientId=adminclient-1] Node -1 disconnected.
2026-03-25T13:45:16.603+05:30  WARN 14572 --- [product-service] [kafka-admin-client-thread | adminclient-1] org.apache.kafka.clients.NetworkClient   : [AdminClient clientId=adminclient-1] Connection to node -1 (localhost/127.0.0.1:9092) could not be established. Broker may not be available.
2026-03-25T13:45:17.817+05:30  INFO 14572 --- [product-service] [kafka-admin-client-thread | adminclient-1] org.apache.kafka.clients.NetworkClient   : [AdminClient clientId=adminclient-1] Node -1 disconnected.
2026-03-25T13:45:17.818+05:30  WARN 14572 --- [product-service] [kafka-admin-client-thread | adminclient-1] org.apache.kafka.clients.NetworkClient   : [AdminClient clientId=adminclient-1] Connection to node -1 (localhost/127.0.0.1:9092) could not be established. Broker may not be available.
2026-03-25T13:45:19.028+05:30  INFO 14572 --- [product-service] [kafka-admin-client-thread | adminclient-1] org.apache.kafka.clients.NetworkClient   : [AdminClient clientId=adminclient-1] Node -1 disconnected.
2026-03-25T13:45:19.028+05:30  WARN 14572 --- [product-service] [kafka-admin-client-thread | adminclient-1] org.apache.kafka.clients.NetworkClient   : [AdminClient clientId=adminclient-1] Connection to node -1 (localhost/127.0.0.1:9092) could not be established. Broker may not be available.
2026-03-25T13:45:20.128+05:30  INFO 14572 --- [product-service] [kafka-admin-client-thread | adminclient-1] org.apache.kafka.clients.NetworkClient   : [AdminClient clientId=adminclient-1] Node -1 disconnected.
2026-03-25T13:45:20.128+05:30  WARN 14572 --- [product-service] [kafka-admin-client-thread | adminclient-1] org.apache.kafka.clients.NetworkClient   : [AdminClient clientId=adminclient-1] Connection to node -1 (localhost/127.0.0.1:9092) could not be established. Broker may not be available.
2026-03-25T13:45:21.008+05:30  INFO 14572 --- [product-service] [kafka-admin-client-thread | adminclient-1] org.apache.kafka.clients.NetworkClient   : [AdminClient clientId=adminclient-1] Node -1 disconnected.
2026-03-25T13:45:21.008+05:30  WARN 14572 --- [product-service] [kafka-admin-client-thread | adminclient-1] org.apache.kafka.clients.NetworkClient   : [AdminClient clientId=adminclient-1] Connection to node -1 (localhost/127.0.0.1:9092) could not be established. Broker may not be available.
2026-03-25T13:45:21.891+05:30  INFO 14572 --- [product-service] [kafka-admin-client-thread | adminclient-1] org.apache.kafka.clients.NetworkClient   : [AdminClient clientId=adminclient-1] Node -1 disconnected.
2026-03-25T13:45:21.891+05:30  WARN 14572 --- [product-service] [kafka-admin-client-thread | adminclient-1] org.apache.kafka.clients.NetworkClient   : [AdminClient clientId=adminclient-1] Connection to node -1 (localhost/127.0.0.1:9092) could not be established. Broker may not be available.
2026-03-25T13:45:22.871+05:30  INFO 14572 --- [product-service] [kafka-admin-client-thread | adminclient-1] org.apache.kafka.clients.NetworkClient   : [AdminClient clientId=adminclient-1] Node -1 disconnected.
2026-03-25T13:45:22.872+05:30  WARN 14572 --- [product-service] [kafka-admin-client-thread | adminclient-1] org.apache.kafka.clients.NetworkClient   : [AdminClient clientId=adminclient-1] Connection to node -1 (localhost/127.0.0.1:9092) could not be established. Broker may not be available.
2026-03-25T13:45:23.855+05:30  INFO 14572 --- [product-service] [kafka-admin-client-thread | adminclient-1] org.apache.kafka.clients.NetworkClient   : [AdminClient clientId=adminclient-1] Node -1 disconnected.
2026-03-25T13:45:23.855+05:30  WARN 14572 --- [product-service] [kafka-admin-client-thread | adminclient-1] org.apache.kafka.clients.NetworkClient   : [AdminClient clientId=adminclient-1] Connection to node -1 (localhost/127.0.0.1:9092) could not be established. Broker may not be available.
2026-03-25T13:45:24.730+05:30  INFO 14572 --- [product-service] [kafka-admin-client-thread | adminclient-1] org.apache.kafka.clients.NetworkClient   : [AdminClient clientId=adminclient-1] Node -1 disconnected.
2026-03-25T13:45:24.730+05:30  WARN 14572 --- [product-service] [kafka-admin-client-thread | adminclient-1] org.apache.kafka.clients.NetworkClient   : [AdminClient clientId=adminclient-1] Connection to node -1 (localhost/127.0.0.1:9092) could not be established. Broker may not be available.
2026-03-25T13:45:25.597+05:30  INFO 14572 --- [product-service] [kafka-admin-client-thread | adminclient-1] org.apache.kafka.clients.NetworkClient   : [AdminClient clientId=adminclient-1] Node -1 disconnected.
2026-03-25T13:45:25.599+05:30  WARN 14572 --- [product-service] [kafka-admin-client-thread | adminclient-1] org.apache.kafka.clients.NetworkClient   : [AdminClient clientId=adminclient-1] Connection to node -1 (localhost/127.0.0.1:9092) could not be established. Broker may not be available.
2026-03-25T13:45:26.586+05:30  INFO 14572 --- [product-service] [kafka-admin-client-thread | adminclient-1] org.apache.kafka.clients.NetworkClient   : [AdminClient clientId=adminclient-1] Node -1 disconnected.
2026-03-25T13:45:26.586+05:30  WARN 14572 --- [product-service] [kafka-admin-client-thread | adminclient-1] org.apache.kafka.clients.NetworkClient   : [AdminClient clientId=adminclient-1] Connection to node -1 (localhost/127.0.0.1:9092) could not be established. Broker may not be available.
2026-03-25T13:45:27.581+05:30  INFO 14572 --- [product-service] [kafka-admin-client-thread | adminclient-1] org.apache.kafka.clients.NetworkClient   : [AdminClient clientId=adminclient-1] Node -1 disconnected.
2026-03-25T13:45:27.581+05:30  WARN 14572 --- [product-service] [kafka-admin-client-thread | adminclient-1] org.apache.kafka.clients.NetworkClient   : [AdminClient clientId=adminclient-1] Connection to node -1 (localhost/127.0.0.1:9092) could not be established. Broker may not be available.
2026-03-25T13:45:28.797+05:30  INFO 14572 --- [product-service] [kafka-admin-client-thread | adminclient-1] org.apache.kafka.clients.NetworkClient   : [AdminClient clientId=adminclient-1] Node -1 disconnected.
2026-03-25T13:45:28.797+05:30  WARN 14572 --- [product-service] [kafka-admin-client-thread | adminclient-1] org.apache.kafka.clients.NetworkClient   : [AdminClient clientId=adminclient-1] Connection to node -1 (localhost/127.0.0.1:9092) could not be established. Broker may not be available.
2026-03-25T13:45:30.014+05:30  INFO 14572 --- [product-service] [kafka-admin-client-thread | adminclient-1] org.apache.kafka.clients.NetworkClient   : [AdminClient clientId=adminclient-1] Node -1 disconnected.
2026-03-25T13:45:30.014+05:30  WARN 14572 --- [product-service] [kafka-admin-client-thread | adminclient-1] org.apache.kafka.clients.NetworkClient   : [AdminClient clientId=adminclient-1] Connection to node -1 (localhost/127.0.0.1:9092) could not be established. Broker may not be available.
2026-03-25T13:45:30.891+05:30  INFO 14572 --- [product-service] [kafka-admin-client-thread | adminclient-1] org.apache.kafka.clients.NetworkClient   : [AdminClient clientId=adminclient-1] Node -1 disconnected.
2026-03-25T13:45:30.892+05:30  WARN 14572 --- [product-service] [kafka-admin-client-thread | adminclient-1] org.apache.kafka.clients.NetworkClient   : [AdminClient clientId=adminclient-1] Connection to node -1 (localhost/127.0.0.1:9092) could not be established. Broker may not be available.
2026-03-25T13:45:31.778+05:30  INFO 14572 --- [product-service] [kafka-admin-client-thread | adminclient-1] org.apache.kafka.clients.NetworkClient   : [AdminClient clientId=adminclient-1] Node -1 disconnected.
2026-03-25T13:45:31.778+05:30  WARN 14572 --- [product-service] [kafka-admin-client-thread | adminclient-1] org.apache.kafka.clients.NetworkClient   : [AdminClient clientId=adminclient-1] Connection to node -1 (localhost/127.0.0.1:9092) could not be established. Broker may not be available.
2026-03-25T13:45:32.883+05:30  INFO 14572 --- [product-service] [kafka-admin-client-thread | adminclient-1] org.apache.kafka.clients.NetworkClient   : [AdminClient clientId=adminclient-1] Node -1 disconnected.
2026-03-25T13:45:32.883+05:30  WARN 14572 --- [product-service] [kafka-admin-client-thread | adminclient-1] org.apache.kafka.clients.NetworkClient   : [AdminClient clientId=adminclient-1] Connection to node -1 (localhost/127.0.0.1:9092) could not be established. Broker may not be available.
2026-03-25T13:45:34.098+05:30  INFO 14572 --- [product-service] [kafka-admin-client-thread | adminclient-1] org.apache.kafka.clients.NetworkClient   : [AdminClient clientId=adminclient-1] Node -1 disconnected.
2026-03-25T13:45:34.098+05:30  WARN 14572 --- [product-service] [kafka-admin-client-thread | adminclient-1] org.apache.kafka.clients.NetworkClient   : [AdminClient clientId=adminclient-1] Connection to node -1 (localhost/127.0.0.1:9092) could not be established. Broker may not be available.
2026-03-25T13:45:35.180+05:30  INFO 14572 --- [product-service] [kafka-admin-client-thread | adminclient-1] o.a.k.c.a.i.AdminMetadataManager         : [AdminClient clientId=adminclient-1] Metadata update failed

org.apache.kafka.common.errors.TimeoutException: Timed out waiting for a node assignment. Call: fetchMetadata

2026-03-25T13:45:35.195+05:30 ERROR 14572 --- [product-service] [main] o.springframework.kafka.core.KafkaAdmin  : Could not configure topics

org.springframework.kafka.KafkaException: Timed out waiting to get existing topics
	at org.springframework.kafka.core.KafkaAdmin.lambda$checkPartitions$11(KafkaAdmin.java:520) ~[spring-kafka-3.1.2.jar:3.1.2]
	at java.base/java.util.HashMap.forEach(HashMap.java:1429) ~[na:na]
	at org.springframework.kafka.core.KafkaAdmin.checkPartitions(KafkaAdmin.java:499) ~[spring-kafka-3.1.2.jar:3.1.2]
	at org.springframework.kafka.core.KafkaAdmin.addOrModifyTopicsIfNeeded(KafkaAdmin.java:392) ~[spring-kafka-3.1.2.jar:3.1.2]
	at org.springframework.kafka.core.KafkaAdmin.initialize(KafkaAdmin.java:258) ~[spring-kafka-3.1.2.jar:3.1.2]
	at org.springframework.kafka.core.KafkaAdmin.afterSingletonsInstantiated(KafkaAdmin.java:222) ~[spring-kafka-3.1.2.jar:3.1.2]
	at org.springframework.beans.factory.support.DefaultListableBeanFactory.preInstantiateSingletons(DefaultListableBeanFactory.java:986) ~[spring-beans-6.1.4.jar:6.1.4]
	at org.springframework.context.support.AbstractApplicationContext.finishBeanFactoryInitialization(AbstractApplicationContext.java:959) ~[spring-context-6.1.4.jar:6.1.4]
	at org.springframework.context.support.AbstractApplicationContext.refresh(AbstractApplicationContext.java:624) ~[spring-context-6.1.4.jar:6.1.4]
	at org.springframework.boot.web.servlet.context.ServletWebServerApplicationContext.refresh(ServletWebServerApplicationContext.java:146) ~[spring-boot-3.2.3.jar:3.2.3]
	at org.springframework.boot.SpringApplication.refresh(SpringApplication.java:754) ~[spring-boot-3.2.3.jar:3.2.3]
	at org.springframework.boot.SpringApplication.refreshContext(SpringApplication.java:456) ~[spring-boot-3.2.3.jar:3.2.3]
	at org.springframework.boot.SpringApplication.run(SpringApplication.java:334) ~[spring-boot-3.2.3.jar:3.2.3]
	at org.springframework.boot.SpringApplication.run(SpringApplication.java:1354) ~[spring-boot-3.2.3.jar:3.2.3]
	at org.springframework.boot.SpringApplication.run(SpringApplication.java:1343) ~[spring-boot-3.2.3.jar:3.2.3]
	at com.ecommerce.product_service.ProductServiceApplication.main(ProductServiceApplication.java:16) ~[classes/:na]
Caused by: java.util.concurrent.TimeoutException: null
	at java.base/java.util.concurrent.CompletableFuture.timedGet(CompletableFuture.java:1960) ~[na:na]
	at java.base/java.util.concurrent.CompletableFuture.get(CompletableFuture.java:2095) ~[na:na]
	at org.apache.kafka.common.internals.KafkaFutureImpl.get(KafkaFutureImpl.java:180) ~[kafka-clients-3.6.1.jar:na]
	at org.springframework.kafka.core.KafkaAdmin.lambda$checkPartitions$11(KafkaAdmin.java:502) ~[spring-kafka-3.1.2.jar:3.1.2]
	... 15 common frames omitted

2026-03-25T13:45:35.202+05:30  INFO 14572 --- [product-service] [kafka-admin-client-thread | adminclient-1] org.apache.kafka.clients.NetworkClient   : [AdminClient clientId=adminclient-1] Node -1 disconnected.
2026-03-25T13:45:35.202+05:30  WARN 14572 --- [product-service] [kafka-admin-client-thread | adminclient-1] org.apache.kafka.clients.NetworkClient   : [AdminClient clientId=adminclient-1] Connection to node -1 (localhost/127.0.0.1:9092) could not be established. Broker may not be available.
2026-03-25T13:45:36.204+05:30  INFO 14572 --- [product-service] [kafka-admin-client-thread | adminclient-1] org.apache.kafka.clients.NetworkClient   : [AdminClient clientId=adminclient-1] Node -1 disconnected.
2026-03-25T13:45:36.204+05:30  WARN 14572 --- [product-service] [kafka-admin-client-thread | adminclient-1] org.apache.kafka.clients.NetworkClient   : [AdminClient clientId=adminclient-1] Connection to node -1 (localhost/127.0.0.1:9092) could not be established. Broker may not be available.
2026-03-25T13:45:37.202+05:30  INFO 14572 --- [product-service] [kafka-admin-client-thread | adminclient-1] org.apache.kafka.clients.NetworkClient   : [AdminClient clientId=adminclient-1] Node -1 disconnected.
2026-03-25T13:45:37.202+05:30  WARN 14572 --- [product-service] [kafka-admin-client-thread | adminclient-1] org.apache.kafka.clients.NetworkClient   : [AdminClient clientId=adminclient-1] Connection to node -1 (localhost/127.0.0.1:9092) could not be established. Broker may not be available.
2026-03-25T13:45:38.410+05:30  INFO 14572 --- [product-service] [kafka-admin-client-thread | adminclient-1] org.apache.kafka.clients.NetworkClient   : [AdminClient clientId=adminclient-1] Node -1 disconnected.
2026-03-25T13:45:38.410+05:30  WARN 14572 --- [product-service] [kafka-admin-client-thread | adminclient-1] org.apache.kafka.clients.NetworkClient   : [AdminClient clientId=adminclient-1] Connection to node -1 (localhost/127.0.0.1:9092) could not be established. Broker may not be available.
2026-03-25T13:45:39.623+05:30  INFO 14572 --- [product-service] [kafka-admin-client-thread | adminclient-1] org.apache.kafka.clients.NetworkClient   : [AdminClient clientId=adminclient-1] Node -1 disconnected.
2026-03-25T13:45:39.623+05:30  WARN 14572 --- [product-service] [kafka-admin-client-thread | adminclient-1] org.apache.kafka.clients.NetworkClient   : [AdminClient clientId=adminclient-1] Connection to node -1 (localhost/127.0.0.1:9092) could not be established. Broker may not be available.
2026-03-25T13:45:40.726+05:30  INFO 14572 --- [product-service] [kafka-admin-client-thread | adminclient-1] org.apache.kafka.clients.NetworkClient   : [AdminClient clientId=adminclient-1] Node -1 disconnected.
2026-03-25T13:45:40.727+05:30  WARN 14572 --- [product-service] [kafka-admin-client-thread | adminclient-1] org.apache.kafka.clients.NetworkClient   : [AdminClient clientId=adminclient-1] Connection to node -1 (localhost/127.0.0.1:9092) could not be established. Broker may not be available.
2026-03-25T13:45:41.939+05:30  INFO 14572 --- [product-service] [kafka-admin-client-thread | adminclient-1] org.apache.kafka.clients.NetworkClient   : [AdminClient clientId=adminclient-1] Node -1 disconnected.
2026-03-25T13:45:41.939+05:30  WARN 14572 --- [product-service] [kafka-admin-client-thread | adminclient-1] org.apache.kafka.clients.NetworkClient   : [AdminClient clientId=adminclient-1] Connection to node -1 (localhost/127.0.0.1:9092) could not be established. Broker may not be available.
2026-03-25T13:45:43.144+05:30  INFO 14572 --- [product-service] [kafka-admin-client-thread | adminclient-1] org.apache.kafka.clients.NetworkClient   : [AdminClient clientId=adminclient-1] Node -1 disconnected.
2026-03-25T13:45:43.144+05:30  WARN 14572 --- [product-service] [kafka-admin-client-thread | adminclient-1] org.apache.kafka.clients.NetworkClient   : [AdminClient clientId=adminclient-1] Connection to node -1 (localhost/127.0.0.1:9092) could not be established. Broker may not be available.
2026-03-25T13:45:44.017+05:30  INFO 14572 --- [product-service] [kafka-admin-client-thread | adminclient-1] org.apache.kafka.clients.NetworkClient   : [AdminClient clientId=adminclient-1] Node -1 disconnected.
2026-03-25T13:45:44.017+05:30  WARN 14572 --- [product-service] [kafka-admin-client-thread | adminclient-1] org.apache.kafka.clients.NetworkClient   : [AdminClient clientId=adminclient-1] Connection to node -1 (localhost/127.0.0.1:9092) could not be established. Broker may not be available.
2026-03-25T13:45:44.899+05:30  INFO 14572 --- [product-service] [kafka-admin-client-thread | adminclient-1] org.apache.kafka.clients.NetworkClient   : [AdminClient clientId=adminclient-1] Node -1 disconnected.
2026-03-25T13:45:44.899+05:30  WARN 14572 --- [product-service] [kafka-admin-client-thread | adminclient-1] org.apache.kafka.clients.NetworkClient   : [AdminClient clientId=adminclient-1] Connection to node -1 (localhost/127.0.0.1:9092) could not be established. Broker may not be available.
2026-03-25T13:45:45.212+05:30  INFO 14572 --- [product-service] [kafka-admin-client-thread | adminclient-1] o.a.k.clients.admin.KafkaAdminClient     : [AdminClient clientId=adminclient-1] Forcing a hard I/O thread shutdown. Requests in progress will be aborted.
2026-03-25T13:45:45.212+05:30  INFO 14572 --- [product-service] [kafka-admin-client-thread | adminclient-1] o.a.kafka.common.utils.AppInfoParser     : App info kafka.admin.client for adminclient-1 unregistered
2026-03-25T13:45:45.307+05:30  INFO 14572 --- [product-service] [kafka-admin-client-thread | adminclient-1] o.a.k.c.a.i.AdminMetadataManager         : [AdminClient clientId=adminclient-1] Metadata update failed

org.apache.kafka.common.errors.TimeoutException: The AdminClient thread has exited. Call: fetchMetadata

2026-03-25T13:45:45.308+05:30  INFO 14572 --- [product-service] [kafka-admin-client-thread | adminclient-1] o.a.k.clients.admin.KafkaAdminClient     : [AdminClient clientId=adminclient-1] Timed out 2 remaining operation(s) during close.
2026-03-25T13:45:45.312+05:30  INFO 14572 --- [product-service] [kafka-admin-client-thread | adminclient-1] o.apache.kafka.common.metrics.Metrics    : Metrics scheduler closed
2026-03-25T13:45:45.312+05:30  INFO 14572 --- [product-service] [kafka-admin-client-thread | adminclient-1] o.apache.kafka.common.metrics.Metrics    : Closing reporter org.apache.kafka.common.metrics.JmxReporter
2026-03-25T13:45:45.313+05:30  INFO 14572 --- [product-service] [kafka-admin-client-thread | adminclient-1] o.apache.kafka.common.metrics.Metrics    : Metrics reporters closed
2026-03-25T13:45:45.346+05:30  INFO 14572 --- [product-service] [main] o.s.c.n.eureka.InstanceInfoFactory       : Setting initial instance status as: STARTING
2026-03-25T13:45:45.434+05:30  INFO 14572 --- [product-service] [main] com.netflix.discovery.DiscoveryClient    : Initializing Eureka in region us-east-1
2026-03-25T13:45:45.444+05:30  INFO 14572 --- [product-service] [main] c.n.d.s.r.aws.ConfigClusterResolver      : Resolving eureka endpoints via configuration
2026-03-25T13:45:45.484+05:30  INFO 14572 --- [product-service] [main] com.netflix.discovery.DiscoveryClient    : Disable delta property : false
2026-03-25T13:45:45.484+05:30  INFO 14572 --- [product-service] [main] com.netflix.discovery.DiscoveryClient    : Single vip registry refresh property : null
2026-03-25T13:45:45.484+05:30  INFO 14572 --- [product-service] [main] com.netflix.discovery.DiscoveryClient    : Force full registry fetch : false
2026-03-25T13:45:45.484+05:30  INFO 14572 --- [product-service] [main] com.netflix.discovery.DiscoveryClient    : Application is null : false
2026-03-25T13:45:45.485+05:30  INFO 14572 --- [product-service] [main] com.netflix.discovery.DiscoveryClient    : Registered Applications size is zero : true
2026-03-25T13:45:45.485+05:30  INFO 14572 --- [product-service] [main] com.netflix.discovery.DiscoveryClient    : Application version is -1: true
2026-03-25T13:45:45.485+05:30  INFO 14572 --- [product-service] [main] com.netflix.discovery.DiscoveryClient    : Getting all instance registry info from the eureka server
2026-03-25T13:45:46.853+05:30  INFO 14572 --- [product-service] [main] com.netflix.discovery.DiscoveryClient    : The response status is 200
2026-03-25T13:45:46.858+05:30  INFO 14572 --- [product-service] [main] com.netflix.discovery.DiscoveryClient    : Starting heartbeat executor: renew interval is: 30
2026-03-25T13:45:46.861+05:30  INFO 14572 --- [product-service] [main] c.n.discovery.InstanceInfoReplicator     : InstanceInfoReplicator onDemand update allowed rate per min is 4
2026-03-25T13:45:46.870+05:30  INFO 14572 --- [product-service] [main] com.netflix.discovery.DiscoveryClient    : Discovery Client initialized at timestamp 1774426546866 with initial instances count: 1
2026-03-25T13:45:46.876+05:30  INFO 14572 --- [product-service] [main] o.s.c.n.e.s.EurekaServiceRegistry        : Registering application PRODUCT-SERVICE with eureka with status UP
2026-03-25T13:45:46.877+05:30  INFO 14572 --- [product-service] [main] com.netflix.discovery.DiscoveryClient    : Saw local status change event StatusChangeEvent [timestamp=1774426546877, current=UP, previous=STARTING]
2026-03-25T13:45:46.880+05:30  INFO 14572 --- [product-service] [DiscoveryClient-InstanceInfoReplicator-0] com.netflix.discovery.DiscoveryClient    : DiscoveryClient_PRODUCT-SERVICE/product-service:8082: registering service...
2026-03-25T13:45:47.319+05:30  INFO 14572 --- [product-service] [DiscoveryClient-InstanceInfoReplicator-0] com.netflix.discovery.DiscoveryClient    : DiscoveryClient_PRODUCT-SERVICE/product-service:8082 - registration status: 204
2026-03-25T13:45:47.333+05:30  INFO 14572 --- [product-service] [main] o.s.b.w.embedded.tomcat.TomcatWebServer  : Tomcat started on port 8082 (http) with context path ''
2026-03-25T13:45:47.334+05:30  INFO 14572 --- [product-service] [main] .s.c.n.e.s.EurekaAutoServiceRegistration : Updating port to 8082
2026-03-25T13:45:47.362+05:30  INFO 14572 --- [product-service] [main] c.e.p.ProductServiceApplication          : Started ProductServiceApplication in 105.849 seconds (process running for 107.068)
2026-03-25T13:50:45.496+05:30  INFO 14572 --- [product-service] [AsyncResolver-bootstrap-executor-0] c.n.d.s.r.aws.ConfigClusterResolver      : Resolving eureka endpoints via configuration
2026-03-25T13:55:45.691+05:30  INFO 14572 --- [product-service] [AsyncResolver-bootstrap-executor-0] c.n.d.s.r.aws.ConfigClusterResolver      : Resolving eureka endpoints via configuration
2026-03-25T14:00:42.809+05:30  INFO 14572 --- [product-service] [SpringApplicationShutdownHook] o.s.c.n.e.s.EurekaServiceRegistry        : Unregistering application PRODUCT-SERVICE with eureka with status DOWN
2026-03-25T14:00:42.953+05:30  INFO 14572 --- [product-service] [SpringApplicationShutdownHook] com.netflix.discovery.DiscoveryClient    : Saw local status change event StatusChangeEvent [timestamp=1774427442953, current=DOWN, previous=UP]
2026-03-25T14:00:42.963+05:30  INFO 14572 --- [product-service] [DiscoveryClient-InstanceInfoReplicator-0] com.netflix.discovery.DiscoveryClient    : DiscoveryClient_PRODUCT-SERVICE/product-service:8082: registering service...
2026-03-25T14:00:44.842+05:30  INFO 14572 --- [product-service] [DiscoveryClient-InstanceInfoReplicator-0] com.netflix.discovery.DiscoveryClient    : DiscoveryClient_PRODUCT-SERVICE/product-service:8082 - registration status: 204
2026-03-25T14:00:46.822+05:30  INFO 14572 --- [product-service] [AsyncResolver-bootstrap-executor-0] c.n.d.s.r.aws.ConfigClusterResolver      : Resolving eureka endpoints via configuration
2026-03-25T14:01:06.223+05:30  INFO 14572 --- [product-service] [SpringApplicationShutdownHook] j.LocalContainerEntityManagerFactoryBean : Closing JPA EntityManagerFactory for persistence unit 'default'
2026-03-25T14:01:10.348+05:30  INFO 14572 --- [product-service] [SpringApplicationShutdownHook] com.zaxxer.hikari.HikariDataSource       : ProductServicePool - Shutdown initiated...
2026-03-25T14:01:13.643+05:30  INFO 14572 --- [product-service] [SpringApplicationShutdownHook] com.zaxxer.hikari.HikariDataSource       : ProductServicePool - Shutdown completed.
2026-03-25T14:01:13.812+05:30  INFO 14572 --- [product-service] [SpringApplicationShutdownHook] com.netflix.discovery.DiscoveryClient    : Shutting down DiscoveryClient ...
2026-03-25T14:01:15.018+05:30  INFO 14572 --- [product-service] [SpringApplicationShutdownHook] com.netflix.discovery.DiscoveryClient    : Unregistering ...
2026-03-25T14:01:17.442+05:30  INFO 14572 --- [product-service] [SpringApplicationShutdownHook] c.n.d.s.t.d.RedirectingEurekaHttpClient  : Request execution error. endpoint=DefaultEndpoint{ serviceUrl='http://localhost:8761/eureka/} exception=I/O error on DELETE request for "http://localhost:8761/eureka/apps/PRODUCT-SERVICE/product-service:8082": Connect to http://localhost:8761 [localhost/127.0.0.1, localhost/0:0:0:0:0:0:0:1] failed: Connection refused: getsockopt stacktrace=org.springframework.web.client.ResourceAccessException: I/O error on DELETE request for "http://localhost:8761/eureka/apps/PRODUCT-SERVICE/product-service:8082": Connect to http://localhost:8761 [localhost/127.0.0.1, localhost/0:0:0:0:0:0:0:1] failed: Connection refused: getsockopt
	at org.springframework.web.client.RestTemplate.createResourceAccessException(RestTemplate.java:915)
	at org.springframework.web.client.RestTemplate.doExecute(RestTemplate.java:895)
	at org.springframework.web.client.RestTemplate.execute(RestTemplate.java:790)
	at org.springframework.web.client.RestTemplate.exchange(RestTemplate.java:672)
	at org.springframework.cloud.netflix.eureka.http.RestTemplateEurekaHttpClient.cancel(RestTemplateEurekaHttpClient.java:87)
	at com.netflix.discovery.shared.transport.decorator.EurekaHttpClientDecorator$2.execute(EurekaHttpClientDecorator.java:74)
	at com.netflix.discovery.shared.transport.decorator.RedirectingEurekaHttpClient.execute(RedirectingEurekaHttpClient.java:91)
	at com.netflix.discovery.shared.transport.decorator.EurekaHttpClientDecorator.cancel(EurekaHttpClientDecorator.java:71)
	at com.netflix.discovery.shared.transport.decorator.EurekaHttpClientDecorator$2.execute(EurekaHttpClientDecorator.java:74)
	at com.netflix.discovery.shared.transport.decorator.RetryableEurekaHttpClient.execute(RetryableEurekaHttpClient.java:120)
	at com.netflix.discovery.shared.transport.decorator.EurekaHttpClientDecorator.cancel(EurekaHttpClientDecorator.java:71)
	at com.netflix.discovery.shared.transport.decorator.EurekaHttpClientDecorator$2.execute(EurekaHttpClientDecorator.java:74)
	at com.netflix.discovery.shared.transport.decorator.SessionedEurekaHttpClient.execute(SessionedEurekaHttpClient.java:77)
	at com.netflix.discovery.shared.transport.decorator.EurekaHttpClientDecorator.cancel(EurekaHttpClientDecorator.java:71)
	at com.netflix.discovery.DiscoveryClient.unregister(DiscoveryClient.java:916)
	at com.netflix.discovery.DiscoveryClient.shutdown(DiscoveryClient.java:892)
	at java.base/jdk.internal.reflect.DirectMethodHandleAccessor.invoke(DirectMethodHandleAccessor.java:103)
	at java.base/java.lang.reflect.Method.invoke(Method.java:580)
	at org.springframework.beans.factory.annotation.InitDestroyAnnotationBeanPostProcessor$LifecycleMethod.invoke(InitDestroyAnnotationBeanPostProcessor.java:457)
	at org.springframework.beans.factory.annotation.InitDestroyAnnotationBeanPostProcessor$LifecycleMetadata.invokeDestroyMethods(InitDestroyAnnotationBeanPostProcessor.java:415)
	at org.springframework.beans.factory.annotation.InitDestroyAnnotationBeanPostProcessor.postProcessBeforeDestruction(InitDestroyAnnotationBeanPostProcessor.java:239)
	at org.springframework.beans.factory.support.DisposableBeanAdapter.destroy(DisposableBeanAdapter.java:202)
	at org.springframework.beans.factory.support.DisposableBeanAdapter.run(DisposableBeanAdapter.java:195)
	at org.springframework.cloud.context.scope.GenericScope$BeanLifecycleWrapper.destroy(GenericScope.java:389)
	at org.springframework.cloud.context.scope.GenericScope.destroy(GenericScope.java:136)
	at org.springframework.beans.factory.support.DisposableBeanAdapter.destroy(DisposableBeanAdapter.java:211)
	at org.springframework.beans.factory.support.DefaultSingletonBeanRegistry.destroyBean(DefaultSingletonBeanRegistry.java:587)
	at org.springframework.beans.factory.support.DefaultSingletonBeanRegistry.destroySingleton(DefaultSingletonBeanRegistry.java:559)
	at org.springframework.beans.factory.support.DefaultListableBeanFactory.destroySingleton(DefaultListableBeanFactory.java:1202)
	at org.springframework.beans.factory.support.DefaultSingletonBeanRegistry.destroySingletons(DefaultSingletonBeanRegistry.java:520)
	at org.springframework.beans.factory.support.DefaultListableBeanFactory.destroySingletons(DefaultListableBeanFactory.java:1195)
	at org.springframework.context.support.AbstractApplicationContext.destroyBeans(AbstractApplicationContext.java:1183)
	at org.springframework.context.support.AbstractApplicationContext.doClose(AbstractApplicationContext.java:1144)
	at org.springframework.boot.web.servlet.context.ServletWebServerApplicationContext.doClose(ServletWebServerApplicationContext.java:174)
	at org.springframework.context.support.AbstractApplicationContext.close(AbstractApplicationContext.java:1090)
	at org.springframework.boot.SpringApplicationShutdownHook.closeAndWait(SpringApplicationShutdownHook.java:145)
	at java.base/java.lang.Iterable.forEach(Iterable.java:75)
	at org.springframework.boot.SpringApplicationShutdownHook.run(SpringApplicationShutdownHook.java:114)
	at java.base/java.lang.Thread.run(Thread.java:1583)
Caused by: org.apache.hc.client5.http.HttpHostConnectException: Connect to http://localhost:8761 [localhost/127.0.0.1, localhost/0:0:0:0:0:0:0:1] failed: Connection refused: getsockopt
	at java.base/sun.nio.ch.Net.pollConnect(Native Method)
	at java.base/sun.nio.ch.Net.pollConnectNow(Net.java:682)
	at java.base/sun.nio.ch.NioSocketImpl.timedFinishConnect(NioSocketImpl.java:542)
	at java.base/sun.nio.ch.NioSocketImpl.connect(NioSocketImpl.java:592)
	at java.base/java.net.SocksSocketImpl.connect(SocksSocketImpl.java:327)
	at java.base/java.net.Socket.connect(Socket.java:751)
	at org.apache.hc.client5.http.socket.PlainConnectionSocketFactory.lambda$connectSocket$0(PlainConnectionSocketFactory.java:91)
	at java.base/java.security.AccessController.doPrivileged(AccessController.java:571)
	at org.apache.hc.client5.http.socket.PlainConnectionSocketFactory.connectSocket(PlainConnectionSocketFactory.java:90)
	at org.apache.hc.client5.http.socket.ConnectionSocketFactory.connectSocket(ConnectionSocketFactory.java:123)
	at org.apache.hc.client5.http.impl.io.DefaultHttpClientConnectionOperator.connect(DefaultHttpClientConnectionOperator.java:184)
	at org.apache.hc.client5.http.impl.io.PoolingHttpClientConnectionManager.connect(PoolingHttpClientConnectionManager.java:447)
	at org.apache.hc.client5.http.impl.classic.InternalExecRuntime.connectEndpoint(InternalExecRuntime.java:162)
	at org.apache.hc.client5.http.impl.classic.InternalExecRuntime.connectEndpoint(InternalExecRuntime.java:172)
	at org.apache.hc.client5.http.impl.classic.ConnectExec.execute(ConnectExec.java:142)
	at org.apache.hc.client5.http.impl.classic.ExecChainElement.execute(ExecChainElement.java:51)
	at org.apache.hc.client5.http.impl.classic.ProtocolExec.execute(ProtocolExec.java:192)
	at org.apache.hc.client5.http.impl.classic.ExecChainElement.execute(ExecChainElement.java:51)
	at org.apache.hc.client5.http.impl.classic.HttpRequestRetryExec.execute(HttpRequestRetryExec.java:96)
	at org.apache.hc.client5.http.impl.classic.ExecChainElement.execute(ExecChainElement.java:51)
	at org.apache.hc.client5.http.impl.classic.ContentCompressionExec.execute(ContentCompressionExec.java:152)
	at org.apache.hc.client5.http.impl.classic.ExecChainElement.execute(ExecChainElement.java:51)
	at org.apache.hc.client5.http.impl.classic.RedirectExec.execute(RedirectExec.java:115)
	at org.apache.hc.client5.http.impl.classic.ExecChainElement.execute(ExecChainElement.java:51)
	at org.apache.hc.client5.http.impl.classic.InternalHttpClient.doExecute(InternalHttpClient.java:170)
	at org.apache.hc.client5.http.impl.classic.CloseableHttpClient.execute(CloseableHttpClient.java:87)
	at org.apache.hc.client5.http.impl.classic.CloseableHttpClient.execute(CloseableHttpClient.java:55)
	at org.apache.hc.client5.http.classic.HttpClient.executeOpen(HttpClient.java:183)
	at org.springframework.http.client.HttpComponentsClientHttpRequest.executeInternal(HttpComponentsClientHttpRequest.java:95)
	at org.springframework.http.client.AbstractStreamingClientHttpRequest.executeInternal(AbstractStreamingClientHttpRequest.java:70)
	at org.springframework.http.client.AbstractClientHttpRequest.execute(AbstractClientHttpRequest.java:66)
	at org.springframework.http.client.InterceptingClientHttpRequest$InterceptingRequestExecution.execute(InterceptingClientHttpRequest.java:112)
	at org.springframework.cloud.netflix.eureka.http.RestTemplateTransportClientFactory.lambda$restTemplate$0(RestTemplateTransportClientFactory.java:143)
	at org.springframework.http.client.InterceptingClientHttpRequest$InterceptingRequestExecution.execute(InterceptingClientHttpRequest.java:88)
	at org.springframework.http.client.InterceptingClientHttpRequest.executeInternal(InterceptingClientHttpRequest.java:72)
	at org.springframework.http.client.AbstractBufferingClientHttpRequest.executeInternal(AbstractBufferingClientHttpRequest.java:48)
	at org.springframework.http.client.AbstractClientHttpRequest.execute(AbstractClientHttpRequest.java:66)
	at org.springframework.web.client.RestTemplate.doExecute(RestTemplate.java:889)
	... 37 more

2026-03-25T14:01:17.475+05:30  WARN 14572 --- [product-service] [SpringApplicationShutdownHook] c.n.d.s.t.d.RetryableEurekaHttpClient    : Request execution failed with message: I/O error on DELETE request for "http://localhost:8761/eureka/apps/PRODUCT-SERVICE/product-service:8082": Connect to http://localhost:8761 [localhost/127.0.0.1, localhost/0:0:0:0:0:0:0:1] failed: Connection refused: getsockopt
2026-03-25T14:01:17.945+05:30  INFO 14572 --- [product-service] [SpringApplicationShutdownHook] c.n.d.s.t.d.RedirectingEurekaHttpClient  : Request execution error. endpoint=DefaultEndpoint{ serviceUrl='http://localhost:8761/eureka/}, exception=I/O error on DELETE request for "http://localhost:8761/eureka/apps/PRODUCT-SERVICE/product-service:8082": Connect to http://localhost:8761 [localhost/127.0.0.1, localhost/0:0:0:0:0:0:0:1] failed: Connection refused: getsockopt stacktrace=org.springframework.web.client.ResourceAccessException: I/O error on DELETE request for "http://localhost:8761/eureka/apps/PRODUCT-SERVICE/product-service:8082": Connect to http://localhost:8761 [localhost/127.0.0.1, localhost/0:0:0:0:0:0:0:1] failed: Connection refused: getsockopt
	at org.springframework.web.client.RestTemplate.createResourceAccessException(RestTemplate.java:915)
	at org.springframework.web.client.RestTemplate.doExecute(RestTemplate.java:895)
	at org.springframework.web.client.RestTemplate.execute(RestTemplate.java:790)
	at org.springframework.web.client.RestTemplate.exchange(RestTemplate.java:672)
	at org.springframework.cloud.netflix.eureka.http.RestTemplateEurekaHttpClient.cancel(RestTemplateEurekaHttpClient.java:87)
	at com.netflix.discovery.shared.transport.decorator.EurekaHttpClientDecorator$2.execute(EurekaHttpClientDecorator.java:74)
	at com.netflix.discovery.shared.transport.decorator.RedirectingEurekaHttpClient.executeOnNewServer(RedirectingEurekaHttpClient.java:121)
	at com.netflix.discovery.shared.transport.decorator.RedirectingEurekaHttpClient.execute(RedirectingEurekaHttpClient.java:80)
	at com.netflix.discovery.shared.transport.decorator.EurekaHttpClientDecorator.cancel(EurekaHttpClientDecorator.java:71)
	at com.netflix.discovery.shared.transport.decorator.EurekaHttpClientDecorator$2.execute(EurekaHttpClientDecorator.java:74)
	at com.netflix.discovery.shared.transport.decorator.RetryableEurekaHttpClient.execute(RetryableEurekaHttpClient.java:120)
	at com.netflix.discovery.shared.transport.decorator.EurekaHttpClientDecorator.cancel(EurekaHttpClientDecorator.java:71)
	at com.netflix.discovery.shared.transport.decorator.EurekaHttpClientDecorator$2.execute(EurekaHttpClientDecorator.java:74)
	at com.netflix.discovery.shared.transport.decorator.SessionedEurekaHttpClient.execute(SessionedEurekaHttpClient.java:77)
	at com.netflix.discovery.shared.transport.decorator.EurekaHttpClientDecorator.cancel(EurekaHttpClientDecorator.java:71)
	at com.netflix.discovery.DiscoveryClient.unregister(DiscoveryClient.java:916)
	at com.netflix.discovery.DiscoveryClient.shutdown(DiscoveryClient.java:892)
	at java.base/jdk.internal.reflect.DirectMethodHandleAccessor.invoke(DirectMethodHandleAccessor.java:103)
	at java.base/java.lang.reflect.Method.invoke(Method.java:580)
	at org.springframework.beans.factory.annotation.InitDestroyAnnotationBeanPostProcessor$LifecycleMethod.invoke(InitDestroyAnnotationBeanPostProcessor.java:457)
	at org.springframework.beans.factory.annotation.InitDestroyAnnotationBeanPostProcessor$LifecycleMetadata.invokeDestroyMethods(InitDestroyAnnotationBeanPostProcessor.java:415)
	at org.springframework.beans.factory.annotation.InitDestroyAnnotationBeanPostProcessor.postProcessBeforeDestruction(InitDestroyAnnotationBeanPostProcessor.java:239)
	at org.springframework.beans.factory.support.DisposableBeanAdapter.destroy(DisposableBeanAdapter.java:202)
	at org.springframework.beans.factory.support.DisposableBeanAdapter.run(DisposableBeanAdapter.java:195)
	at org.springframework.cloud.context.scope.GenericScope$BeanLifecycleWrapper.destroy(GenericScope.java:389)
	at org.springframework.cloud.context.scope.GenericScope.destroy(GenericScope.java:136)
	at org.springframework.beans.factory.support.DisposableBeanAdapter.destroy(DisposableBeanAdapter.java:211)
	at org.springframework.beans.factory.support.DefaultSingletonBeanRegistry.destroyBean(DefaultSingletonBeanRegistry.java:587)
	at org.springframework.beans.factory.support.DefaultSingletonBeanRegistry.destroySingleton(DefaultSingletonBeanRegistry.java:559)
	at org.springframework.beans.factory.support.DefaultListableBeanFactory.destroySingleton(DefaultListableBeanFactory.java:1202)
	at org.springframework.beans.factory.support.DefaultSingletonBeanRegistry.destroySingletons(DefaultSingletonBeanRegistry.java:520)
	at org.springframework.beans.factory.support.DefaultListableBeanFactory.destroySingletons(DefaultListableBeanFactory.java:1195)
	at org.springframework.context.support.AbstractApplicationContext.destroyBeans(AbstractApplicationContext.java:1183)
	at org.springframework.context.support.AbstractApplicationContext.doClose(AbstractApplicationContext.java:1144)
	at org.springframework.boot.web.servlet.context.ServletWebServerApplicationContext.doClose(ServletWebServerApplicationContext.java:174)
	at org.springframework.context.support.AbstractApplicationContext.close(AbstractApplicationContext.java:1090)
	at org.springframework.boot.SpringApplicationShutdownHook.closeAndWait(SpringApplicationShutdownHook.java:145)
	at java.base/java.lang.Iterable.forEach(Iterable.java:75)
	at org.springframework.boot.SpringApplicationShutdownHook.run(SpringApplicationShutdownHook.java:114)
	at java.base/java.lang.Thread.run(Thread.java:1583)
Caused by: org.apache.hc.client5.http.HttpHostConnectException: Connect to http://localhost:8761 [localhost/127.0.0.1, localhost/0:0:0:0:0:0:0:1] failed: Connection refused: getsockopt
	at java.base/sun.nio.ch.Net.pollConnect(Native Method)
	at java.base/sun.nio.ch.Net.pollConnectNow(Net.java:682)
	at java.base/sun.nio.ch.NioSocketImpl.timedFinishConnect(NioSocketImpl.java:542)
	at java.base/sun.nio.ch.NioSocketImpl.connect(NioSocketImpl.java:592)
	at java.base/java.net.SocksSocketImpl.connect(SocksSocketImpl.java:327)
	at java.base/java.net.Socket.connect(Socket.java:751)
	at org.apache.hc.client5.http.socket.PlainConnectionSocketFactory.lambda$connectSocket$0(PlainConnectionSocketFactory.java:91)
	at java.base/java.security.AccessController.doPrivileged(AccessController.java:571)
	at org.apache.hc.client5.http.socket.PlainConnectionSocketFactory.connectSocket(PlainConnectionSocketFactory.java:90)
	at org.apache.hc.client5.http.socket.ConnectionSocketFactory.connectSocket(ConnectionSocketFactory.java:123)
	at org.apache.hc.client5.http.impl.io.DefaultHttpClientConnectionOperator.connect(DefaultHttpClientConnectionOperator.java:184)
	at org.apache.hc.client5.http.impl.io.PoolingHttpClientConnectionManager.connect(PoolingHttpClientConnectionManager.java:447)
	at org.apache.hc.client5.http.impl.classic.InternalExecRuntime.connectEndpoint(InternalExecRuntime.java:162)
	at org.apache.hc.client5.http.impl.classic.InternalExecRuntime.connectEndpoint(InternalExecRuntime.java:172)
	at org.apache.hc.client5.http.impl.classic.ConnectExec.execute(ConnectExec.java:142)
	at org.apache.hc.client5.http.impl.classic.ExecChainElement.execute(ExecChainElement.java:51)
	at org.apache.hc.client5.http.impl.classic.ProtocolExec.execute(ProtocolExec.java:192)
	at org.apache.hc.client5.http.impl.classic.ExecChainElement.execute(ExecChainElement.java:51)
	at org.apache.hc.client5.http.impl.classic.HttpRequestRetryExec.execute(HttpRequestRetryExec.java:96)
	at org.apache.hc.client5.http.impl.classic.ExecChainElement.execute(ExecChainElement.java:51)
	at org.apache.hc.client5.http.impl.classic.ContentCompressionExec.execute(ContentCompressionExec.java:152)
	at org.apache.hc.client5.http.impl.classic.ExecChainElement.execute(ExecChainElement.java:51)
	at org.apache.hc.client5.http.impl.classic.RedirectExec.execute(RedirectExec.java:115)
	at org.apache.hc.client5.http.impl.classic.ExecChainElement.execute(ExecChainElement.java:51)
	at org.apache.hc.client5.http.impl.classic.InternalHttpClient.doExecute(InternalHttpClient.java:170)
	at org.apache.hc.client5.http.impl.classic.CloseableHttpClient.execute(CloseableHttpClient.java:87)
	at org.apache.hc.client5.http.impl.classic.CloseableHttpClient.execute(CloseableHttpClient.java:55)
	at org.apache.hc.client5.http.classic.HttpClient.executeOpen(HttpClient.java:183)
	at org.springframework.http.client.HttpComponentsClientHttpRequest.executeInternal(HttpComponentsClientHttpRequest.java:95)
	at org.springframework.http.client.AbstractStreamingClientHttpRequest.executeInternal(AbstractStreamingClientHttpRequest.java:70)
	at org.springframework.http.client.AbstractClientHttpRequest.execute(AbstractClientHttpRequest.java:66)
	at org.springframework.http.client.InterceptingClientHttpRequest$InterceptingRequestExecution.execute(InterceptingClientHttpRequest.java:112)
	at org.springframework.cloud.netflix.eureka.http.RestTemplateTransportClientFactory.lambda$restTemplate$0(RestTemplateTransportClientFactory.java:143)
	at org.springframework.http.client.InterceptingClientHttpRequest$InterceptingRequestExecution.execute(InterceptingClientHttpRequest.java:88)
	at org.springframework.http.client.InterceptingClientHttpRequest.executeInternal(InterceptingClientHttpRequest.java:72)
	at org.springframework.http.client.AbstractBufferingClientHttpRequest.executeInternal(AbstractBufferingClientHttpRequest.java:48)
	at org.springframework.http.client.AbstractClientHttpRequest.execute(AbstractClientHttpRequest.java:66)
	at org.springframework.web.client.RestTemplate.doExecute(RestTemplate.java:889)
	... 38 more

2026-03-25T14:01:17.946+05:30  WARN 14572 --- [product-service] [SpringApplicationShutdownHook] c.n.d.s.t.d.RetryableEurekaHttpClient    : Request execution failed with message: I/O error on DELETE request for "http://localhost:8761/eureka/apps/PRODUCT-SERVICE/product-service:8082": Connect to http://localhost:8761 [localhost/127.0.0.1, localhost/0:0:0:0:0:0:0:1] failed: Connection refused: getsockopt
2026-03-25T14:01:17.946+05:30 ERROR 14572 --- [product-service] [SpringApplicationShutdownHook] com.netflix.discovery.DiscoveryClient    : DiscoveryClient_PRODUCT-SERVICE/product-service:8082 - de-registration failedCannot execute request on any known server

com.netflix.discovery.shared.transport.TransportException: Cannot execute request on any known server
	at com.netflix.discovery.shared.transport.decorator.RetryableEurekaHttpClient.execute(RetryableEurekaHttpClient.java:112) ~[eureka-client-2.0.1.jar:2.0.1]
	at com.netflix.discovery.shared.transport.decorator.EurekaHttpClientDecorator.cancel(EurekaHttpClientDecorator.java:71) ~[eureka-client-2.0.1.jar:2.0.1]
	at com.netflix.discovery.shared.transport.decorator.EurekaHttpClientDecorator$2.execute(EurekaHttpClientDecorator.java:74) ~[eureka-client-2.0.1.jar:2.0.1]
	at com.netflix.discovery.shared.transport.decorator.SessionedEurekaHttpClient.execute(SessionedEurekaHttpClient.java:77) ~[eureka-client-2.0.1.jar:2.0.1]
	at com.netflix.discovery.shared.transport.decorator.EurekaHttpClientDecorator.cancel(EurekaHttpClientDecorator.java:71) ~[eureka-client-2.0.1.jar:2.0.1]
	at com.netflix.discovery.DiscoveryClient.unregister(DiscoveryClient.java:916) ~[eureka-client-2.0.1.jar:2.0.1]
	at com.netflix.discovery.DiscoveryClient.shutdown(DiscoveryClient.java:892) ~[eureka-client-2.0.1.jar:2.0.1]
	at java.base/jdk.internal.reflect.DirectMethodHandleAccessor.invoke(DirectMethodHandleAccessor.java:103) ~[na:na]
	at java.base/java.lang.reflect.Method.invoke(Method.java:580) ~[na:na]
	at org.springframework.beans.factory.annotation.InitDestroyAnnotationBeanPostProcessor$LifecycleMethod.invoke(InitDestroyAnnotationBeanPostProcessor.java:457) ~[spring-beans-6.1.4.jar:6.1.4]
	at org.springframework.beans.factory.annotation.InitDestroyAnnotationBeanPostProcessor$LifecycleMetadata.invokeDestroyMethods(InitDestroyAnnotationBeanPostProcessor.java:415) ~[spring-beans-6.1.4.jar:6.1.4]
	at org.springframework.beans.factory.annotation.InitDestroyAnnotationBeanPostProcessor.postProcessBeforeDestruction(InitDestroyAnnotationBeanPostProcessor.java:239) ~[spring-beans-6.1.4.jar:6.1.4]
	at org.springframework.beans.factory.support.DisposableBeanAdapter.destroy(DisposableBeanAdapter.java:202) ~[spring-beans-6.1.4.jar:6.1.4]
	at org.springframework.beans.factory.support.DisposableBeanAdapter.run(DisposableBeanAdapter.java:195) ~[spring-beans-6.1.4.jar:6.1.4]
	at org.springframework.cloud.context.scope.GenericScope$BeanLifecycleWrapper.destroy(GenericScope.java:389) ~[spring-cloud-context-4.1.0.jar:4.1.0]
	at org.springframework.cloud.context.scope.GenericScope.destroy(GenericScope.java:136) ~[spring-cloud-context-4.1.0.jar:4.1.0]
	at org.springframework.beans.factory.support.DisposableBeanAdapter.destroy(DisposableBeanAdapter.java:211) ~[spring-beans-6.1.4.jar:6.1.4]
	at org.springframework.beans.factory.support.DefaultSingletonBeanRegistry.destroyBean(DefaultSingletonBeanRegistry.java:587) ~[spring-beans-6.1.4.jar:6.1.4]
	at org.springframework.beans.factory.support.DefaultSingletonBeanRegistry.destroySingleton(DefaultSingletonBeanRegistry.java:559) ~[spring-beans-6.1.4.jar:6.1.4]
	at org.springframework.beans.factory.support.DefaultListableBeanFactory.destroySingleton(DefaultListableBeanFactory.java:1202) ~[spring-beans-6.1.4.jar:6.1.4]
	at org.springframework.beans.factory.support.DefaultSingletonBeanRegistry.destroySingletons(DefaultSingletonBeanRegistry.java:520) ~[spring-beans-6.1.4.jar:6.1.4]
	at org.springframework.beans.factory.support.DefaultListableBeanFactory.destroySingletons(DefaultListableBeanFactory.java:1195) ~[spring-beans-6.1.4.jar:6.1.4]
	at org.springframework.context.support.AbstractApplicationContext.destroyBeans(AbstractApplicationContext.java:1183) ~[spring-context-6.1.4.jar:6.1.4]
	at org.springframework.context.support.AbstractApplicationContext.doClose(AbstractApplicationContext.java:1144) ~[spring-context-6.1.4.jar:6.1.4]
	at org.springframework.boot.web.servlet.context.ServletWebServerApplicationContext.doClose(ServletWebServerApplicationContext.java:174) ~[spring-boot-3.2.3.jar:3.2.3]
	at org.springframework.context.support.AbstractApplicationContext.close(AbstractApplicationContext.java:1090) ~[spring-context-6.1.4.jar:6.1.4]
	at org.springframework.boot.SpringApplicationShutdownHook.closeAndWait(SpringApplicationShutdownHook.java:145) ~[spring-boot-3.2.3.jar:3.2.3]
	at java.base/java.lang.Iterable.forEach(Iterable.java:75) ~[na:na]
	at org.springframework.boot.SpringApplicationShutdownHook.run(SpringApplicationShutdownHook.java:114) ~[spring-boot-3.2.3.jar:3.2.3]
	at java.base/java.lang.Thread.run(Thread.java:1583) ~[na:na]

2026-03-25T14:01:18.326+05:30  INFO 14572 --- [product-service] [SpringApplicationShutdownHook] com.netflix.discovery.DiscoveryClient    : Completed shut down of DiscoveryClient
2026-03-25T14:27:48.964+05:30  INFO 3652 --- [product-service] [main] c.e.p.ProductServiceApplication          : Starting ProductServiceApplication using Java 21.0.2 with PID 3652 (F:\Ecommerce Production Level Application\product-service\target\classes started by nanda royality in F:\Ecommerce Production Level Application\user-service)
2026-03-25T14:27:48.994+05:30 DEBUG 3652 --- [product-service] [main] c.e.p.ProductServiceApplication          : Running with Spring Boot v3.2.3, Spring v6.1.4
2026-03-25T14:27:48.995+05:30  INFO 3652 --- [product-service] [main] c.e.p.ProductServiceApplication          : No active profile set, falling back to 1 default profile: "default"
2026-03-25T14:28:01.178+05:30  INFO 3652 --- [product-service] [main] .s.d.r.c.RepositoryConfigurationDelegate : Multiple Spring Data modules found, entering strict repository configuration mode
2026-03-25T14:28:01.182+05:30  INFO 3652 --- [product-service] [main] .s.d.r.c.RepositoryConfigurationDelegate : Bootstrapping Spring Data JPA repositories in DEFAULT mode.
2026-03-25T14:28:01.611+05:30  INFO 3652 --- [product-service] [main] .s.d.r.c.RepositoryConfigurationDelegate : Finished Spring Data repository scanning in 408 ms. Found 5 JPA repository interfaces.
2026-03-25T14:28:02.607+05:30  INFO 3652 --- [product-service] [main] o.s.cloud.context.scope.GenericScope     : BeanFactory id=d813ef7e-d178-3557-8b87-0fa4396fa45c
2026-03-25T14:28:03.398+05:30  WARN 3652 --- [product-service] [main] trationDelegate$BeanPostProcessorChecker : Bean 'org.springframework.cloud.client.loadbalancer.LoadBalancerAutoConfiguration$RetryInterceptorAutoConfiguration' of type [org.springframework.cloud.client.loadbalancer.LoadBalancerAutoConfiguration$RetryInterceptorAutoConfiguration] is not eligible for getting processed by all BeanPostProcessors (for example: not eligible for auto-proxying). The currently created BeanPostProcessor [lbRestClientPostProcessor] is declared through a non-static factory method on that class; consider declaring it as static instead.
2026-03-25T14:28:03.406+05:30  WARN 3652 --- [product-service] [main] trationDelegate$BeanPostProcessorChecker : Bean 'org.springframework.cloud.loadbalancer.config.BlockingLoadBalancerClientAutoConfiguration' of type [org.springframework.cloud.loadbalancer.config.BlockingLoadBalancerClientAutoConfiguration] is not eligible for getting processed by all BeanPostProcessors (for example: not eligible for auto-proxying). Is this bean getting eagerly injected into a currently created BeanPostProcessor [lbRestClientPostProcessor]? Check the corresponding BeanPostProcessor declaration and its dependencies.
2026-03-25T14:28:03.414+05:30  WARN 3652 --- [product-service] [main] trationDelegate$BeanPostProcessorChecker : Bean 'org.springframework.cloud.loadbalancer.config.LoadBalancerAutoConfiguration' of type [org.springframework.cloud.loadbalancer.config.LoadBalancerAutoConfiguration] is not eligible for getting processed by all BeanPostProcessors (for example: not eligible for auto-proxying). Is this bean getting eagerly injected into a currently created BeanPostProcessor [lbRestClientPostProcessor]? Check the corresponding BeanPostProcessor declaration and its dependencies.
2026-03-25T14:28:03.432+05:30  WARN 3652 --- [product-service] [main] trationDelegate$BeanPostProcessorChecker : Bean 'org.springframework.cloud.commons.config.CommonsConfigAutoConfiguration' of type [org.springframework.cloud.commons.config.CommonsConfigAutoConfiguration] is not eligible for getting processed by all BeanPostProcessors (for example: not eligible for auto-proxying). Is this bean getting eagerly injected into a currently created BeanPostProcessor [lbRestClientPostProcessor]? Check the corresponding BeanPostProcessor declaration and its dependencies.
2026-03-25T14:28:03.439+05:30  WARN 3652 --- [product-service] [main] trationDelegate$BeanPostProcessorChecker : Bean 'org.springframework.cloud.client.loadbalancer.LoadBalancerDefaultMappingsProviderAutoConfiguration' of type [org.springframework.cloud.client.loadbalancer.LoadBalancerDefaultMappingsProviderAutoConfiguration] is not eligible for getting processed by all BeanPostProcessors (for example: not eligible for auto-proxying). Is this bean getting eagerly injected into a currently created BeanPostProcessor [lbRestClientPostProcessor]? Check the corresponding BeanPostProcessor declaration and its dependencies.
2026-03-25T14:28:03.442+05:30  WARN 3652 --- [product-service] [main] trationDelegate$BeanPostProcessorChecker : Bean 'loadBalancerClientsDefaultsMappingsProvider' of type [org.springframework.cloud.client.loadbalancer.LoadBalancerDefaultMappingsProviderAutoConfiguration$$Lambda/0x0000025f90516600] is not eligible for getting processed by all BeanPostProcessors (for example: not eligible for auto-proxying). Is this bean getting eagerly injected into a currently created BeanPostProcessor [lbRestClientPostProcessor]? Check the corresponding BeanPostProcessor declaration and its dependencies.
2026-03-25T14:28:03.449+05:30  WARN 3652 --- [product-service] [main] trationDelegate$BeanPostProcessorChecker : Bean 'defaultsBindHandlerAdvisor' of type [org.springframework.cloud.commons.config.DefaultsBindHandlerAdvisor] is not eligible for getting processed by all BeanPostProcessors (for example: not eligible for auto-proxying). Is this bean getting eagerly injected into a currently created BeanPostProcessor [lbRestClientPostProcessor]? Check the corresponding BeanPostProcessor declaration and its dependencies.
2026-03-25T14:28:03.459+05:30  WARN 3652 --- [product-service] [main] trationDelegate$BeanPostProcessorChecker : Bean 'org.springframework.boot.autoconfigure.flyway.FlywayAutoConfiguration' of type [org.springframework.boot.autoconfigure.flyway.FlywayAutoConfiguration] is not eligible for getting processed by all BeanPostProcessors (for example: not eligible for auto-proxying). Is this bean getting eagerly injected into a currently created BeanPostProcessor [lbRestClientPostProcessor]? Check the corresponding BeanPostProcessor declaration and its dependencies.
2026-03-25T14:28:03.464+05:30  WARN 3652 --- [product-service] [main] trationDelegate$BeanPostProcessorChecker : Bean 'stringOrNumberMigrationVersionConverter' of type [org.springframework.boot.autoconfigure.flyway.FlywayAutoConfiguration$StringOrNumberToMigrationVersionConverter] is not eligible for getting processed by all BeanPostProcessors (for example: not eligible for auto-proxying). Is this bean getting eagerly injected into a currently created BeanPostProcessor [lbRestClientPostProcessor]? Check the corresponding BeanPostProcessor declaration and its dependencies.
2026-03-25T14:28:03.477+05:30  WARN 3652 --- [product-service] [main] trationDelegate$BeanPostProcessorChecker : Bean 'spring.cloud.loadbalancer-org.springframework.cloud.client.loadbalancer.LoadBalancerClientsProperties' of type [org.springframework.cloud.client.loadbalancer.LoadBalancerClientsProperties] is not eligible for getting processed by all BeanPostProcessors (for example: not eligible for auto-proxying). Is this bean getting eagerly injected into a currently created BeanPostProcessor [lbRestClientPostProcessor]? Check the corresponding BeanPostProcessor declaration and its dependencies.
2026-03-25T14:28:03.490+05:30  WARN 3652 --- [product-service] [main] trationDelegate$BeanPostProcessorChecker : Bean 'default.org.springframework.cloud.loadbalancer.config.LoadBalancerAutoConfiguration.LoadBalancerClientSpecification' of type [org.springframework.cloud.loadbalancer.annotation.LoadBalancerClientSpecification] is not eligible for getting processed by all BeanPostProcessors (for example: not eligible for auto-proxying). Is this bean getting eagerly injected into a currently created BeanPostProcessor [lbRestClientPostProcessor]? Check the corresponding BeanPostProcessor declaration and its dependencies.
2026-03-25T14:28:03.494+05:30  WARN 3652 --- [product-service] [main] trationDelegate$BeanPostProcessorChecker : Bean 'default.org.springframework.cloud.loadbalancer.config.BlockingLoadBalancerClientAutoConfiguration.LoadBalancerClientSpecification' of type [org.springframework.cloud.loadbalancer.annotation.LoadBalancerClientSpecification] is not eligible for getting processed by all BeanPostProcessors (for example: not eligible for auto-proxying). Is this bean getting eagerly injected into a currently created BeanPostProcessor [lbRestClientPostProcessor]? Check the corresponding BeanPostProcessor declaration and its dependencies.
2026-03-25T14:28:03.496+05:30  WARN 3652 --- [product-service] [main] trationDelegate$BeanPostProcessorChecker : Bean 'default.org.springframework.cloud.netflix.eureka.loadbalancer.LoadBalancerEurekaAutoConfiguration.LoadBalancerClientSpecification' of type [org.springframework.cloud.loadbalancer.annotation.LoadBalancerClientSpecification] is not eligible for getting processed by all BeanPostProcessors (for example: not eligible for auto-proxying). Is this bean getting eagerly injected into a currently created BeanPostProcessor [lbRestClientPostProcessor]? Check the corresponding BeanPostProcessor declaration and its dependencies.
2026-03-25T14:28:03.498+05:30  WARN 3652 --- [product-service] [main] trationDelegate$BeanPostProcessorChecker : Bean 'loadBalancerClientFactory' of type [org.springframework.cloud.loadbalancer.support.LoadBalancerClientFactory] is not eligible for getting processed by all BeanPostProcessors (for example: not eligible for auto-proxying). Is this bean getting eagerly injected into a currently created BeanPostProcessor [lbRestClientPostProcessor]? Check the corresponding BeanPostProcessor declaration and its dependencies.
2026-03-25T14:28:03.509+05:30  WARN 3652 --- [product-service] [main] trationDelegate$BeanPostProcessorChecker : Bean 'blockingLoadBalancerClient' of type [org.springframework.cloud.loadbalancer.blocking.client.BlockingLoadBalancerClient] is not eligible for getting processed by all BeanPostProcessors (for example: not eligible for auto-proxying). Is this bean getting eagerly injected into a currently created BeanPostProcessor [lbRestClientPostProcessor]? Check the corresponding BeanPostProcessor declaration and its dependencies.
2026-03-25T14:28:03.524+05:30  WARN 3652 --- [product-service] [main] trationDelegate$BeanPostProcessorChecker : Bean 'loadBalancerServiceInstanceCookieTransformer' of type [org.springframework.cloud.loadbalancer.core.LoadBalancerServiceInstanceCookieTransformer] is not eligible for getting processed by all BeanPostProcessors (for example: not eligible for auto-proxying). Is this bean getting eagerly injected into a currently created BeanPostProcessor [lbRestClientPostProcessor]? Check the corresponding BeanPostProcessor declaration and its dependencies.
2026-03-25T14:28:03.529+05:30  WARN 3652 --- [product-service] [main] trationDelegate$BeanPostProcessorChecker : Bean 'xForwarderHeadersTransformer' of type [org.springframework.cloud.loadbalancer.blocking.XForwardedHeadersTransformer] is not eligible for getting processed by all BeanPostProcessors (for example: not eligible for auto-proxying). Is this bean getting eagerly injected into a currently created BeanPostProcessor [lbRestClientPostProcessor]? Check the corresponding BeanPostProcessor declaration and its dependencies.
2026-03-25T14:28:03.532+05:30  WARN 3652 --- [product-service] [main] trationDelegate$BeanPostProcessorChecker : Bean 'org.springframework.cloud.client.loadbalancer.LoadBalancerAutoConfiguration' of type [org.springframework.cloud.client.loadbalancer.LoadBalancerAutoConfiguration] is not eligible for getting processed by all BeanPostProcessors (for example: not eligible for auto-proxying). Is this bean getting eagerly injected into a currently created BeanPostProcessor [lbRestClientPostProcessor]? Check the corresponding BeanPostProcessor declaration and its dependencies.
2026-03-25T14:28:03.537+05:30  WARN 3652 --- [product-service] [main] trationDelegate$BeanPostProcessorChecker : Bean 'loadBalancerRequestFactory' of type [org.springframework.cloud.client.loadbalancer.LoadBalancerRequestFactory] is not eligible for getting processed by all BeanPostProcessors (for example: not eligible for auto-proxying). Is this bean getting eagerly injected into a currently created BeanPostProcessor [lbRestClientPostProcessor]? Check the corresponding BeanPostProcessor declaration and its dependencies.
2026-03-25T14:28:03.542+05:30  WARN 3652 --- [product-service] [main] trationDelegate$BeanPostProcessorChecker : Bean 'org.springframework.cloud.loadbalancer.config.BlockingLoadBalancerClientAutoConfiguration$BlockingLoadBalancerRetryConfig' of type [org.springframework.cloud.loadbalancer.config.BlockingLoadBalancerClientAutoConfiguration$BlockingLoadBalancerRetryConfig$$SpringCGLIB$$0] is not eligible for getting processed by all BeanPostProcessors (for example: not eligible for auto-proxying). Is this bean getting eagerly injected into a currently created BeanPostProcessor [lbRestClientPostProcessor]? Check the corresponding BeanPostProcessor declaration and its dependencies.
2026-03-25T14:28:03.550+05:30  WARN 3652 --- [product-service] [main] trationDelegate$BeanPostProcessorChecker : Bean 'loadBalancedRetryFactory' of type [org.springframework.cloud.loadbalancer.blocking.retry.BlockingLoadBalancedRetryFactory] is not eligible for getting processed by all BeanPostProcessors (for example: not eligible for auto-proxying). Is this bean getting eagerly injected into a currently created BeanPostProcessor [lbRestClientPostProcessor]? Check the corresponding BeanPostProcessor declaration and its dependencies.
2026-03-25T14:28:03.561+05:30  WARN 3652 --- [product-service] [main] trationDelegate$BeanPostProcessorChecker : Bean 'loadBalancerInterceptor' of type [org.springframework.cloud.client.loadbalancer.RetryLoadBalancerInterceptor] is not eligible for getting processed by all BeanPostProcessors (for example: not eligible for auto-proxying). Is this bean getting eagerly injected into a currently created BeanPostProcessor [lbRestClientPostProcessor]? Check the corresponding BeanPostProcessor declaration and its dependencies.
2026-03-25T14:28:04.132+05:30  INFO 3652 --- [product-service] [main] o.s.b.w.embedded.tomcat.TomcatWebServer  : Tomcat initialized with port 8082 (http)
2026-03-25T14:28:04.155+05:30  INFO 3652 --- [product-service] [main] o.apache.catalina.core.StandardService   : Starting service [Tomcat]
2026-03-25T14:28:04.156+05:30  INFO 3652 --- [product-service] [main] o.apache.catalina.core.StandardEngine    : Starting Servlet engine: [Apache Tomcat/10.1.19]
2026-03-25T14:28:04.322+05:30  INFO 3652 --- [product-service] [main] o.a.c.c.C.[Tomcat].[localhost].[/]       : Initializing Spring embedded WebApplicationContext
2026-03-25T14:28:04.322+05:30  INFO 3652 --- [product-service] [main] w.s.c.ServletWebServerApplicationContext : Root WebApplicationContext: initialization completed in 15212 ms
2026-03-25T14:28:04.783+05:30 DEBUG 3652 --- [product-service] [main] c.e.p.security.JwtAuthenticationFilter   : Filter 'jwtAuthenticationFilter' configured for use
2026-03-25T14:28:04.952+05:30  INFO 3652 --- [product-service] [main] com.zaxxer.hikari.HikariDataSource       : ProductServicePool - Starting...
2026-03-25T14:28:07.081+05:30  INFO 3652 --- [product-service] [main] com.zaxxer.hikari.pool.HikariPool        : ProductServicePool - Added connection com.mysql.cj.jdbc.ConnectionImpl@5ba36c83
2026-03-25T14:28:07.084+05:30  INFO 3652 --- [product-service] [main] com.zaxxer.hikari.HikariDataSource       : ProductServicePool - Start completed.
2026-03-25T14:28:07.364+05:30  INFO 3652 --- [product-service] [main] o.f.c.internal.license.VersionPrinter    : Flyway Community Edition 9.22.3 by Redgate
2026-03-25T14:28:07.364+05:30  INFO 3652 --- [product-service] [main] o.f.c.internal.license.VersionPrinter    : See release notes here: https://rd.gt/416ObMi
2026-03-25T14:28:07.365+05:30  INFO 3652 --- [product-service] [main] o.f.c.internal.license.VersionPrinter    : 
2026-03-25T14:28:10.069+05:30  INFO 3652 --- [product-service] [main] org.flywaydb.core.FlywayExecutor         : Database: jdbc:mysql://localhost:3306/product_db (MySQL 8.0)
2026-03-25T14:28:10.808+05:30  INFO 3652 --- [product-service] [main] o.f.core.internal.command.DbValidate     : Successfully validated 0 migrations (execution time 00:00.460s)
2026-03-25T14:28:10.808+05:30  WARN 3652 --- [product-service] [main] o.f.core.internal.command.DbValidate     : No migrations found. Are your locations set up correctly?
2026-03-25T14:28:10.822+05:30  INFO 3652 --- [product-service] [main] o.f.core.internal.command.DbMigrate      : Current version of schema `product_db`: << Empty Schema >>
2026-03-25T14:28:10.827+05:30  INFO 3652 --- [product-service] [main] o.f.core.internal.command.DbMigrate      : Schema `product_db` is up to date. No migration necessary.
2026-03-25T14:28:11.010+05:30  INFO 3652 --- [product-service] [main] o.hibernate.jpa.internal.util.LogHelper  : HHH000204: Processing PersistenceUnitInfo [name: default]
2026-03-25T14:28:11.093+05:30  INFO 3652 --- [product-service] [main] org.hibernate.Version                    : HHH000412: Hibernate ORM core version 6.4.4.Final
2026-03-25T14:28:11.160+05:30  INFO 3652 --- [product-service] [main] o.h.c.internal.RegionFactoryInitiator    : HHH000026: Second-level cache disabled
2026-03-25T14:28:11.443+05:30  INFO 3652 --- [product-service] [main] o.s.o.j.p.SpringPersistenceUnitInfo      : No LoadTimeWeaver setup: ignoring JPA class transformer
2026-03-25T14:28:11.687+05:30  WARN 3652 --- [product-service] [main] org.hibernate.orm.deprecation            : HHH90000025: MySQLDialect does not need to be specified explicitly using 'hibernate.dialect' (remove the property setting and it will be selected by default)
2026-03-25T14:28:13.161+05:30  INFO 3652 --- [product-service] [main] o.h.e.t.j.p.i.JtaPlatformInitiator       : HHH000489: No JTA platform available (set 'hibernate.transaction.jta.platform' to enable JTA platform integration)
2026-03-25T14:28:15.221+05:30  INFO 3652 --- [product-service] [main] j.LocalContainerEntityManagerFactoryBean : Initialized JPA EntityManagerFactory for persistence unit 'default'
2026-03-25T14:28:18.650+05:30  INFO 3652 --- [product-service] [main] o.s.d.j.r.query.QueryEnhancerFactory     : Hibernate is in classpath; If applicable, HQL parser will be used.
2026-03-25T14:28:22.664+05:30  WARN 3652 --- [product-service] [main] .s.s.UserDetailsServiceAutoConfiguration : 

Using generated security password: 5d36a381-8af7-48e5-a80b-cd5e98d99305

This generated password is for development use only. Your security configuration must be updated before running your application in production.

2026-03-25T14:28:24.463+05:30  INFO 3652 --- [product-service] [main] o.s.b.a.e.web.EndpointLinksResolver      : Exposing 1 endpoint(s) beneath base path '/actuator'
2026-03-25T14:28:24.838+05:30  INFO 3652 --- [product-service] [main] o.s.s.web.DefaultSecurityFilterChain     : Will secure any request with [org.springframework.security.web.session.DisableEncodeUrlFilter@4562a439, org.springframework.security.web.context.request.async.WebAsyncManagerIntegrationFilter@2c93b7d, org.springframework.security.web.context.SecurityContextHolderFilter@2b5eeae4, org.springframework.security.web.header.HeaderWriterFilter@7b4fda93, org.springframework.web.filter.CorsFilter@63b66b0f, org.springframework.security.web.authentication.logout.LogoutFilter@60171633, com.ecommerce.product_service.security.JwtAuthenticationFilter@25b20860, org.springframework.security.web.savedrequest.RequestCacheAwareFilter@68f4a142, org.springframework.security.web.servletapi.SecurityContextHolderAwareRequestFilter@c13ee03, org.springframework.security.web.authentication.AnonymousAuthenticationFilter@798c002f, org.springframework.security.web.session.SessionManagementFilter@637ae337, org.springframework.security.web.access.ExceptionTranslationFilter@290b031e, org.springframework.security.web.access.intercept.AuthorizationFilter@7fbcd3f0]
2026-03-25T14:28:32.433+05:30  INFO 3652 --- [product-service] [main] DiscoveryClientOptionalArgsConfiguration : Eureka HTTP Client uses RestTemplate.
2026-03-25T14:28:32.531+05:30  WARN 3652 --- [product-service] [main] iguration$LoadBalancerCaffeineWarnLogger : Spring Cloud LoadBalancer is currently working with the default cache. While this cache implementation is useful for development and tests, it's recommended to use Caffeine cache in production.You can switch to using Caffeine cache, by adding it and org.springframework.cache.caffeine.CaffeineCacheManager to the classpath.
2026-03-25T14:28:32.746+05:30  INFO 3652 --- [product-service] [main] o.a.k.clients.admin.AdminClientConfig    : AdminClientConfig values: 
	auto.include.jmx.reporter = true
	bootstrap.servers = [localhost:9092]
	client.dns.lookup = use_all_dns_ips
	client.id = 
	connections.max.idle.ms = 300000
	default.api.timeout.ms = 60000
	metadata.max.age.ms = 300000
	metric.reporters = []
	metrics.num.samples = 2
	metrics.recording.level = INFO
	metrics.sample.window.ms = 30000
	receive.buffer.bytes = 65536
	reconnect.backoff.max.ms = 1000
	reconnect.backoff.ms = 50
	request.timeout.ms = 30000
	retries = 2147483647
	retry.backoff.ms = 100
	sasl.client.callback.handler.class = null
	sasl.jaas.config = null
	sasl.kerberos.kinit.cmd = /usr/bin/kinit
	sasl.kerberos.min.time.before.relogin = 60000
	sasl.kerberos.service.name = null
	sasl.kerberos.ticket.renew.jitter = 0.05
	sasl.kerberos.ticket.renew.window.factor = 0.8
	sasl.login.callback.handler.class = null
	sasl.login.class = null
	sasl.login.connect.timeout.ms = null
	sasl.login.read.timeout.ms = null
	sasl.login.refresh.buffer.seconds = 300
	sasl.login.refresh.min.period.seconds = 60
	sasl.login.refresh.window.factor = 0.8
	sasl.login.refresh.window.jitter = 0.05
	sasl.login.retry.backoff.max.ms = 10000
	sasl.login.retry.backoff.ms = 100
	sasl.mechanism = GSSAPI
	sasl.oauthbearer.clock.skew.seconds = 30
	sasl.oauthbearer.expected.audience = null
	sasl.oauthbearer.expected.issuer = null
	sasl.oauthbearer.jwks.endpoint.refresh.ms = 3600000
	sasl.oauthbearer.jwks.endpoint.retry.backoff.max.ms = 10000
	sasl.oauthbearer.jwks.endpoint.retry.backoff.ms = 100
	sasl.oauthbearer.jwks.endpoint.url = null
	sasl.oauthbearer.scope.claim.name = scope
	sasl.oauthbearer.sub.claim.name = sub
	sasl.oauthbearer.token.endpoint.url = null
	security.protocol = PLAINTEXT
	security.providers = null
	send.buffer.bytes = 131072
	socket.connection.setup.timeout.max.ms = 30000
	socket.connection.setup.timeout.ms = 10000
	ssl.cipher.suites = null
	ssl.enabled.protocols = [TLSv1.2, TLSv1.3]
	ssl.endpoint.identification.algorithm = https
	ssl.engine.factory.class = null
	ssl.key.password = null
	ssl.keymanager.algorithm = SunX509
	ssl.keystore.certificate.chain = null
	ssl.keystore.key = null
	ssl.keystore.location = null
	ssl.keystore.password = null
	ssl.keystore.type = JKS
	ssl.protocol = TLSv1.3
	ssl.provider = null
	ssl.secure.random.implementation = null
	ssl.trustmanager.algorithm = PKIX
	ssl.truststore.certificates = null
	ssl.truststore.location = null
	ssl.truststore.password = null
	ssl.truststore.type = JKS

2026-03-25T14:28:33.140+05:30  INFO 3652 --- [product-service] [main] o.a.kafka.common.utils.AppInfoParser     : Kafka version: 3.6.1
2026-03-25T14:28:33.140+05:30  INFO 3652 --- [product-service] [main] o.a.kafka.common.utils.AppInfoParser     : Kafka commitId: 5e3c2b738d253ff5
2026-03-25T14:28:33.140+05:30  INFO 3652 --- [product-service] [main] o.a.kafka.common.utils.AppInfoParser     : Kafka startTimeMs: 1774429113138
2026-03-25T14:28:38.012+05:30  INFO 3652 --- [product-service] [kafka-admin-client-thread | adminclient-1] o.a.kafka.common.utils.AppInfoParser     : App info kafka.admin.client for adminclient-1 unregistered
2026-03-25T14:28:38.030+05:30  INFO 3652 --- [product-service] [kafka-admin-client-thread | adminclient-1] o.apache.kafka.common.metrics.Metrics    : Metrics scheduler closed
2026-03-25T14:28:38.030+05:30  INFO 3652 --- [product-service] [kafka-admin-client-thread | adminclient-1] o.apache.kafka.common.metrics.Metrics    : Closing reporter org.apache.kafka.common.metrics.JmxReporter
2026-03-25T14:28:38.031+05:30  INFO 3652 --- [product-service] [kafka-admin-client-thread | adminclient-1] o.apache.kafka.common.metrics.Metrics    : Metrics reporters closed
2026-03-25T14:28:38.085+05:30  INFO 3652 --- [product-service] [main] o.s.c.n.eureka.InstanceInfoFactory       : Setting initial instance status as: STARTING
2026-03-25T14:28:38.180+05:30  INFO 3652 --- [product-service] [main] com.netflix.discovery.DiscoveryClient    : Initializing Eureka in region us-east-1
2026-03-25T14:28:38.192+05:30  INFO 3652 --- [product-service] [main] c.n.d.s.r.aws.ConfigClusterResolver      : Resolving eureka endpoints via configuration
2026-03-25T14:28:38.253+05:30  INFO 3652 --- [product-service] [main] com.netflix.discovery.DiscoveryClient    : Disable delta property : false
2026-03-25T14:28:38.253+05:30  INFO 3652 --- [product-service] [main] com.netflix.discovery.DiscoveryClient    : Single vip registry refresh property : null
2026-03-25T14:28:38.253+05:30  INFO 3652 --- [product-service] [main] com.netflix.discovery.DiscoveryClient    : Force full registry fetch : false
2026-03-25T14:28:38.253+05:30  INFO 3652 --- [product-service] [main] com.netflix.discovery.DiscoveryClient    : Application is null : false
2026-03-25T14:28:38.253+05:30  INFO 3652 --- [product-service] [main] com.netflix.discovery.DiscoveryClient    : Registered Applications size is zero : true
2026-03-25T14:28:38.253+05:30  INFO 3652 --- [product-service] [main] com.netflix.discovery.DiscoveryClient    : Application version is -1: true
2026-03-25T14:28:38.253+05:30  INFO 3652 --- [product-service] [main] com.netflix.discovery.DiscoveryClient    : Getting all instance registry info from the eureka server
2026-03-25T14:28:39.764+05:30  INFO 3652 --- [product-service] [main] com.netflix.discovery.DiscoveryClient    : The response status is 200
2026-03-25T14:28:39.772+05:30  INFO 3652 --- [product-service] [main] com.netflix.discovery.DiscoveryClient    : Starting heartbeat executor: renew interval is: 30
2026-03-25T14:28:39.777+05:30  INFO 3652 --- [product-service] [main] c.n.discovery.InstanceInfoReplicator     : InstanceInfoReplicator onDemand update allowed rate per min is 4
2026-03-25T14:28:39.790+05:30  INFO 3652 --- [product-service] [main] com.netflix.discovery.DiscoveryClient    : Discovery Client initialized at timestamp 1774429119785 with initial instances count: 1
2026-03-25T14:28:39.797+05:30  INFO 3652 --- [product-service] [main] o.s.c.n.e.s.EurekaServiceRegistry        : Registering application PRODUCT-SERVICE with eureka with status UP
2026-03-25T14:28:39.799+05:30  INFO 3652 --- [product-service] [main] com.netflix.discovery.DiscoveryClient    : Saw local status change event StatusChangeEvent [timestamp=1774429119799, current=UP, previous=STARTING]
2026-03-25T14:28:39.803+05:30  INFO 3652 --- [product-service] [DiscoveryClient-InstanceInfoReplicator-0] com.netflix.discovery.DiscoveryClient    : DiscoveryClient_PRODUCT-SERVICE/product-service:8082: registering service...
2026-03-25T14:28:39.835+05:30  INFO 3652 --- [product-service] [main] o.s.b.w.embedded.tomcat.TomcatWebServer  : Tomcat started on port 8082 (http) with context path ''
2026-03-25T14:28:39.838+05:30  INFO 3652 --- [product-service] [main] .s.c.n.e.s.EurekaAutoServiceRegistration : Updating port to 8082
2026-03-25T14:28:39.885+05:30  INFO 3652 --- [product-service] [main] c.e.p.ProductServiceApplication          : Started ProductServiceApplication in 52.023 seconds (process running for 53.353)
2026-03-25T14:28:39.927+05:30  INFO 3652 --- [product-service] [DiscoveryClient-InstanceInfoReplicator-0] com.netflix.discovery.DiscoveryClient    : DiscoveryClient_PRODUCT-SERVICE/product-service:8082 - registration status: 204
2026-03-25T14:33:42.765+05:30  INFO 3652 --- [product-service] [AsyncResolver-bootstrap-executor-0] c.n.d.s.r.aws.ConfigClusterResolver      : Resolving eureka endpoints via configuration
2026-03-25T14:38:50.054+05:30  INFO 3652 --- [product-service] [AsyncResolver-bootstrap-executor-0] c.n.d.s.r.aws.ConfigClusterResolver      : Resolving eureka endpoints via configuration
2026-03-25T15:13:41.546+05:30  INFO 22216 --- [product-service] [main] c.e.p.ProductServiceApplication          : Starting ProductServiceApplication using Java 21.0.2 with PID 22216 (F:\Ecommerce Production Level Application\product-service\target\classes started by nanda royality in F:\Ecommerce Production Level Application\user-service)
2026-03-25T15:13:41.565+05:30 DEBUG 22216 --- [product-service] [main] c.e.p.ProductServiceApplication          : Running with Spring Boot v3.2.3, Spring v6.1.4
2026-03-25T15:13:41.566+05:30  INFO 22216 --- [product-service] [main] c.e.p.ProductServiceApplication          : No active profile set, falling back to 1 default profile: "default"
2026-03-25T15:14:08.840+05:30  INFO 22216 --- [product-service] [main] .s.d.r.c.RepositoryConfigurationDelegate : Multiple Spring Data modules found, entering strict repository configuration mode
2026-03-25T15:14:08.842+05:30  INFO 22216 --- [product-service] [main] .s.d.r.c.RepositoryConfigurationDelegate : Bootstrapping Spring Data JPA repositories in DEFAULT mode.
2026-03-25T15:14:08.986+05:30  INFO 22216 --- [product-service] [main] .s.d.r.c.RepositoryConfigurationDelegate : Finished Spring Data repository scanning in 136 ms. Found 5 JPA repository interfaces.
2026-03-25T15:14:09.360+05:30  INFO 22216 --- [product-service] [main] o.s.cloud.context.scope.GenericScope     : BeanFactory id=d813ef7e-d178-3557-8b87-0fa4396fa45c
2026-03-25T15:14:09.796+05:30  WARN 22216 --- [product-service] [main] trationDelegate$BeanPostProcessorChecker : Bean 'org.springframework.cloud.client.loadbalancer.LoadBalancerAutoConfiguration$RetryInterceptorAutoConfiguration' of type [org.springframework.cloud.client.loadbalancer.LoadBalancerAutoConfiguration$RetryInterceptorAutoConfiguration] is not eligible for getting processed by all BeanPostProcessors (for example: not eligible for auto-proxying). The currently created BeanPostProcessor [lbRestClientPostProcessor] is declared through a non-static factory method on that class; consider declaring it as static instead.
2026-03-25T15:14:09.802+05:30  WARN 22216 --- [product-service] [main] trationDelegate$BeanPostProcessorChecker : Bean 'org.springframework.cloud.loadbalancer.config.BlockingLoadBalancerClientAutoConfiguration' of type [org.springframework.cloud.loadbalancer.config.BlockingLoadBalancerClientAutoConfiguration] is not eligible for getting processed by all BeanPostProcessors (for example: not eligible for auto-proxying). Is this bean getting eagerly injected into a currently created BeanPostProcessor [lbRestClientPostProcessor]? Check the corresponding BeanPostProcessor declaration and its dependencies.
2026-03-25T15:14:09.806+05:30  WARN 22216 --- [product-service] [main] trationDelegate$BeanPostProcessorChecker : Bean 'org.springframework.cloud.loadbalancer.config.LoadBalancerAutoConfiguration' of type [org.springframework.cloud.loadbalancer.config.LoadBalancerAutoConfiguration] is not eligible for getting processed by all BeanPostProcessors (for example: not eligible for auto-proxying). Is this bean getting eagerly injected into a currently created BeanPostProcessor [lbRestClientPostProcessor]? Check the corresponding BeanPostProcessor declaration and its dependencies.
2026-03-25T15:14:09.818+05:30  WARN 22216 --- [product-service] [main] trationDelegate$BeanPostProcessorChecker : Bean 'org.springframework.cloud.commons.config.CommonsConfigAutoConfiguration' of type [org.springframework.cloud.commons.config.CommonsConfigAutoConfiguration] is not eligible for getting processed by all BeanPostProcessors (for example: not eligible for auto-proxying). Is this bean getting eagerly injected into a currently created BeanPostProcessor [lbRestClientPostProcessor]? Check the corresponding BeanPostProcessor declaration and its dependencies.
2026-03-25T15:14:09.821+05:30  WARN 22216 --- [product-service] [main] trationDelegate$BeanPostProcessorChecker : Bean 'org.springframework.cloud.client.loadbalancer.LoadBalancerDefaultMappingsProviderAutoConfiguration' of type [org.springframework.cloud.client.loadbalancer.LoadBalancerDefaultMappingsProviderAutoConfiguration] is not eligible for getting processed by all BeanPostProcessors (for example: not eligible for auto-proxying). Is this bean getting eagerly injected into a currently created BeanPostProcessor [lbRestClientPostProcessor]? Check the corresponding BeanPostProcessor declaration and its dependencies.
2026-03-25T15:14:09.823+05:30  WARN 22216 --- [product-service] [main] trationDelegate$BeanPostProcessorChecker : Bean 'loadBalancerClientsDefaultsMappingsProvider' of type [org.springframework.cloud.client.loadbalancer.LoadBalancerDefaultMappingsProviderAutoConfiguration$$Lambda/0x0000013b50516c48] is not eligible for getting processed by all BeanPostProcessors (for example: not eligible for auto-proxying). Is this bean getting eagerly injected into a currently created BeanPostProcessor [lbRestClientPostProcessor]? Check the corresponding BeanPostProcessor declaration and its dependencies.
2026-03-25T15:14:09.826+05:30  WARN 22216 --- [product-service] [main] trationDelegate$BeanPostProcessorChecker : Bean 'defaultsBindHandlerAdvisor' of type [org.springframework.cloud.commons.config.DefaultsBindHandlerAdvisor] is not eligible for getting processed by all BeanPostProcessors (for example: not eligible for auto-proxying). Is this bean getting eagerly injected into a currently created BeanPostProcessor [lbRestClientPostProcessor]? Check the corresponding BeanPostProcessor declaration and its dependencies.
2026-03-25T15:14:09.831+05:30  WARN 22216 --- [product-service] [main] trationDelegate$BeanPostProcessorChecker : Bean 'org.springframework.boot.autoconfigure.flyway.FlywayAutoConfiguration' of type [org.springframework.boot.autoconfigure.flyway.FlywayAutoConfiguration] is not eligible for getting processed by all BeanPostProcessors (for example: not eligible for auto-proxying). Is this bean getting eagerly injected into a currently created BeanPostProcessor [lbRestClientPostProcessor]? Check the corresponding BeanPostProcessor declaration and its dependencies.
2026-03-25T15:14:09.834+05:30  WARN 22216 --- [product-service] [main] trationDelegate$BeanPostProcessorChecker : Bean 'stringOrNumberMigrationVersionConverter' of type [org.springframework.boot.autoconfigure.flyway.FlywayAutoConfiguration$StringOrNumberToMigrationVersionConverter] is not eligible for getting processed by all BeanPostProcessors (for example: not eligible for auto-proxying). Is this bean getting eagerly injected into a currently created BeanPostProcessor [lbRestClientPostProcessor]? Check the corresponding BeanPostProcessor declaration and its dependencies.
2026-03-25T15:14:09.841+05:30  WARN 22216 --- [product-service] [main] trationDelegate$BeanPostProcessorChecker : Bean 'spring.cloud.loadbalancer-org.springframework.cloud.client.loadbalancer.LoadBalancerClientsProperties' of type [org.springframework.cloud.client.loadbalancer.LoadBalancerClientsProperties] is not eligible for getting processed by all BeanPostProcessors (for example: not eligible for auto-proxying). Is this bean getting eagerly injected into a currently created BeanPostProcessor [lbRestClientPostProcessor]? Check the corresponding BeanPostProcessor declaration and its dependencies.
2026-03-25T15:14:09.849+05:30  WARN 22216 --- [product-service] [main] trationDelegate$BeanPostProcessorChecker : Bean 'default.org.springframework.cloud.loadbalancer.config.LoadBalancerAutoConfiguration.LoadBalancerClientSpecification' of type [org.springframework.cloud.loadbalancer.annotation.LoadBalancerClientSpecification] is not eligible for getting processed by all BeanPostProcessors (for example: not eligible for auto-proxying). Is this bean getting eagerly injected into a currently created BeanPostProcessor [lbRestClientPostProcessor]? Check the corresponding BeanPostProcessor declaration and its dependencies.
2026-03-25T15:14:09.851+05:30  WARN 22216 --- [product-service] [main] trationDelegate$BeanPostProcessorChecker : Bean 'default.org.springframework.cloud.loadbalancer.config.BlockingLoadBalancerClientAutoConfiguration.LoadBalancerClientSpecification' of type [org.springframework.cloud.loadbalancer.annotation.LoadBalancerClientSpecification] is not eligible for getting processed by all BeanPostProcessors (for example: not eligible for auto-proxying). Is this bean getting eagerly injected into a currently created BeanPostProcessor [lbRestClientPostProcessor]? Check the corresponding BeanPostProcessor declaration and its dependencies.
2026-03-25T15:14:09.852+05:30  WARN 22216 --- [product-service] [main] trationDelegate$BeanPostProcessorChecker : Bean 'default.org.springframework.cloud.netflix.eureka.loadbalancer.LoadBalancerEurekaAutoConfiguration.LoadBalancerClientSpecification' of type [org.springframework.cloud.loadbalancer.annotation.LoadBalancerClientSpecification] is not eligible for getting processed by all BeanPostProcessors (for example: not eligible for auto-proxying). Is this bean getting eagerly injected into a currently created BeanPostProcessor [lbRestClientPostProcessor]? Check the corresponding BeanPostProcessor declaration and its dependencies.
2026-03-25T15:14:09.853+05:30  WARN 22216 --- [product-service] [main] trationDelegate$BeanPostProcessorChecker : Bean 'loadBalancerClientFactory' of type [org.springframework.cloud.loadbalancer.support.LoadBalancerClientFactory] is not eligible for getting processed by all BeanPostProcessors (for example: not eligible for auto-proxying). Is this bean getting eagerly injected into a currently created BeanPostProcessor [lbRestClientPostProcessor]? Check the corresponding BeanPostProcessor declaration and its dependencies.
2026-03-25T15:14:09.861+05:30  WARN 22216 --- [product-service] [main] trationDelegate$BeanPostProcessorChecker : Bean 'blockingLoadBalancerClient' of type [org.springframework.cloud.loadbalancer.blocking.client.BlockingLoadBalancerClient] is not eligible for getting processed by all BeanPostProcessors (for example: not eligible for auto-proxying). Is this bean getting eagerly injected into a currently created BeanPostProcessor [lbRestClientPostProcessor]? Check the corresponding BeanPostProcessor declaration and its dependencies.
2026-03-25T15:14:09.871+05:30  WARN 22216 --- [product-service] [main] trationDelegate$BeanPostProcessorChecker : Bean 'loadBalancerServiceInstanceCookieTransformer' of type [org.springframework.cloud.loadbalancer.core.LoadBalancerServiceInstanceCookieTransformer] is not eligible for getting processed by all BeanPostProcessors (for example: not eligible for auto-proxying). Is this bean getting eagerly injected into a currently created BeanPostProcessor [lbRestClientPostProcessor]? Check the corresponding BeanPostProcessor declaration and its dependencies.
2026-03-25T15:14:09.873+05:30  WARN 22216 --- [product-service] [main] trationDelegate$BeanPostProcessorChecker : Bean 'xForwarderHeadersTransformer' of type [org.springframework.cloud.loadbalancer.blocking.XForwardedHeadersTransformer] is not eligible for getting processed by all BeanPostProcessors (for example: not eligible for auto-proxying). Is this bean getting eagerly injected into a currently created BeanPostProcessor [lbRestClientPostProcessor]? Check the corresponding BeanPostProcessor declaration and its dependencies.
2026-03-25T15:14:09.876+05:30  WARN 22216 --- [product-service] [main] trationDelegate$BeanPostProcessorChecker : Bean 'org.springframework.cloud.client.loadbalancer.LoadBalancerAutoConfiguration' of type [org.springframework.cloud.client.loadbalancer.LoadBalancerAutoConfiguration] is not eligible for getting processed by all BeanPostProcessors (for example: not eligible for auto-proxying). Is this bean getting eagerly injected into a currently created BeanPostProcessor [lbRestClientPostProcessor]? Check the corresponding BeanPostProcessor declaration and its dependencies.
2026-03-25T15:14:09.880+05:30  WARN 22216 --- [product-service] [main] trationDelegate$BeanPostProcessorChecker : Bean 'loadBalancerRequestFactory' of type [org.springframework.cloud.client.loadbalancer.LoadBalancerRequestFactory] is not eligible for getting processed by all BeanPostProcessors (for example: not eligible for auto-proxying). Is this bean getting eagerly injected into a currently created BeanPostProcessor [lbRestClientPostProcessor]? Check the corresponding BeanPostProcessor declaration and its dependencies.
2026-03-25T15:14:09.883+05:30  WARN 22216 --- [product-service] [main] trationDelegate$BeanPostProcessorChecker : Bean 'org.springframework.cloud.loadbalancer.config.BlockingLoadBalancerClientAutoConfiguration$BlockingLoadBalancerRetryConfig' of type [org.springframework.cloud.loadbalancer.config.BlockingLoadBalancerClientAutoConfiguration$BlockingLoadBalancerRetryConfig$$SpringCGLIB$$0] is not eligible for getting processed by all BeanPostProcessors (for example: not eligible for auto-proxying). Is this bean getting eagerly injected into a currently created BeanPostProcessor [lbRestClientPostProcessor]? Check the corresponding BeanPostProcessor declaration and its dependencies.
2026-03-25T15:14:09.887+05:30  WARN 22216 --- [product-service] [main] trationDelegate$BeanPostProcessorChecker : Bean 'loadBalancedRetryFactory' of type [org.springframework.cloud.loadbalancer.blocking.retry.BlockingLoadBalancedRetryFactory] is not eligible for getting processed by all BeanPostProcessors (for example: not eligible for auto-proxying). Is this bean getting eagerly injected into a currently created BeanPostProcessor [lbRestClientPostProcessor]? Check the corresponding BeanPostProcessor declaration and its dependencies.
2026-03-25T15:14:09.894+05:30  WARN 22216 --- [product-service] [main] trationDelegate$BeanPostProcessorChecker : Bean 'loadBalancerInterceptor' of type [org.springframework.cloud.client.loadbalancer.RetryLoadBalancerInterceptor] is not eligible for getting processed by all BeanPostProcessors (for example: not eligible for auto-proxying). Is this bean getting eagerly injected into a currently created BeanPostProcessor [lbRestClientPostProcessor]? Check the corresponding BeanPostProcessor declaration and its dependencies.
2026-03-25T15:14:10.214+05:30  INFO 22216 --- [product-service] [main] o.s.b.w.embedded.tomcat.TomcatWebServer  : Tomcat initialized with port 8082 (http)
2026-03-25T15:14:10.227+05:30  INFO 22216 --- [product-service] [main] o.apache.catalina.core.StandardService   : Starting service [Tomcat]
2026-03-25T15:14:10.227+05:30  INFO 22216 --- [product-service] [main] o.apache.catalina.core.StandardEngine    : Starting Servlet engine: [Apache Tomcat/10.1.19]
2026-03-25T15:14:10.332+05:30  INFO 22216 --- [product-service] [main] o.a.c.c.C.[Tomcat].[localhost].[/]       : Initializing Spring embedded WebApplicationContext
2026-03-25T15:14:10.333+05:30  INFO 22216 --- [product-service] [main] w.s.c.ServletWebServerApplicationContext : Root WebApplicationContext: initialization completed in 28703 ms
2026-03-25T15:14:10.618+05:30 DEBUG 22216 --- [product-service] [main] c.e.p.security.JwtAuthenticationFilter   : Filter 'jwtAuthenticationFilter' configured for use
2026-03-25T15:14:10.716+05:30  INFO 22216 --- [product-service] [main] com.zaxxer.hikari.HikariDataSource       : ProductServicePool - Starting...
2026-03-25T15:14:11.974+05:30  INFO 22216 --- [product-service] [main] com.zaxxer.hikari.pool.HikariPool        : ProductServicePool - Added connection com.mysql.cj.jdbc.ConnectionImpl@6d5de79a
2026-03-25T15:14:11.976+05:30  INFO 22216 --- [product-service] [main] com.zaxxer.hikari.HikariDataSource       : ProductServicePool - Start completed.
2026-03-25T15:14:12.075+05:30  INFO 22216 --- [product-service] [main] o.f.c.internal.license.VersionPrinter    : Flyway Community Edition 9.22.3 by Redgate
2026-03-25T15:14:12.075+05:30  INFO 22216 --- [product-service] [main] o.f.c.internal.license.VersionPrinter    : See release notes here: https://rd.gt/416ObMi
2026-03-25T15:14:12.075+05:30  INFO 22216 --- [product-service] [main] o.f.c.internal.license.VersionPrinter    : 
2026-03-25T15:14:12.674+05:30  INFO 22216 --- [product-service] [main] org.flywaydb.core.FlywayExecutor         : Database: jdbc:mysql://localhost:3306/product_db (MySQL 8.0)
2026-03-25T15:14:13.331+05:30  INFO 22216 --- [product-service] [main] o.f.core.internal.command.DbValidate     : Successfully validated 0 migrations (execution time 00:00.428s)
2026-03-25T15:14:13.331+05:30  WARN 22216 --- [product-service] [main] o.f.core.internal.command.DbValidate     : No migrations found. Are your locations set up correctly?
2026-03-25T15:14:13.344+05:30  INFO 22216 --- [product-service] [main] o.f.core.internal.command.DbMigrate      : Current version of schema `product_db`: << Empty Schema >>
2026-03-25T15:14:13.348+05:30  INFO 22216 --- [product-service] [main] o.f.core.internal.command.DbMigrate      : Schema `product_db` is up to date. No migration necessary.
2026-03-25T15:14:13.488+05:30  INFO 22216 --- [product-service] [main] o.hibernate.jpa.internal.util.LogHelper  : HHH000204: Processing PersistenceUnitInfo [name: default]
2026-03-25T15:14:13.555+05:30  INFO 22216 --- [product-service] [main] org.hibernate.Version                    : HHH000412: Hibernate ORM core version 6.4.4.Final
2026-03-25T15:14:13.597+05:30  INFO 22216 --- [product-service] [main] o.h.c.internal.RegionFactoryInitiator    : HHH000026: Second-level cache disabled
2026-03-25T15:14:13.814+05:30  INFO 22216 --- [product-service] [main] o.s.o.j.p.SpringPersistenceUnitInfo      : No LoadTimeWeaver setup: ignoring JPA class transformer
2026-03-25T15:14:13.856+05:30  WARN 22216 --- [product-service] [main] org.hibernate.orm.deprecation            : HHH90000025: MySQLDialect does not need to be specified explicitly using 'hibernate.dialect' (remove the property setting and it will be selected by default)
2026-03-25T15:14:14.774+05:30  INFO 22216 --- [product-service] [main] o.h.e.t.j.p.i.JtaPlatformInitiator       : HHH000489: No JTA platform available (set 'hibernate.transaction.jta.platform' to enable JTA platform integration)
2026-03-25T15:14:15.500+05:30  INFO 22216 --- [product-service] [main] j.LocalContainerEntityManagerFactoryBean : Initialized JPA EntityManagerFactory for persistence unit 'default'
2026-03-25T15:14:22.054+05:30  INFO 22216 --- [product-service] [main] o.s.d.j.r.query.QueryEnhancerFactory     : Hibernate is in classpath; If applicable, HQL parser will be used.
2026-03-25T15:14:25.433+05:30  WARN 22216 --- [product-service] [main] .s.s.UserDetailsServiceAutoConfiguration : 

Using generated security password: ae3f5d98-4b5d-4dd2-be67-e4ae79fc6997

This generated password is for development use only. Your security configuration must be updated before running your application in production.

2026-03-25T15:14:26.216+05:30  INFO 22216 --- [product-service] [main] o.s.b.a.e.web.EndpointLinksResolver      : Exposing 1 endpoint(s) beneath base path '/actuator'
2026-03-25T15:14:26.327+05:30  INFO 22216 --- [product-service] [main] o.s.s.web.DefaultSecurityFilterChain     : Will secure any request with [org.springframework.security.web.session.DisableEncodeUrlFilter@18db7998, org.springframework.security.web.context.request.async.WebAsyncManagerIntegrationFilter@559e0607, org.springframework.security.web.context.SecurityContextHolderFilter@34c41103, org.springframework.security.web.header.HeaderWriterFilter@38cde4f2, org.springframework.web.filter.CorsFilter@4fc1f04e, org.springframework.security.web.authentication.logout.LogoutFilter@29c8a177, com.ecommerce.product_service.security.JwtAuthenticationFilter@6ad3fbe4, org.springframework.security.web.savedrequest.RequestCacheAwareFilter@3dd34335, org.springframework.security.web.servletapi.SecurityContextHolderAwareRequestFilter@76518f6b, org.springframework.security.web.authentication.AnonymousAuthenticationFilter@25c7c446, org.springframework.security.web.session.SessionManagementFilter@7537f673, org.springframework.security.web.access.ExceptionTranslationFilter@76e1c593, org.springframework.security.web.access.intercept.AuthorizationFilter@60171633]
2026-03-25T15:14:28.095+05:30  INFO 22216 --- [product-service] [main] DiscoveryClientOptionalArgsConfiguration : Eureka HTTP Client uses RestTemplate.
2026-03-25T15:14:28.145+05:30  WARN 22216 --- [product-service] [main] iguration$LoadBalancerCaffeineWarnLogger : Spring Cloud LoadBalancer is currently working with the default cache. While this cache implementation is useful for development and tests, it's recommended to use Caffeine cache in production.You can switch to using Caffeine cache, by adding it and org.springframework.cache.caffeine.CaffeineCacheManager to the classpath.
2026-03-25T15:14:28.301+05:30  INFO 22216 --- [product-service] [main] o.a.k.clients.admin.AdminClientConfig    : AdminClientConfig values: 
	auto.include.jmx.reporter = true
	bootstrap.servers = [localhost:9092]
	client.dns.lookup = use_all_dns_ips
	client.id = 
	connections.max.idle.ms = 300000
	default.api.timeout.ms = 60000
	metadata.max.age.ms = 300000
	metric.reporters = []
	metrics.num.samples = 2
	metrics.recording.level = INFO
	metrics.sample.window.ms = 30000
	receive.buffer.bytes = 65536
	reconnect.backoff.max.ms = 1000
	reconnect.backoff.ms = 50
	request.timeout.ms = 30000
	retries = 2147483647
	retry.backoff.ms = 100
	sasl.client.callback.handler.class = null
	sasl.jaas.config = null
	sasl.kerberos.kinit.cmd = /usr/bin/kinit
	sasl.kerberos.min.time.before.relogin = 60000
	sasl.kerberos.service.name = null
	sasl.kerberos.ticket.renew.jitter = 0.05
	sasl.kerberos.ticket.renew.window.factor = 0.8
	sasl.login.callback.handler.class = null
	sasl.login.class = null
	sasl.login.connect.timeout.ms = null
	sasl.login.read.timeout.ms = null
	sasl.login.refresh.buffer.seconds = 300
	sasl.login.refresh.min.period.seconds = 60
	sasl.login.refresh.window.factor = 0.8
	sasl.login.refresh.window.jitter = 0.05
	sasl.login.retry.backoff.max.ms = 10000
	sasl.login.retry.backoff.ms = 100
	sasl.mechanism = GSSAPI
	sasl.oauthbearer.clock.skew.seconds = 30
	sasl.oauthbearer.expected.audience = null
	sasl.oauthbearer.expected.issuer = null
	sasl.oauthbearer.jwks.endpoint.refresh.ms = 3600000
	sasl.oauthbearer.jwks.endpoint.retry.backoff.max.ms = 10000
	sasl.oauthbearer.jwks.endpoint.retry.backoff.ms = 100
	sasl.oauthbearer.jwks.endpoint.url = null
	sasl.oauthbearer.scope.claim.name = scope
	sasl.oauthbearer.sub.claim.name = sub
	sasl.oauthbearer.token.endpoint.url = null
	security.protocol = PLAINTEXT
	security.providers = null
	send.buffer.bytes = 131072
	socket.connection.setup.timeout.max.ms = 30000
	socket.connection.setup.timeout.ms = 10000
	ssl.cipher.suites = null
	ssl.enabled.protocols = [TLSv1.2, TLSv1.3]
	ssl.endpoint.identification.algorithm = https
	ssl.engine.factory.class = null
	ssl.key.password = null
	ssl.keymanager.algorithm = SunX509
	ssl.keystore.certificate.chain = null
	ssl.keystore.key = null
	ssl.keystore.location = null
	ssl.keystore.password = null
	ssl.keystore.type = JKS
	ssl.protocol = TLSv1.3
	ssl.provider = null
	ssl.secure.random.implementation = null
	ssl.trustmanager.algorithm = PKIX
	ssl.truststore.certificates = null
	ssl.truststore.location = null
	ssl.truststore.password = null
	ssl.truststore.type = JKS

2026-03-25T15:14:28.865+05:30  INFO 22216 --- [product-service] [main] o.a.kafka.common.utils.AppInfoParser     : Kafka version: 3.6.1
2026-03-25T15:14:28.866+05:30  INFO 22216 --- [product-service] [main] o.a.kafka.common.utils.AppInfoParser     : Kafka commitId: 5e3c2b738d253ff5
2026-03-25T15:14:28.866+05:30  INFO 22216 --- [product-service] [main] o.a.kafka.common.utils.AppInfoParser     : Kafka startTimeMs: 1774431868864
2026-03-25T15:15:21.260+05:30 ERROR 22216 --- [product-service] [main] o.springframework.kafka.core.KafkaAdmin  : Could not configure topics

org.springframework.kafka.KafkaException: Timed out waiting to get existing topics
	at org.springframework.kafka.core.KafkaAdmin.lambda$checkPartitions$11(KafkaAdmin.java:520) ~[spring-kafka-3.1.2.jar:3.1.2]
	at java.base/java.util.HashMap.forEach(HashMap.java:1429) ~[na:na]
	at org.springframework.kafka.core.KafkaAdmin.checkPartitions(KafkaAdmin.java:499) ~[spring-kafka-3.1.2.jar:3.1.2]
	at org.springframework.kafka.core.KafkaAdmin.addOrModifyTopicsIfNeeded(KafkaAdmin.java:392) ~[spring-kafka-3.1.2.jar:3.1.2]
	at org.springframework.kafka.core.KafkaAdmin.initialize(KafkaAdmin.java:258) ~[spring-kafka-3.1.2.jar:3.1.2]
	at org.springframework.kafka.core.KafkaAdmin.afterSingletonsInstantiated(KafkaAdmin.java:222) ~[spring-kafka-3.1.2.jar:3.1.2]
	at org.springframework.beans.factory.support.DefaultListableBeanFactory.preInstantiateSingletons(DefaultListableBeanFactory.java:986) ~[spring-beans-6.1.4.jar:6.1.4]
	at org.springframework.context.support.AbstractApplicationContext.finishBeanFactoryInitialization(AbstractApplicationContext.java:959) ~[spring-context-6.1.4.jar:6.1.4]
	at org.springframework.context.support.AbstractApplicationContext.refresh(AbstractApplicationContext.java:624) ~[spring-context-6.1.4.jar:6.1.4]
	at org.springframework.boot.web.servlet.context.ServletWebServerApplicationContext.refresh(ServletWebServerApplicationContext.java:146) ~[spring-boot-3.2.3.jar:3.2.3]
	at org.springframework.boot.SpringApplication.refresh(SpringApplication.java:754) ~[spring-boot-3.2.3.jar:3.2.3]
	at org.springframework.boot.SpringApplication.refreshContext(SpringApplication.java:456) ~[spring-boot-3.2.3.jar:3.2.3]
	at org.springframework.boot.SpringApplication.run(SpringApplication.java:334) ~[spring-boot-3.2.3.jar:3.2.3]
	at org.springframework.boot.SpringApplication.run(SpringApplication.java:1354) ~[spring-boot-3.2.3.jar:3.2.3]
	at org.springframework.boot.SpringApplication.run(SpringApplication.java:1343) ~[spring-boot-3.2.3.jar:3.2.3]
	at com.ecommerce.product_service.ProductServiceApplication.main(ProductServiceApplication.java:16) ~[classes/:na]
Caused by: java.util.concurrent.TimeoutException: null
	at java.base/java.util.concurrent.CompletableFuture.timedGet(CompletableFuture.java:1960) ~[na:na]
	at java.base/java.util.concurrent.CompletableFuture.get(CompletableFuture.java:2095) ~[na:na]
	at org.apache.kafka.common.internals.KafkaFutureImpl.get(KafkaFutureImpl.java:180) ~[kafka-clients-3.6.1.jar:na]
	at org.springframework.kafka.core.KafkaAdmin.lambda$checkPartitions$11(KafkaAdmin.java:502) ~[spring-kafka-3.1.2.jar:3.1.2]
	... 15 common frames omitted

2026-03-25T15:15:21.468+05:30  INFO 22216 --- [product-service] [kafka-admin-client-thread | adminclient-1] o.a.k.c.a.i.AdminMetadataManager         : [AdminClient clientId=adminclient-1] Metadata update failed

org.apache.kafka.common.errors.TimeoutException: Timed out waiting to send the call. Call: fetchMetadata

2026-03-25T15:15:43.204+05:30  INFO 22216 --- [product-service] [kafka-admin-client-thread | adminclient-1] o.a.kafka.common.utils.AppInfoParser     : App info kafka.admin.client for adminclient-1 unregistered
2026-03-25T15:15:43.213+05:30  INFO 22216 --- [product-service] [kafka-admin-client-thread | adminclient-1] o.apache.kafka.common.metrics.Metrics    : Metrics scheduler closed
2026-03-25T15:15:43.213+05:30  INFO 22216 --- [product-service] [kafka-admin-client-thread | adminclient-1] o.apache.kafka.common.metrics.Metrics    : Closing reporter org.apache.kafka.common.metrics.JmxReporter
2026-03-25T15:15:43.214+05:30  INFO 22216 --- [product-service] [kafka-admin-client-thread | adminclient-1] o.apache.kafka.common.metrics.Metrics    : Metrics reporters closed
2026-03-25T15:15:43.242+05:30  INFO 22216 --- [product-service] [main] o.s.c.n.eureka.InstanceInfoFactory       : Setting initial instance status as: STARTING
2026-03-25T15:15:43.319+05:30  INFO 22216 --- [product-service] [main] com.netflix.discovery.DiscoveryClient    : Initializing Eureka in region us-east-1
2026-03-25T15:15:43.327+05:30  INFO 22216 --- [product-service] [main] c.n.d.s.r.aws.ConfigClusterResolver      : Resolving eureka endpoints via configuration
2026-03-25T15:15:43.364+05:30  INFO 22216 --- [product-service] [main] com.netflix.discovery.DiscoveryClient    : Disable delta property : false
2026-03-25T15:15:43.364+05:30  INFO 22216 --- [product-service] [main] com.netflix.discovery.DiscoveryClient    : Single vip registry refresh property : null
2026-03-25T15:15:43.364+05:30  INFO 22216 --- [product-service] [main] com.netflix.discovery.DiscoveryClient    : Force full registry fetch : false
2026-03-25T15:15:43.364+05:30  INFO 22216 --- [product-service] [main] com.netflix.discovery.DiscoveryClient    : Application is null : false
2026-03-25T15:15:43.364+05:30  INFO 22216 --- [product-service] [main] com.netflix.discovery.DiscoveryClient    : Registered Applications size is zero : true
2026-03-25T15:15:43.365+05:30  INFO 22216 --- [product-service] [main] com.netflix.discovery.DiscoveryClient    : Application version is -1: true
2026-03-25T15:15:43.365+05:30  INFO 22216 --- [product-service] [main] com.netflix.discovery.DiscoveryClient    : Getting all instance registry info from the eureka server
2026-03-25T15:15:43.964+05:30  INFO 22216 --- [product-service] [main] com.netflix.discovery.DiscoveryClient    : The response status is 200
2026-03-25T15:15:43.968+05:30  INFO 22216 --- [product-service] [main] com.netflix.discovery.DiscoveryClient    : Starting heartbeat executor: renew interval is: 30
2026-03-25T15:15:43.973+05:30  INFO 22216 --- [product-service] [main] c.n.discovery.InstanceInfoReplicator     : InstanceInfoReplicator onDemand update allowed rate per min is 4
2026-03-25T15:15:43.983+05:30  INFO 22216 --- [product-service] [main] com.netflix.discovery.DiscoveryClient    : Discovery Client initialized at timestamp 1774431943979 with initial instances count: 0
2026-03-25T15:15:43.988+05:30  INFO 22216 --- [product-service] [main] o.s.c.n.e.s.EurekaServiceRegistry        : Registering application PRODUCT-SERVICE with eureka with status UP
2026-03-25T15:15:43.990+05:30  INFO 22216 --- [product-service] [main] com.netflix.discovery.DiscoveryClient    : Saw local status change event StatusChangeEvent [timestamp=1774431943990, current=UP, previous=STARTING]
2026-03-25T15:15:43.993+05:30  INFO 22216 --- [product-service] [DiscoveryClient-InstanceInfoReplicator-0] com.netflix.discovery.DiscoveryClient    : DiscoveryClient_PRODUCT-SERVICE/product-service:8082: registering service...
2026-03-25T15:15:44.021+05:30  INFO 22216 --- [product-service] [main] o.s.b.w.embedded.tomcat.TomcatWebServer  : Tomcat started on port 8082 (http) with context path ''
2026-03-25T15:15:44.024+05:30  INFO 22216 --- [product-service] [main] .s.c.n.e.s.EurekaAutoServiceRegistration : Updating port to 8082
2026-03-25T15:15:44.047+05:30  INFO 22216 --- [product-service] [main] c.e.p.ProductServiceApplication          : Started ProductServiceApplication in 125.143 seconds (process running for 128.522)
2026-03-25T15:15:44.074+05:30  INFO 22216 --- [product-service] [DiscoveryClient-InstanceInfoReplicator-0] com.netflix.discovery.DiscoveryClient    : DiscoveryClient_PRODUCT-SERVICE/product-service:8082 - registration status: 204
2026-03-25T15:16:13.979+05:30  INFO 22216 --- [product-service] [DiscoveryClient-CacheRefreshExecutor-0] com.netflix.discovery.DiscoveryClient    : Disable delta property : false
2026-03-25T15:16:13.980+05:30  INFO 22216 --- [product-service] [DiscoveryClient-CacheRefreshExecutor-0] com.netflix.discovery.DiscoveryClient    : Single vip registry refresh property : null
2026-03-25T15:16:13.980+05:30  INFO 22216 --- [product-service] [DiscoveryClient-CacheRefreshExecutor-0] com.netflix.discovery.DiscoveryClient    : Force full registry fetch : false
2026-03-25T15:16:13.980+05:30  INFO 22216 --- [product-service] [DiscoveryClient-CacheRefreshExecutor-0] com.netflix.discovery.DiscoveryClient    : Application is null : false
2026-03-25T15:16:13.980+05:30  INFO 22216 --- [product-service] [DiscoveryClient-CacheRefreshExecutor-0] com.netflix.discovery.DiscoveryClient    : Registered Applications size is zero : true
2026-03-25T15:16:13.980+05:30  INFO 22216 --- [product-service] [DiscoveryClient-CacheRefreshExecutor-0] com.netflix.discovery.DiscoveryClient    : Application version is -1: false
2026-03-25T15:16:13.980+05:30  INFO 22216 --- [product-service] [DiscoveryClient-CacheRefreshExecutor-0] com.netflix.discovery.DiscoveryClient    : Getting all instance registry info from the eureka server
2026-03-25T15:16:14.022+05:30  INFO 22216 --- [product-service] [DiscoveryClient-CacheRefreshExecutor-0] com.netflix.discovery.DiscoveryClient    : The response status is 200
2026-03-25T15:17:34.088+05:30  INFO 22216 --- [product-service] [http-nio-8082-exec-1] o.a.c.c.C.[Tomcat].[localhost].[/]       : Initializing Spring DispatcherServlet 'dispatcherServlet'
2026-03-25T15:17:34.089+05:30  INFO 22216 --- [product-service] [http-nio-8082-exec-1] o.s.web.servlet.DispatcherServlet        : Initializing Servlet 'dispatcherServlet'
2026-03-25T15:17:34.090+05:30  INFO 22216 --- [product-service] [http-nio-8082-exec-1] o.s.web.servlet.DispatcherServlet        : Completed initialization in 1 ms
2026-03-25T15:17:45.427+05:30  WARN 22216 --- [product-service] [http-nio-8082-exec-1] org.hibernate.orm.query                  : HHH90003004: firstResult/maxResults specified with collection fetch; applying in memory
2026-03-25T15:17:45.500+05:30 DEBUG 22216 --- [product-service] [http-nio-8082-exec-1] org.hibernate.SQL                        : 
    select
        distinct p1_0.id,
        p1_0.attributes,
        p1_0.average_rating,
        p1_0.brand_name,
        p1_0.category_id,
        c1_0.id,
        c1_0.created_at,
        c1_0.description,
        c1_0.display_order,
        c1_0.image_url,
        c1_0.is_active,
        c1_0.name,
        c1_0.parent_id,
        c1_0.slug,
        p1_0.compare_at_price,
        p1_0.cost_price,
        p1_0.created_at,
        p1_0.description,
        i1_0.product_id,
        i1_0.id,
        i1_0.alt_text,
        i1_0.display_order,
        i1_0.image_url,
        i1_0.is_primary,
        i2_0.id,
        i2_0.last_updated,
        i2_0.low_stock_threshold,
        i2_0.product_id,
        i2_0.quantity,
        i2_0.reserved_quantity,
        i2_0.warehouse_location,
        p1_0.name,
        p1_0.price,
        p1_0.review_count,
        p1_0.short_description,
        p1_0.sku,
        p1_0.sold_count,
        p1_0.status,
        p1_0.tags,
        p1_0.updated_at,
        p1_0.version,
        p1_0.view_count,
        p1_0.weight 
    from
        products p1_0 
    left join
        product_images i1_0 
            on p1_0.id=i1_0.product_id 
    left join
        inventories i2_0 
            on p1_0.id=i2_0.product_id 
    left join
        categories c1_0 
            on c1_0.id=p1_0.category_id 
    where
        p1_0.status=? 
        and (
            ? is null 
            or c1_0.id=?
        ) 
        and (
            ? is null 
            or lower(p1_0.brand_name)=lower(?)
        ) 
        and (
            ? is null 
            or p1_0.price>=?
        ) 
        and (
            ? is null 
            or p1_0.price<=?
        ) 
        and (
            ? is null 
            or lower(p1_0.name) like lower(concat('%', ?, '%')) escape '' 
            or lower(p1_0.brand_name) like lower(concat('%', ?, '%')) escape ''
        ) 
        and (
            ? is null 
            or (
                ?=1 
                and i2_0.quantity>0
            ) 
            or (
                ?=0 
                and i2_0.quantity=0
            )
        ) 
    order by
        p1_0.created_at desc
2026-03-25T15:17:48.791+05:30 DEBUG 22216 --- [product-service] [http-nio-8082-exec-1] org.hibernate.SQL                        : 
    select
        count(distinct p1_0.id) 
    from
        products p1_0 
    left join
        product_images i1_0 
            on p1_0.id=i1_0.product_id 
    left join
        inventories i2_0 
            on p1_0.id=i2_0.product_id 
    left join
        categories c1_0 
            on c1_0.id=p1_0.category_id 
    where
        p1_0.status=? 
        and (
            ? is null 
            or c1_0.id=?
        ) 
        and (
            ? is null 
            or lower(p1_0.brand_name)=lower(?)
        ) 
        and (
            ? is null 
            or p1_0.price>=?
        ) 
        and (
            ? is null 
            or p1_0.price<=?
        ) 
        and (
            ? is null 
            or lower(p1_0.name) like lower(concat('%', ?, '%')) escape '' 
            or lower(p1_0.brand_name) like lower(concat('%', ?, '%')) escape ''
        ) 
        and (
            ? is null 
            or (
                ?=1 
                and i2_0.quantity>0
            ) 
            or (
                ?=0 
                and i2_0.quantity=0
            )
        )
2026-03-25T15:20:43.375+05:30  INFO 22216 --- [product-service] [AsyncResolver-bootstrap-executor-0] c.n.d.s.r.aws.ConfigClusterResolver      : Resolving eureka endpoints via configuration
2026-03-25T15:25:43.380+05:30  INFO 22216 --- [product-service] [AsyncResolver-bootstrap-executor-0] c.n.d.s.r.aws.ConfigClusterResolver      : Resolving eureka endpoints via configuration
2026-03-25T15:30:43.461+05:30  INFO 22216 --- [product-service] [AsyncResolver-bootstrap-executor-0] c.n.d.s.r.aws.ConfigClusterResolver      : Resolving eureka endpoints via configuration
2026-03-25T15:44:15.006+05:30  WARN 22216 --- [product-service] [ProductServicePool housekeeper] com.zaxxer.hikari.pool.HikariPool        : ProductServicePool - Thread starvation or clock leap detected (housekeeper delta=12m49s964ms6µs700ns).
2026-03-25T15:44:42.328+05:30  WARN 22216 --- [product-service] [DiscoveryClient-1] c.netflix.discovery.TimedSupervisorTask  : task supervisor timed out

java.util.concurrent.TimeoutException: null
	at java.base/java.util.concurrent.FutureTask.get(FutureTask.java:204) ~[na:na]
	at com.netflix.discovery.TimedSupervisorTask.run(TimedSupervisorTask.java:68) ~[eureka-client-2.0.1.jar:2.0.1]
	at java.base/java.util.concurrent.Executors$RunnableAdapter.call(Executors.java:572) ~[na:na]
	at java.base/java.util.concurrent.FutureTask.run$$$capture(FutureTask.java:317) ~[na:na]
	at java.base/java.util.concurrent.FutureTask.run(FutureTask.java) ~[na:na]
	at java.base/java.util.concurrent.ScheduledThreadPoolExecutor$ScheduledFutureTask.run(ScheduledThreadPoolExecutor.java:304) ~[na:na]
	at java.base/java.util.concurrent.ThreadPoolExecutor.runWorker(ThreadPoolExecutor.java:1144) ~[na:na]
	at java.base/java.util.concurrent.ThreadPoolExecutor$Worker.run(ThreadPoolExecutor.java:642) ~[na:na]
	at java.base/java.lang.Thread.run(Thread.java:1583) ~[na:na]

2026-03-25T15:44:24.459+05:30  WARN 22216 --- [product-service] [DiscoveryClient-0] c.netflix.discovery.TimedSupervisorTask  : task supervisor timed out

java.util.concurrent.TimeoutException: null
	at java.base/java.util.concurrent.FutureTask.get(FutureTask.java:204) ~[na:na]
	at com.netflix.discovery.TimedSupervisorTask.run(TimedSupervisorTask.java:68) ~[eureka-client-2.0.1.jar:2.0.1]
	at java.base/java.util.concurrent.Executors$RunnableAdapter.call(Executors.java:572) ~[na:na]
	at java.base/java.util.concurrent.FutureTask.run$$$capture(FutureTask.java:317) ~[na:na]
	at java.base/java.util.concurrent.FutureTask.run(FutureTask.java) ~[na:na]
	at java.base/java.util.concurrent.ScheduledThreadPoolExecutor$ScheduledFutureTask.run(ScheduledThreadPoolExecutor.java:304) ~[na:na]
	at java.base/java.util.concurrent.ThreadPoolExecutor.runWorker(ThreadPoolExecutor.java:1144) ~[na:na]
	at java.base/java.util.concurrent.ThreadPoolExecutor$Worker.run(ThreadPoolExecutor.java:642) ~[na:na]
	at java.base/java.lang.Thread.run(Thread.java:1583) ~[na:na]

2026-03-25T15:45:21.427+05:30  WARN 22216 --- [product-service] [ProductServicePool housekeeper] com.zaxxer.hikari.pool.HikariPool        : ProductServicePool - Thread starvation or clock leap detected (housekeeper delta=1m46s204ms473µs).
2026-03-25T15:47:14.748+05:30  WARN 22216 --- [product-service] [ProductServicePool housekeeper] com.zaxxer.hikari.pool.HikariPool        : ProductServicePool - Thread starvation or clock leap detected (housekeeper delta=1m22s756ms287µs500ns).
2026-03-25T15:47:15.504+05:30  WARN 22216 --- [product-service] [DiscoveryClient-0] c.netflix.discovery.TimedSupervisorTask  : task supervisor timed out

java.util.concurrent.TimeoutException: null
	at java.base/java.util.concurrent.FutureTask.get(FutureTask.java:204) ~[na:na]
	at com.netflix.discovery.TimedSupervisorTask.run(TimedSupervisorTask.java:68) ~[eureka-client-2.0.1.jar:2.0.1]
	at java.base/java.util.concurrent.Executors$RunnableAdapter.call(Executors.java:572) ~[na:na]
	at java.base/java.util.concurrent.FutureTask.run$$$capture(FutureTask.java:317) ~[na:na]
	at java.base/java.util.concurrent.FutureTask.run(FutureTask.java) ~[na:na]
	at java.base/java.util.concurrent.ScheduledThreadPoolExecutor$ScheduledFutureTask.run(ScheduledThreadPoolExecutor.java:304) ~[na:na]
	at java.base/java.util.concurrent.ThreadPoolExecutor.runWorker(ThreadPoolExecutor.java:1144) ~[na:na]
	at java.base/java.util.concurrent.ThreadPoolExecutor$Worker.run(ThreadPoolExecutor.java:642) ~[na:na]
	at java.base/java.lang.Thread.run(Thread.java:1583) ~[na:na]

2026-03-25T15:47:22.478+05:30  WARN 22216 --- [product-service] [DiscoveryClient-1] c.netflix.discovery.TimedSupervisorTask  : task supervisor timed out

java.util.concurrent.TimeoutException: null
	at java.base/java.util.concurrent.FutureTask.get(FutureTask.java:204) ~[na:na]
	at com.netflix.discovery.TimedSupervisorTask.run(TimedSupervisorTask.java:68) ~[eureka-client-2.0.1.jar:2.0.1]
	at java.base/java.util.concurrent.Executors$RunnableAdapter.call(Executors.java:572) ~[na:na]
	at java.base/java.util.concurrent.FutureTask.run$$$capture(FutureTask.java:317) ~[na:na]
	at java.base/java.util.concurrent.FutureTask.run(FutureTask.java) ~[na:na]
	at java.base/java.util.concurrent.ScheduledThreadPoolExecutor$ScheduledFutureTask.run(ScheduledThreadPoolExecutor.java:304) ~[na:na]
	at java.base/java.util.concurrent.ThreadPoolExecutor.runWorker(ThreadPoolExecutor.java:1144) ~[na:na]
	at java.base/java.util.concurrent.ThreadPoolExecutor$Worker.run(ThreadPoolExecutor.java:642) ~[na:na]
	at java.base/java.lang.Thread.run(Thread.java:1583) ~[na:na]

2026-03-25T15:48:03.399+05:30  INFO 22216 --- [product-service] [AsyncResolver-bootstrap-executor-0] c.n.d.s.r.aws.ConfigClusterResolver      : Resolving eureka endpoints via configuration
2026-03-25T15:48:27.270+05:30  INFO 22216 --- [product-service] [DiscoveryClient-HeartbeatExecutor-0] c.n.d.s.t.d.RedirectingEurekaHttpClient  : Request execution error. endpoint=DefaultEndpoint{ serviceUrl='http://localhost:8761/eureka/}, exception=null stacktrace=java.util.concurrent.CancellationException
	at org.apache.hc.core5.concurrent.BasicFuture.getResult(BasicFuture.java:75)
	at org.apache.hc.core5.concurrent.BasicFuture.get(BasicFuture.java:96)
	at org.apache.hc.core5.pool.StrictConnPool$1.get(StrictConnPool.java:184)
	at org.apache.hc.core5.pool.StrictConnPool$1.get(StrictConnPool.java:178)
	at org.apache.hc.client5.http.impl.io.PoolingHttpClientConnectionManager$3.get(PoolingHttpClientConnectionManager.java:312)
	at org.apache.hc.client5.http.impl.classic.InternalExecRuntime.acquireEndpoint(InternalExecRuntime.java:109)
	at org.apache.hc.client5.http.impl.classic.ConnectExec.execute(ConnectExec.java:125)
	at org.apache.hc.client5.http.impl.classic.ExecChainElement.execute(ExecChainElement.java:51)
	at org.apache.hc.client5.http.impl.classic.ProtocolExec.execute(ProtocolExec.java:192)
	at org.apache.hc.client5.http.impl.classic.ExecChainElement.execute(ExecChainElement.java:51)
	at org.apache.hc.client5.http.impl.classic.HttpRequestRetryExec.execute(HttpRequestRetryExec.java:96)
	at org.apache.hc.client5.http.impl.classic.ExecChainElement.execute(ExecChainElement.java:51)
	at org.apache.hc.client5.http.impl.classic.ContentCompressionExec.execute(ContentCompressionExec.java:152)
	at org.apache.hc.client5.http.impl.classic.ExecChainElement.execute(ExecChainElement.java:51)
	at org.apache.hc.client5.http.impl.classic.RedirectExec.execute(RedirectExec.java:115)
	at org.apache.hc.client5.http.impl.classic.ExecChainElement.execute(ExecChainElement.java:51)
	at org.apache.hc.client5.http.impl.classic.InternalHttpClient.doExecute(InternalHttpClient.java:170)
	at org.apache.hc.client5.http.impl.classic.CloseableHttpClient.execute(CloseableHttpClient.java:87)
	at org.apache.hc.client5.http.impl.classic.CloseableHttpClient.execute(CloseableHttpClient.java:55)
	at org.apache.hc.client5.http.classic.HttpClient.executeOpen(HttpClient.java:183)
	at org.springframework.http.client.HttpComponentsClientHttpRequest.executeInternal(HttpComponentsClientHttpRequest.java:95)
	at org.springframework.http.client.AbstractStreamingClientHttpRequest.executeInternal(AbstractStreamingClientHttpRequest.java:70)
	at org.springframework.http.client.AbstractClientHttpRequest.execute(AbstractClientHttpRequest.java:66)
	at org.springframework.http.client.InterceptingClientHttpRequest$InterceptingRequestExecution.execute(InterceptingClientHttpRequest.java:112)
	at org.springframework.cloud.netflix.eureka.http.RestTemplateTransportClientFactory.lambda$restTemplate$0(RestTemplateTransportClientFactory.java:143)
	at org.springframework.http.client.InterceptingClientHttpRequest$InterceptingRequestExecution.execute(InterceptingClientHttpRequest.java:88)
	at org.springframework.http.client.InterceptingClientHttpRequest.executeInternal(InterceptingClientHttpRequest.java:72)
	at org.springframework.http.client.AbstractBufferingClientHttpRequest.executeInternal(AbstractBufferingClientHttpRequest.java:48)
	at org.springframework.http.client.AbstractClientHttpRequest.execute(AbstractClientHttpRequest.java:66)
	at org.springframework.web.client.RestTemplate.doExecute(RestTemplate.java:889)
	at org.springframework.web.client.RestTemplate.execute(RestTemplate.java:790)
	at org.springframework.web.client.RestTemplate.exchange(RestTemplate.java:672)
	at org.springframework.cloud.netflix.eureka.http.RestTemplateEurekaHttpClient.sendHeartBeat(RestTemplateEurekaHttpClient.java:99)
	at com.netflix.discovery.shared.transport.decorator.EurekaHttpClientDecorator$3.execute(EurekaHttpClientDecorator.java:92)
	at com.netflix.discovery.shared.transport.decorator.RedirectingEurekaHttpClient.executeOnNewServer(RedirectingEurekaHttpClient.java:121)
	at com.netflix.discovery.shared.transport.decorator.RedirectingEurekaHttpClient.execute(RedirectingEurekaHttpClient.java:80)
	at com.netflix.discovery.shared.transport.decorator.EurekaHttpClientDecorator.sendHeartBeat(EurekaHttpClientDecorator.java:89)
	at com.netflix.discovery.shared.transport.decorator.EurekaHttpClientDecorator$3.execute(EurekaHttpClientDecorator.java:92)
	at com.netflix.discovery.shared.transport.decorator.RetryableEurekaHttpClient.execute(RetryableEurekaHttpClient.java:120)
	at com.netflix.discovery.shared.transport.decorator.EurekaHttpClientDecorator.sendHeartBeat(EurekaHttpClientDecorator.java:89)
	at com.netflix.discovery.shared.transport.decorator.EurekaHttpClientDecorator$3.execute(EurekaHttpClientDecorator.java:92)
	at com.netflix.discovery.shared.transport.decorator.SessionedEurekaHttpClient.execute(SessionedEurekaHttpClient.java:77)
	at com.netflix.discovery.shared.transport.decorator.EurekaHttpClientDecorator.sendHeartBeat(EurekaHttpClientDecorator.java:89)
	at com.netflix.discovery.DiscoveryClient.renew(DiscoveryClient.java:837)
	at com.netflix.discovery.DiscoveryClient$HeartbeatThread.run(DiscoveryClient.java:1401)
	at java.base/java.util.concurrent.Executors$RunnableAdapter.call(Executors.java:572)
	at java.base/java.util.concurrent.FutureTask.run$$$capture(FutureTask.java:317)
	at java.base/java.util.concurrent.FutureTask.run(FutureTask.java)
	at java.base/java.util.concurrent.ThreadPoolExecutor.runWorker(ThreadPoolExecutor.java:1144)
	at java.base/java.util.concurrent.ThreadPoolExecutor$Worker.run(ThreadPoolExecutor.java:642)
	at java.base/java.lang.Thread.run(Thread.java:1583)

2026-03-25T15:48:27.270+05:30  INFO 22216 --- [product-service] [DiscoveryClient-HeartbeatExecutor-1] c.n.d.s.t.d.RedirectingEurekaHttpClient  : Request execution error. endpoint=DefaultEndpoint{ serviceUrl='http://localhost:8761/eureka/}, exception=null stacktrace=java.util.concurrent.CancellationException
	at org.apache.hc.core5.concurrent.BasicFuture.getResult(BasicFuture.java:75)
	at org.apache.hc.core5.concurrent.BasicFuture.get(BasicFuture.java:96)
	at org.apache.hc.core5.pool.StrictConnPool$1.get(StrictConnPool.java:184)
	at org.apache.hc.core5.pool.StrictConnPool$1.get(StrictConnPool.java:178)
	at org.apache.hc.client5.http.impl.io.PoolingHttpClientConnectionManager$3.get(PoolingHttpClientConnectionManager.java:312)
	at org.apache.hc.client5.http.impl.classic.InternalExecRuntime.acquireEndpoint(InternalExecRuntime.java:109)
	at org.apache.hc.client5.http.impl.classic.ConnectExec.execute(ConnectExec.java:125)
	at org.apache.hc.client5.http.impl.classic.ExecChainElement.execute(ExecChainElement.java:51)
	at org.apache.hc.client5.http.impl.classic.ProtocolExec.execute(ProtocolExec.java:192)
	at org.apache.hc.client5.http.impl.classic.ExecChainElement.execute(ExecChainElement.java:51)
	at org.apache.hc.client5.http.impl.classic.HttpRequestRetryExec.execute(HttpRequestRetryExec.java:96)
	at org.apache.hc.client5.http.impl.classic.ExecChainElement.execute(ExecChainElement.java:51)
	at org.apache.hc.client5.http.impl.classic.ContentCompressionExec.execute(ContentCompressionExec.java:152)
	at org.apache.hc.client5.http.impl.classic.ExecChainElement.execute(ExecChainElement.java:51)
	at org.apache.hc.client5.http.impl.classic.RedirectExec.execute(RedirectExec.java:115)
	at org.apache.hc.client5.http.impl.classic.ExecChainElement.execute(ExecChainElement.java:51)
	at org.apache.hc.client5.http.impl.classic.InternalHttpClient.doExecute(InternalHttpClient.java:170)
	at org.apache.hc.client5.http.impl.classic.CloseableHttpClient.execute(CloseableHttpClient.java:87)
	at org.apache.hc.client5.http.impl.classic.CloseableHttpClient.execute(CloseableHttpClient.java:55)
	at org.apache.hc.client5.http.classic.HttpClient.executeOpen(HttpClient.java:183)
	at org.springframework.http.client.HttpComponentsClientHttpRequest.executeInternal(HttpComponentsClientHttpRequest.java:95)
	at org.springframework.http.client.AbstractStreamingClientHttpRequest.executeInternal(AbstractStreamingClientHttpRequest.java:70)
	at org.springframework.http.client.AbstractClientHttpRequest.execute(AbstractClientHttpRequest.java:66)
	at org.springframework.http.client.InterceptingClientHttpRequest$InterceptingRequestExecution.execute(InterceptingClientHttpRequest.java:112)
	at org.springframework.cloud.netflix.eureka.http.RestTemplateTransportClientFactory.lambda$restTemplate$0(RestTemplateTransportClientFactory.java:143)
	at org.springframework.http.client.InterceptingClientHttpRequest$InterceptingRequestExecution.execute(InterceptingClientHttpRequest.java:88)
	at org.springframework.http.client.InterceptingClientHttpRequest.executeInternal(InterceptingClientHttpRequest.java:72)
	at org.springframework.http.client.AbstractBufferingClientHttpRequest.executeInternal(AbstractBufferingClientHttpRequest.java:48)
	at org.springframework.http.client.AbstractClientHttpRequest.execute(AbstractClientHttpRequest.java:66)
	at org.springframework.web.client.RestTemplate.doExecute(RestTemplate.java:889)
	at org.springframework.web.client.RestTemplate.execute(RestTemplate.java:790)
	at org.springframework.web.client.RestTemplate.exchange(RestTemplate.java:672)
	at org.springframework.cloud.netflix.eureka.http.RestTemplateEurekaHttpClient.sendHeartBeat(RestTemplateEurekaHttpClient.java:99)
	at com.netflix.discovery.shared.transport.decorator.EurekaHttpClientDecorator$3.execute(EurekaHttpClientDecorator.java:92)
	at com.netflix.discovery.shared.transport.decorator.RedirectingEurekaHttpClient.executeOnNewServer(RedirectingEurekaHttpClient.java:121)
	at com.netflix.discovery.shared.transport.decorator.RedirectingEurekaHttpClient.execute(RedirectingEurekaHttpClient.java:80)
	at com.netflix.discovery.shared.transport.decorator.EurekaHttpClientDecorator.sendHeartBeat(EurekaHttpClientDecorator.java:89)
	at com.netflix.discovery.shared.transport.decorator.EurekaHttpClientDecorator$3.execute(EurekaHttpClientDecorator.java:92)
	at com.netflix.discovery.shared.transport.decorator.RetryableEurekaHttpClient.execute(RetryableEurekaHttpClient.java:120)
	at com.netflix.discovery.shared.transport.decorator.EurekaHttpClientDecorator.sendHeartBeat(EurekaHttpClientDecorator.java:89)
	at com.netflix.discovery.shared.transport.decorator.EurekaHttpClientDecorator$3.execute(EurekaHttpClientDecorator.java:92)
	at com.netflix.discovery.shared.transport.decorator.SessionedEurekaHttpClient.execute(SessionedEurekaHttpClient.java:77)
	at com.netflix.discovery.shared.transport.decorator.EurekaHttpClientDecorator.sendHeartBeat(EurekaHttpClientDecorator.java:89)
	at com.netflix.discovery.DiscoveryClient.renew(DiscoveryClient.java:837)
	at com.netflix.discovery.DiscoveryClient$HeartbeatThread.run(DiscoveryClient.java:1401)
	at java.base/java.util.concurrent.Executors$RunnableAdapter.call(Executors.java:572)
	at java.base/java.util.concurrent.FutureTask.run$$$capture(FutureTask.java:317)
	at java.base/java.util.concurrent.FutureTask.run(FutureTask.java)
	at java.base/java.util.concurrent.ThreadPoolExecutor.runWorker(ThreadPoolExecutor.java:1144)
	at java.base/java.util.concurrent.ThreadPoolExecutor$Worker.run(ThreadPoolExecutor.java:642)
	at java.base/java.lang.Thread.run(Thread.java:1583)

2026-03-25T15:48:28.224+05:30  WARN 22216 --- [product-service] [DiscoveryClient-HeartbeatExecutor-1] c.n.d.s.t.d.RetryableEurekaHttpClient    : Request execution failed with message: null
2026-03-25T15:48:28.224+05:30  WARN 22216 --- [product-service] [DiscoveryClient-HeartbeatExecutor-0] c.n.d.s.t.d.RetryableEurekaHttpClient    : Request execution failed with message: null
2026-03-25T15:48:27.270+05:30  INFO 22216 --- [product-service] [DiscoveryClient-CacheRefreshExecutor-0] c.n.d.s.t.d.RedirectingEurekaHttpClient  : Request execution error. endpoint=DefaultEndpoint{ serviceUrl='http://localhost:8761/eureka/}, exception=null stacktrace=java.util.concurrent.CancellationException
	at org.apache.hc.core5.concurrent.BasicFuture.getResult(BasicFuture.java:75)
	at org.apache.hc.core5.concurrent.BasicFuture.get(BasicFuture.java:96)
	at org.apache.hc.core5.pool.StrictConnPool$1.get(StrictConnPool.java:184)
	at org.apache.hc.core5.pool.StrictConnPool$1.get(StrictConnPool.java:178)
	at org.apache.hc.client5.http.impl.io.PoolingHttpClientConnectionManager$3.get(PoolingHttpClientConnectionManager.java:312)
	at org.apache.hc.client5.http.impl.classic.InternalExecRuntime.acquireEndpoint(InternalExecRuntime.java:109)
	at org.apache.hc.client5.http.impl.classic.ConnectExec.execute(ConnectExec.java:125)
	at org.apache.hc.client5.http.impl.classic.ExecChainElement.execute(ExecChainElement.java:51)
	at org.apache.hc.client5.http.impl.classic.ProtocolExec.execute(ProtocolExec.java:192)
	at org.apache.hc.client5.http.impl.classic.ExecChainElement.execute(ExecChainElement.java:51)
	at org.apache.hc.client5.http.impl.classic.HttpRequestRetryExec.execute(HttpRequestRetryExec.java:96)
	at org.apache.hc.client5.http.impl.classic.ExecChainElement.execute(ExecChainElement.java:51)
	at org.apache.hc.client5.http.impl.classic.ContentCompressionExec.execute(ContentCompressionExec.java:152)
	at org.apache.hc.client5.http.impl.classic.ExecChainElement.execute(ExecChainElement.java:51)
	at org.apache.hc.client5.http.impl.classic.RedirectExec.execute(RedirectExec.java:115)
	at org.apache.hc.client5.http.impl.classic.ExecChainElement.execute(ExecChainElement.java:51)
	at org.apache.hc.client5.http.impl.classic.InternalHttpClient.doExecute(InternalHttpClient.java:170)
	at org.apache.hc.client5.http.impl.classic.CloseableHttpClient.execute(CloseableHttpClient.java:87)
	at org.apache.hc.client5.http.impl.classic.CloseableHttpClient.execute(CloseableHttpClient.java:55)
	at org.apache.hc.client5.http.classic.HttpClient.executeOpen(HttpClient.java:183)
	at org.springframework.http.client.HttpComponentsClientHttpRequest.executeInternal(HttpComponentsClientHttpRequest.java:95)
	at org.springframework.http.client.AbstractStreamingClientHttpRequest.executeInternal(AbstractStreamingClientHttpRequest.java:70)
	at org.springframework.http.client.AbstractClientHttpRequest.execute(AbstractClientHttpRequest.java:66)
	at org.springframework.http.client.InterceptingClientHttpRequest$InterceptingRequestExecution.execute(InterceptingClientHttpRequest.java:112)
	at org.springframework.cloud.netflix.eureka.http.RestTemplateTransportClientFactory.lambda$restTemplate$0(RestTemplateTransportClientFactory.java:143)
	at org.springframework.http.client.InterceptingClientHttpRequest$InterceptingRequestExecution.execute(InterceptingClientHttpRequest.java:88)
	at org.springframework.http.client.InterceptingClientHttpRequest.executeInternal(InterceptingClientHttpRequest.java:72)
	at org.springframework.http.client.AbstractBufferingClientHttpRequest.executeInternal(AbstractBufferingClientHttpRequest.java:48)
	at org.springframework.http.client.AbstractClientHttpRequest.execute(AbstractClientHttpRequest.java:66)
	at org.springframework.web.client.RestTemplate.doExecute(RestTemplate.java:889)
	at org.springframework.web.client.RestTemplate.execute(RestTemplate.java:790)
	at org.springframework.web.client.RestTemplate.exchange(RestTemplate.java:672)
	at org.springframework.cloud.netflix.eureka.http.RestTemplateEurekaHttpClient.getApplicationsInternal(RestTemplateEurekaHttpClient.java:145)
	at org.springframework.cloud.netflix.eureka.http.RestTemplateEurekaHttpClient.getDelta(RestTemplateEurekaHttpClient.java:155)
	at com.netflix.discovery.shared.transport.decorator.EurekaHttpClientDecorator$7.execute(EurekaHttpClientDecorator.java:152)
	at com.netflix.discovery.shared.transport.decorator.RedirectingEurekaHttpClient.executeOnNewServer(RedirectingEurekaHttpClient.java:121)
	at com.netflix.discovery.shared.transport.decorator.RedirectingEurekaHttpClient.execute(RedirectingEurekaHttpClient.java:80)
	at com.netflix.discovery.shared.transport.decorator.EurekaHttpClientDecorator.getDelta(EurekaHttpClientDecorator.java:149)
	at com.netflix.discovery.shared.transport.decorator.EurekaHttpClientDecorator$7.execute(EurekaHttpClientDecorator.java:152)
	at com.netflix.discovery.shared.transport.decorator.RetryableEurekaHttpClient.execute(RetryableEurekaHttpClient.java:120)
	at com.netflix.discovery.shared.transport.decorator.EurekaHttpClientDecorator.getDelta(EurekaHttpClientDecorator.java:149)
	at com.netflix.discovery.shared.transport.decorator.EurekaHttpClientDecorator$7.execute(EurekaHttpClientDecorator.java:152)
	at com.netflix.discovery.shared.transport.decorator.SessionedEurekaHttpClient.execute(SessionedEurekaHttpClient.java:77)
	at com.netflix.discovery.shared.transport.decorator.EurekaHttpClientDecorator.getDelta(EurekaHttpClientDecorator.java:149)
	at com.netflix.discovery.DiscoveryClient.getAndUpdateDelta(DiscoveryClient.java:1079)
	at com.netflix.discovery.DiscoveryClient.fetchRegistry(DiscoveryClient.java:960)
	at com.netflix.discovery.DiscoveryClient.refreshRegistry(DiscoveryClient.java:1475)
	at com.netflix.discovery.DiscoveryClient$CacheRefreshThread.run(DiscoveryClient.java:1442)
	at java.base/java.util.concurrent.Executors$RunnableAdapter.call(Executors.java:572)
	at java.base/java.util.concurrent.FutureTask.run$$$capture(FutureTask.java:317)
	at java.base/java.util.concurrent.FutureTask.run(FutureTask.java)
	at java.base/java.util.concurrent.ThreadPoolExecutor.runWorker(ThreadPoolExecutor.java:1144)
	at java.base/java.util.concurrent.ThreadPoolExecutor$Worker.run(ThreadPoolExecutor.java:642)
	at java.base/java.lang.Thread.run(Thread.java:1583)

2026-03-25T15:48:28.234+05:30  WARN 22216 --- [product-service] [DiscoveryClient-CacheRefreshExecutor-0] c.n.d.s.t.d.RetryableEurekaHttpClient    : Request execution failed with message: null
2026-03-25T15:48:28.755+05:30  INFO 22216 --- [product-service] [DiscoveryClient-CacheRefreshExecutor-0] com.netflix.discovery.DiscoveryClient    : DiscoveryClient_PRODUCT-SERVICE/product-service:8082 - was unable to refresh its cache! This periodic background refresh will be retried in 30 seconds. status = Cannot execute request on any known server stacktrace = com.netflix.discovery.shared.transport.TransportException: Cannot execute request on any known server
	at com.netflix.discovery.shared.transport.decorator.RetryableEurekaHttpClient.execute(RetryableEurekaHttpClient.java:112)
	at com.netflix.discovery.shared.transport.decorator.EurekaHttpClientDecorator.getDelta(EurekaHttpClientDecorator.java:149)
	at com.netflix.discovery.shared.transport.decorator.EurekaHttpClientDecorator$7.execute(EurekaHttpClientDecorator.java:152)
	at com.netflix.discovery.shared.transport.decorator.SessionedEurekaHttpClient.execute(SessionedEurekaHttpClient.java:77)
	at com.netflix.discovery.shared.transport.decorator.EurekaHttpClientDecorator.getDelta(EurekaHttpClientDecorator.java:149)
	at com.netflix.discovery.DiscoveryClient.getAndUpdateDelta(DiscoveryClient.java:1079)
	at com.netflix.discovery.DiscoveryClient.fetchRegistry(DiscoveryClient.java:960)
	at com.netflix.discovery.DiscoveryClient.refreshRegistry(DiscoveryClient.java:1475)
	at com.netflix.discovery.DiscoveryClient$CacheRefreshThread.run(DiscoveryClient.java:1442)
	at java.base/java.util.concurrent.Executors$RunnableAdapter.call(Executors.java:572)
	at java.base/java.util.concurrent.FutureTask.run$$$capture(FutureTask.java:317)
	at java.base/java.util.concurrent.FutureTask.run(FutureTask.java)
	at java.base/java.util.concurrent.ThreadPoolExecutor.runWorker(ThreadPoolExecutor.java:1144)
	at java.base/java.util.concurrent.ThreadPoolExecutor$Worker.run(ThreadPoolExecutor.java:642)
	at java.base/java.lang.Thread.run(Thread.java:1583)

2026-03-25T15:48:28.754+05:30 ERROR 22216 --- [product-service] [DiscoveryClient-HeartbeatExecutor-1] com.netflix.discovery.DiscoveryClient    : DiscoveryClient_PRODUCT-SERVICE/product-service:8082 - was unable to send heartbeat!

com.netflix.discovery.shared.transport.TransportException: Cannot execute request on any known server
	at com.netflix.discovery.shared.transport.decorator.RetryableEurekaHttpClient.execute(RetryableEurekaHttpClient.java:112) ~[eureka-client-2.0.1.jar:2.0.1]
	at com.netflix.discovery.shared.transport.decorator.EurekaHttpClientDecorator.sendHeartBeat(EurekaHttpClientDecorator.java:89) ~[eureka-client-2.0.1.jar:2.0.1]
	at com.netflix.discovery.shared.transport.decorator.EurekaHttpClientDecorator$3.execute(EurekaHttpClientDecorator.java:92) ~[eureka-client-2.0.1.jar:2.0.1]
	at com.netflix.discovery.shared.transport.decorator.SessionedEurekaHttpClient.execute(SessionedEurekaHttpClient.java:77) ~[eureka-client-2.0.1.jar:2.0.1]
	at com.netflix.discovery.shared.transport.decorator.EurekaHttpClientDecorator.sendHeartBeat(EurekaHttpClientDecorator.java:89) ~[eureka-client-2.0.1.jar:2.0.1]
	at com.netflix.discovery.DiscoveryClient.renew(DiscoveryClient.java:837) ~[eureka-client-2.0.1.jar:2.0.1]
	at com.netflix.discovery.DiscoveryClient$HeartbeatThread.run(DiscoveryClient.java:1401) ~[eureka-client-2.0.1.jar:2.0.1]
	at java.base/java.util.concurrent.Executors$RunnableAdapter.call(Executors.java:572) ~[na:na]
	at java.base/java.util.concurrent.FutureTask.run$$$capture(FutureTask.java:317) ~[na:na]
	at java.base/java.util.concurrent.FutureTask.run(FutureTask.java) ~[na:na]
	at java.base/java.util.concurrent.ThreadPoolExecutor.runWorker(ThreadPoolExecutor.java:1144) ~[na:na]
	at java.base/java.util.concurrent.ThreadPoolExecutor$Worker.run(ThreadPoolExecutor.java:642) ~[na:na]
	at java.base/java.lang.Thread.run(Thread.java:1583) ~[na:na]

2026-03-25T15:48:28.754+05:30 ERROR 22216 --- [product-service] [DiscoveryClient-HeartbeatExecutor-0] com.netflix.discovery.DiscoveryClient    : DiscoveryClient_PRODUCT-SERVICE/product-service:8082 - was unable to send heartbeat!

com.netflix.discovery.shared.transport.TransportException: Cannot execute request on any known server
	at com.netflix.discovery.shared.transport.decorator.RetryableEurekaHttpClient.execute(RetryableEurekaHttpClient.java:112) ~[eureka-client-2.0.1.jar:2.0.1]
	at com.netflix.discovery.shared.transport.decorator.EurekaHttpClientDecorator.sendHeartBeat(EurekaHttpClientDecorator.java:89) ~[eureka-client-2.0.1.jar:2.0.1]
	at com.netflix.discovery.shared.transport.decorator.EurekaHttpClientDecorator$3.execute(EurekaHttpClientDecorator.java:92) ~[eureka-client-2.0.1.jar:2.0.1]
	at com.netflix.discovery.shared.transport.decorator.SessionedEurekaHttpClient.execute(SessionedEurekaHttpClient.java:77) ~[eureka-client-2.0.1.jar:2.0.1]
	at com.netflix.discovery.shared.transport.decorator.EurekaHttpClientDecorator.sendHeartBeat(EurekaHttpClientDecorator.java:89) ~[eureka-client-2.0.1.jar:2.0.1]
	at com.netflix.discovery.DiscoveryClient.renew(DiscoveryClient.java:837) ~[eureka-client-2.0.1.jar:2.0.1]
	at com.netflix.discovery.DiscoveryClient$HeartbeatThread.run(DiscoveryClient.java:1401) ~[eureka-client-2.0.1.jar:2.0.1]
	at java.base/java.util.concurrent.Executors$RunnableAdapter.call(Executors.java:572) ~[na:na]
	at java.base/java.util.concurrent.FutureTask.run$$$capture(FutureTask.java:317) ~[na:na]
	at java.base/java.util.concurrent.FutureTask.run(FutureTask.java) ~[na:na]
	at java.base/java.util.concurrent.ThreadPoolExecutor.runWorker(ThreadPoolExecutor.java:1144) ~[na:na]
	at java.base/java.util.concurrent.ThreadPoolExecutor$Worker.run(ThreadPoolExecutor.java:642) ~[na:na]
	at java.base/java.lang.Thread.run(Thread.java:1583) ~[na:na]

2026-03-25T15:49:05.854+05:30  WARN 22216 --- [product-service] [http-nio-8082-exec-4] org.hibernate.orm.query                  : HHH90003004: firstResult/maxResults specified with collection fetch; applying in memory
2026-03-25T15:49:51.156+05:30  INFO 22216 --- [product-service] [DiscoveryClient-CacheRefreshExecutor-0] com.netflix.discovery.DiscoveryClient    : Disable delta property : false
2026-03-25T15:49:51.443+05:30  INFO 22216 --- [product-service] [DiscoveryClient-CacheRefreshExecutor-0] com.netflix.discovery.DiscoveryClient    : Single vip registry refresh property : null
2026-03-25T15:49:51.444+05:30  INFO 22216 --- [product-service] [DiscoveryClient-CacheRefreshExecutor-0] com.netflix.discovery.DiscoveryClient    : Force full registry fetch : false
2026-03-25T15:49:51.444+05:30  INFO 22216 --- [product-service] [DiscoveryClient-CacheRefreshExecutor-0] com.netflix.discovery.DiscoveryClient    : Application is null : false
2026-03-25T15:49:51.444+05:30  INFO 22216 --- [product-service] [DiscoveryClient-CacheRefreshExecutor-0] com.netflix.discovery.DiscoveryClient    : Registered Applications size is zero : true
2026-03-25T15:49:51.444+05:30  INFO 22216 --- [product-service] [DiscoveryClient-CacheRefreshExecutor-0] com.netflix.discovery.DiscoveryClient    : Application version is -1: false
2026-03-25T15:49:51.444+05:30  INFO 22216 --- [product-service] [DiscoveryClient-CacheRefreshExecutor-0] com.netflix.discovery.DiscoveryClient    : Getting all instance registry info from the eureka server
2026-03-25T15:49:51.494+05:30  INFO 22216 --- [product-service] [DiscoveryClient-CacheRefreshExecutor-0] com.netflix.discovery.DiscoveryClient    : The response status is 200
2026-03-25T15:50:09.365+05:30 DEBUG 22216 --- [product-service] [http-nio-8082-exec-4] org.hibernate.SQL                        : 
    select
        distinct p1_0.id,
        p1_0.attributes,
        p1_0.average_rating,
        p1_0.brand_name,
        p1_0.category_id,
        c1_0.id,
        c1_0.created_at,
        c1_0.description,
        c1_0.display_order,
        c1_0.image_url,
        c1_0.is_active,
        c1_0.name,
        c1_0.parent_id,
        c1_0.slug,
        p1_0.compare_at_price,
        p1_0.cost_price,
        p1_0.created_at,
        p1_0.description,
        i1_0.product_id,
        i1_0.id,
        i1_0.alt_text,
        i1_0.display_order,
        i1_0.image_url,
        i1_0.is_primary,
        i2_0.id,
        i2_0.last_updated,
        i2_0.low_stock_threshold,
        i2_0.product_id,
        i2_0.quantity,
        i2_0.reserved_quantity,
        i2_0.warehouse_location,
        p1_0.name,
        p1_0.price,
        p1_0.review_count,
        p1_0.short_description,
        p1_0.sku,
        p1_0.sold_count,
        p1_0.status,
        p1_0.tags,
        p1_0.updated_at,
        p1_0.version,
        p1_0.view_count,
        p1_0.weight 
    from
        products p1_0 
    left join
        product_images i1_0 
            on p1_0.id=i1_0.product_id 
    left join
        inventories i2_0 
            on p1_0.id=i2_0.product_id 
    left join
        categories c1_0 
            on c1_0.id=p1_0.category_id 
    where
        p1_0.status=? 
        and (
            ? is null 
            or c1_0.id=?
        ) 
        and (
            ? is null 
            or lower(p1_0.brand_name)=lower(?)
        ) 
        and (
            ? is null 
            or p1_0.price>=?
        ) 
        and (
            ? is null 
            or p1_0.price<=?
        ) 
        and (
            ? is null 
            or lower(p1_0.name) like lower(concat('%', ?, '%')) escape '' 
            or lower(p1_0.brand_name) like lower(concat('%', ?, '%')) escape ''
        ) 
        and (
            ? is null 
            or (
                ?=1 
                and i2_0.quantity>0
            ) 
            or (
                ?=0 
                and i2_0.quantity=0
            )
        ) 
    order by
        p1_0.created_at desc
2026-03-25T15:50:19.047+05:30  WARN 22216 --- [product-service] [DiscoveryClient-1] c.netflix.discovery.TimedSupervisorTask  : task supervisor timed out

java.util.concurrent.TimeoutException: null
	at java.base/java.util.concurrent.FutureTask.get(FutureTask.java:204) ~[na:na]
	at com.netflix.discovery.TimedSupervisorTask.run(TimedSupervisorTask.java:68) ~[eureka-client-2.0.1.jar:2.0.1]
	at java.base/java.util.concurrent.Executors$RunnableAdapter.call(Executors.java:572) ~[na:na]
	at java.base/java.util.concurrent.FutureTask.run$$$capture(FutureTask.java:317) ~[na:na]
	at java.base/java.util.concurrent.FutureTask.run(FutureTask.java) ~[na:na]
	at java.base/java.util.concurrent.ScheduledThreadPoolExecutor$ScheduledFutureTask.run(ScheduledThreadPoolExecutor.java:304) ~[na:na]
	at java.base/java.util.concurrent.ThreadPoolExecutor.runWorker(ThreadPoolExecutor.java:1144) ~[na:na]
	at java.base/java.util.concurrent.ThreadPoolExecutor$Worker.run(ThreadPoolExecutor.java:642) ~[na:na]
	at java.base/java.lang.Thread.run(Thread.java:1583) ~[na:na]

2026-03-25T16:01:06.963+05:30  INFO 17692 --- [product-service] [main] c.e.p.ProductServiceApplication          : Starting ProductServiceApplication using Java 21.0.2 with PID 17692 (F:\Ecommerce Production Level Application\product-service\target\classes started by nanda royality in F:\Ecommerce Production Level Application\user-service)
2026-03-25T16:01:07.043+05:30 DEBUG 17692 --- [product-service] [main] c.e.p.ProductServiceApplication          : Running with Spring Boot v3.2.3, Spring v6.1.4
2026-03-25T16:01:07.044+05:30  INFO 17692 --- [product-service] [main] c.e.p.ProductServiceApplication          : No active profile set, falling back to 1 default profile: "default"
2026-03-25T16:01:12.950+05:30  INFO 17692 --- [product-service] [main] .s.d.r.c.RepositoryConfigurationDelegate : Multiple Spring Data modules found, entering strict repository configuration mode
2026-03-25T16:01:12.952+05:30  INFO 17692 --- [product-service] [main] .s.d.r.c.RepositoryConfigurationDelegate : Bootstrapping Spring Data JPA repositories in DEFAULT mode.
2026-03-25T16:01:13.106+05:30  INFO 17692 --- [product-service] [main] .s.d.r.c.RepositoryConfigurationDelegate : Finished Spring Data repository scanning in 143 ms. Found 5 JPA repository interfaces.
2026-03-25T16:01:13.467+05:30  INFO 17692 --- [product-service] [main] o.s.cloud.context.scope.GenericScope     : BeanFactory id=d813ef7e-d178-3557-8b87-0fa4396fa45c
2026-03-25T16:01:13.921+05:30  WARN 17692 --- [product-service] [main] trationDelegate$BeanPostProcessorChecker : Bean 'org.springframework.cloud.client.loadbalancer.LoadBalancerAutoConfiguration$RetryInterceptorAutoConfiguration' of type [org.springframework.cloud.client.loadbalancer.LoadBalancerAutoConfiguration$RetryInterceptorAutoConfiguration] is not eligible for getting processed by all BeanPostProcessors (for example: not eligible for auto-proxying). The currently created BeanPostProcessor [lbRestClientPostProcessor] is declared through a non-static factory method on that class; consider declaring it as static instead.
2026-03-25T16:01:13.925+05:30  WARN 17692 --- [product-service] [main] trationDelegate$BeanPostProcessorChecker : Bean 'org.springframework.cloud.loadbalancer.config.BlockingLoadBalancerClientAutoConfiguration' of type [org.springframework.cloud.loadbalancer.config.BlockingLoadBalancerClientAutoConfiguration] is not eligible for getting processed by all BeanPostProcessors (for example: not eligible for auto-proxying). Is this bean getting eagerly injected into a currently created BeanPostProcessor [lbRestClientPostProcessor]? Check the corresponding BeanPostProcessor declaration and its dependencies.
2026-03-25T16:01:13.929+05:30  WARN 17692 --- [product-service] [main] trationDelegate$BeanPostProcessorChecker : Bean 'org.springframework.cloud.loadbalancer.config.LoadBalancerAutoConfiguration' of type [org.springframework.cloud.loadbalancer.config.LoadBalancerAutoConfiguration] is not eligible for getting processed by all BeanPostProcessors (for example: not eligible for auto-proxying). Is this bean getting eagerly injected into a currently created BeanPostProcessor [lbRestClientPostProcessor]? Check the corresponding BeanPostProcessor declaration and its dependencies.
2026-03-25T16:01:13.946+05:30  WARN 17692 --- [product-service] [main] trationDelegate$BeanPostProcessorChecker : Bean 'org.springframework.cloud.commons.config.CommonsConfigAutoConfiguration' of type [org.springframework.cloud.commons.config.CommonsConfigAutoConfiguration] is not eligible for getting processed by all BeanPostProcessors (for example: not eligible for auto-proxying). Is this bean getting eagerly injected into a currently created BeanPostProcessor [lbRestClientPostProcessor]? Check the corresponding BeanPostProcessor declaration and its dependencies.
2026-03-25T16:01:14.512+05:30  WARN 17692 --- [product-service] [main] trationDelegate$BeanPostProcessorChecker : Bean 'org.springframework.cloud.client.loadbalancer.LoadBalancerDefaultMappingsProviderAutoConfiguration' of type [org.springframework.cloud.client.loadbalancer.LoadBalancerDefaultMappingsProviderAutoConfiguration] is not eligible for getting processed by all BeanPostProcessors (for example: not eligible for auto-proxying). Is this bean getting eagerly injected into a currently created BeanPostProcessor [lbRestClientPostProcessor]? Check the corresponding BeanPostProcessor declaration and its dependencies.
2026-03-25T16:01:14.514+05:30  WARN 17692 --- [product-service] [main] trationDelegate$BeanPostProcessorChecker : Bean 'loadBalancerClientsDefaultsMappingsProvider' of type [org.springframework.cloud.client.loadbalancer.LoadBalancerDefaultMappingsProviderAutoConfiguration$$Lambda/0x000002120151da40] is not eligible for getting processed by all BeanPostProcessors (for example: not eligible for auto-proxying). Is this bean getting eagerly injected into a currently created BeanPostProcessor [lbRestClientPostProcessor]? Check the corresponding BeanPostProcessor declaration and its dependencies.
2026-03-25T16:01:14.517+05:30  WARN 17692 --- [product-service] [main] trationDelegate$BeanPostProcessorChecker : Bean 'defaultsBindHandlerAdvisor' of type [org.springframework.cloud.commons.config.DefaultsBindHandlerAdvisor] is not eligible for getting processed by all BeanPostProcessors (for example: not eligible for auto-proxying). Is this bean getting eagerly injected into a currently created BeanPostProcessor [lbRestClientPostProcessor]? Check the corresponding BeanPostProcessor declaration and its dependencies.
2026-03-25T16:01:14.522+05:30  WARN 17692 --- [product-service] [main] trationDelegate$BeanPostProcessorChecker : Bean 'org.springframework.boot.autoconfigure.flyway.FlywayAutoConfiguration' of type [org.springframework.boot.autoconfigure.flyway.FlywayAutoConfiguration] is not eligible for getting processed by all BeanPostProcessors (for example: not eligible for auto-proxying). Is this bean getting eagerly injected into a currently created BeanPostProcessor [lbRestClientPostProcessor]? Check the corresponding BeanPostProcessor declaration and its dependencies.
2026-03-25T16:01:14.524+05:30  WARN 17692 --- [product-service] [main] trationDelegate$BeanPostProcessorChecker : Bean 'stringOrNumberMigrationVersionConverter' of type [org.springframework.boot.autoconfigure.flyway.FlywayAutoConfiguration$StringOrNumberToMigrationVersionConverter] is not eligible for getting processed by all BeanPostProcessors (for example: not eligible for auto-proxying). Is this bean getting eagerly injected into a currently created BeanPostProcessor [lbRestClientPostProcessor]? Check the corresponding BeanPostProcessor declaration and its dependencies.
2026-03-25T16:01:14.533+05:30  WARN 17692 --- [product-service] [main] trationDelegate$BeanPostProcessorChecker : Bean 'spring.cloud.loadbalancer-org.springframework.cloud.client.loadbalancer.LoadBalancerClientsProperties' of type [org.springframework.cloud.client.loadbalancer.LoadBalancerClientsProperties] is not eligible for getting processed by all BeanPostProcessors (for example: not eligible for auto-proxying). Is this bean getting eagerly injected into a currently created BeanPostProcessor [lbRestClientPostProcessor]? Check the corresponding BeanPostProcessor declaration and its dependencies.
2026-03-25T16:01:14.541+05:30  WARN 17692 --- [product-service] [main] trationDelegate$BeanPostProcessorChecker : Bean 'default.org.springframework.cloud.loadbalancer.config.LoadBalancerAutoConfiguration.LoadBalancerClientSpecification' of type [org.springframework.cloud.loadbalancer.annotation.LoadBalancerClientSpecification] is not eligible for getting processed by all BeanPostProcessors (for example: not eligible for auto-proxying). Is this bean getting eagerly injected into a currently created BeanPostProcessor [lbRestClientPostProcessor]? Check the corresponding BeanPostProcessor declaration and its dependencies.
2026-03-25T16:01:14.544+05:30  WARN 17692 --- [product-service] [main] trationDelegate$BeanPostProcessorChecker : Bean 'default.org.springframework.cloud.loadbalancer.config.BlockingLoadBalancerClientAutoConfiguration.LoadBalancerClientSpecification' of type [org.springframework.cloud.loadbalancer.annotation.LoadBalancerClientSpecification] is not eligible for getting processed by all BeanPostProcessors (for example: not eligible for auto-proxying). Is this bean getting eagerly injected into a currently created BeanPostProcessor [lbRestClientPostProcessor]? Check the corresponding BeanPostProcessor declaration and its dependencies.
2026-03-25T16:01:14.546+05:30  WARN 17692 --- [product-service] [main] trationDelegate$BeanPostProcessorChecker : Bean 'default.org.springframework.cloud.netflix.eureka.loadbalancer.LoadBalancerEurekaAutoConfiguration.LoadBalancerClientSpecification' of type [org.springframework.cloud.loadbalancer.annotation.LoadBalancerClientSpecification] is not eligible for getting processed by all BeanPostProcessors (for example: not eligible for auto-proxying). Is this bean getting eagerly injected into a currently created BeanPostProcessor [lbRestClientPostProcessor]? Check the corresponding BeanPostProcessor declaration and its dependencies.
2026-03-25T16:01:14.547+05:30  WARN 17692 --- [product-service] [main] trationDelegate$BeanPostProcessorChecker : Bean 'loadBalancerClientFactory' of type [org.springframework.cloud.loadbalancer.support.LoadBalancerClientFactory] is not eligible for getting processed by all BeanPostProcessors (for example: not eligible for auto-proxying). Is this bean getting eagerly injected into a currently created BeanPostProcessor [lbRestClientPostProcessor]? Check the corresponding BeanPostProcessor declaration and its dependencies.
2026-03-25T16:01:14.555+05:30  WARN 17692 --- [product-service] [main] trationDelegate$BeanPostProcessorChecker : Bean 'blockingLoadBalancerClient' of type [org.springframework.cloud.loadbalancer.blocking.client.BlockingLoadBalancerClient] is not eligible for getting processed by all BeanPostProcessors (for example: not eligible for auto-proxying). Is this bean getting eagerly injected into a currently created BeanPostProcessor [lbRestClientPostProcessor]? Check the corresponding BeanPostProcessor declaration and its dependencies.
2026-03-25T16:01:14.567+05:30  WARN 17692 --- [product-service] [main] trationDelegate$BeanPostProcessorChecker : Bean 'loadBalancerServiceInstanceCookieTransformer' of type [org.springframework.cloud.loadbalancer.core.LoadBalancerServiceInstanceCookieTransformer] is not eligible for getting processed by all BeanPostProcessors (for example: not eligible for auto-proxying). Is this bean getting eagerly injected into a currently created BeanPostProcessor [lbRestClientPostProcessor]? Check the corresponding BeanPostProcessor declaration and its dependencies.
2026-03-25T16:01:14.571+05:30  WARN 17692 --- [product-service] [main] trationDelegate$BeanPostProcessorChecker : Bean 'xForwarderHeadersTransformer' of type [org.springframework.cloud.loadbalancer.blocking.XForwardedHeadersTransformer] is not eligible for getting processed by all BeanPostProcessors (for example: not eligible for auto-proxying). Is this bean getting eagerly injected into a currently created BeanPostProcessor [lbRestClientPostProcessor]? Check the corresponding BeanPostProcessor declaration and its dependencies.
2026-03-25T16:01:14.574+05:30  WARN 17692 --- [product-service] [main] trationDelegate$BeanPostProcessorChecker : Bean 'org.springframework.cloud.client.loadbalancer.LoadBalancerAutoConfiguration' of type [org.springframework.cloud.client.loadbalancer.LoadBalancerAutoConfiguration] is not eligible for getting processed by all BeanPostProcessors (for example: not eligible for auto-proxying). Is this bean getting eagerly injected into a currently created BeanPostProcessor [lbRestClientPostProcessor]? Check the corresponding BeanPostProcessor declaration and its dependencies.
2026-03-25T16:01:14.578+05:30  WARN 17692 --- [product-service] [main] trationDelegate$BeanPostProcessorChecker : Bean 'loadBalancerRequestFactory' of type [org.springframework.cloud.client.loadbalancer.LoadBalancerRequestFactory] is not eligible for getting processed by all BeanPostProcessors (for example: not eligible for auto-proxying). Is this bean getting eagerly injected into a currently created BeanPostProcessor [lbRestClientPostProcessor]? Check the corresponding BeanPostProcessor declaration and its dependencies.
2026-03-25T16:01:14.582+05:30  WARN 17692 --- [product-service] [main] trationDelegate$BeanPostProcessorChecker : Bean 'org.springframework.cloud.loadbalancer.config.BlockingLoadBalancerClientAutoConfiguration$BlockingLoadBalancerRetryConfig' of type [org.springframework.cloud.loadbalancer.config.BlockingLoadBalancerClientAutoConfiguration$BlockingLoadBalancerRetryConfig$$SpringCGLIB$$0] is not eligible for getting processed by all BeanPostProcessors (for example: not eligible for auto-proxying). Is this bean getting eagerly injected into a currently created BeanPostProcessor [lbRestClientPostProcessor]? Check the corresponding BeanPostProcessor declaration and its dependencies.
2026-03-25T16:01:14.588+05:30  WARN 17692 --- [product-service] [main] trationDelegate$BeanPostProcessorChecker : Bean 'loadBalancedRetryFactory' of type [org.springframework.cloud.loadbalancer.blocking.retry.BlockingLoadBalancedRetryFactory] is not eligible for getting processed by all BeanPostProcessors (for example: not eligible for auto-proxying). Is this bean getting eagerly injected into a currently created BeanPostProcessor [lbRestClientPostProcessor]? Check the corresponding BeanPostProcessor declaration and its dependencies.
2026-03-25T16:01:14.595+05:30  WARN 17692 --- [product-service] [main] trationDelegate$BeanPostProcessorChecker : Bean 'loadBalancerInterceptor' of type [org.springframework.cloud.client.loadbalancer.RetryLoadBalancerInterceptor] is not eligible for getting processed by all BeanPostProcessors (for example: not eligible for auto-proxying). Is this bean getting eagerly injected into a currently created BeanPostProcessor [lbRestClientPostProcessor]? Check the corresponding BeanPostProcessor declaration and its dependencies.
2026-03-25T16:01:14.961+05:30  INFO 17692 --- [product-service] [main] o.s.b.w.embedded.tomcat.TomcatWebServer  : Tomcat initialized with port 8082 (http)
2026-03-25T16:01:14.973+05:30  INFO 17692 --- [product-service] [main] o.apache.catalina.core.StandardService   : Starting service [Tomcat]
2026-03-25T16:01:14.973+05:30  INFO 17692 --- [product-service] [main] o.apache.catalina.core.StandardEngine    : Starting Servlet engine: [Apache Tomcat/10.1.19]
2026-03-25T16:01:15.087+05:30  INFO 17692 --- [product-service] [main] o.a.c.c.C.[Tomcat].[localhost].[/]       : Initializing Spring embedded WebApplicationContext
2026-03-25T16:01:15.088+05:30  INFO 17692 --- [product-service] [main] w.s.c.ServletWebServerApplicationContext : Root WebApplicationContext: initialization completed in 7970 ms
2026-03-25T16:01:15.374+05:30 DEBUG 17692 --- [product-service] [main] c.e.p.security.JwtAuthenticationFilter   : Filter 'jwtAuthenticationFilter' configured for use
2026-03-25T16:01:15.468+05:30  INFO 17692 --- [product-service] [main] com.zaxxer.hikari.HikariDataSource       : ProductServicePool - Starting...
2026-03-25T16:01:16.574+05:30  INFO 17692 --- [product-service] [main] com.zaxxer.hikari.pool.HikariPool        : ProductServicePool - Added connection com.mysql.cj.jdbc.ConnectionImpl@30eb55c9
2026-03-25T16:01:16.575+05:30  INFO 17692 --- [product-service] [main] com.zaxxer.hikari.HikariDataSource       : ProductServicePool - Start completed.
2026-03-25T16:01:16.660+05:30  INFO 17692 --- [product-service] [main] o.f.c.internal.license.VersionPrinter    : Flyway Community Edition 9.22.3 by Redgate
2026-03-25T16:01:16.660+05:30  INFO 17692 --- [product-service] [main] o.f.c.internal.license.VersionPrinter    : See release notes here: https://rd.gt/416ObMi
2026-03-25T16:01:16.660+05:30  INFO 17692 --- [product-service] [main] o.f.c.internal.license.VersionPrinter    : 
2026-03-25T16:01:17.404+05:30  INFO 17692 --- [product-service] [main] org.flywaydb.core.FlywayExecutor         : Database: jdbc:mysql://localhost:3306/product_db (MySQL 8.0)
2026-03-25T16:01:17.620+05:30  INFO 17692 --- [product-service] [main] o.f.core.internal.command.DbValidate     : Successfully validated 0 migrations (execution time 00:00.151s)
2026-03-25T16:01:17.621+05:30  WARN 17692 --- [product-service] [main] o.f.core.internal.command.DbValidate     : No migrations found. Are your locations set up correctly?
2026-03-25T16:01:17.634+05:30  INFO 17692 --- [product-service] [main] o.f.core.internal.command.DbMigrate      : Current version of schema `product_db`: << Empty Schema >>
2026-03-25T16:01:17.637+05:30  INFO 17692 --- [product-service] [main] o.f.core.internal.command.DbMigrate      : Schema `product_db` is up to date. No migration necessary.
2026-03-25T16:01:17.762+05:30  INFO 17692 --- [product-service] [main] o.hibernate.jpa.internal.util.LogHelper  : HHH000204: Processing PersistenceUnitInfo [name: default]
2026-03-25T16:01:17.834+05:30  INFO 17692 --- [product-service] [main] org.hibernate.Version                    : HHH000412: Hibernate ORM core version 6.4.4.Final
2026-03-25T16:01:17.871+05:30  INFO 17692 --- [product-service] [main] o.h.c.internal.RegionFactoryInitiator    : HHH000026: Second-level cache disabled
2026-03-25T16:01:18.104+05:30  INFO 17692 --- [product-service] [main] o.s.o.j.p.SpringPersistenceUnitInfo      : No LoadTimeWeaver setup: ignoring JPA class transformer
2026-03-25T16:01:18.156+05:30  WARN 17692 --- [product-service] [main] org.hibernate.orm.deprecation            : HHH90000025: MySQLDialect does not need to be specified explicitly using 'hibernate.dialect' (remove the property setting and it will be selected by default)
2026-03-25T16:01:19.113+05:30  INFO 17692 --- [product-service] [main] o.h.e.t.j.p.i.JtaPlatformInitiator       : HHH000489: No JTA platform available (set 'hibernate.transaction.jta.platform' to enable JTA platform integration)
2026-03-25T16:01:19.247+05:30  INFO 17692 --- [product-service] [main] j.LocalContainerEntityManagerFactoryBean : Initialized JPA EntityManagerFactory for persistence unit 'default'
2026-03-25T16:01:19.587+05:30  INFO 17692 --- [product-service] [main] o.s.d.j.r.query.QueryEnhancerFactory     : Hibernate is in classpath; If applicable, HQL parser will be used.
2026-03-25T16:01:21.168+05:30  WARN 17692 --- [product-service] [main] .s.s.UserDetailsServiceAutoConfiguration : 

Using generated security password: 1ea6f3d7-13ab-463f-bbb3-7a637daf6969

This generated password is for development use only. Your security configuration must be updated before running your application in production.

2026-03-25T16:01:21.655+05:30  INFO 17692 --- [product-service] [main] o.s.b.a.e.web.EndpointLinksResolver      : Exposing 1 endpoint(s) beneath base path '/actuator'
2026-03-25T16:01:21.765+05:30  INFO 17692 --- [product-service] [main] o.s.s.web.DefaultSecurityFilterChain     : Will secure any request with [org.springframework.security.web.session.DisableEncodeUrlFilter@5a0fc6cd, org.springframework.security.web.context.request.async.WebAsyncManagerIntegrationFilter@11009075, org.springframework.security.web.context.SecurityContextHolderFilter@118ac973, org.springframework.security.web.header.HeaderWriterFilter@4087fff9, org.springframework.web.filter.CorsFilter@2d5fd52e, org.springframework.security.web.authentication.logout.LogoutFilter@3e38a99c, com.ecommerce.product_service.security.JwtAuthenticationFilter@18692e80, org.springframework.security.web.savedrequest.RequestCacheAwareFilter@5fbccdcb, org.springframework.security.web.servletapi.SecurityContextHolderAwareRequestFilter@5dab1f38, org.springframework.security.web.authentication.AnonymousAuthenticationFilter@76dc7bdb, org.springframework.security.web.session.SessionManagementFilter@d98fc62, org.springframework.security.web.access.ExceptionTranslationFilter@572c013f, org.springframework.security.web.access.intercept.AuthorizationFilter@701d0d0]
2026-03-25T16:01:22.418+05:30  INFO 17692 --- [product-service] [main] DiscoveryClientOptionalArgsConfiguration : Eureka HTTP Client uses RestTemplate.
2026-03-25T16:01:22.459+05:30  WARN 17692 --- [product-service] [main] iguration$LoadBalancerCaffeineWarnLogger : Spring Cloud LoadBalancer is currently working with the default cache. While this cache implementation is useful for development and tests, it's recommended to use Caffeine cache in production.You can switch to using Caffeine cache, by adding it and org.springframework.cache.caffeine.CaffeineCacheManager to the classpath.
2026-03-25T16:01:22.558+05:30  INFO 17692 --- [product-service] [main] o.a.k.clients.admin.AdminClientConfig    : AdminClientConfig values: 
	auto.include.jmx.reporter = true
	bootstrap.servers = [localhost:9092]
	client.dns.lookup = use_all_dns_ips
	client.id = 
	connections.max.idle.ms = 300000
	default.api.timeout.ms = 60000
	metadata.max.age.ms = 300000
	metric.reporters = []
	metrics.num.samples = 2
	metrics.recording.level = INFO
	metrics.sample.window.ms = 30000
	receive.buffer.bytes = 65536
	reconnect.backoff.max.ms = 1000
	reconnect.backoff.ms = 50
	request.timeout.ms = 30000
	retries = 2147483647
	retry.backoff.ms = 100
	sasl.client.callback.handler.class = null
	sasl.jaas.config = null
	sasl.kerberos.kinit.cmd = /usr/bin/kinit
	sasl.kerberos.min.time.before.relogin = 60000
	sasl.kerberos.service.name = null
	sasl.kerberos.ticket.renew.jitter = 0.05
	sasl.kerberos.ticket.renew.window.factor = 0.8
	sasl.login.callback.handler.class = null
	sasl.login.class = null
	sasl.login.connect.timeout.ms = null
	sasl.login.read.timeout.ms = null
	sasl.login.refresh.buffer.seconds = 300
	sasl.login.refresh.min.period.seconds = 60
	sasl.login.refresh.window.factor = 0.8
	sasl.login.refresh.window.jitter = 0.05
	sasl.login.retry.backoff.max.ms = 10000
	sasl.login.retry.backoff.ms = 100
	sasl.mechanism = GSSAPI
	sasl.oauthbearer.clock.skew.seconds = 30
	sasl.oauthbearer.expected.audience = null
	sasl.oauthbearer.expected.issuer = null
	sasl.oauthbearer.jwks.endpoint.refresh.ms = 3600000
	sasl.oauthbearer.jwks.endpoint.retry.backoff.max.ms = 10000
	sasl.oauthbearer.jwks.endpoint.retry.backoff.ms = 100
	sasl.oauthbearer.jwks.endpoint.url = null
	sasl.oauthbearer.scope.claim.name = scope
	sasl.oauthbearer.sub.claim.name = sub
	sasl.oauthbearer.token.endpoint.url = null
	security.protocol = PLAINTEXT
	security.providers = null
	send.buffer.bytes = 131072
	socket.connection.setup.timeout.max.ms = 30000
	socket.connection.setup.timeout.ms = 10000
	ssl.cipher.suites = null
	ssl.enabled.protocols = [TLSv1.2, TLSv1.3]
	ssl.endpoint.identification.algorithm = https
	ssl.engine.factory.class = null
	ssl.key.password = null
	ssl.keymanager.algorithm = SunX509
	ssl.keystore.certificate.chain = null
	ssl.keystore.key = null
	ssl.keystore.location = null
	ssl.keystore.password = null
	ssl.keystore.type = JKS
	ssl.protocol = TLSv1.3
	ssl.provider = null
	ssl.secure.random.implementation = null
	ssl.trustmanager.algorithm = PKIX
	ssl.truststore.certificates = null
	ssl.truststore.location = null
	ssl.truststore.password = null
	ssl.truststore.type = JKS

2026-03-25T16:01:22.707+05:30  INFO 17692 --- [product-service] [main] o.a.kafka.common.utils.AppInfoParser     : Kafka version: 3.6.1
2026-03-25T16:01:22.707+05:30  INFO 17692 --- [product-service] [main] o.a.kafka.common.utils.AppInfoParser     : Kafka commitId: 5e3c2b738d253ff5
2026-03-25T16:01:22.708+05:30  INFO 17692 --- [product-service] [main] o.a.kafka.common.utils.AppInfoParser     : Kafka startTimeMs: 1774434682705
2026-03-25T16:01:22.969+05:30  INFO 17692 --- [product-service] [kafka-admin-client-thread | adminclient-1] o.a.kafka.common.utils.AppInfoParser     : App info kafka.admin.client for adminclient-1 unregistered
2026-03-25T16:01:22.973+05:30  INFO 17692 --- [product-service] [kafka-admin-client-thread | adminclient-1] o.apache.kafka.common.metrics.Metrics    : Metrics scheduler closed
2026-03-25T16:01:22.973+05:30  INFO 17692 --- [product-service] [kafka-admin-client-thread | adminclient-1] o.apache.kafka.common.metrics.Metrics    : Closing reporter org.apache.kafka.common.metrics.JmxReporter
2026-03-25T16:01:22.973+05:30  INFO 17692 --- [product-service] [kafka-admin-client-thread | adminclient-1] o.apache.kafka.common.metrics.Metrics    : Metrics reporters closed
2026-03-25T16:01:22.991+05:30  INFO 17692 --- [product-service] [main] o.s.c.n.eureka.InstanceInfoFactory       : Setting initial instance status as: STARTING
2026-03-25T16:01:23.027+05:30  INFO 17692 --- [product-service] [main] com.netflix.discovery.DiscoveryClient    : Initializing Eureka in region us-east-1
2026-03-25T16:01:23.030+05:30  INFO 17692 --- [product-service] [main] c.n.d.s.r.aws.ConfigClusterResolver      : Resolving eureka endpoints via configuration
2026-03-25T16:01:23.051+05:30  INFO 17692 --- [product-service] [main] com.netflix.discovery.DiscoveryClient    : Disable delta property : false
2026-03-25T16:01:23.052+05:30  INFO 17692 --- [product-service] [main] com.netflix.discovery.DiscoveryClient    : Single vip registry refresh property : null
2026-03-25T16:01:23.052+05:30  INFO 17692 --- [product-service] [main] com.netflix.discovery.DiscoveryClient    : Force full registry fetch : false
2026-03-25T16:01:23.052+05:30  INFO 17692 --- [product-service] [main] com.netflix.discovery.DiscoveryClient    : Application is null : false
2026-03-25T16:01:23.052+05:30  INFO 17692 --- [product-service] [main] com.netflix.discovery.DiscoveryClient    : Registered Applications size is zero : true
2026-03-25T16:01:23.052+05:30  INFO 17692 --- [product-service] [main] com.netflix.discovery.DiscoveryClient    : Application version is -1: true
2026-03-25T16:01:23.052+05:30  INFO 17692 --- [product-service] [main] com.netflix.discovery.DiscoveryClient    : Getting all instance registry info from the eureka server
2026-03-25T16:01:23.366+05:30  INFO 17692 --- [product-service] [main] com.netflix.discovery.DiscoveryClient    : The response status is 200
2026-03-25T16:01:23.369+05:30  INFO 17692 --- [product-service] [main] com.netflix.discovery.DiscoveryClient    : Starting heartbeat executor: renew interval is: 30
2026-03-25T16:01:23.371+05:30  INFO 17692 --- [product-service] [main] c.n.discovery.InstanceInfoReplicator     : InstanceInfoReplicator onDemand update allowed rate per min is 4
2026-03-25T16:01:23.376+05:30  INFO 17692 --- [product-service] [main] com.netflix.discovery.DiscoveryClient    : Discovery Client initialized at timestamp 1774434683375 with initial instances count: 2
2026-03-25T16:01:23.380+05:30  INFO 17692 --- [product-service] [main] o.s.c.n.e.s.EurekaServiceRegistry        : Registering application PRODUCT-SERVICE with eureka with status UP
2026-03-25T16:01:23.381+05:30  INFO 17692 --- [product-service] [main] com.netflix.discovery.DiscoveryClient    : Saw local status change event StatusChangeEvent [timestamp=1774434683381, current=UP, previous=STARTING]
2026-03-25T16:01:23.384+05:30  INFO 17692 --- [product-service] [DiscoveryClient-InstanceInfoReplicator-0] com.netflix.discovery.DiscoveryClient    : DiscoveryClient_PRODUCT-SERVICE/product-service:8082: registering service...
2026-03-25T16:01:23.399+05:30  INFO 17692 --- [product-service] [main] o.s.b.w.embedded.tomcat.TomcatWebServer  : Tomcat started on port 8082 (http) with context path ''
2026-03-25T16:01:23.408+05:30  INFO 17692 --- [product-service] [main] .s.c.n.e.s.EurekaAutoServiceRegistration : Updating port to 8082
2026-03-25T16:01:23.433+05:30  INFO 17692 --- [product-service] [main] c.e.p.ProductServiceApplication          : Started ProductServiceApplication in 17.136 seconds (process running for 18.748)
2026-03-25T16:01:23.438+05:30  INFO 17692 --- [product-service] [DiscoveryClient-InstanceInfoReplicator-0] com.netflix.discovery.DiscoveryClient    : DiscoveryClient_PRODUCT-SERVICE/product-service:8082 - registration status: 204
2026-03-25T16:06:23.066+05:30  INFO 17692 --- [product-service] [AsyncResolver-bootstrap-executor-0] c.n.d.s.r.aws.ConfigClusterResolver      : Resolving eureka endpoints via configuration
2026-03-25T16:11:23.492+05:30  INFO 17692 --- [product-service] [AsyncResolver-bootstrap-executor-0] c.n.d.s.r.aws.ConfigClusterResolver      : Resolving eureka endpoints via configuration
2026-03-25T16:16:23.814+05:30  INFO 17692 --- [product-service] [AsyncResolver-bootstrap-executor-0] c.n.d.s.r.aws.ConfigClusterResolver      : Resolving eureka endpoints via configuration
2026-03-25T16:21:24.051+05:30  INFO 17692 --- [product-service] [AsyncResolver-bootstrap-executor-0] c.n.d.s.r.aws.ConfigClusterResolver      : Resolving eureka endpoints via configuration
2026-03-25T16:26:27.017+05:30  INFO 17692 --- [product-service] [AsyncResolver-bootstrap-executor-0] c.n.d.s.r.aws.ConfigClusterResolver      : Resolving eureka endpoints via configuration
2026-03-25T16:26:28.628+05:30  WARN 17692 --- [product-service] [ProductServicePool housekeeper] com.zaxxer.hikari.pool.HikariPool        : ProductServicePool - Thread starvation or clock leap detected (housekeeper delta=1m9s699ms879µs500ns).
2026-03-25T16:30:20.080+05:30  WARN 17692 --- [product-service] [ProductServicePool housekeeper] com.zaxxer.hikari.pool.HikariPool        : ProductServicePool - Thread starvation or clock leap detected (housekeeper delta=2m49s823ms80µs200ns).
2026-03-25T16:31:22.000+05:30  WARN 17692 --- [product-service] [ProductServicePool housekeeper] com.zaxxer.hikari.pool.HikariPool        : ProductServicePool - Thread starvation or clock leap detected (housekeeper delta=1m1s921ms35µs900ns).
2026-03-25T16:31:27.315+05:30  INFO 17692 --- [product-service] [AsyncResolver-bootstrap-executor-0] c.n.d.s.r.aws.ConfigClusterResolver      : Resolving eureka endpoints via configuration
2026-03-25T16:31:52.671+05:30  WARN 17692 --- [product-service] [DiscoveryClient-0] c.netflix.discovery.TimedSupervisorTask  : task supervisor timed out

java.util.concurrent.TimeoutException: null
	at java.base/java.util.concurrent.FutureTask.get(FutureTask.java:204) ~[na:na]
	at com.netflix.discovery.TimedSupervisorTask.run(TimedSupervisorTask.java:68) ~[eureka-client-2.0.1.jar:2.0.1]
	at java.base/java.util.concurrent.Executors$RunnableAdapter.call(Executors.java:572) ~[na:na]
	at java.base/java.util.concurrent.FutureTask.run(FutureTask.java:317) ~[na:na]
	at java.base/java.util.concurrent.ScheduledThreadPoolExecutor$ScheduledFutureTask.run(ScheduledThreadPoolExecutor.java:304) ~[na:na]
	at java.base/java.util.concurrent.ThreadPoolExecutor.runWorker(ThreadPoolExecutor.java:1144) ~[na:na]
	at java.base/java.util.concurrent.ThreadPoolExecutor$Worker.run(ThreadPoolExecutor.java:642) ~[na:na]
	at java.base/java.lang.Thread.run(Thread.java:1583) ~[na:na]

2026-03-25T16:31:09.645+05:30  WARN 17692 --- [product-service] [DiscoveryClient-1] c.netflix.discovery.TimedSupervisorTask  : task supervisor timed out

java.util.concurrent.TimeoutException: null
	at java.base/java.util.concurrent.FutureTask.get(FutureTask.java:204) ~[na:na]
	at com.netflix.discovery.TimedSupervisorTask.run(TimedSupervisorTask.java:68) ~[eureka-client-2.0.1.jar:2.0.1]
	at java.base/java.util.concurrent.Executors$RunnableAdapter.call(Executors.java:572) ~[na:na]
	at java.base/java.util.concurrent.FutureTask.run(FutureTask.java:317) ~[na:na]
	at java.base/java.util.concurrent.ScheduledThreadPoolExecutor$ScheduledFutureTask.run(ScheduledThreadPoolExecutor.java:304) ~[na:na]
	at java.base/java.util.concurrent.ThreadPoolExecutor.runWorker(ThreadPoolExecutor.java:1144) ~[na:na]
	at java.base/java.util.concurrent.ThreadPoolExecutor$Worker.run(ThreadPoolExecutor.java:642) ~[na:na]
	at java.base/java.lang.Thread.run(Thread.java:1583) ~[na:na]

2026-03-25T16:34:30.279+05:30  INFO 17692 --- [product-service] [DiscoveryClient-HeartbeatExecutor-0] com.netflix.discovery.DiscoveryClient    : DiscoveryClient_PRODUCT-SERVICE/product-service:8082 - Re-registering apps/PRODUCT-SERVICE
2026-03-25T16:34:30.536+05:30  INFO 17692 --- [product-service] [DiscoveryClient-HeartbeatExecutor-0] com.netflix.discovery.DiscoveryClient    : DiscoveryClient_PRODUCT-SERVICE/product-service:8082: registering service...
2026-03-25T16:34:51.801+05:30  INFO 17692 --- [product-service] [DiscoveryClient-HeartbeatExecutor-0] c.n.d.s.t.d.RedirectingEurekaHttpClient  : Request execution error. endpoint=DefaultEndpoint{ serviceUrl='http://localhost:8761/eureka/} exception=null stacktrace=java.util.concurrent.CancellationException
	at org.apache.hc.core5.concurrent.BasicFuture.getResult(BasicFuture.java:75)
	at org.apache.hc.core5.concurrent.BasicFuture.get(BasicFuture.java:96)
	at org.apache.hc.core5.pool.StrictConnPool$1.get(StrictConnPool.java:184)
	at org.apache.hc.core5.pool.StrictConnPool$1.get(StrictConnPool.java:178)
	at org.apache.hc.client5.http.impl.io.PoolingHttpClientConnectionManager$3.get(PoolingHttpClientConnectionManager.java:312)
	at org.apache.hc.client5.http.impl.classic.InternalExecRuntime.acquireEndpoint(InternalExecRuntime.java:109)
	at org.apache.hc.client5.http.impl.classic.ConnectExec.execute(ConnectExec.java:125)
	at org.apache.hc.client5.http.impl.classic.ExecChainElement.execute(ExecChainElement.java:51)
	at org.apache.hc.client5.http.impl.classic.ProtocolExec.execute(ProtocolExec.java:192)
	at org.apache.hc.client5.http.impl.classic.ExecChainElement.execute(ExecChainElement.java:51)
	at org.apache.hc.client5.http.impl.classic.HttpRequestRetryExec.execute(HttpRequestRetryExec.java:96)
	at org.apache.hc.client5.http.impl.classic.ExecChainElement.execute(ExecChainElement.java:51)
	at org.apache.hc.client5.http.impl.classic.ContentCompressionExec.execute(ContentCompressionExec.java:152)
	at org.apache.hc.client5.http.impl.classic.ExecChainElement.execute(ExecChainElement.java:51)
	at org.apache.hc.client5.http.impl.classic.RedirectExec.execute(RedirectExec.java:115)
	at org.apache.hc.client5.http.impl.classic.ExecChainElement.execute(ExecChainElement.java:51)
	at org.apache.hc.client5.http.impl.classic.InternalHttpClient.doExecute(InternalHttpClient.java:170)
	at org.apache.hc.client5.http.impl.classic.CloseableHttpClient.execute(CloseableHttpClient.java:87)
	at org.apache.hc.client5.http.impl.classic.CloseableHttpClient.execute(CloseableHttpClient.java:55)
	at org.apache.hc.client5.http.classic.HttpClient.executeOpen(HttpClient.java:183)
	at org.springframework.http.client.HttpComponentsClientHttpRequest.executeInternal(HttpComponentsClientHttpRequest.java:95)
	at org.springframework.http.client.AbstractStreamingClientHttpRequest.executeInternal(AbstractStreamingClientHttpRequest.java:70)
	at org.springframework.http.client.AbstractClientHttpRequest.execute(AbstractClientHttpRequest.java:66)
	at org.springframework.http.client.InterceptingClientHttpRequest$InterceptingRequestExecution.execute(InterceptingClientHttpRequest.java:112)
	at org.springframework.cloud.netflix.eureka.http.RestTemplateTransportClientFactory.lambda$restTemplate$0(RestTemplateTransportClientFactory.java:143)
	at org.springframework.http.client.InterceptingClientHttpRequest$InterceptingRequestExecution.execute(InterceptingClientHttpRequest.java:88)
	at org.springframework.http.client.InterceptingClientHttpRequest.executeInternal(InterceptingClientHttpRequest.java:72)
	at org.springframework.http.client.AbstractBufferingClientHttpRequest.executeInternal(AbstractBufferingClientHttpRequest.java:48)
	at org.springframework.http.client.AbstractClientHttpRequest.execute(AbstractClientHttpRequest.java:66)
	at org.springframework.web.client.RestTemplate.doExecute(RestTemplate.java:889)
	at org.springframework.web.client.RestTemplate.execute(RestTemplate.java:790)
	at org.springframework.web.client.RestTemplate.exchange(RestTemplate.java:672)
	at org.springframework.cloud.netflix.eureka.http.RestTemplateEurekaHttpClient.register(RestTemplateEurekaHttpClient.java:77)
	at com.netflix.discovery.shared.transport.decorator.EurekaHttpClientDecorator$1.execute(EurekaHttpClientDecorator.java:59)
	at com.netflix.discovery.shared.transport.decorator.RedirectingEurekaHttpClient.execute(RedirectingEurekaHttpClient.java:91)
	at com.netflix.discovery.shared.transport.decorator.EurekaHttpClientDecorator.register(EurekaHttpClientDecorator.java:56)
	at com.netflix.discovery.shared.transport.decorator.EurekaHttpClientDecorator$1.execute(EurekaHttpClientDecorator.java:59)
	at com.netflix.discovery.shared.transport.decorator.RetryableEurekaHttpClient.execute(RetryableEurekaHttpClient.java:120)
	at com.netflix.discovery.shared.transport.decorator.EurekaHttpClientDecorator.register(EurekaHttpClientDecorator.java:56)
	at com.netflix.discovery.shared.transport.decorator.EurekaHttpClientDecorator$1.execute(EurekaHttpClientDecorator.java:59)
	at com.netflix.discovery.shared.transport.decorator.SessionedEurekaHttpClient.execute(SessionedEurekaHttpClient.java:77)
	at com.netflix.discovery.shared.transport.decorator.EurekaHttpClientDecorator.register(EurekaHttpClientDecorator.java:56)
	at com.netflix.discovery.DiscoveryClient.register(DiscoveryClient.java:820)
	at com.netflix.discovery.DiscoveryClient.renew(DiscoveryClient.java:843)
	at com.netflix.discovery.DiscoveryClient$HeartbeatThread.run(DiscoveryClient.java:1401)
	at java.base/java.util.concurrent.Executors$RunnableAdapter.call(Executors.java:572)
	at java.base/java.util.concurrent.FutureTask.run(FutureTask.java:317)
	at java.base/java.util.concurrent.ThreadPoolExecutor.runWorker(ThreadPoolExecutor.java:1144)
	at java.base/java.util.concurrent.ThreadPoolExecutor$Worker.run(ThreadPoolExecutor.java:642)
	at java.base/java.lang.Thread.run(Thread.java:1583)

2026-03-25T16:34:51.944+05:30  WARN 17692 --- [product-service] [DiscoveryClient-HeartbeatExecutor-0] c.n.d.s.t.d.RetryableEurekaHttpClient    : Request execution failed with message: null
2026-03-25T16:34:53.139+05:30  INFO 17692 --- [product-service] [DiscoveryClient-InstanceInfoReplicator-0] com.netflix.discovery.DiscoveryClient    : DiscoveryClient_PRODUCT-SERVICE/product-service:8082: registering service...
2026-03-25T16:34:53.390+05:30  INFO 17692 --- [product-service] [DiscoveryClient-HeartbeatExecutor-0] c.n.d.s.t.d.RedirectingEurekaHttpClient  : Request execution error. endpoint=DefaultEndpoint{ serviceUrl='http://localhost:8761/eureka/}, exception=null stacktrace=java.util.concurrent.CancellationException
	at org.apache.hc.core5.concurrent.BasicFuture.getResult(BasicFuture.java:75)
	at org.apache.hc.core5.concurrent.BasicFuture.get(BasicFuture.java:96)
	at org.apache.hc.core5.pool.StrictConnPool$1.get(StrictConnPool.java:184)
	at org.apache.hc.core5.pool.StrictConnPool$1.get(StrictConnPool.java:178)
	at org.apache.hc.client5.http.impl.io.PoolingHttpClientConnectionManager$3.get(PoolingHttpClientConnectionManager.java:312)
	at org.apache.hc.client5.http.impl.classic.InternalExecRuntime.acquireEndpoint(InternalExecRuntime.java:109)
	at org.apache.hc.client5.http.impl.classic.ConnectExec.execute(ConnectExec.java:125)
	at org.apache.hc.client5.http.impl.classic.ExecChainElement.execute(ExecChainElement.java:51)
	at org.apache.hc.client5.http.impl.classic.ProtocolExec.execute(ProtocolExec.java:192)
	at org.apache.hc.client5.http.impl.classic.ExecChainElement.execute(ExecChainElement.java:51)
	at org.apache.hc.client5.http.impl.classic.HttpRequestRetryExec.execute(HttpRequestRetryExec.java:96)
	at org.apache.hc.client5.http.impl.classic.ExecChainElement.execute(ExecChainElement.java:51)
	at org.apache.hc.client5.http.impl.classic.ContentCompressionExec.execute(ContentCompressionExec.java:152)
	at org.apache.hc.client5.http.impl.classic.ExecChainElement.execute(ExecChainElement.java:51)
	at org.apache.hc.client5.http.impl.classic.RedirectExec.execute(RedirectExec.java:115)
	at org.apache.hc.client5.http.impl.classic.ExecChainElement.execute(ExecChainElement.java:51)
	at org.apache.hc.client5.http.impl.classic.InternalHttpClient.doExecute(InternalHttpClient.java:170)
	at org.apache.hc.client5.http.impl.classic.CloseableHttpClient.execute(CloseableHttpClient.java:87)
	at org.apache.hc.client5.http.impl.classic.CloseableHttpClient.execute(CloseableHttpClient.java:55)
	at org.apache.hc.client5.http.classic.HttpClient.executeOpen(HttpClient.java:183)
	at org.springframework.http.client.HttpComponentsClientHttpRequest.executeInternal(HttpComponentsClientHttpRequest.java:95)
	at org.springframework.http.client.AbstractStreamingClientHttpRequest.executeInternal(AbstractStreamingClientHttpRequest.java:70)
	at org.springframework.http.client.AbstractClientHttpRequest.execute(AbstractClientHttpRequest.java:66)
	at org.springframework.http.client.InterceptingClientHttpRequest$InterceptingRequestExecution.execute(InterceptingClientHttpRequest.java:112)
	at org.springframework.cloud.netflix.eureka.http.RestTemplateTransportClientFactory.lambda$restTemplate$0(RestTemplateTransportClientFactory.java:143)
	at org.springframework.http.client.InterceptingClientHttpRequest$InterceptingRequestExecution.execute(InterceptingClientHttpRequest.java:88)
	at org.springframework.http.client.InterceptingClientHttpRequest.executeInternal(InterceptingClientHttpRequest.java:72)
	at org.springframework.http.client.AbstractBufferingClientHttpRequest.executeInternal(AbstractBufferingClientHttpRequest.java:48)
	at org.springframework.http.client.AbstractClientHttpRequest.execute(AbstractClientHttpRequest.java:66)
	at org.springframework.web.client.RestTemplate.doExecute(RestTemplate.java:889)
	at org.springframework.web.client.RestTemplate.execute(RestTemplate.java:790)
	at org.springframework.web.client.RestTemplate.exchange(RestTemplate.java:672)
	at org.springframework.cloud.netflix.eureka.http.RestTemplateEurekaHttpClient.register(RestTemplateEurekaHttpClient.java:77)
	at com.netflix.discovery.shared.transport.decorator.EurekaHttpClientDecorator$1.execute(EurekaHttpClientDecorator.java:59)
	at com.netflix.discovery.shared.transport.decorator.RedirectingEurekaHttpClient.executeOnNewServer(RedirectingEurekaHttpClient.java:121)
	at com.netflix.discovery.shared.transport.decorator.RedirectingEurekaHttpClient.execute(RedirectingEurekaHttpClient.java:80)
	at com.netflix.discovery.shared.transport.decorator.EurekaHttpClientDecorator.register(EurekaHttpClientDecorator.java:56)
	at com.netflix.discovery.shared.transport.decorator.EurekaHttpClientDecorator$1.execute(EurekaHttpClientDecorator.java:59)
	at com.netflix.discovery.shared.transport.decorator.RetryableEurekaHttpClient.execute(RetryableEurekaHttpClient.java:120)
	at com.netflix.discovery.shared.transport.decorator.EurekaHttpClientDecorator.register(EurekaHttpClientDecorator.java:56)
	at com.netflix.discovery.shared.transport.decorator.EurekaHttpClientDecorator$1.execute(EurekaHttpClientDecorator.java:59)
	at com.netflix.discovery.shared.transport.decorator.SessionedEurekaHttpClient.execute(SessionedEurekaHttpClient.java:77)
	at com.netflix.discovery.shared.transport.decorator.EurekaHttpClientDecorator.register(EurekaHttpClientDecorator.java:56)
	at com.netflix.discovery.DiscoveryClient.register(DiscoveryClient.java:820)
	at com.netflix.discovery.DiscoveryClient.renew(DiscoveryClient.java:843)
	at com.netflix.discovery.DiscoveryClient$HeartbeatThread.run(DiscoveryClient.java:1401)
	at java.base/java.util.concurrent.Executors$RunnableAdapter.call(Executors.java:572)
	at java.base/java.util.concurrent.FutureTask.run(FutureTask.java:317)
	at java.base/java.util.concurrent.ThreadPoolExecutor.runWorker(ThreadPoolExecutor.java:1144)
	at java.base/java.util.concurrent.ThreadPoolExecutor$Worker.run(ThreadPoolExecutor.java:642)
	at java.base/java.lang.Thread.run(Thread.java:1583)

2026-03-25T16:34:53.438+05:30  WARN 17692 --- [product-service] [DiscoveryClient-HeartbeatExecutor-0] c.n.d.s.t.d.RetryableEurekaHttpClient    : Request execution failed with message: null
2026-03-25T16:34:53.438+05:30  WARN 17692 --- [product-service] [DiscoveryClient-HeartbeatExecutor-0] com.netflix.discovery.DiscoveryClient    : DiscoveryClient_PRODUCT-SERVICE/product-service:8082 - registration failed Cannot execute request on any known server

com.netflix.discovery.shared.transport.TransportException: Cannot execute request on any known server
	at com.netflix.discovery.shared.transport.decorator.RetryableEurekaHttpClient.execute(RetryableEurekaHttpClient.java:112) ~[eureka-client-2.0.1.jar:2.0.1]
	at com.netflix.discovery.shared.transport.decorator.EurekaHttpClientDecorator.register(EurekaHttpClientDecorator.java:56) ~[eureka-client-2.0.1.jar:2.0.1]
	at com.netflix.discovery.shared.transport.decorator.EurekaHttpClientDecorator$1.execute(EurekaHttpClientDecorator.java:59) ~[eureka-client-2.0.1.jar:2.0.1]
	at com.netflix.discovery.shared.transport.decorator.SessionedEurekaHttpClient.execute(SessionedEurekaHttpClient.java:77) ~[eureka-client-2.0.1.jar:2.0.1]
	at com.netflix.discovery.shared.transport.decorator.EurekaHttpClientDecorator.register(EurekaHttpClientDecorator.java:56) ~[eureka-client-2.0.1.jar:2.0.1]
	at com.netflix.discovery.DiscoveryClient.register(DiscoveryClient.java:820) ~[eureka-client-2.0.1.jar:2.0.1]
	at com.netflix.discovery.DiscoveryClient.renew(DiscoveryClient.java:843) ~[eureka-client-2.0.1.jar:2.0.1]
	at com.netflix.discovery.DiscoveryClient$HeartbeatThread.run(DiscoveryClient.java:1401) ~[eureka-client-2.0.1.jar:2.0.1]
	at java.base/java.util.concurrent.Executors$RunnableAdapter.call(Executors.java:572) ~[na:na]
	at java.base/java.util.concurrent.FutureTask.run(FutureTask.java:317) ~[na:na]
	at java.base/java.util.concurrent.ThreadPoolExecutor.runWorker(ThreadPoolExecutor.java:1144) ~[na:na]
	at java.base/java.util.concurrent.ThreadPoolExecutor$Worker.run(ThreadPoolExecutor.java:642) ~[na:na]
	at java.base/java.lang.Thread.run(Thread.java:1583) ~[na:na]

2026-03-25T16:34:53.797+05:30 ERROR 17692 --- [product-service] [DiscoveryClient-HeartbeatExecutor-0] com.netflix.discovery.DiscoveryClient    : DiscoveryClient_PRODUCT-SERVICE/product-service:8082 - was unable to send heartbeat!

com.netflix.discovery.shared.transport.TransportException: Cannot execute request on any known server
	at com.netflix.discovery.shared.transport.decorator.RetryableEurekaHttpClient.execute(RetryableEurekaHttpClient.java:112) ~[eureka-client-2.0.1.jar:2.0.1]
	at com.netflix.discovery.shared.transport.decorator.EurekaHttpClientDecorator.register(EurekaHttpClientDecorator.java:56) ~[eureka-client-2.0.1.jar:2.0.1]
	at com.netflix.discovery.shared.transport.decorator.EurekaHttpClientDecorator$1.execute(EurekaHttpClientDecorator.java:59) ~[eureka-client-2.0.1.jar:2.0.1]
	at com.netflix.discovery.shared.transport.decorator.SessionedEurekaHttpClient.execute(SessionedEurekaHttpClient.java:77) ~[eureka-client-2.0.1.jar:2.0.1]
	at com.netflix.discovery.shared.transport.decorator.EurekaHttpClientDecorator.register(EurekaHttpClientDecorator.java:56) ~[eureka-client-2.0.1.jar:2.0.1]
	at com.netflix.discovery.DiscoveryClient.register(DiscoveryClient.java:820) ~[eureka-client-2.0.1.jar:2.0.1]
	at com.netflix.discovery.DiscoveryClient.renew(DiscoveryClient.java:843) ~[eureka-client-2.0.1.jar:2.0.1]
	at com.netflix.discovery.DiscoveryClient$HeartbeatThread.run(DiscoveryClient.java:1401) ~[eureka-client-2.0.1.jar:2.0.1]
	at java.base/java.util.concurrent.Executors$RunnableAdapter.call(Executors.java:572) ~[na:na]
	at java.base/java.util.concurrent.FutureTask.run(FutureTask.java:317) ~[na:na]
	at java.base/java.util.concurrent.ThreadPoolExecutor.runWorker(ThreadPoolExecutor.java:1144) ~[na:na]
	at java.base/java.util.concurrent.ThreadPoolExecutor$Worker.run(ThreadPoolExecutor.java:642) ~[na:na]
	at java.base/java.lang.Thread.run(Thread.java:1583) ~[na:na]

2026-03-25T16:34:57.477+05:30  INFO 17692 --- [product-service] [DiscoveryClient-InstanceInfoReplicator-0] com.netflix.discovery.DiscoveryClient    : DiscoveryClient_PRODUCT-SERVICE/product-service:8082 - registration status: 204
2026-03-25T16:36:03.142+05:30  INFO 17692 --- [product-service] [http-nio-8082-exec-4] o.a.c.c.C.[Tomcat].[localhost].[/]       : Initializing Spring DispatcherServlet 'dispatcherServlet'
2026-03-25T16:36:03.294+05:30  INFO 17692 --- [product-service] [http-nio-8082-exec-4] o.s.web.servlet.DispatcherServlet        : Initializing Servlet 'dispatcherServlet'
2026-03-25T16:36:13.557+05:30  INFO 17692 --- [product-service] [http-nio-8082-exec-4] o.s.web.servlet.DispatcherServlet        : Completed initialization in 10263 ms
2026-03-25T16:36:27.329+05:30  INFO 17692 --- [product-service] [AsyncResolver-bootstrap-executor-0] c.n.d.s.r.aws.ConfigClusterResolver      : Resolving eureka endpoints via configuration
2026-03-25T16:37:16.082+05:30  WARN 17692 --- [product-service] [http-nio-8082-exec-2] org.hibernate.orm.query                  : HHH90003004: firstResult/maxResults specified with collection fetch; applying in memory
2026-03-25T16:37:28.235+05:30 DEBUG 17692 --- [product-service] [http-nio-8082-exec-8] org.hibernate.SQL                        : 
    select
        c1_0.id,
        c1_0.created_at,
        c1_0.description,
        c1_0.display_order,
        c1_0.image_url,
        c1_0.is_active,
        c1_0.name,
        c1_0.parent_id,
        c1_0.slug 
    from
        categories c1_0 
    where
        c1_0.is_active 
    order by
        c1_0.display_order
2026-03-25T16:37:28.235+05:30 DEBUG 17692 --- [product-service] [http-nio-8082-exec-4] org.hibernate.SQL                        : 
    select
        c1_0.id,
        c1_0.created_at,
        c1_0.description,
        c1_0.display_order,
        c1_0.image_url,
        c1_0.is_active,
        c1_0.name,
        c1_0.parent_id,
        c1_0.slug 
    from
        categories c1_0 
    where
        c1_0.is_active 
    order by
        c1_0.display_order
2026-03-25T16:37:28.235+05:30 DEBUG 17692 --- [product-service] [http-nio-8082-exec-5] org.hibernate.SQL                        : 
    select
        c1_0.id,
        c1_0.created_at,
        c1_0.description,
        c1_0.display_order,
        c1_0.image_url,
        c1_0.is_active,
        c1_0.name,
        c1_0.parent_id,
        c1_0.slug 
    from
        categories c1_0 
    where
        c1_0.is_active 
    order by
        c1_0.display_order
2026-03-25T16:37:28.235+05:30 DEBUG 17692 --- [product-service] [http-nio-8082-exec-1] org.hibernate.SQL                        : 
    select
        c1_0.id,
        c1_0.created_at,
        c1_0.description,
        c1_0.display_order,
        c1_0.image_url,
        c1_0.is_active,
        c1_0.name,
        c1_0.parent_id,
        c1_0.slug 
    from
        categories c1_0 
    where
        c1_0.is_active 
    order by
        c1_0.display_order
2026-03-25T16:37:28.281+05:30 DEBUG 17692 --- [product-service] [http-nio-8082-exec-2] org.hibernate.SQL                        : 
    select
        distinct p1_0.id,
        p1_0.attributes,
        p1_0.average_rating,
        p1_0.brand_name,
        p1_0.category_id,
        c1_0.id,
        c1_0.created_at,
        c1_0.description,
        c1_0.display_order,
        c1_0.image_url,
        c1_0.is_active,
        c1_0.name,
        c1_0.parent_id,
        c1_0.slug,
        p1_0.compare_at_price,
        p1_0.cost_price,
        p1_0.created_at,
        p1_0.description,
        i1_0.product_id,
        i1_0.id,
        i1_0.alt_text,
        i1_0.display_order,
        i1_0.image_url,
        i1_0.is_primary,
        i2_0.id,
        i2_0.last_updated,
        i2_0.low_stock_threshold,
        i2_0.product_id,
        i2_0.quantity,
        i2_0.reserved_quantity,
        i2_0.warehouse_location,
        p1_0.name,
        p1_0.price,
        p1_0.review_count,
        p1_0.short_description,
        p1_0.sku,
        p1_0.sold_count,
        p1_0.status,
        p1_0.tags,
        p1_0.updated_at,
        p1_0.version,
        p1_0.view_count,
        p1_0.weight 
    from
        products p1_0 
    left join
        product_images i1_0 
            on p1_0.id=i1_0.product_id 
    left join
        inventories i2_0 
            on p1_0.id=i2_0.product_id 
    left join
        categories c1_0 
            on c1_0.id=p1_0.category_id 
    where
        p1_0.status=? 
        and (
            ? is null 
            or c1_0.id=?
        ) 
        and (
            ? is null 
            or lower(p1_0.brand_name)=lower(?)
        ) 
        and (
            ? is null 
            or p1_0.price>=?
        ) 
        and (
            ? is null 
            or p1_0.price<=?
        ) 
        and (
            ? is null 
            or lower(p1_0.name) like lower(concat('%', ?, '%')) escape '' 
            or lower(p1_0.brand_name) like lower(concat('%', ?, '%')) escape ''
        ) 
        and (
            ? is null 
            or (
                ?=1 
                and i2_0.quantity>0
            ) 
            or (
                ?=0 
                and i2_0.quantity=0
            )
        ) 
    order by
        p1_0.created_at desc
2026-03-25T16:37:29.552+05:30  WARN 17692 --- [product-service] [http-nio-8082-exec-3] o.h.engine.jdbc.spi.SqlExceptionHelper   : SQL Error: 0, SQLState: null
2026-03-25T16:37:29.552+05:30  WARN 17692 --- [product-service] [http-nio-8082-exec-7] o.h.engine.jdbc.spi.SqlExceptionHelper   : SQL Error: 0, SQLState: null
2026-03-25T16:37:29.552+05:30  WARN 17692 --- [product-service] [http-nio-8082-exec-9] o.h.engine.jdbc.spi.SqlExceptionHelper   : SQL Error: 0, SQLState: null
2026-03-25T16:37:29.552+05:30  WARN 17692 --- [product-service] [http-nio-8082-exec-6] o.h.engine.jdbc.spi.SqlExceptionHelper   : SQL Error: 0, SQLState: null
2026-03-25T16:37:29.552+05:30 ERROR 17692 --- [product-service] [http-nio-8082-exec-3] o.h.engine.jdbc.spi.SqlExceptionHelper   : ProductServicePool - Connection is not available, request timed out after 30130ms.
2026-03-25T16:37:29.552+05:30 ERROR 17692 --- [product-service] [http-nio-8082-exec-9] o.h.engine.jdbc.spi.SqlExceptionHelper   : ProductServicePool - Connection is not available, request timed out after 30130ms.
2026-03-25T16:37:29.552+05:30 ERROR 17692 --- [product-service] [http-nio-8082-exec-6] o.h.engine.jdbc.spi.SqlExceptionHelper   : ProductServicePool - Connection is not available, request timed out after 30130ms.
2026-03-25T16:37:29.552+05:30 ERROR 17692 --- [product-service] [http-nio-8082-exec-7] o.h.engine.jdbc.spi.SqlExceptionHelper   : ProductServicePool - Connection is not available, request timed out after 30130ms.
2026-03-25T16:37:30.539+05:30 ERROR 17692 --- [product-service] [http-nio-8082-exec-7] c.e.p.exception.GlobalExceptionHandler   : Unexpected error [/api/v1/products]: Could not open JPA EntityManager for transaction

org.springframework.transaction.CannotCreateTransactionException: Could not open JPA EntityManager for transaction
	at org.springframework.orm.jpa.JpaTransactionManager.doBegin(JpaTransactionManager.java:466) ~[spring-orm-6.1.4.jar:6.1.4]
	at org.springframework.transaction.support.AbstractPlatformTransactionManager.startTransaction(AbstractPlatformTransactionManager.java:531) ~[spring-tx-6.1.4.jar:6.1.4]
	at org.springframework.transaction.support.AbstractPlatformTransactionManager.getTransaction(AbstractPlatformTransactionManager.java:405) ~[spring-tx-6.1.4.jar:6.1.4]
	at org.springframework.transaction.interceptor.TransactionAspectSupport.createTransactionIfNecessary(TransactionAspectSupport.java:610) ~[spring-tx-6.1.4.jar:6.1.4]
	at org.springframework.transaction.interceptor.TransactionAspectSupport.invokeWithinTransaction(TransactionAspectSupport.java:379) ~[spring-tx-6.1.4.jar:6.1.4]
	at org.springframework.transaction.interceptor.TransactionInterceptor.invoke(TransactionInterceptor.java:119) ~[spring-tx-6.1.4.jar:6.1.4]
	at org.springframework.aop.framework.ReflectiveMethodInvocation.proceed(ReflectiveMethodInvocation.java:184) ~[spring-aop-6.1.4.jar:6.1.4]
	at org.springframework.aop.framework.CglibAopProxy$CglibMethodInvocation.proceed(CglibAopProxy.java:765) ~[spring-aop-6.1.4.jar:6.1.4]
	at org.springframework.aop.framework.CglibAopProxy$DynamicAdvisedInterceptor.intercept(CglibAopProxy.java:717) ~[spring-aop-6.1.4.jar:6.1.4]
	at com.ecommerce.product_service.service.ProductServiceImpl$$SpringCGLIB$$0.getAllProducts(<generated>) ~[classes/:na]
	at com.ecommerce.product_service.controller.ProductControllerImpl.getAllProducts(ProductControllerImpl.java:50) ~[classes/:na]
	at java.base/jdk.internal.reflect.DirectMethodHandleAccessor.invoke(DirectMethodHandleAccessor.java:103) ~[na:na]
	at java.base/java.lang.reflect.Method.invoke(Method.java:580) ~[na:na]
	at org.springframework.web.method.support.InvocableHandlerMethod.doInvoke(InvocableHandlerMethod.java:259) ~[spring-web-6.1.4.jar:6.1.4]
	at org.springframework.web.method.support.InvocableHandlerMethod.invokeForRequest(InvocableHandlerMethod.java:192) ~[spring-web-6.1.4.jar:6.1.4]
	at org.springframework.web.servlet.mvc.method.annotation.ServletInvocableHandlerMethod.invokeAndHandle(ServletInvocableHandlerMethod.java:118) ~[spring-webmvc-6.1.4.jar:6.1.4]
	at org.springframework.web.servlet.mvc.method.annotation.RequestMappingHandlerAdapter.invokeHandlerMethod(RequestMappingHandlerAdapter.java:920) ~[spring-webmvc-6.1.4.jar:6.1.4]
	at org.springframework.web.servlet.mvc.method.annotation.RequestMappingHandlerAdapter.handleInternal(RequestMappingHandlerAdapter.java:830) ~[spring-webmvc-6.1.4.jar:6.1.4]
	at org.springframework.web.servlet.mvc.method.AbstractHandlerMethodAdapter.handle(AbstractHandlerMethodAdapter.java:87) ~[spring-webmvc-6.1.4.jar:6.1.4]
	at org.springframework.web.servlet.DispatcherServlet.doDispatch(DispatcherServlet.java:1089) ~[spring-webmvc-6.1.4.jar:6.1.4]
	at org.springframework.web.servlet.DispatcherServlet.doService(DispatcherServlet.java:979) ~[spring-webmvc-6.1.4.jar:6.1.4]
	at org.springframework.web.servlet.FrameworkServlet.processRequest(FrameworkServlet.java:1014) ~[spring-webmvc-6.1.4.jar:6.1.4]
	at org.springframework.web.servlet.FrameworkServlet.doGet(FrameworkServlet.java:903) ~[spring-webmvc-6.1.4.jar:6.1.4]
	at jakarta.servlet.http.HttpServlet.service(HttpServlet.java:564) ~[tomcat-embed-core-10.1.19.jar:6.0]
	at org.springframework.web.servlet.FrameworkServlet.service(FrameworkServlet.java:885) ~[spring-webmvc-6.1.4.jar:6.1.4]
	at jakarta.servlet.http.HttpServlet.service(HttpServlet.java:658) ~[tomcat-embed-core-10.1.19.jar:6.0]
	at org.apache.catalina.core.ApplicationFilterChain.internalDoFilter(ApplicationFilterChain.java:205) ~[tomcat-embed-core-10.1.19.jar:10.1.19]
	at org.apache.catalina.core.ApplicationFilterChain.doFilter(ApplicationFilterChain.java:149) ~[tomcat-embed-core-10.1.19.jar:10.1.19]
	at org.apache.tomcat.websocket.server.WsFilter.doFilter(WsFilter.java:51) ~[tomcat-embed-websocket-10.1.19.jar:10.1.19]
	at org.apache.catalina.core.ApplicationFilterChain.internalDoFilter(ApplicationFilterChain.java:174) ~[tomcat-embed-core-10.1.19.jar:10.1.19]
	at org.apache.catalina.core.ApplicationFilterChain.doFilter(ApplicationFilterChain.java:149) ~[tomcat-embed-core-10.1.19.jar:10.1.19]
	at org.springframework.web.filter.OncePerRequestFilter.doFilter(OncePerRequestFilter.java:110) ~[spring-web-6.1.4.jar:6.1.4]
	at org.apache.catalina.core.ApplicationFilterChain.internalDoFilter(ApplicationFilterChain.java:174) ~[tomcat-embed-core-10.1.19.jar:10.1.19]
	at org.apache.catalina.core.ApplicationFilterChain.doFilter(ApplicationFilterChain.java:149) ~[tomcat-embed-core-10.1.19.jar:10.1.19]
	at org.springframework.web.filter.CompositeFilter$VirtualFilterChain.doFilter(CompositeFilter.java:108) ~[spring-web-6.1.4.jar:6.1.4]
	at org.springframework.security.web.FilterChainProxy.lambda$doFilterInternal$3(FilterChainProxy.java:231) ~[spring-security-web-6.2.2.jar:6.2.2]
	at org.springframework.security.web.ObservationFilterChainDecorator$FilterObservation$SimpleFilterObservation.lambda$wrap$1(ObservationFilterChainDecorator.java:479) ~[spring-security-web-6.2.2.jar:6.2.2]
	at org.springframework.security.web.ObservationFilterChainDecorator$AroundFilterObservation$SimpleAroundFilterObservation.lambda$wrap$1(ObservationFilterChainDecorator.java:340) ~[spring-security-web-6.2.2.jar:6.2.2]
	at org.springframework.security.web.ObservationFilterChainDecorator.lambda$wrapSecured$0(ObservationFilterChainDecorator.java:82) ~[spring-security-web-6.2.2.jar:6.2.2]
	at org.springframework.security.web.ObservationFilterChainDecorator$VirtualFilterChain.doFilter(ObservationFilterChainDecorator.java:128) ~[spring-security-web-6.2.2.jar:6.2.2]
	at org.springframework.security.web.access.intercept.AuthorizationFilter.doFilter(AuthorizationFilter.java:100) ~[spring-security-web-6.2.2.jar:6.2.2]
	at org.springframework.security.web.ObservationFilterChainDecorator$ObservationFilter.wrapFilter(ObservationFilterChainDecorator.java:240) ~[spring-security-web-6.2.2.jar:6.2.2]
	at org.springframework.security.web.ObservationFilterChainDecorator$ObservationFilter.doFilter(ObservationFilterChainDecorator.java:227) ~[spring-security-web-6.2.2.jar:6.2.2]
	at org.springframework.security.web.ObservationFilterChainDecorator$VirtualFilterChain.doFilter(ObservationFilterChainDecorator.java:137) ~[spring-security-web-6.2.2.jar:6.2.2]
	at org.springframework.security.web.access.ExceptionTranslationFilter.doFilter(ExceptionTranslationFilter.java:126) ~[spring-security-web-6.2.2.jar:6.2.2]
	at org.springframework.security.web.access.ExceptionTranslationFilter.doFilter(ExceptionTranslationFilter.java:120) ~[spring-security-web-6.2.2.jar:6.2.2]
	at org.springframework.security.web.ObservationFilterChainDecorator$ObservationFilter.wrapFilter(ObservationFilterChainDecorator.java:240) ~[spring-security-web-6.2.2.jar:6.2.2]
	at org.springframework.security.web.ObservationFilterChainDecorator$ObservationFilter.doFilter(ObservationFilterChainDecorator.java:227) ~[spring-security-web-6.2.2.jar:6.2.2]
	at org.springframework.security.web.ObservationFilterChainDecorator$VirtualFilterChain.doFilter(ObservationFilterChainDecorator.java:137) ~[spring-security-web-6.2.2.jar:6.2.2]
	at org.springframework.security.web.session.SessionManagementFilter.doFilter(SessionManagementFilter.java:131) ~[spring-security-web-6.2.2.jar:6.2.2]
	at org.springframework.security.web.session.SessionManagementFilter.doFilter(SessionManagementFilter.java:85) ~[spring-security-web-6.2.2.jar:6.2.2]
	at org.springframework.security.web.ObservationFilterChainDecorator$ObservationFilter.wrapFilter(ObservationFilterChainDecorator.java:240) ~[spring-security-web-6.2.2.jar:6.2.2]
	at org.springframework.security.web.ObservationFilterChainDecorator$ObservationFilter.doFilter(ObservationFilterChainDecorator.java:227) ~[spring-security-web-6.2.2.jar:6.2.2]
	at org.springframework.security.web.ObservationFilterChainDecorator$VirtualFilterChain.doFilter(ObservationFilterChainDecorator.java:137) ~[spring-security-web-6.2.2.jar:6.2.2]
	at org.springframework.security.web.authentication.AnonymousAuthenticationFilter.doFilter(AnonymousAuthenticationFilter.java:100) ~[spring-security-web-6.2.2.jar:6.2.2]
	at org.springframework.security.web.ObservationFilterChainDecorator$ObservationFilter.wrapFilter(ObservationFilterChainDecorator.java:240) ~[spring-security-web-6.2.2.jar:6.2.2]
	at org.springframework.security.web.ObservationFilterChainDecorator$ObservationFilter.doFilter(ObservationFilterChainDecorator.java:227) ~[spring-security-web-6.2.2.jar:6.2.2]
	at org.springframework.security.web.ObservationFilterChainDecorator$VirtualFilterChain.doFilter(ObservationFilterChainDecorator.java:137) ~[spring-security-web-6.2.2.jar:6.2.2]
	at org.springframework.security.web.servletapi.SecurityContextHolderAwareRequestFilter.doFilter(SecurityContextHolderAwareRequestFilter.java:179) ~[spring-security-web-6.2.2.jar:6.2.2]
	at org.springframework.security.web.ObservationFilterChainDecorator$ObservationFilter.wrapFilter(ObservationFilterChainDecorator.java:240) ~[spring-security-web-6.2.2.jar:6.2.2]
	at org.springframework.security.web.ObservationFilterChainDecorator$ObservationFilter.doFilter(ObservationFilterChainDecorator.java:227) ~[spring-security-web-6.2.2.jar:6.2.2]
	at org.springframework.security.web.ObservationFilterChainDecorator$VirtualFilterChain.doFilter(ObservationFilterChainDecorator.java:137) ~[spring-security-web-6.2.2.jar:6.2.2]
	at org.springframework.security.web.savedrequest.RequestCacheAwareFilter.doFilter(RequestCacheAwareFilter.java:63) ~[spring-security-web-6.2.2.jar:6.2.2]
	at org.springframework.security.web.ObservationFilterChainDecorator$ObservationFilter.wrapFilter(ObservationFilterChainDecorator.java:240) ~[spring-security-web-6.2.2.jar:6.2.2]
	at org.springframework.security.web.ObservationFilterChainDecorator$ObservationFilter.doFilter(ObservationFilterChainDecorator.java:227) ~[spring-security-web-6.2.2.jar:6.2.2]
	at org.springframework.security.web.ObservationFilterChainDecorator$VirtualFilterChain.doFilter(ObservationFilterChainDecorator.java:137) ~[spring-security-web-6.2.2.jar:6.2.2]
	at com.ecommerce.product_service.security.JwtAuthenticationFilter.doFilterInternal(JwtAuthenticationFilter.java:67) ~[classes/:na]
	at org.springframework.web.filter.OncePerRequestFilter.doFilter(OncePerRequestFilter.java:116) ~[spring-web-6.1.4.jar:6.1.4]
	at org.springframework.security.web.ObservationFilterChainDecorator$ObservationFilter.wrapFilter(ObservationFilterChainDecorator.java:240) ~[spring-security-web-6.2.2.jar:6.2.2]
	at org.springframework.security.web.ObservationFilterChainDecorator$ObservationFilter.doFilter(ObservationFilterChainDecorator.java:227) ~[spring-security-web-6.2.2.jar:6.2.2]
	at org.springframework.security.web.ObservationFilterChainDecorator$VirtualFilterChain.doFilter(ObservationFilterChainDecorator.java:137) ~[spring-security-web-6.2.2.jar:6.2.2]
	at org.springframework.security.web.authentication.logout.LogoutFilter.doFilter(LogoutFilter.java:107) ~[spring-security-web-6.2.2.jar:6.2.2]
	at org.springframework.security.web.authentication.logout.LogoutFilter.doFilter(LogoutFilter.java:93) ~[spring-security-web-6.2.2.jar:6.2.2]
	at org.springframework.security.web.ObservationFilterChainDecorator$ObservationFilter.wrapFilter(ObservationFilterChainDecorator.java:240) ~[spring-security-web-6.2.2.jar:6.2.2]
	at org.springframework.security.web.ObservationFilterChainDecorator$ObservationFilter.doFilter(ObservationFilterChainDecorator.java:227) ~[spring-security-web-6.2.2.jar:6.2.2]
	at org.springframework.security.web.ObservationFilterChainDecorator$VirtualFilterChain.doFilter(ObservationFilterChainDecorator.java:137) ~[spring-security-web-6.2.2.jar:6.2.2]
	at org.springframework.web.filter.CorsFilter.doFilterInternal(CorsFilter.java:91) ~[spring-web-6.1.4.jar:6.1.4]
	at org.springframework.web.filter.OncePerRequestFilter.doFilter(OncePerRequestFilter.java:116) ~[spring-web-6.1.4.jar:6.1.4]
	at org.springframework.security.web.ObservationFilterChainDecorator$ObservationFilter.wrapFilter(ObservationFilterChainDecorator.java:240) ~[spring-security-web-6.2.2.jar:6.2.2]
	at org.springframework.security.web.ObservationFilterChainDecorator$ObservationFilter.doFilter(ObservationFilterChainDecorator.java:227) ~[spring-security-web-6.2.2.jar:6.2.2]
	at org.springframework.security.web.ObservationFilterChainDecorator$VirtualFilterChain.doFilter(ObservationFilterChainDecorator.java:137) ~[spring-security-web-6.2.2.jar:6.2.2]
	at org.springframework.security.web.header.HeaderWriterFilter.doHeadersAfter(HeaderWriterFilter.java:90) ~[spring-security-web-6.2.2.jar:6.2.2]
	at org.springframework.security.web.header.HeaderWriterFilter.doFilterInternal(HeaderWriterFilter.java:75) ~[spring-security-web-6.2.2.jar:6.2.2]
	at org.springframework.web.filter.OncePerRequestFilter.doFilter(OncePerRequestFilter.java:116) ~[spring-web-6.1.4.jar:6.1.4]
	at org.springframework.security.web.ObservationFilterChainDecorator$ObservationFilter.wrapFilter(ObservationFilterChainDecorator.java:240) ~[spring-security-web-6.2.2.jar:6.2.2]
	at org.springframework.security.web.ObservationFilterChainDecorator$ObservationFilter.doFilter(ObservationFilterChainDecorator.java:227) ~[spring-security-web-6.2.2.jar:6.2.2]
	at org.springframework.security.web.ObservationFilterChainDecorator$VirtualFilterChain.doFilter(ObservationFilterChainDecorator.java:137) ~[spring-security-web-6.2.2.jar:6.2.2]
	at org.springframework.security.web.context.SecurityContextHolderFilter.doFilter(SecurityContextHolderFilter.java:82) ~[spring-security-web-6.2.2.jar:6.2.2]
	at org.springframework.security.web.context.SecurityContextHolderFilter.doFilter(SecurityContextHolderFilter.java:69) ~[spring-security-web-6.2.2.jar:6.2.2]
	at org.springframework.security.web.ObservationFilterChainDecorator$ObservationFilter.wrapFilter(ObservationFilterChainDecorator.java:240) ~[spring-security-web-6.2.2.jar:6.2.2]
	at org.springframework.security.web.ObservationFilterChainDecorator$ObservationFilter.doFilter(ObservationFilterChainDecorator.java:227) ~[spring-security-web-6.2.2.jar:6.2.2]
	at org.springframework.security.web.ObservationFilterChainDecorator$VirtualFilterChain.doFilter(ObservationFilterChainDecorator.java:137) ~[spring-security-web-6.2.2.jar:6.2.2]
	at org.springframework.security.web.context.request.async.WebAsyncManagerIntegrationFilter.doFilterInternal(WebAsyncManagerIntegrationFilter.java:62) ~[spring-security-web-6.2.2.jar:6.2.2]
	at org.springframework.web.filter.OncePerRequestFilter.doFilter(OncePerRequestFilter.java:116) ~[spring-web-6.1.4.jar:6.1.4]
	at org.springframework.security.web.ObservationFilterChainDecorator$ObservationFilter.wrapFilter(ObservationFilterChainDecorator.java:240) ~[spring-security-web-6.2.2.jar:6.2.2]
	at org.springframework.security.web.ObservationFilterChainDecorator$ObservationFilter.doFilter(ObservationFilterChainDecorator.java:227) ~[spring-security-web-6.2.2.jar:6.2.2]
	at org.springframework.security.web.ObservationFilterChainDecorator$VirtualFilterChain.doFilter(ObservationFilterChainDecorator.java:137) ~[spring-security-web-6.2.2.jar:6.2.2]
	at org.springframework.security.web.session.DisableEncodeUrlFilter.doFilterInternal(DisableEncodeUrlFilter.java:42) ~[spring-security-web-6.2.2.jar:6.2.2]
	at org.springframework.web.filter.OncePerRequestFilter.doFilter(OncePerRequestFilter.java:116) ~[spring-web-6.1.4.jar:6.1.4]
	at org.springframework.security.web.ObservationFilterChainDecorator$ObservationFilter.wrapFilter(ObservationFilterChainDecorator.java:240) ~[spring-security-web-6.2.2.jar:6.2.2]
	at org.springframework.security.web.ObservationFilterChainDecorator$AroundFilterObservation$SimpleAroundFilterObservation.lambda$wrap$0(ObservationFilterChainDecorator.java:323) ~[spring-security-web-6.2.2.jar:6.2.2]
	at org.springframework.security.web.ObservationFilterChainDecorator$ObservationFilter.doFilter(ObservationFilterChainDecorator.java:224) ~[spring-security-web-6.2.2.jar:6.2.2]
	at org.springframework.security.web.ObservationFilterChainDecorator$VirtualFilterChain.doFilter(ObservationFilterChainDecorator.java:137) ~[spring-security-web-6.2.2.jar:6.2.2]
	at org.springframework.security.web.FilterChainProxy.doFilterInternal(FilterChainProxy.java:233) ~[spring-security-web-6.2.2.jar:6.2.2]
	at org.springframework.security.web.FilterChainProxy.doFilter(FilterChainProxy.java:191) ~[spring-security-web-6.2.2.jar:6.2.2]
	at org.springframework.web.filter.CompositeFilter$VirtualFilterChain.doFilter(CompositeFilter.java:113) ~[spring-web-6.1.4.jar:6.1.4]
	at org.springframework.web.servlet.handler.HandlerMappingIntrospector.lambda$createCacheFilter$3(HandlerMappingIntrospector.java:195) ~[spring-webmvc-6.1.4.jar:6.1.4]
	at org.springframework.web.filter.CompositeFilter$VirtualFilterChain.doFilter(CompositeFilter.java:113) ~[spring-web-6.1.4.jar:6.1.4]
	at org.springframework.web.filter.CompositeFilter.doFilter(CompositeFilter.java:74) ~[spring-web-6.1.4.jar:6.1.4]
	at org.springframework.security.config.annotation.web.configuration.WebMvcSecurityConfiguration$CompositeFilterChainProxy.doFilter(WebMvcSecurityConfiguration.java:230) ~[spring-security-config-6.2.2.jar:6.2.2]
	at org.springframework.web.filter.DelegatingFilterProxy.invokeDelegate(DelegatingFilterProxy.java:352) ~[spring-web-6.1.4.jar:6.1.4]
	at org.springframework.web.filter.DelegatingFilterProxy.doFilter(DelegatingFilterProxy.java:268) ~[spring-web-6.1.4.jar:6.1.4]
	at org.apache.catalina.core.ApplicationFilterChain.internalDoFilter(ApplicationFilterChain.java:174) ~[tomcat-embed-core-10.1.19.jar:10.1.19]
	at org.apache.catalina.core.ApplicationFilterChain.doFilter(ApplicationFilterChain.java:149) ~[tomcat-embed-core-10.1.19.jar:10.1.19]
	at org.springframework.web.filter.RequestContextFilter.doFilterInternal(RequestContextFilter.java:100) ~[spring-web-6.1.4.jar:6.1.4]
	at org.springframework.web.filter.OncePerRequestFilter.doFilter(OncePerRequestFilter.java:116) ~[spring-web-6.1.4.jar:6.1.4]
	at org.apache.catalina.core.ApplicationFilterChain.internalDoFilter(ApplicationFilterChain.java:174) ~[tomcat-embed-core-10.1.19.jar:10.1.19]
	at org.apache.catalina.core.ApplicationFilterChain.doFilter(ApplicationFilterChain.java:149) ~[tomcat-embed-core-10.1.19.jar:10.1.19]
	at org.springframework.web.filter.FormContentFilter.doFilterInternal(FormContentFilter.java:93) ~[spring-web-6.1.4.jar:6.1.4]
	at org.springframework.web.filter.OncePerRequestFilter.doFilter(OncePerRequestFilter.java:116) ~[spring-web-6.1.4.jar:6.1.4]
	at org.apache.catalina.core.ApplicationFilterChain.internalDoFilter(ApplicationFilterChain.java:174) ~[tomcat-embed-core-10.1.19.jar:10.1.19]
	at org.apache.catalina.core.ApplicationFilterChain.doFilter(ApplicationFilterChain.java:149) ~[tomcat-embed-core-10.1.19.jar:10.1.19]
	at org.springframework.web.filter.ServerHttpObservationFilter.doFilterInternal(ServerHttpObservationFilter.java:109) ~[spring-web-6.1.4.jar:6.1.4]
	at org.springframework.web.filter.OncePerRequestFilter.doFilter(OncePerRequestFilter.java:116) ~[spring-web-6.1.4.jar:6.1.4]
	at org.apache.catalina.core.ApplicationFilterChain.internalDoFilter(ApplicationFilterChain.java:174) ~[tomcat-embed-core-10.1.19.jar:10.1.19]
	at org.apache.catalina.core.ApplicationFilterChain.doFilter(ApplicationFilterChain.java:149) ~[tomcat-embed-core-10.1.19.jar:10.1.19]
	at org.springframework.web.filter.CharacterEncodingFilter.doFilterInternal(CharacterEncodingFilter.java:201) ~[spring-web-6.1.4.jar:6.1.4]
	at org.springframework.web.filter.OncePerRequestFilter.doFilter(OncePerRequestFilter.java:116) ~[spring-web-6.1.4.jar:6.1.4]
	at org.apache.catalina.core.ApplicationFilterChain.internalDoFilter(ApplicationFilterChain.java:174) ~[tomcat-embed-core-10.1.19.jar:10.1.19]
	at org.apache.catalina.core.ApplicationFilterChain.doFilter(ApplicationFilterChain.java:149) ~[tomcat-embed-core-10.1.19.jar:10.1.19]
	at org.apache.catalina.core.StandardWrapperValve.invoke(StandardWrapperValve.java:167) ~[tomcat-embed-core-10.1.19.jar:10.1.19]
	at org.apache.catalina.core.StandardContextValve.invoke(StandardContextValve.java:90) ~[tomcat-embed-core-10.1.19.jar:10.1.19]
	at org.apache.catalina.authenticator.AuthenticatorBase.invoke(AuthenticatorBase.java:482) ~[tomcat-embed-core-10.1.19.jar:10.1.19]
	at org.apache.catalina.core.StandardHostValve.invoke(StandardHostValve.java:115) ~[tomcat-embed-core-10.1.19.jar:10.1.19]
	at org.apache.catalina.valves.ErrorReportValve.invoke(ErrorReportValve.java:93) ~[tomcat-embed-core-10.1.19.jar:10.1.19]
	at org.apache.catalina.core.StandardEngineValve.invoke(StandardEngineValve.java:74) ~[tomcat-embed-core-10.1.19.jar:10.1.19]
	at org.apache.catalina.connector.CoyoteAdapter.service(CoyoteAdapter.java:344) ~[tomcat-embed-core-10.1.19.jar:10.1.19]
	at org.apache.coyote.http11.Http11Processor.service(Http11Processor.java:391) ~[tomcat-embed-core-10.1.19.jar:10.1.19]
	at org.apache.coyote.AbstractProcessorLight.process(AbstractProcessorLight.java:63) ~[tomcat-embed-core-10.1.19.jar:10.1.19]
	at org.apache.coyote.AbstractProtocol$ConnectionHandler.process(AbstractProtocol.java:896) ~[tomcat-embed-core-10.1.19.jar:10.1.19]
	at org.apache.tomcat.util.net.NioEndpoint$SocketProcessor.doRun(NioEndpoint.java:1744) ~[tomcat-embed-core-10.1.19.jar:10.1.19]
	at org.apache.tomcat.util.net.SocketProcessorBase.run(SocketProcessorBase.java:52) ~[tomcat-embed-core-10.1.19.jar:10.1.19]
	at org.apache.tomcat.util.threads.ThreadPoolExecutor.runWorker(ThreadPoolExecutor.java:1191) ~[tomcat-embed-core-10.1.19.jar:10.1.19]
	at org.apache.tomcat.util.threads.ThreadPoolExecutor$Worker.run(ThreadPoolExecutor.java:659) ~[tomcat-embed-core-10.1.19.jar:10.1.19]
	at org.apache.tomcat.util.threads.TaskThread$WrappingRunnable.run(TaskThread.java:63) ~[tomcat-embed-core-10.1.19.jar:10.1.19]
	at java.base/java.lang.Thread.run(Thread.java:1583) ~[na:na]
Caused by: org.hibernate.exception.JDBCConnectionException: Unable to acquire JDBC Connection [ProductServicePool - Connection is not available, request timed out after 30130ms.] [n/a]
	at org.hibernate.exception.internal.SQLExceptionTypeDelegate.convert(SQLExceptionTypeDelegate.java:51) ~[hibernate-core-6.4.4.Final.jar:6.4.4.Final]
	at org.hibernate.exception.internal.StandardSQLExceptionConverter.convert(StandardSQLExceptionConverter.java:58) ~[hibernate-core-6.4.4.Final.jar:6.4.4.Final]
	at org.hibernate.engine.jdbc.spi.SqlExceptionHelper.convert(SqlExceptionHelper.java:108) ~[hibernate-core-6.4.4.Final.jar:6.4.4.Final]
	at org.hibernate.engine.jdbc.spi.SqlExceptionHelper.convert(SqlExceptionHelper.java:94) ~[hibernate-core-6.4.4.Final.jar:6.4.4.Final]
	at org.hibernate.resource.jdbc.internal.LogicalConnectionManagedImpl.acquireConnectionIfNeeded(LogicalConnectionManagedImpl.java:116) ~[hibernate-core-6.4.4.Final.jar:6.4.4.Final]
	at org.hibernate.resource.jdbc.internal.LogicalConnectionManagedImpl.getPhysicalConnection(LogicalConnectionManagedImpl.java:143) ~[hibernate-core-6.4.4.Final.jar:6.4.4.Final]
	at org.springframework.orm.jpa.vendor.HibernateJpaDialect.beginTransaction(HibernateJpaDialect.java:164) ~[spring-orm-6.1.4.jar:6.1.4]
	at org.springframework.orm.jpa.JpaTransactionManager.doBegin(JpaTransactionManager.java:420) ~[spring-orm-6.1.4.jar:6.1.4]
	... 145 common frames omitted
Caused by: java.sql.SQLTransientConnectionException: ProductServicePool - Connection is not available, request timed out after 30130ms.
	at com.zaxxer.hikari.pool.HikariPool.createTimeoutException(HikariPool.java:696) ~[HikariCP-5.0.1.jar:na]
	at com.zaxxer.hikari.pool.HikariPool.getConnection(HikariPool.java:181) ~[HikariCP-5.0.1.jar:na]
	at com.zaxxer.hikari.pool.HikariPool.getConnection(HikariPool.java:146) ~[HikariCP-5.0.1.jar:na]
	at com.zaxxer.hikari.HikariDataSource.getConnection(HikariDataSource.java:128) ~[HikariCP-5.0.1.jar:na]
	at org.hibernate.engine.jdbc.connections.internal.DatasourceConnectionProviderImpl.getConnection(DatasourceConnectionProviderImpl.java:122) ~[hibernate-core-6.4.4.Final.jar:6.4.4.Final]
	at org.hibernate.internal.NonContextualJdbcConnectionAccess.obtainConnection(NonContextualJdbcConnectionAccess.java:46) ~[hibernate-core-6.4.4.Final.jar:6.4.4.Final]
	at org.hibernate.resource.jdbc.internal.LogicalConnectionManagedImpl.acquireConnectionIfNeeded(LogicalConnectionManagedImpl.java:113) ~[hibernate-core-6.4.4.Final.jar:6.4.4.Final]
	... 148 common frames omitted

2026-03-25T16:37:30.484+05:30 ERROR 17692 --- [product-service] [http-nio-8082-exec-6] c.e.p.exception.GlobalExceptionHandler   : Unexpected error [/api/v1/products]: Could not open JPA EntityManager for transaction

org.springframework.transaction.CannotCreateTransactionException: Could not open JPA EntityManager for transaction
	at org.springframework.orm.jpa.JpaTransactionManager.doBegin(JpaTransactionManager.java:466) ~[spring-orm-6.1.4.jar:6.1.4]
	at org.springframework.transaction.support.AbstractPlatformTransactionManager.startTransaction(AbstractPlatformTransactionManager.java:531) ~[spring-tx-6.1.4.jar:6.1.4]
	at org.springframework.transaction.support.AbstractPlatformTransactionManager.getTransaction(AbstractPlatformTransactionManager.java:405) ~[spring-tx-6.1.4.jar:6.1.4]
	at org.springframework.transaction.interceptor.TransactionAspectSupport.createTransactionIfNecessary(TransactionAspectSupport.java:610) ~[spring-tx-6.1.4.jar:6.1.4]
	at org.springframework.transaction.interceptor.TransactionAspectSupport.invokeWithinTransaction(TransactionAspectSupport.java:379) ~[spring-tx-6.1.4.jar:6.1.4]
	at org.springframework.transaction.interceptor.TransactionInterceptor.invoke(TransactionInterceptor.java:119) ~[spring-tx-6.1.4.jar:6.1.4]
	at org.springframework.aop.framework.ReflectiveMethodInvocation.proceed(ReflectiveMethodInvocation.java:184) ~[spring-aop-6.1.4.jar:6.1.4]
	at org.springframework.aop.framework.CglibAopProxy$CglibMethodInvocation.proceed(CglibAopProxy.java:765) ~[spring-aop-6.1.4.jar:6.1.4]
	at org.springframework.aop.framework.CglibAopProxy$DynamicAdvisedInterceptor.intercept(CglibAopProxy.java:717) ~[spring-aop-6.1.4.jar:6.1.4]
	at com.ecommerce.product_service.service.ProductServiceImpl$$SpringCGLIB$$0.getAllProducts(<generated>) ~[classes/:na]
	at com.ecommerce.product_service.controller.ProductControllerImpl.getAllProducts(ProductControllerImpl.java:50) ~[classes/:na]
	at java.base/jdk.internal.reflect.DirectMethodHandleAccessor.invoke(DirectMethodHandleAccessor.java:103) ~[na:na]
	at java.base/java.lang.reflect.Method.invoke(Method.java:580) ~[na:na]
	at org.springframework.web.method.support.InvocableHandlerMethod.doInvoke(InvocableHandlerMethod.java:259) ~[spring-web-6.1.4.jar:6.1.4]
	at org.springframework.web.method.support.InvocableHandlerMethod.invokeForRequest(InvocableHandlerMethod.java:192) ~[spring-web-6.1.4.jar:6.1.4]
	at org.springframework.web.servlet.mvc.method.annotation.ServletInvocableHandlerMethod.invokeAndHandle(ServletInvocableHandlerMethod.java:118) ~[spring-webmvc-6.1.4.jar:6.1.4]
	at org.springframework.web.servlet.mvc.method.annotation.RequestMappingHandlerAdapter.invokeHandlerMethod(RequestMappingHandlerAdapter.java:920) ~[spring-webmvc-6.1.4.jar:6.1.4]
	at org.springframework.web.servlet.mvc.method.annotation.RequestMappingHandlerAdapter.handleInternal(RequestMappingHandlerAdapter.java:830) ~[spring-webmvc-6.1.4.jar:6.1.4]
	at org.springframework.web.servlet.mvc.method.AbstractHandlerMethodAdapter.handle(AbstractHandlerMethodAdapter.java:87) ~[spring-webmvc-6.1.4.jar:6.1.4]
	at org.springframework.web.servlet.DispatcherServlet.doDispatch(DispatcherServlet.java:1089) ~[spring-webmvc-6.1.4.jar:6.1.4]
	at org.springframework.web.servlet.DispatcherServlet.doService(DispatcherServlet.java:979) ~[spring-webmvc-6.1.4.jar:6.1.4]
	at org.springframework.web.servlet.FrameworkServlet.processRequest(FrameworkServlet.java:1014) ~[spring-webmvc-6.1.4.jar:6.1.4]
	at org.springframework.web.servlet.FrameworkServlet.doGet(FrameworkServlet.java:903) ~[spring-webmvc-6.1.4.jar:6.1.4]
	at jakarta.servlet.http.HttpServlet.service(HttpServlet.java:564) ~[tomcat-embed-core-10.1.19.jar:6.0]
	at org.springframework.web.servlet.FrameworkServlet.service(FrameworkServlet.java:885) ~[spring-webmvc-6.1.4.jar:6.1.4]
	at jakarta.servlet.http.HttpServlet.service(HttpServlet.java:658) ~[tomcat-embed-core-10.1.19.jar:6.0]
	at org.apache.catalina.core.ApplicationFilterChain.internalDoFilter(ApplicationFilterChain.java:205) ~[tomcat-embed-core-10.1.19.jar:10.1.19]
	at org.apache.catalina.core.ApplicationFilterChain.doFilter(ApplicationFilterChain.java:149) ~[tomcat-embed-core-10.1.19.jar:10.1.19]
	at org.apache.tomcat.websocket.server.WsFilter.doFilter(WsFilter.java:51) ~[tomcat-embed-websocket-10.1.19.jar:10.1.19]
	at org.apache.catalina.core.ApplicationFilterChain.internalDoFilter(ApplicationFilterChain.java:174) ~[tomcat-embed-core-10.1.19.jar:10.1.19]
	at org.apache.catalina.core.ApplicationFilterChain.doFilter(ApplicationFilterChain.java:149) ~[tomcat-embed-core-10.1.19.jar:10.1.19]
	at org.springframework.web.filter.OncePerRequestFilter.doFilter(OncePerRequestFilter.java:110) ~[spring-web-6.1.4.jar:6.1.4]
	at org.apache.catalina.core.ApplicationFilterChain.internalDoFilter(ApplicationFilterChain.java:174) ~[tomcat-embed-core-10.1.19.jar:10.1.19]
	at org.apache.catalina.core.ApplicationFilterChain.doFilter(ApplicationFilterChain.java:149) ~[tomcat-embed-core-10.1.19.jar:10.1.19]
	at org.springframework.web.filter.CompositeFilter$VirtualFilterChain.doFilter(CompositeFilter.java:108) ~[spring-web-6.1.4.jar:6.1.4]
	at org.springframework.security.web.FilterChainProxy.lambda$doFilterInternal$3(FilterChainProxy.java:231) ~[spring-security-web-6.2.2.jar:6.2.2]
	at org.springframework.security.web.ObservationFilterChainDecorator$FilterObservation$SimpleFilterObservation.lambda$wrap$1(ObservationFilterChainDecorator.java:479) ~[spring-security-web-6.2.2.jar:6.2.2]
	at org.springframework.security.web.ObservationFilterChainDecorator$AroundFilterObservation$SimpleAroundFilterObservation.lambda$wrap$1(ObservationFilterChainDecorator.java:340) ~[spring-security-web-6.2.2.jar:6.2.2]
	at org.springframework.security.web.ObservationFilterChainDecorator.lambda$wrapSecured$0(ObservationFilterChainDecorator.java:82) ~[spring-security-web-6.2.2.jar:6.2.2]
	at org.springframework.security.web.ObservationFilterChainDecorator$VirtualFilterChain.doFilter(ObservationFilterChainDecorator.java:128) ~[spring-security-web-6.2.2.jar:6.2.2]
	at org.springframework.security.web.access.intercept.AuthorizationFilter.doFilter(AuthorizationFilter.java:100) ~[spring-security-web-6.2.2.jar:6.2.2]
	at org.springframework.security.web.ObservationFilterChainDecorator$ObservationFilter.wrapFilter(ObservationFilterChainDecorator.java:240) ~[spring-security-web-6.2.2.jar:6.2.2]
	at org.springframework.security.web.ObservationFilterChainDecorator$ObservationFilter.doFilter(ObservationFilterChainDecorator.java:227) ~[spring-security-web-6.2.2.jar:6.2.2]
	at org.springframework.security.web.ObservationFilterChainDecorator$VirtualFilterChain.doFilter(ObservationFilterChainDecorator.java:137) ~[spring-security-web-6.2.2.jar:6.2.2]
	at org.springframework.security.web.access.ExceptionTranslationFilter.doFilter(ExceptionTranslationFilter.java:126) ~[spring-security-web-6.2.2.jar:6.2.2]
	at org.springframework.security.web.access.ExceptionTranslationFilter.doFilter(ExceptionTranslationFilter.java:120) ~[spring-security-web-6.2.2.jar:6.2.2]
	at org.springframework.security.web.ObservationFilterChainDecorator$ObservationFilter.wrapFilter(ObservationFilterChainDecorator.java:240) ~[spring-security-web-6.2.2.jar:6.2.2]
	at org.springframework.security.web.ObservationFilterChainDecorator$ObservationFilter.doFilter(ObservationFilterChainDecorator.java:227) ~[spring-security-web-6.2.2.jar:6.2.2]
	at org.springframework.security.web.ObservationFilterChainDecorator$VirtualFilterChain.doFilter(ObservationFilterChainDecorator.java:137) ~[spring-security-web-6.2.2.jar:6.2.2]
	at org.springframework.security.web.session.SessionManagementFilter.doFilter(SessionManagementFilter.java:131) ~[spring-security-web-6.2.2.jar:6.2.2]
	at org.springframework.security.web.session.SessionManagementFilter.doFilter(SessionManagementFilter.java:85) ~[spring-security-web-6.2.2.jar:6.2.2]
	at org.springframework.security.web.ObservationFilterChainDecorator$ObservationFilter.wrapFilter(ObservationFilterChainDecorator.java:240) ~[spring-security-web-6.2.2.jar:6.2.2]
	at org.springframework.security.web.ObservationFilterChainDecorator$ObservationFilter.doFilter(ObservationFilterChainDecorator.java:227) ~[spring-security-web-6.2.2.jar:6.2.2]
	at org.springframework.security.web.ObservationFilterChainDecorator$VirtualFilterChain.doFilter(ObservationFilterChainDecorator.java:137) ~[spring-security-web-6.2.2.jar:6.2.2]
	at org.springframework.security.web.authentication.AnonymousAuthenticationFilter.doFilter(AnonymousAuthenticationFilter.java:100) ~[spring-security-web-6.2.2.jar:6.2.2]
	at org.springframework.security.web.ObservationFilterChainDecorator$ObservationFilter.wrapFilter(ObservationFilterChainDecorator.java:240) ~[spring-security-web-6.2.2.jar:6.2.2]
	at org.springframework.security.web.ObservationFilterChainDecorator$ObservationFilter.doFilter(ObservationFilterChainDecorator.java:227) ~[spring-security-web-6.2.2.jar:6.2.2]
	at org.springframework.security.web.ObservationFilterChainDecorator$VirtualFilterChain.doFilter(ObservationFilterChainDecorator.java:137) ~[spring-security-web-6.2.2.jar:6.2.2]
	at org.springframework.security.web.servletapi.SecurityContextHolderAwareRequestFilter.doFilter(SecurityContextHolderAwareRequestFilter.java:179) ~[spring-security-web-6.2.2.jar:6.2.2]
	at org.springframework.security.web.ObservationFilterChainDecorator$ObservationFilter.wrapFilter(ObservationFilterChainDecorator.java:240) ~[spring-security-web-6.2.2.jar:6.2.2]
	at org.springframework.security.web.ObservationFilterChainDecorator$ObservationFilter.doFilter(ObservationFilterChainDecorator.java:227) ~[spring-security-web-6.2.2.jar:6.2.2]
	at org.springframework.security.web.ObservationFilterChainDecorator$VirtualFilterChain.doFilter(ObservationFilterChainDecorator.java:137) ~[spring-security-web-6.2.2.jar:6.2.2]
	at org.springframework.security.web.savedrequest.RequestCacheAwareFilter.doFilter(RequestCacheAwareFilter.java:63) ~[spring-security-web-6.2.2.jar:6.2.2]
	at org.springframework.security.web.ObservationFilterChainDecorator$ObservationFilter.wrapFilter(ObservationFilterChainDecorator.java:240) ~[spring-security-web-6.2.2.jar:6.2.2]
	at org.springframework.security.web.ObservationFilterChainDecorator$ObservationFilter.doFilter(ObservationFilterChainDecorator.java:227) ~[spring-security-web-6.2.2.jar:6.2.2]
	at org.springframework.security.web.ObservationFilterChainDecorator$VirtualFilterChain.doFilter(ObservationFilterChainDecorator.java:137) ~[spring-security-web-6.2.2.jar:6.2.2]
	at com.ecommerce.product_service.security.JwtAuthenticationFilter.doFilterInternal(JwtAuthenticationFilter.java:67) ~[classes/:na]
	at org.springframework.web.filter.OncePerRequestFilter.doFilter(OncePerRequestFilter.java:116) ~[spring-web-6.1.4.jar:6.1.4]
	at org.springframework.security.web.ObservationFilterChainDecorator$ObservationFilter.wrapFilter(ObservationFilterChainDecorator.java:240) ~[spring-security-web-6.2.2.jar:6.2.2]
	at org.springframework.security.web.ObservationFilterChainDecorator$ObservationFilter.doFilter(ObservationFilterChainDecorator.java:227) ~[spring-security-web-6.2.2.jar:6.2.2]
	at org.springframework.security.web.ObservationFilterChainDecorator$VirtualFilterChain.doFilter(ObservationFilterChainDecorator.java:137) ~[spring-security-web-6.2.2.jar:6.2.2]
	at org.springframework.security.web.authentication.logout.LogoutFilter.doFilter(LogoutFilter.java:107) ~[spring-security-web-6.2.2.jar:6.2.2]
	at org.springframework.security.web.authentication.logout.LogoutFilter.doFilter(LogoutFilter.java:93) ~[spring-security-web-6.2.2.jar:6.2.2]
	at org.springframework.security.web.ObservationFilterChainDecorator$ObservationFilter.wrapFilter(ObservationFilterChainDecorator.java:240) ~[spring-security-web-6.2.2.jar:6.2.2]
	at org.springframework.security.web.ObservationFilterChainDecorator$ObservationFilter.doFilter(ObservationFilterChainDecorator.java:227) ~[spring-security-web-6.2.2.jar:6.2.2]
	at org.springframework.security.web.ObservationFilterChainDecorator$VirtualFilterChain.doFilter(ObservationFilterChainDecorator.java:137) ~[spring-security-web-6.2.2.jar:6.2.2]
	at org.springframework.web.filter.CorsFilter.doFilterInternal(CorsFilter.java:91) ~[spring-web-6.1.4.jar:6.1.4]
	at org.springframework.web.filter.OncePerRequestFilter.doFilter(OncePerRequestFilter.java:116) ~[spring-web-6.1.4.jar:6.1.4]
	at org.springframework.security.web.ObservationFilterChainDecorator$ObservationFilter.wrapFilter(ObservationFilterChainDecorator.java:240) ~[spring-security-web-6.2.2.jar:6.2.2]
	at org.springframework.security.web.ObservationFilterChainDecorator$ObservationFilter.doFilter(ObservationFilterChainDecorator.java:227) ~[spring-security-web-6.2.2.jar:6.2.2]
	at org.springframework.security.web.ObservationFilterChainDecorator$VirtualFilterChain.doFilter(ObservationFilterChainDecorator.java:137) ~[spring-security-web-6.2.2.jar:6.2.2]
	at org.springframework.security.web.header.HeaderWriterFilter.doHeadersAfter(HeaderWriterFilter.java:90) ~[spring-security-web-6.2.2.jar:6.2.2]
	at org.springframework.security.web.header.HeaderWriterFilter.doFilterInternal(HeaderWriterFilter.java:75) ~[spring-security-web-6.2.2.jar:6.2.2]
	at org.springframework.web.filter.OncePerRequestFilter.doFilter(OncePerRequestFilter.java:116) ~[spring-web-6.1.4.jar:6.1.4]
	at org.springframework.security.web.ObservationFilterChainDecorator$ObservationFilter.wrapFilter(ObservationFilterChainDecorator.java:240) ~[spring-security-web-6.2.2.jar:6.2.2]
	at org.springframework.security.web.ObservationFilterChainDecorator$ObservationFilter.doFilter(ObservationFilterChainDecorator.java:227) ~[spring-security-web-6.2.2.jar:6.2.2]
	at org.springframework.security.web.ObservationFilterChainDecorator$VirtualFilterChain.doFilter(ObservationFilterChainDecorator.java:137) ~[spring-security-web-6.2.2.jar:6.2.2]
	at org.springframework.security.web.context.SecurityContextHolderFilter.doFilter(SecurityContextHolderFilter.java:82) ~[spring-security-web-6.2.2.jar:6.2.2]
	at org.springframework.security.web.context.SecurityContextHolderFilter.doFilter(SecurityContextHolderFilter.java:69) ~[spring-security-web-6.2.2.jar:6.2.2]
	at org.springframework.security.web.ObservationFilterChainDecorator$ObservationFilter.wrapFilter(ObservationFilterChainDecorator.java:240) ~[spring-security-web-6.2.2.jar:6.2.2]
	at org.springframework.security.web.ObservationFilterChainDecorator$ObservationFilter.doFilter(ObservationFilterChainDecorator.java:227) ~[spring-security-web-6.2.2.jar:6.2.2]
	at org.springframework.security.web.ObservationFilterChainDecorator$VirtualFilterChain.doFilter(ObservationFilterChainDecorator.java:137) ~[spring-security-web-6.2.2.jar:6.2.2]
	at org.springframework.security.web.context.request.async.WebAsyncManagerIntegrationFilter.doFilterInternal(WebAsyncManagerIntegrationFilter.java:62) ~[spring-security-web-6.2.2.jar:6.2.2]
	at org.springframework.web.filter.OncePerRequestFilter.doFilter(OncePerRequestFilter.java:116) ~[spring-web-6.1.4.jar:6.1.4]
	at org.springframework.security.web.ObservationFilterChainDecorator$ObservationFilter.wrapFilter(ObservationFilterChainDecorator.java:240) ~[spring-security-web-6.2.2.jar:6.2.2]
	at org.springframework.security.web.ObservationFilterChainDecorator$ObservationFilter.doFilter(ObservationFilterChainDecorator.java:227) ~[spring-security-web-6.2.2.jar:6.2.2]
	at org.springframework.security.web.ObservationFilterChainDecorator$VirtualFilterChain.doFilter(ObservationFilterChainDecorator.java:137) ~[spring-security-web-6.2.2.jar:6.2.2]
	at org.springframework.security.web.session.DisableEncodeUrlFilter.doFilterInternal(DisableEncodeUrlFilter.java:42) ~[spring-security-web-6.2.2.jar:6.2.2]
	at org.springframework.web.filter.OncePerRequestFilter.doFilter(OncePerRequestFilter.java:116) ~[spring-web-6.1.4.jar:6.1.4]
	at org.springframework.security.web.ObservationFilterChainDecorator$ObservationFilter.wrapFilter(ObservationFilterChainDecorator.java:240) ~[spring-security-web-6.2.2.jar:6.2.2]
	at org.springframework.security.web.ObservationFilterChainDecorator$AroundFilterObservation$SimpleAroundFilterObservation.lambda$wrap$0(ObservationFilterChainDecorator.java:323) ~[spring-security-web-6.2.2.jar:6.2.2]
	at org.springframework.security.web.ObservationFilterChainDecorator$ObservationFilter.doFilter(ObservationFilterChainDecorator.java:224) ~[spring-security-web-6.2.2.jar:6.2.2]
	at org.springframework.security.web.ObservationFilterChainDecorator$VirtualFilterChain.doFilter(ObservationFilterChainDecorator.java:137) ~[spring-security-web-6.2.2.jar:6.2.2]
	at org.springframework.security.web.FilterChainProxy.doFilterInternal(FilterChainProxy.java:233) ~[spring-security-web-6.2.2.jar:6.2.2]
	at org.springframework.security.web.FilterChainProxy.doFilter(FilterChainProxy.java:191) ~[spring-security-web-6.2.2.jar:6.2.2]
	at org.springframework.web.filter.CompositeFilter$VirtualFilterChain.doFilter(CompositeFilter.java:113) ~[spring-web-6.1.4.jar:6.1.4]
	at org.springframework.web.servlet.handler.HandlerMappingIntrospector.lambda$createCacheFilter$3(HandlerMappingIntrospector.java:195) ~[spring-webmvc-6.1.4.jar:6.1.4]
	at org.springframework.web.filter.CompositeFilter$VirtualFilterChain.doFilter(CompositeFilter.java:113) ~[spring-web-6.1.4.jar:6.1.4]
	at org.springframework.web.filter.CompositeFilter.doFilter(CompositeFilter.java:74) ~[spring-web-6.1.4.jar:6.1.4]
	at org.springframework.security.config.annotation.web.configuration.WebMvcSecurityConfiguration$CompositeFilterChainProxy.doFilter(WebMvcSecurityConfiguration.java:230) ~[spring-security-config-6.2.2.jar:6.2.2]
	at org.springframework.web.filter.DelegatingFilterProxy.invokeDelegate(DelegatingFilterProxy.java:352) ~[spring-web-6.1.4.jar:6.1.4]
	at org.springframework.web.filter.DelegatingFilterProxy.doFilter(DelegatingFilterProxy.java:268) ~[spring-web-6.1.4.jar:6.1.4]
	at org.apache.catalina.core.ApplicationFilterChain.internalDoFilter(ApplicationFilterChain.java:174) ~[tomcat-embed-core-10.1.19.jar:10.1.19]
	at org.apache.catalina.core.ApplicationFilterChain.doFilter(ApplicationFilterChain.java:149) ~[tomcat-embed-core-10.1.19.jar:10.1.19]
	at org.springframework.web.filter.RequestContextFilter.doFilterInternal(RequestContextFilter.java:100) ~[spring-web-6.1.4.jar:6.1.4]
	at org.springframework.web.filter.OncePerRequestFilter.doFilter(OncePerRequestFilter.java:116) ~[spring-web-6.1.4.jar:6.1.4]
	at org.apache.catalina.core.ApplicationFilterChain.internalDoFilter(ApplicationFilterChain.java:174) ~[tomcat-embed-core-10.1.19.jar:10.1.19]
	at org.apache.catalina.core.ApplicationFilterChain.doFilter(ApplicationFilterChain.java:149) ~[tomcat-embed-core-10.1.19.jar:10.1.19]
	at org.springframework.web.filter.FormContentFilter.doFilterInternal(FormContentFilter.java:93) ~[spring-web-6.1.4.jar:6.1.4]
	at org.springframework.web.filter.OncePerRequestFilter.doFilter(OncePerRequestFilter.java:116) ~[spring-web-6.1.4.jar:6.1.4]
	at org.apache.catalina.core.ApplicationFilterChain.internalDoFilter(ApplicationFilterChain.java:174) ~[tomcat-embed-core-10.1.19.jar:10.1.19]
	at org.apache.catalina.core.ApplicationFilterChain.doFilter(ApplicationFilterChain.java:149) ~[tomcat-embed-core-10.1.19.jar:10.1.19]
	at org.springframework.web.filter.ServerHttpObservationFilter.doFilterInternal(ServerHttpObservationFilter.java:109) ~[spring-web-6.1.4.jar:6.1.4]
	at org.springframework.web.filter.OncePerRequestFilter.doFilter(OncePerRequestFilter.java:116) ~[spring-web-6.1.4.jar:6.1.4]
	at org.apache.catalina.core.ApplicationFilterChain.internalDoFilter(ApplicationFilterChain.java:174) ~[tomcat-embed-core-10.1.19.jar:10.1.19]
	at org.apache.catalina.core.ApplicationFilterChain.doFilter(ApplicationFilterChain.java:149) ~[tomcat-embed-core-10.1.19.jar:10.1.19]
	at org.springframework.web.filter.CharacterEncodingFilter.doFilterInternal(CharacterEncodingFilter.java:201) ~[spring-web-6.1.4.jar:6.1.4]
	at org.springframework.web.filter.OncePerRequestFilter.doFilter(OncePerRequestFilter.java:116) ~[spring-web-6.1.4.jar:6.1.4]
	at org.apache.catalina.core.ApplicationFilterChain.internalDoFilter(ApplicationFilterChain.java:174) ~[tomcat-embed-core-10.1.19.jar:10.1.19]
	at org.apache.catalina.core.ApplicationFilterChain.doFilter(ApplicationFilterChain.java:149) ~[tomcat-embed-core-10.1.19.jar:10.1.19]
	at org.apache.catalina.core.StandardWrapperValve.invoke(StandardWrapperValve.java:167) ~[tomcat-embed-core-10.1.19.jar:10.1.19]
	at org.apache.catalina.core.StandardContextValve.invoke(StandardContextValve.java:90) ~[tomcat-embed-core-10.1.19.jar:10.1.19]
	at org.apache.catalina.authenticator.AuthenticatorBase.invoke(AuthenticatorBase.java:482) ~[tomcat-embed-core-10.1.19.jar:10.1.19]
	at org.apache.catalina.core.StandardHostValve.invoke(StandardHostValve.java:115) ~[tomcat-embed-core-10.1.19.jar:10.1.19]
	at org.apache.catalina.valves.ErrorReportValve.invoke(ErrorReportValve.java:93) ~[tomcat-embed-core-10.1.19.jar:10.1.19]
	at org.apache.catalina.core.StandardEngineValve.invoke(StandardEngineValve.java:74) ~[tomcat-embed-core-10.1.19.jar:10.1.19]
	at org.apache.catalina.connector.CoyoteAdapter.service(CoyoteAdapter.java:344) ~[tomcat-embed-core-10.1.19.jar:10.1.19]
	at org.apache.coyote.http11.Http11Processor.service(Http11Processor.java:391) ~[tomcat-embed-core-10.1.19.jar:10.1.19]
	at org.apache.coyote.AbstractProcessorLight.process(AbstractProcessorLight.java:63) ~[tomcat-embed-core-10.1.19.jar:10.1.19]
	at org.apache.coyote.AbstractProtocol$ConnectionHandler.process(AbstractProtocol.java:896) ~[tomcat-embed-core-10.1.19.jar:10.1.19]
	at org.apache.tomcat.util.net.NioEndpoint$SocketProcessor.doRun(NioEndpoint.java:1744) ~[tomcat-embed-core-10.1.19.jar:10.1.19]
	at org.apache.tomcat.util.net.SocketProcessorBase.run(SocketProcessorBase.java:52) ~[tomcat-embed-core-10.1.19.jar:10.1.19]
	at org.apache.tomcat.util.threads.ThreadPoolExecutor.runWorker(ThreadPoolExecutor.java:1191) ~[tomcat-embed-core-10.1.19.jar:10.1.19]
	at org.apache.tomcat.util.threads.ThreadPoolExecutor$Worker.run(ThreadPoolExecutor.java:659) ~[tomcat-embed-core-10.1.19.jar:10.1.19]
	at org.apache.tomcat.util.threads.TaskThread$WrappingRunnable.run(TaskThread.java:63) ~[tomcat-embed-core-10.1.19.jar:10.1.19]
	at java.base/java.lang.Thread.run(Thread.java:1583) ~[na:na]
Caused by: org.hibernate.exception.JDBCConnectionException: Unable to acquire JDBC Connection [ProductServicePool - Connection is not available, request timed out after 30130ms.] [n/a]
	at org.hibernate.exception.internal.SQLExceptionTypeDelegate.convert(SQLExceptionTypeDelegate.java:51) ~[hibernate-core-6.4.4.Final.jar:6.4.4.Final]
	at org.hibernate.exception.internal.StandardSQLExceptionConverter.convert(StandardSQLExceptionConverter.java:58) ~[hibernate-core-6.4.4.Final.jar:6.4.4.Final]
	at org.hibernate.engine.jdbc.spi.SqlExceptionHelper.convert(SqlExceptionHelper.java:108) ~[hibernate-core-6.4.4.Final.jar:6.4.4.Final]
	at org.hibernate.engine.jdbc.spi.SqlExceptionHelper.convert(SqlExceptionHelper.java:94) ~[hibernate-core-6.4.4.Final.jar:6.4.4.Final]
	at org.hibernate.resource.jdbc.internal.LogicalConnectionManagedImpl.acquireConnectionIfNeeded(LogicalConnectionManagedImpl.java:116) ~[hibernate-core-6.4.4.Final.jar:6.4.4.Final]
	at org.hibernate.resource.jdbc.internal.LogicalConnectionManagedImpl.getPhysicalConnection(LogicalConnectionManagedImpl.java:143) ~[hibernate-core-6.4.4.Final.jar:6.4.4.Final]
	at org.springframework.orm.jpa.vendor.HibernateJpaDialect.beginTransaction(HibernateJpaDialect.java:164) ~[spring-orm-6.1.4.jar:6.1.4]
	at org.springframework.orm.jpa.JpaTransactionManager.doBegin(JpaTransactionManager.java:420) ~[spring-orm-6.1.4.jar:6.1.4]
	... 145 common frames omitted
Caused by: java.sql.SQLTransientConnectionException: ProductServicePool - Connection is not available, request timed out after 30130ms.
	at com.zaxxer.hikari.pool.HikariPool.createTimeoutException(HikariPool.java:696) ~[HikariCP-5.0.1.jar:na]
	at com.zaxxer.hikari.pool.HikariPool.getConnection(HikariPool.java:181) ~[HikariCP-5.0.1.jar:na]
	at com.zaxxer.hikari.pool.HikariPool.getConnection(HikariPool.java:146) ~[HikariCP-5.0.1.jar:na]
	at com.zaxxer.hikari.HikariDataSource.getConnection(HikariDataSource.java:128) ~[HikariCP-5.0.1.jar:na]
	at org.hibernate.engine.jdbc.connections.internal.DatasourceConnectionProviderImpl.getConnection(DatasourceConnectionProviderImpl.java:122) ~[hibernate-core-6.4.4.Final.jar:6.4.4.Final]
	at org.hibernate.internal.NonContextualJdbcConnectionAccess.obtainConnection(NonContextualJdbcConnectionAccess.java:46) ~[hibernate-core-6.4.4.Final.jar:6.4.4.Final]
	at org.hibernate.resource.jdbc.internal.LogicalConnectionManagedImpl.acquireConnectionIfNeeded(LogicalConnectionManagedImpl.java:113) ~[hibernate-core-6.4.4.Final.jar:6.4.4.Final]
	... 148 common frames omitted

2026-03-25T16:37:30.484+05:30 ERROR 17692 --- [product-service] [http-nio-8082-exec-3] c.e.p.exception.GlobalExceptionHandler   : Unexpected error [/api/v1/products]: Could not open JPA EntityManager for transaction

org.springframework.transaction.CannotCreateTransactionException: Could not open JPA EntityManager for transaction
	at org.springframework.orm.jpa.JpaTransactionManager.doBegin(JpaTransactionManager.java:466) ~[spring-orm-6.1.4.jar:6.1.4]
	at org.springframework.transaction.support.AbstractPlatformTransactionManager.startTransaction(AbstractPlatformTransactionManager.java:531) ~[spring-tx-6.1.4.jar:6.1.4]
	at org.springframework.transaction.support.AbstractPlatformTransactionManager.getTransaction(AbstractPlatformTransactionManager.java:405) ~[spring-tx-6.1.4.jar:6.1.4]
	at org.springframework.transaction.interceptor.TransactionAspectSupport.createTransactionIfNecessary(TransactionAspectSupport.java:610) ~[spring-tx-6.1.4.jar:6.1.4]
	at org.springframework.transaction.interceptor.TransactionAspectSupport.invokeWithinTransaction(TransactionAspectSupport.java:379) ~[spring-tx-6.1.4.jar:6.1.4]
	at org.springframework.transaction.interceptor.TransactionInterceptor.invoke(TransactionInterceptor.java:119) ~[spring-tx-6.1.4.jar:6.1.4]
	at org.springframework.aop.framework.ReflectiveMethodInvocation.proceed(ReflectiveMethodInvocation.java:184) ~[spring-aop-6.1.4.jar:6.1.4]
	at org.springframework.aop.framework.CglibAopProxy$CglibMethodInvocation.proceed(CglibAopProxy.java:765) ~[spring-aop-6.1.4.jar:6.1.4]
	at org.springframework.aop.framework.CglibAopProxy$DynamicAdvisedInterceptor.intercept(CglibAopProxy.java:717) ~[spring-aop-6.1.4.jar:6.1.4]
	at com.ecommerce.product_service.service.ProductServiceImpl$$SpringCGLIB$$0.getAllProducts(<generated>) ~[classes/:na]
	at com.ecommerce.product_service.controller.ProductControllerImpl.getAllProducts(ProductControllerImpl.java:50) ~[classes/:na]
	at java.base/jdk.internal.reflect.DirectMethodHandleAccessor.invoke(DirectMethodHandleAccessor.java:103) ~[na:na]
	at java.base/java.lang.reflect.Method.invoke(Method.java:580) ~[na:na]
	at org.springframework.web.method.support.InvocableHandlerMethod.doInvoke(InvocableHandlerMethod.java:259) ~[spring-web-6.1.4.jar:6.1.4]
	at org.springframework.web.method.support.InvocableHandlerMethod.invokeForRequest(InvocableHandlerMethod.java:192) ~[spring-web-6.1.4.jar:6.1.4]
	at org.springframework.web.servlet.mvc.method.annotation.ServletInvocableHandlerMethod.invokeAndHandle(ServletInvocableHandlerMethod.java:118) ~[spring-webmvc-6.1.4.jar:6.1.4]
	at org.springframework.web.servlet.mvc.method.annotation.RequestMappingHandlerAdapter.invokeHandlerMethod(RequestMappingHandlerAdapter.java:920) ~[spring-webmvc-6.1.4.jar:6.1.4]
	at org.springframework.web.servlet.mvc.method.annotation.RequestMappingHandlerAdapter.handleInternal(RequestMappingHandlerAdapter.java:830) ~[spring-webmvc-6.1.4.jar:6.1.4]
	at org.springframework.web.servlet.mvc.method.AbstractHandlerMethodAdapter.handle(AbstractHandlerMethodAdapter.java:87) ~[spring-webmvc-6.1.4.jar:6.1.4]
	at org.springframework.web.servlet.DispatcherServlet.doDispatch(DispatcherServlet.java:1089) ~[spring-webmvc-6.1.4.jar:6.1.4]
	at org.springframework.web.servlet.DispatcherServlet.doService(DispatcherServlet.java:979) ~[spring-webmvc-6.1.4.jar:6.1.4]
	at org.springframework.web.servlet.FrameworkServlet.processRequest(FrameworkServlet.java:1014) ~[spring-webmvc-6.1.4.jar:6.1.4]
	at org.springframework.web.servlet.FrameworkServlet.doGet(FrameworkServlet.java:903) ~[spring-webmvc-6.1.4.jar:6.1.4]
	at jakarta.servlet.http.HttpServlet.service(HttpServlet.java:564) ~[tomcat-embed-core-10.1.19.jar:6.0]
	at org.springframework.web.servlet.FrameworkServlet.service(FrameworkServlet.java:885) ~[spring-webmvc-6.1.4.jar:6.1.4]
	at jakarta.servlet.http.HttpServlet.service(HttpServlet.java:658) ~[tomcat-embed-core-10.1.19.jar:6.0]
	at org.apache.catalina.core.ApplicationFilterChain.internalDoFilter(ApplicationFilterChain.java:205) ~[tomcat-embed-core-10.1.19.jar:10.1.19]
	at org.apache.catalina.core.ApplicationFilterChain.doFilter(ApplicationFilterChain.java:149) ~[tomcat-embed-core-10.1.19.jar:10.1.19]
	at org.apache.tomcat.websocket.server.WsFilter.doFilter(WsFilter.java:51) ~[tomcat-embed-websocket-10.1.19.jar:10.1.19]
	at org.apache.catalina.core.ApplicationFilterChain.internalDoFilter(ApplicationFilterChain.java:174) ~[tomcat-embed-core-10.1.19.jar:10.1.19]
	at org.apache.catalina.core.ApplicationFilterChain.doFilter(ApplicationFilterChain.java:149) ~[tomcat-embed-core-10.1.19.jar:10.1.19]
	at org.springframework.web.filter.OncePerRequestFilter.doFilter(OncePerRequestFilter.java:110) ~[spring-web-6.1.4.jar:6.1.4]
	at org.apache.catalina.core.ApplicationFilterChain.internalDoFilter(ApplicationFilterChain.java:174) ~[tomcat-embed-core-10.1.19.jar:10.1.19]
	at org.apache.catalina.core.ApplicationFilterChain.doFilter(ApplicationFilterChain.java:149) ~[tomcat-embed-core-10.1.19.jar:10.1.19]
	at org.springframework.web.filter.CompositeFilter$VirtualFilterChain.doFilter(CompositeFilter.java:108) ~[spring-web-6.1.4.jar:6.1.4]
	at org.springframework.security.web.FilterChainProxy.lambda$doFilterInternal$3(FilterChainProxy.java:231) ~[spring-security-web-6.2.2.jar:6.2.2]
	at org.springframework.security.web.ObservationFilterChainDecorator$FilterObservation$SimpleFilterObservation.lambda$wrap$1(ObservationFilterChainDecorator.java:479) ~[spring-security-web-6.2.2.jar:6.2.2]
	at org.springframework.security.web.ObservationFilterChainDecorator$AroundFilterObservation$SimpleAroundFilterObservation.lambda$wrap$1(ObservationFilterChainDecorator.java:340) ~[spring-security-web-6.2.2.jar:6.2.2]
	at org.springframework.security.web.ObservationFilterChainDecorator.lambda$wrapSecured$0(ObservationFilterChainDecorator.java:82) ~[spring-security-web-6.2.2.jar:6.2.2]
	at org.springframework.security.web.ObservationFilterChainDecorator$VirtualFilterChain.doFilter(ObservationFilterChainDecorator.java:128) ~[spring-security-web-6.2.2.jar:6.2.2]
	at org.springframework.security.web.access.intercept.AuthorizationFilter.doFilter(AuthorizationFilter.java:100) ~[spring-security-web-6.2.2.jar:6.2.2]
	at org.springframework.security.web.ObservationFilterChainDecorator$ObservationFilter.wrapFilter(ObservationFilterChainDecorator.java:240) ~[spring-security-web-6.2.2.jar:6.2.2]
	at org.springframework.security.web.ObservationFilterChainDecorator$ObservationFilter.doFilter(ObservationFilterChainDecorator.java:227) ~[spring-security-web-6.2.2.jar:6.2.2]
	at org.springframework.security.web.ObservationFilterChainDecorator$VirtualFilterChain.doFilter(ObservationFilterChainDecorator.java:137) ~[spring-security-web-6.2.2.jar:6.2.2]
	at org.springframework.security.web.access.ExceptionTranslationFilter.doFilter(ExceptionTranslationFilter.java:126) ~[spring-security-web-6.2.2.jar:6.2.2]
	at org.springframework.security.web.access.ExceptionTranslationFilter.doFilter(ExceptionTranslationFilter.java:120) ~[spring-security-web-6.2.2.jar:6.2.2]
	at org.springframework.security.web.ObservationFilterChainDecorator$ObservationFilter.wrapFilter(ObservationFilterChainDecorator.java:240) ~[spring-security-web-6.2.2.jar:6.2.2]
	at org.springframework.security.web.ObservationFilterChainDecorator$ObservationFilter.doFilter(ObservationFilterChainDecorator.java:227) ~[spring-security-web-6.2.2.jar:6.2.2]
	at org.springframework.security.web.ObservationFilterChainDecorator$VirtualFilterChain.doFilter(ObservationFilterChainDecorator.java:137) ~[spring-security-web-6.2.2.jar:6.2.2]
	at org.springframework.security.web.session.SessionManagementFilter.doFilter(SessionManagementFilter.java:131) ~[spring-security-web-6.2.2.jar:6.2.2]
	at org.springframework.security.web.session.SessionManagementFilter.doFilter(SessionManagementFilter.java:85) ~[spring-security-web-6.2.2.jar:6.2.2]
	at org.springframework.security.web.ObservationFilterChainDecorator$ObservationFilter.wrapFilter(ObservationFilterChainDecorator.java:240) ~[spring-security-web-6.2.2.jar:6.2.2]
	at org.springframework.security.web.ObservationFilterChainDecorator$ObservationFilter.doFilter(ObservationFilterChainDecorator.java:227) ~[spring-security-web-6.2.2.jar:6.2.2]
	at org.springframework.security.web.ObservationFilterChainDecorator$VirtualFilterChain.doFilter(ObservationFilterChainDecorator.java:137) ~[spring-security-web-6.2.2.jar:6.2.2]
	at org.springframework.security.web.authentication.AnonymousAuthenticationFilter.doFilter(AnonymousAuthenticationFilter.java:100) ~[spring-security-web-6.2.2.jar:6.2.2]
	at org.springframework.security.web.ObservationFilterChainDecorator$ObservationFilter.wrapFilter(ObservationFilterChainDecorator.java:240) ~[spring-security-web-6.2.2.jar:6.2.2]
	at org.springframework.security.web.ObservationFilterChainDecorator$ObservationFilter.doFilter(ObservationFilterChainDecorator.java:227) ~[spring-security-web-6.2.2.jar:6.2.2]
	at org.springframework.security.web.ObservationFilterChainDecorator$VirtualFilterChain.doFilter(ObservationFilterChainDecorator.java:137) ~[spring-security-web-6.2.2.jar:6.2.2]
	at org.springframework.security.web.servletapi.SecurityContextHolderAwareRequestFilter.doFilter(SecurityContextHolderAwareRequestFilter.java:179) ~[spring-security-web-6.2.2.jar:6.2.2]
	at org.springframework.security.web.ObservationFilterChainDecorator$ObservationFilter.wrapFilter(ObservationFilterChainDecorator.java:240) ~[spring-security-web-6.2.2.jar:6.2.2]
	at org.springframework.security.web.ObservationFilterChainDecorator$ObservationFilter.doFilter(ObservationFilterChainDecorator.java:227) ~[spring-security-web-6.2.2.jar:6.2.2]
	at org.springframework.security.web.ObservationFilterChainDecorator$VirtualFilterChain.doFilter(ObservationFilterChainDecorator.java:137) ~[spring-security-web-6.2.2.jar:6.2.2]
	at org.springframework.security.web.savedrequest.RequestCacheAwareFilter.doFilter(RequestCacheAwareFilter.java:63) ~[spring-security-web-6.2.2.jar:6.2.2]
	at org.springframework.security.web.ObservationFilterChainDecorator$ObservationFilter.wrapFilter(ObservationFilterChainDecorator.java:240) ~[spring-security-web-6.2.2.jar:6.2.2]
	at org.springframework.security.web.ObservationFilterChainDecorator$ObservationFilter.doFilter(ObservationFilterChainDecorator.java:227) ~[spring-security-web-6.2.2.jar:6.2.2]
	at org.springframework.security.web.ObservationFilterChainDecorator$VirtualFilterChain.doFilter(ObservationFilterChainDecorator.java:137) ~[spring-security-web-6.2.2.jar:6.2.2]
	at com.ecommerce.product_service.security.JwtAuthenticationFilter.doFilterInternal(JwtAuthenticationFilter.java:67) ~[classes/:na]
	at org.springframework.web.filter.OncePerRequestFilter.doFilter(OncePerRequestFilter.java:116) ~[spring-web-6.1.4.jar:6.1.4]
	at org.springframework.security.web.ObservationFilterChainDecorator$ObservationFilter.wrapFilter(ObservationFilterChainDecorator.java:240) ~[spring-security-web-6.2.2.jar:6.2.2]
	at org.springframework.security.web.ObservationFilterChainDecorator$ObservationFilter.doFilter(ObservationFilterChainDecorator.java:227) ~[spring-security-web-6.2.2.jar:6.2.2]
	at org.springframework.security.web.ObservationFilterChainDecorator$VirtualFilterChain.doFilter(ObservationFilterChainDecorator.java:137) ~[spring-security-web-6.2.2.jar:6.2.2]
	at org.springframework.security.web.authentication.logout.LogoutFilter.doFilter(LogoutFilter.java:107) ~[spring-security-web-6.2.2.jar:6.2.2]
	at org.springframework.security.web.authentication.logout.LogoutFilter.doFilter(LogoutFilter.java:93) ~[spring-security-web-6.2.2.jar:6.2.2]
	at org.springframework.security.web.ObservationFilterChainDecorator$ObservationFilter.wrapFilter(ObservationFilterChainDecorator.java:240) ~[spring-security-web-6.2.2.jar:6.2.2]
	at org.springframework.security.web.ObservationFilterChainDecorator$ObservationFilter.doFilter(ObservationFilterChainDecorator.java:227) ~[spring-security-web-6.2.2.jar:6.2.2]
	at org.springframework.security.web.ObservationFilterChainDecorator$VirtualFilterChain.doFilter(ObservationFilterChainDecorator.java:137) ~[spring-security-web-6.2.2.jar:6.2.2]
	at org.springframework.web.filter.CorsFilter.doFilterInternal(CorsFilter.java:91) ~[spring-web-6.1.4.jar:6.1.4]
	at org.springframework.web.filter.OncePerRequestFilter.doFilter(OncePerRequestFilter.java:116) ~[spring-web-6.1.4.jar:6.1.4]
	at org.springframework.security.web.ObservationFilterChainDecorator$ObservationFilter.wrapFilter(ObservationFilterChainDecorator.java:240) ~[spring-security-web-6.2.2.jar:6.2.2]
	at org.springframework.security.web.ObservationFilterChainDecorator$ObservationFilter.doFilter(ObservationFilterChainDecorator.java:227) ~[spring-security-web-6.2.2.jar:6.2.2]
	at org.springframework.security.web.ObservationFilterChainDecorator$VirtualFilterChain.doFilter(ObservationFilterChainDecorator.java:137) ~[spring-security-web-6.2.2.jar:6.2.2]
	at org.springframework.security.web.header.HeaderWriterFilter.doHeadersAfter(HeaderWriterFilter.java:90) ~[spring-security-web-6.2.2.jar:6.2.2]
	at org.springframework.security.web.header.HeaderWriterFilter.doFilterInternal(HeaderWriterFilter.java:75) ~[spring-security-web-6.2.2.jar:6.2.2]
	at org.springframework.web.filter.OncePerRequestFilter.doFilter(OncePerRequestFilter.java:116) ~[spring-web-6.1.4.jar:6.1.4]
	at org.springframework.security.web.ObservationFilterChainDecorator$ObservationFilter.wrapFilter(ObservationFilterChainDecorator.java:240) ~[spring-security-web-6.2.2.jar:6.2.2]
	at org.springframework.security.web.ObservationFilterChainDecorator$ObservationFilter.doFilter(ObservationFilterChainDecorator.java:227) ~[spring-security-web-6.2.2.jar:6.2.2]
	at org.springframework.security.web.ObservationFilterChainDecorator$VirtualFilterChain.doFilter(ObservationFilterChainDecorator.java:137) ~[spring-security-web-6.2.2.jar:6.2.2]
	at org.springframework.security.web.context.SecurityContextHolderFilter.doFilter(SecurityContextHolderFilter.java:82) ~[spring-security-web-6.2.2.jar:6.2.2]
	at org.springframework.security.web.context.SecurityContextHolderFilter.doFilter(SecurityContextHolderFilter.java:69) ~[spring-security-web-6.2.2.jar:6.2.2]
	at org.springframework.security.web.ObservationFilterChainDecorator$ObservationFilter.wrapFilter(ObservationFilterChainDecorator.java:240) ~[spring-security-web-6.2.2.jar:6.2.2]
	at org.springframework.security.web.ObservationFilterChainDecorator$ObservationFilter.doFilter(ObservationFilterChainDecorator.java:227) ~[spring-security-web-6.2.2.jar:6.2.2]
	at org.springframework.security.web.ObservationFilterChainDecorator$VirtualFilterChain.doFilter(ObservationFilterChainDecorator.java:137) ~[spring-security-web-6.2.2.jar:6.2.2]
	at org.springframework.security.web.context.request.async.WebAsyncManagerIntegrationFilter.doFilterInternal(WebAsyncManagerIntegrationFilter.java:62) ~[spring-security-web-6.2.2.jar:6.2.2]
	at org.springframework.web.filter.OncePerRequestFilter.doFilter(OncePerRequestFilter.java:116) ~[spring-web-6.1.4.jar:6.1.4]
	at org.springframework.security.web.ObservationFilterChainDecorator$ObservationFilter.wrapFilter(ObservationFilterChainDecorator.java:240) ~[spring-security-web-6.2.2.jar:6.2.2]
	at org.springframework.security.web.ObservationFilterChainDecorator$ObservationFilter.doFilter(ObservationFilterChainDecorator.java:227) ~[spring-security-web-6.2.2.jar:6.2.2]
	at org.springframework.security.web.ObservationFilterChainDecorator$VirtualFilterChain.doFilter(ObservationFilterChainDecorator.java:137) ~[spring-security-web-6.2.2.jar:6.2.2]
	at org.springframework.security.web.session.DisableEncodeUrlFilter.doFilterInternal(DisableEncodeUrlFilter.java:42) ~[spring-security-web-6.2.2.jar:6.2.2]
	at org.springframework.web.filter.OncePerRequestFilter.doFilter(OncePerRequestFilter.java:116) ~[spring-web-6.1.4.jar:6.1.4]
	at org.springframework.security.web.ObservationFilterChainDecorator$ObservationFilter.wrapFilter(ObservationFilterChainDecorator.java:240) ~[spring-security-web-6.2.2.jar:6.2.2]
	at org.springframework.security.web.ObservationFilterChainDecorator$AroundFilterObservation$SimpleAroundFilterObservation.lambda$wrap$0(ObservationFilterChainDecorator.java:323) ~[spring-security-web-6.2.2.jar:6.2.2]
	at org.springframework.security.web.ObservationFilterChainDecorator$ObservationFilter.doFilter(ObservationFilterChainDecorator.java:224) ~[spring-security-web-6.2.2.jar:6.2.2]
	at org.springframework.security.web.ObservationFilterChainDecorator$VirtualFilterChain.doFilter(ObservationFilterChainDecorator.java:137) ~[spring-security-web-6.2.2.jar:6.2.2]
	at org.springframework.security.web.FilterChainProxy.doFilterInternal(FilterChainProxy.java:233) ~[spring-security-web-6.2.2.jar:6.2.2]
	at org.springframework.security.web.FilterChainProxy.doFilter(FilterChainProxy.java:191) ~[spring-security-web-6.2.2.jar:6.2.2]
	at org.springframework.web.filter.CompositeFilter$VirtualFilterChain.doFilter(CompositeFilter.java:113) ~[spring-web-6.1.4.jar:6.1.4]
	at org.springframework.web.servlet.handler.HandlerMappingIntrospector.lambda$createCacheFilter$3(HandlerMappingIntrospector.java:195) ~[spring-webmvc-6.1.4.jar:6.1.4]
	at org.springframework.web.filter.CompositeFilter$VirtualFilterChain.doFilter(CompositeFilter.java:113) ~[spring-web-6.1.4.jar:6.1.4]
	at org.springframework.web.filter.CompositeFilter.doFilter(CompositeFilter.java:74) ~[spring-web-6.1.4.jar:6.1.4]
	at org.springframework.security.config.annotation.web.configuration.WebMvcSecurityConfiguration$CompositeFilterChainProxy.doFilter(WebMvcSecurityConfiguration.java:230) ~[spring-security-config-6.2.2.jar:6.2.2]
	at org.springframework.web.filter.DelegatingFilterProxy.invokeDelegate(DelegatingFilterProxy.java:352) ~[spring-web-6.1.4.jar:6.1.4]
	at org.springframework.web.filter.DelegatingFilterProxy.doFilter(DelegatingFilterProxy.java:268) ~[spring-web-6.1.4.jar:6.1.4]
	at org.apache.catalina.core.ApplicationFilterChain.internalDoFilter(ApplicationFilterChain.java:174) ~[tomcat-embed-core-10.1.19.jar:10.1.19]
	at org.apache.catalina.core.ApplicationFilterChain.doFilter(ApplicationFilterChain.java:149) ~[tomcat-embed-core-10.1.19.jar:10.1.19]
	at org.springframework.web.filter.RequestContextFilter.doFilterInternal(RequestContextFilter.java:100) ~[spring-web-6.1.4.jar:6.1.4]
	at org.springframework.web.filter.OncePerRequestFilter.doFilter(OncePerRequestFilter.java:116) ~[spring-web-6.1.4.jar:6.1.4]
	at org.apache.catalina.core.ApplicationFilterChain.internalDoFilter(ApplicationFilterChain.java:174) ~[tomcat-embed-core-10.1.19.jar:10.1.19]
	at org.apache.catalina.core.ApplicationFilterChain.doFilter(ApplicationFilterChain.java:149) ~[tomcat-embed-core-10.1.19.jar:10.1.19]
	at org.springframework.web.filter.FormContentFilter.doFilterInternal(FormContentFilter.java:93) ~[spring-web-6.1.4.jar:6.1.4]
	at org.springframework.web.filter.OncePerRequestFilter.doFilter(OncePerRequestFilter.java:116) ~[spring-web-6.1.4.jar:6.1.4]
	at org.apache.catalina.core.ApplicationFilterChain.internalDoFilter(ApplicationFilterChain.java:174) ~[tomcat-embed-core-10.1.19.jar:10.1.19]
	at org.apache.catalina.core.ApplicationFilterChain.doFilter(ApplicationFilterChain.java:149) ~[tomcat-embed-core-10.1.19.jar:10.1.19]
	at org.springframework.web.filter.ServerHttpObservationFilter.doFilterInternal(ServerHttpObservationFilter.java:109) ~[spring-web-6.1.4.jar:6.1.4]
	at org.springframework.web.filter.OncePerRequestFilter.doFilter(OncePerRequestFilter.java:116) ~[spring-web-6.1.4.jar:6.1.4]
	at org.apache.catalina.core.ApplicationFilterChain.internalDoFilter(ApplicationFilterChain.java:174) ~[tomcat-embed-core-10.1.19.jar:10.1.19]
	at org.apache.catalina.core.ApplicationFilterChain.doFilter(ApplicationFilterChain.java:149) ~[tomcat-embed-core-10.1.19.jar:10.1.19]
	at org.springframework.web.filter.CharacterEncodingFilter.doFilterInternal(CharacterEncodingFilter.java:201) ~[spring-web-6.1.4.jar:6.1.4]
	at org.springframework.web.filter.OncePerRequestFilter.doFilter(OncePerRequestFilter.java:116) ~[spring-web-6.1.4.jar:6.1.4]
	at org.apache.catalina.core.ApplicationFilterChain.internalDoFilter(ApplicationFilterChain.java:174) ~[tomcat-embed-core-10.1.19.jar:10.1.19]
	at org.apache.catalina.core.ApplicationFilterChain.doFilter(ApplicationFilterChain.java:149) ~[tomcat-embed-core-10.1.19.jar:10.1.19]
	at org.apache.catalina.core.StandardWrapperValve.invoke(StandardWrapperValve.java:167) ~[tomcat-embed-core-10.1.19.jar:10.1.19]
	at org.apache.catalina.core.StandardContextValve.invoke(StandardContextValve.java:90) ~[tomcat-embed-core-10.1.19.jar:10.1.19]
	at org.apache.catalina.authenticator.AuthenticatorBase.invoke(AuthenticatorBase.java:482) ~[tomcat-embed-core-10.1.19.jar:10.1.19]
	at org.apache.catalina.core.StandardHostValve.invoke(StandardHostValve.java:115) ~[tomcat-embed-core-10.1.19.jar:10.1.19]
	at org.apache.catalina.valves.ErrorReportValve.invoke(ErrorReportValve.java:93) ~[tomcat-embed-core-10.1.19.jar:10.1.19]
	at org.apache.catalina.core.StandardEngineValve.invoke(StandardEngineValve.java:74) ~[tomcat-embed-core-10.1.19.jar:10.1.19]
	at org.apache.catalina.connector.CoyoteAdapter.service(CoyoteAdapter.java:344) ~[tomcat-embed-core-10.1.19.jar:10.1.19]
	at org.apache.coyote.http11.Http11Processor.service(Http11Processor.java:391) ~[tomcat-embed-core-10.1.19.jar:10.1.19]
	at org.apache.coyote.AbstractProcessorLight.process(AbstractProcessorLight.java:63) ~[tomcat-embed-core-10.1.19.jar:10.1.19]
	at org.apache.coyote.AbstractProtocol$ConnectionHandler.process(AbstractProtocol.java:896) ~[tomcat-embed-core-10.1.19.jar:10.1.19]
	at org.apache.tomcat.util.net.NioEndpoint$SocketProcessor.doRun(NioEndpoint.java:1744) ~[tomcat-embed-core-10.1.19.jar:10.1.19]
	at org.apache.tomcat.util.net.SocketProcessorBase.run(SocketProcessorBase.java:52) ~[tomcat-embed-core-10.1.19.jar:10.1.19]
	at org.apache.tomcat.util.threads.ThreadPoolExecutor.runWorker(ThreadPoolExecutor.java:1191) ~[tomcat-embed-core-10.1.19.jar:10.1.19]
	at org.apache.tomcat.util.threads.ThreadPoolExecutor$Worker.run(ThreadPoolExecutor.java:659) ~[tomcat-embed-core-10.1.19.jar:10.1.19]
	at org.apache.tomcat.util.threads.TaskThread$WrappingRunnable.run(TaskThread.java:63) ~[tomcat-embed-core-10.1.19.jar:10.1.19]
	at java.base/java.lang.Thread.run(Thread.java:1583) ~[na:na]
Caused by: org.hibernate.exception.JDBCConnectionException: Unable to acquire JDBC Connection [ProductServicePool - Connection is not available, request timed out after 30130ms.] [n/a]
	at org.hibernate.exception.internal.SQLExceptionTypeDelegate.convert(SQLExceptionTypeDelegate.java:51) ~[hibernate-core-6.4.4.Final.jar:6.4.4.Final]
	at org.hibernate.exception.internal.StandardSQLExceptionConverter.convert(StandardSQLExceptionConverter.java:58) ~[hibernate-core-6.4.4.Final.jar:6.4.4.Final]
	at org.hibernate.engine.jdbc.spi.SqlExceptionHelper.convert(SqlExceptionHelper.java:108) ~[hibernate-core-6.4.4.Final.jar:6.4.4.Final]
	at org.hibernate.engine.jdbc.spi.SqlExceptionHelper.convert(SqlExceptionHelper.java:94) ~[hibernate-core-6.4.4.Final.jar:6.4.4.Final]
	at org.hibernate.resource.jdbc.internal.LogicalConnectionManagedImpl.acquireConnectionIfNeeded(LogicalConnectionManagedImpl.java:116) ~[hibernate-core-6.4.4.Final.jar:6.4.4.Final]
	at org.hibernate.resource.jdbc.internal.LogicalConnectionManagedImpl.getPhysicalConnection(LogicalConnectionManagedImpl.java:143) ~[hibernate-core-6.4.4.Final.jar:6.4.4.Final]
	at org.springframework.orm.jpa.vendor.HibernateJpaDialect.beginTransaction(HibernateJpaDialect.java:164) ~[spring-orm-6.1.4.jar:6.1.4]
	at org.springframework.orm.jpa.JpaTransactionManager.doBegin(JpaTransactionManager.java:420) ~[spring-orm-6.1.4.jar:6.1.4]
	... 145 common frames omitted
Caused by: java.sql.SQLTransientConnectionException: ProductServicePool - Connection is not available, request timed out after 30130ms.
	at com.zaxxer.hikari.pool.HikariPool.createTimeoutException(HikariPool.java:696) ~[HikariCP-5.0.1.jar:na]
	at com.zaxxer.hikari.pool.HikariPool.getConnection(HikariPool.java:181) ~[HikariCP-5.0.1.jar:na]
	at com.zaxxer.hikari.pool.HikariPool.getConnection(HikariPool.java:146) ~[HikariCP-5.0.1.jar:na]
	at com.zaxxer.hikari.HikariDataSource.getConnection(HikariDataSource.java:128) ~[HikariCP-5.0.1.jar:na]
	at org.hibernate.engine.jdbc.connections.internal.DatasourceConnectionProviderImpl.getConnection(DatasourceConnectionProviderImpl.java:122) ~[hibernate-core-6.4.4.Final.jar:6.4.4.Final]
	at org.hibernate.internal.NonContextualJdbcConnectionAccess.obtainConnection(NonContextualJdbcConnectionAccess.java:46) ~[hibernate-core-6.4.4.Final.jar:6.4.4.Final]
	at org.hibernate.resource.jdbc.internal.LogicalConnectionManagedImpl.acquireConnectionIfNeeded(LogicalConnectionManagedImpl.java:113) ~[hibernate-core-6.4.4.Final.jar:6.4.4.Final]
	... 148 common frames omitted

2026-03-25T16:37:30.484+05:30 ERROR 17692 --- [product-service] [http-nio-8082-exec-9] c.e.p.exception.GlobalExceptionHandler   : Unexpected error [/api/v1/products]: Could not open JPA EntityManager for transaction

org.springframework.transaction.CannotCreateTransactionException: Could not open JPA EntityManager for transaction
	at org.springframework.orm.jpa.JpaTransactionManager.doBegin(JpaTransactionManager.java:466) ~[spring-orm-6.1.4.jar:6.1.4]
	at org.springframework.transaction.support.AbstractPlatformTransactionManager.startTransaction(AbstractPlatformTransactionManager.java:531) ~[spring-tx-6.1.4.jar:6.1.4]
	at org.springframework.transaction.support.AbstractPlatformTransactionManager.getTransaction(AbstractPlatformTransactionManager.java:405) ~[spring-tx-6.1.4.jar:6.1.4]
	at org.springframework.transaction.interceptor.TransactionAspectSupport.createTransactionIfNecessary(TransactionAspectSupport.java:610) ~[spring-tx-6.1.4.jar:6.1.4]
	at org.springframework.transaction.interceptor.TransactionAspectSupport.invokeWithinTransaction(TransactionAspectSupport.java:379) ~[spring-tx-6.1.4.jar:6.1.4]
	at org.springframework.transaction.interceptor.TransactionInterceptor.invoke(TransactionInterceptor.java:119) ~[spring-tx-6.1.4.jar:6.1.4]
	at org.springframework.aop.framework.ReflectiveMethodInvocation.proceed(ReflectiveMethodInvocation.java:184) ~[spring-aop-6.1.4.jar:6.1.4]
	at org.springframework.aop.framework.CglibAopProxy$CglibMethodInvocation.proceed(CglibAopProxy.java:765) ~[spring-aop-6.1.4.jar:6.1.4]
	at org.springframework.aop.framework.CglibAopProxy$DynamicAdvisedInterceptor.intercept(CglibAopProxy.java:717) ~[spring-aop-6.1.4.jar:6.1.4]
	at com.ecommerce.product_service.service.ProductServiceImpl$$SpringCGLIB$$0.getAllProducts(<generated>) ~[classes/:na]
	at com.ecommerce.product_service.controller.ProductControllerImpl.getAllProducts(ProductControllerImpl.java:50) ~[classes/:na]
	at java.base/jdk.internal.reflect.DirectMethodHandleAccessor.invoke(DirectMethodHandleAccessor.java:103) ~[na:na]
	at java.base/java.lang.reflect.Method.invoke(Method.java:580) ~[na:na]
	at org.springframework.web.method.support.InvocableHandlerMethod.doInvoke(InvocableHandlerMethod.java:259) ~[spring-web-6.1.4.jar:6.1.4]
	at org.springframework.web.method.support.InvocableHandlerMethod.invokeForRequest(InvocableHandlerMethod.java:192) ~[spring-web-6.1.4.jar:6.1.4]
	at org.springframework.web.servlet.mvc.method.annotation.ServletInvocableHandlerMethod.invokeAndHandle(ServletInvocableHandlerMethod.java:118) ~[spring-webmvc-6.1.4.jar:6.1.4]
	at org.springframework.web.servlet.mvc.method.annotation.RequestMappingHandlerAdapter.invokeHandlerMethod(RequestMappingHandlerAdapter.java:920) ~[spring-webmvc-6.1.4.jar:6.1.4]
	at org.springframework.web.servlet.mvc.method.annotation.RequestMappingHandlerAdapter.handleInternal(RequestMappingHandlerAdapter.java:830) ~[spring-webmvc-6.1.4.jar:6.1.4]
	at org.springframework.web.servlet.mvc.method.AbstractHandlerMethodAdapter.handle(AbstractHandlerMethodAdapter.java:87) ~[spring-webmvc-6.1.4.jar:6.1.4]
	at org.springframework.web.servlet.DispatcherServlet.doDispatch(DispatcherServlet.java:1089) ~[spring-webmvc-6.1.4.jar:6.1.4]
	at org.springframework.web.servlet.DispatcherServlet.doService(DispatcherServlet.java:979) ~[spring-webmvc-6.1.4.jar:6.1.4]
	at org.springframework.web.servlet.FrameworkServlet.processRequest(FrameworkServlet.java:1014) ~[spring-webmvc-6.1.4.jar:6.1.4]
	at org.springframework.web.servlet.FrameworkServlet.doGet(FrameworkServlet.java:903) ~[spring-webmvc-6.1.4.jar:6.1.4]
	at jakarta.servlet.http.HttpServlet.service(HttpServlet.java:564) ~[tomcat-embed-core-10.1.19.jar:6.0]
	at org.springframework.web.servlet.FrameworkServlet.service(FrameworkServlet.java:885) ~[spring-webmvc-6.1.4.jar:6.1.4]
	at jakarta.servlet.http.HttpServlet.service(HttpServlet.java:658) ~[tomcat-embed-core-10.1.19.jar:6.0]
	at org.apache.catalina.core.ApplicationFilterChain.internalDoFilter(ApplicationFilterChain.java:205) ~[tomcat-embed-core-10.1.19.jar:10.1.19]
	at org.apache.catalina.core.ApplicationFilterChain.doFilter(ApplicationFilterChain.java:149) ~[tomcat-embed-core-10.1.19.jar:10.1.19]
	at org.apache.tomcat.websocket.server.WsFilter.doFilter(WsFilter.java:51) ~[tomcat-embed-websocket-10.1.19.jar:10.1.19]
	at org.apache.catalina.core.ApplicationFilterChain.internalDoFilter(ApplicationFilterChain.java:174) ~[tomcat-embed-core-10.1.19.jar:10.1.19]
	at org.apache.catalina.core.ApplicationFilterChain.doFilter(ApplicationFilterChain.java:149) ~[tomcat-embed-core-10.1.19.jar:10.1.19]
	at org.springframework.web.filter.OncePerRequestFilter.doFilter(OncePerRequestFilter.java:110) ~[spring-web-6.1.4.jar:6.1.4]
	at org.apache.catalina.core.ApplicationFilterChain.internalDoFilter(ApplicationFilterChain.java:174) ~[tomcat-embed-core-10.1.19.jar:10.1.19]
	at org.apache.catalina.core.ApplicationFilterChain.doFilter(ApplicationFilterChain.java:149) ~[tomcat-embed-core-10.1.19.jar:10.1.19]
	at org.springframework.web.filter.CompositeFilter$VirtualFilterChain.doFilter(CompositeFilter.java:108) ~[spring-web-6.1.4.jar:6.1.4]
	at org.springframework.security.web.FilterChainProxy.lambda$doFilterInternal$3(FilterChainProxy.java:231) ~[spring-security-web-6.2.2.jar:6.2.2]
	at org.springframework.security.web.ObservationFilterChainDecorator$FilterObservation$SimpleFilterObservation.lambda$wrap$1(ObservationFilterChainDecorator.java:479) ~[spring-security-web-6.2.2.jar:6.2.2]
	at org.springframework.security.web.ObservationFilterChainDecorator$AroundFilterObservation$SimpleAroundFilterObservation.lambda$wrap$1(ObservationFilterChainDecorator.java:340) ~[spring-security-web-6.2.2.jar:6.2.2]
	at org.springframework.security.web.ObservationFilterChainDecorator.lambda$wrapSecured$0(ObservationFilterChainDecorator.java:82) ~[spring-security-web-6.2.2.jar:6.2.2]
	at org.springframework.security.web.ObservationFilterChainDecorator$VirtualFilterChain.doFilter(ObservationFilterChainDecorator.java:128) ~[spring-security-web-6.2.2.jar:6.2.2]
	at org.springframework.security.web.access.intercept.AuthorizationFilter.doFilter(AuthorizationFilter.java:100) ~[spring-security-web-6.2.2.jar:6.2.2]
	at org.springframework.security.web.ObservationFilterChainDecorator$ObservationFilter.wrapFilter(ObservationFilterChainDecorator.java:240) ~[spring-security-web-6.2.2.jar:6.2.2]
	at org.springframework.security.web.ObservationFilterChainDecorator$ObservationFilter.doFilter(ObservationFilterChainDecorator.java:227) ~[spring-security-web-6.2.2.jar:6.2.2]
	at org.springframework.security.web.ObservationFilterChainDecorator$VirtualFilterChain.doFilter(ObservationFilterChainDecorator.java:137) ~[spring-security-web-6.2.2.jar:6.2.2]
	at org.springframework.security.web.access.ExceptionTranslationFilter.doFilter(ExceptionTranslationFilter.java:126) ~[spring-security-web-6.2.2.jar:6.2.2]
	at org.springframework.security.web.access.ExceptionTranslationFilter.doFilter(ExceptionTranslationFilter.java:120) ~[spring-security-web-6.2.2.jar:6.2.2]
	at org.springframework.security.web.ObservationFilterChainDecorator$ObservationFilter.wrapFilter(ObservationFilterChainDecorator.java:240) ~[spring-security-web-6.2.2.jar:6.2.2]
	at org.springframework.security.web.ObservationFilterChainDecorator$ObservationFilter.doFilter(ObservationFilterChainDecorator.java:227) ~[spring-security-web-6.2.2.jar:6.2.2]
	at org.springframework.security.web.ObservationFilterChainDecorator$VirtualFilterChain.doFilter(ObservationFilterChainDecorator.java:137) ~[spring-security-web-6.2.2.jar:6.2.2]
	at org.springframework.security.web.session.SessionManagementFilter.doFilter(SessionManagementFilter.java:131) ~[spring-security-web-6.2.2.jar:6.2.2]
	at org.springframework.security.web.session.SessionManagementFilter.doFilter(SessionManagementFilter.java:85) ~[spring-security-web-6.2.2.jar:6.2.2]
	at org.springframework.security.web.ObservationFilterChainDecorator$ObservationFilter.wrapFilter(ObservationFilterChainDecorator.java:240) ~[spring-security-web-6.2.2.jar:6.2.2]
	at org.springframework.security.web.ObservationFilterChainDecorator$ObservationFilter.doFilter(ObservationFilterChainDecorator.java:227) ~[spring-security-web-6.2.2.jar:6.2.2]
	at org.springframework.security.web.ObservationFilterChainDecorator$VirtualFilterChain.doFilter(ObservationFilterChainDecorator.java:137) ~[spring-security-web-6.2.2.jar:6.2.2]
	at org.springframework.security.web.authentication.AnonymousAuthenticationFilter.doFilter(AnonymousAuthenticationFilter.java:100) ~[spring-security-web-6.2.2.jar:6.2.2]
	at org.springframework.security.web.ObservationFilterChainDecorator$ObservationFilter.wrapFilter(ObservationFilterChainDecorator.java:240) ~[spring-security-web-6.2.2.jar:6.2.2]
	at org.springframework.security.web.ObservationFilterChainDecorator$ObservationFilter.doFilter(ObservationFilterChainDecorator.java:227) ~[spring-security-web-6.2.2.jar:6.2.2]
	at org.springframework.security.web.ObservationFilterChainDecorator$VirtualFilterChain.doFilter(ObservationFilterChainDecorator.java:137) ~[spring-security-web-6.2.2.jar:6.2.2]
	at org.springframework.security.web.servletapi.SecurityContextHolderAwareRequestFilter.doFilter(SecurityContextHolderAwareRequestFilter.java:179) ~[spring-security-web-6.2.2.jar:6.2.2]
	at org.springframework.security.web.ObservationFilterChainDecorator$ObservationFilter.wrapFilter(ObservationFilterChainDecorator.java:240) ~[spring-security-web-6.2.2.jar:6.2.2]
	at org.springframework.security.web.ObservationFilterChainDecorator$ObservationFilter.doFilter(ObservationFilterChainDecorator.java:227) ~[spring-security-web-6.2.2.jar:6.2.2]
	at org.springframework.security.web.ObservationFilterChainDecorator$VirtualFilterChain.doFilter(ObservationFilterChainDecorator.java:137) ~[spring-security-web-6.2.2.jar:6.2.2]
	at org.springframework.security.web.savedrequest.RequestCacheAwareFilter.doFilter(RequestCacheAwareFilter.java:63) ~[spring-security-web-6.2.2.jar:6.2.2]
	at org.springframework.security.web.ObservationFilterChainDecorator$ObservationFilter.wrapFilter(ObservationFilterChainDecorator.java:240) ~[spring-security-web-6.2.2.jar:6.2.2]
	at org.springframework.security.web.ObservationFilterChainDecorator$ObservationFilter.doFilter(ObservationFilterChainDecorator.java:227) ~[spring-security-web-6.2.2.jar:6.2.2]
	at org.springframework.security.web.ObservationFilterChainDecorator$VirtualFilterChain.doFilter(ObservationFilterChainDecorator.java:137) ~[spring-security-web-6.2.2.jar:6.2.2]
	at com.ecommerce.product_service.security.JwtAuthenticationFilter.doFilterInternal(JwtAuthenticationFilter.java:67) ~[classes/:na]
	at org.springframework.web.filter.OncePerRequestFilter.doFilter(OncePerRequestFilter.java:116) ~[spring-web-6.1.4.jar:6.1.4]
	at org.springframework.security.web.ObservationFilterChainDecorator$ObservationFilter.wrapFilter(ObservationFilterChainDecorator.java:240) ~[spring-security-web-6.2.2.jar:6.2.2]
	at org.springframework.security.web.ObservationFilterChainDecorator$ObservationFilter.doFilter(ObservationFilterChainDecorator.java:227) ~[spring-security-web-6.2.2.jar:6.2.2]
	at org.springframework.security.web.ObservationFilterChainDecorator$VirtualFilterChain.doFilter(ObservationFilterChainDecorator.java:137) ~[spring-security-web-6.2.2.jar:6.2.2]
	at org.springframework.security.web.authentication.logout.LogoutFilter.doFilter(LogoutFilter.java:107) ~[spring-security-web-6.2.2.jar:6.2.2]
	at org.springframework.security.web.authentication.logout.LogoutFilter.doFilter(LogoutFilter.java:93) ~[spring-security-web-6.2.2.jar:6.2.2]
	at org.springframework.security.web.ObservationFilterChainDecorator$ObservationFilter.wrapFilter(ObservationFilterChainDecorator.java:240) ~[spring-security-web-6.2.2.jar:6.2.2]
	at org.springframework.security.web.ObservationFilterChainDecorator$ObservationFilter.doFilter(ObservationFilterChainDecorator.java:227) ~[spring-security-web-6.2.2.jar:6.2.2]
	at org.springframework.security.web.ObservationFilterChainDecorator$VirtualFilterChain.doFilter(ObservationFilterChainDecorator.java:137) ~[spring-security-web-6.2.2.jar:6.2.2]
	at org.springframework.web.filter.CorsFilter.doFilterInternal(CorsFilter.java:91) ~[spring-web-6.1.4.jar:6.1.4]
	at org.springframework.web.filter.OncePerRequestFilter.doFilter(OncePerRequestFilter.java:116) ~[spring-web-6.1.4.jar:6.1.4]
	at org.springframework.security.web.ObservationFilterChainDecorator$ObservationFilter.wrapFilter(ObservationFilterChainDecorator.java:240) ~[spring-security-web-6.2.2.jar:6.2.2]
	at org.springframework.security.web.ObservationFilterChainDecorator$ObservationFilter.doFilter(ObservationFilterChainDecorator.java:227) ~[spring-security-web-6.2.2.jar:6.2.2]
	at org.springframework.security.web.ObservationFilterChainDecorator$VirtualFilterChain.doFilter(ObservationFilterChainDecorator.java:137) ~[spring-security-web-6.2.2.jar:6.2.2]
	at org.springframework.security.web.header.HeaderWriterFilter.doHeadersAfter(HeaderWriterFilter.java:90) ~[spring-security-web-6.2.2.jar:6.2.2]
	at org.springframework.security.web.header.HeaderWriterFilter.doFilterInternal(HeaderWriterFilter.java:75) ~[spring-security-web-6.2.2.jar:6.2.2]
	at org.springframework.web.filter.OncePerRequestFilter.doFilter(OncePerRequestFilter.java:116) ~[spring-web-6.1.4.jar:6.1.4]
	at org.springframework.security.web.ObservationFilterChainDecorator$ObservationFilter.wrapFilter(ObservationFilterChainDecorator.java:240) ~[spring-security-web-6.2.2.jar:6.2.2]
	at org.springframework.security.web.ObservationFilterChainDecorator$ObservationFilter.doFilter(ObservationFilterChainDecorator.java:227) ~[spring-security-web-6.2.2.jar:6.2.2]
	at org.springframework.security.web.ObservationFilterChainDecorator$VirtualFilterChain.doFilter(ObservationFilterChainDecorator.java:137) ~[spring-security-web-6.2.2.jar:6.2.2]
	at org.springframework.security.web.context.SecurityContextHolderFilter.doFilter(SecurityContextHolderFilter.java:82) ~[spring-security-web-6.2.2.jar:6.2.2]
	at org.springframework.security.web.context.SecurityContextHolderFilter.doFilter(SecurityContextHolderFilter.java:69) ~[spring-security-web-6.2.2.jar:6.2.2]
	at org.springframework.security.web.ObservationFilterChainDecorator$ObservationFilter.wrapFilter(ObservationFilterChainDecorator.java:240) ~[spring-security-web-6.2.2.jar:6.2.2]
	at org.springframework.security.web.ObservationFilterChainDecorator$ObservationFilter.doFilter(ObservationFilterChainDecorator.java:227) ~[spring-security-web-6.2.2.jar:6.2.2]
	at org.springframework.security.web.ObservationFilterChainDecorator$VirtualFilterChain.doFilter(ObservationFilterChainDecorator.java:137) ~[spring-security-web-6.2.2.jar:6.2.2]
	at org.springframework.security.web.context.request.async.WebAsyncManagerIntegrationFilter.doFilterInternal(WebAsyncManagerIntegrationFilter.java:62) ~[spring-security-web-6.2.2.jar:6.2.2]
	at org.springframework.web.filter.OncePerRequestFilter.doFilter(OncePerRequestFilter.java:116) ~[spring-web-6.1.4.jar:6.1.4]
	at org.springframework.security.web.ObservationFilterChainDecorator$ObservationFilter.wrapFilter(ObservationFilterChainDecorator.java:240) ~[spring-security-web-6.2.2.jar:6.2.2]
	at org.springframework.security.web.ObservationFilterChainDecorator$ObservationFilter.doFilter(ObservationFilterChainDecorator.java:227) ~[spring-security-web-6.2.2.jar:6.2.2]
	at org.springframework.security.web.ObservationFilterChainDecorator$VirtualFilterChain.doFilter(ObservationFilterChainDecorator.java:137) ~[spring-security-web-6.2.2.jar:6.2.2]
	at org.springframework.security.web.session.DisableEncodeUrlFilter.doFilterInternal(DisableEncodeUrlFilter.java:42) ~[spring-security-web-6.2.2.jar:6.2.2]
	at org.springframework.web.filter.OncePerRequestFilter.doFilter(OncePerRequestFilter.java:116) ~[spring-web-6.1.4.jar:6.1.4]
	at org.springframework.security.web.ObservationFilterChainDecorator$ObservationFilter.wrapFilter(ObservationFilterChainDecorator.java:240) ~[spring-security-web-6.2.2.jar:6.2.2]
	at org.springframework.security.web.ObservationFilterChainDecorator$AroundFilterObservation$SimpleAroundFilterObservation.lambda$wrap$0(ObservationFilterChainDecorator.java:323) ~[spring-security-web-6.2.2.jar:6.2.2]
	at org.springframework.security.web.ObservationFilterChainDecorator$ObservationFilter.doFilter(ObservationFilterChainDecorator.java:224) ~[spring-security-web-6.2.2.jar:6.2.2]
	at org.springframework.security.web.ObservationFilterChainDecorator$VirtualFilterChain.doFilter(ObservationFilterChainDecorator.java:137) ~[spring-security-web-6.2.2.jar:6.2.2]
	at org.springframework.security.web.FilterChainProxy.doFilterInternal(FilterChainProxy.java:233) ~[spring-security-web-6.2.2.jar:6.2.2]
	at org.springframework.security.web.FilterChainProxy.doFilter(FilterChainProxy.java:191) ~[spring-security-web-6.2.2.jar:6.2.2]
	at org.springframework.web.filter.CompositeFilter$VirtualFilterChain.doFilter(CompositeFilter.java:113) ~[spring-web-6.1.4.jar:6.1.4]
	at org.springframework.web.servlet.handler.HandlerMappingIntrospector.lambda$createCacheFilter$3(HandlerMappingIntrospector.java:195) ~[spring-webmvc-6.1.4.jar:6.1.4]
	at org.springframework.web.filter.CompositeFilter$VirtualFilterChain.doFilter(CompositeFilter.java:113) ~[spring-web-6.1.4.jar:6.1.4]
	at org.springframework.web.filter.CompositeFilter.doFilter(CompositeFilter.java:74) ~[spring-web-6.1.4.jar:6.1.4]
	at org.springframework.security.config.annotation.web.configuration.WebMvcSecurityConfiguration$CompositeFilterChainProxy.doFilter(WebMvcSecurityConfiguration.java:230) ~[spring-security-config-6.2.2.jar:6.2.2]
	at org.springframework.web.filter.DelegatingFilterProxy.invokeDelegate(DelegatingFilterProxy.java:352) ~[spring-web-6.1.4.jar:6.1.4]
	at org.springframework.web.filter.DelegatingFilterProxy.doFilter(DelegatingFilterProxy.java:268) ~[spring-web-6.1.4.jar:6.1.4]
	at org.apache.catalina.core.ApplicationFilterChain.internalDoFilter(ApplicationFilterChain.java:174) ~[tomcat-embed-core-10.1.19.jar:10.1.19]
	at org.apache.catalina.core.ApplicationFilterChain.doFilter(ApplicationFilterChain.java:149) ~[tomcat-embed-core-10.1.19.jar:10.1.19]
	at org.springframework.web.filter.RequestContextFilter.doFilterInternal(RequestContextFilter.java:100) ~[spring-web-6.1.4.jar:6.1.4]
	at org.springframework.web.filter.OncePerRequestFilter.doFilter(OncePerRequestFilter.java:116) ~[spring-web-6.1.4.jar:6.1.4]
	at org.apache.catalina.core.ApplicationFilterChain.internalDoFilter(ApplicationFilterChain.java:174) ~[tomcat-embed-core-10.1.19.jar:10.1.19]
	at org.apache.catalina.core.ApplicationFilterChain.doFilter(ApplicationFilterChain.java:149) ~[tomcat-embed-core-10.1.19.jar:10.1.19]
	at org.springframework.web.filter.FormContentFilter.doFilterInternal(FormContentFilter.java:93) ~[spring-web-6.1.4.jar:6.1.4]
	at org.springframework.web.filter.OncePerRequestFilter.doFilter(OncePerRequestFilter.java:116) ~[spring-web-6.1.4.jar:6.1.4]
	at org.apache.catalina.core.ApplicationFilterChain.internalDoFilter(ApplicationFilterChain.java:174) ~[tomcat-embed-core-10.1.19.jar:10.1.19]
	at org.apache.catalina.core.ApplicationFilterChain.doFilter(ApplicationFilterChain.java:149) ~[tomcat-embed-core-10.1.19.jar:10.1.19]
	at org.springframework.web.filter.ServerHttpObservationFilter.doFilterInternal(ServerHttpObservationFilter.java:109) ~[spring-web-6.1.4.jar:6.1.4]
	at org.springframework.web.filter.OncePerRequestFilter.doFilter(OncePerRequestFilter.java:116) ~[spring-web-6.1.4.jar:6.1.4]
	at org.apache.catalina.core.ApplicationFilterChain.internalDoFilter(ApplicationFilterChain.java:174) ~[tomcat-embed-core-10.1.19.jar:10.1.19]
	at org.apache.catalina.core.ApplicationFilterChain.doFilter(ApplicationFilterChain.java:149) ~[tomcat-embed-core-10.1.19.jar:10.1.19]
	at org.springframework.web.filter.CharacterEncodingFilter.doFilterInternal(CharacterEncodingFilter.java:201) ~[spring-web-6.1.4.jar:6.1.4]
	at org.springframework.web.filter.OncePerRequestFilter.doFilter(OncePerRequestFilter.java:116) ~[spring-web-6.1.4.jar:6.1.4]
	at org.apache.catalina.core.ApplicationFilterChain.internalDoFilter(ApplicationFilterChain.java:174) ~[tomcat-embed-core-10.1.19.jar:10.1.19]
	at org.apache.catalina.core.ApplicationFilterChain.doFilter(ApplicationFilterChain.java:149) ~[tomcat-embed-core-10.1.19.jar:10.1.19]
	at org.apache.catalina.core.StandardWrapperValve.invoke(StandardWrapperValve.java:167) ~[tomcat-embed-core-10.1.19.jar:10.1.19]
	at org.apache.catalina.core.StandardContextValve.invoke(StandardContextValve.java:90) ~[tomcat-embed-core-10.1.19.jar:10.1.19]
	at org.apache.catalina.authenticator.AuthenticatorBase.invoke(AuthenticatorBase.java:482) ~[tomcat-embed-core-10.1.19.jar:10.1.19]
	at org.apache.catalina.core.StandardHostValve.invoke(StandardHostValve.java:115) ~[tomcat-embed-core-10.1.19.jar:10.1.19]
	at org.apache.catalina.valves.ErrorReportValve.invoke(ErrorReportValve.java:93) ~[tomcat-embed-core-10.1.19.jar:10.1.19]
	at org.apache.catalina.core.StandardEngineValve.invoke(StandardEngineValve.java:74) ~[tomcat-embed-core-10.1.19.jar:10.1.19]
	at org.apache.catalina.connector.CoyoteAdapter.service(CoyoteAdapter.java:344) ~[tomcat-embed-core-10.1.19.jar:10.1.19]
	at org.apache.coyote.http11.Http11Processor.service(Http11Processor.java:391) ~[tomcat-embed-core-10.1.19.jar:10.1.19]
	at org.apache.coyote.AbstractProcessorLight.process(AbstractProcessorLight.java:63) ~[tomcat-embed-core-10.1.19.jar:10.1.19]
	at org.apache.coyote.AbstractProtocol$ConnectionHandler.process(AbstractProtocol.java:896) ~[tomcat-embed-core-10.1.19.jar:10.1.19]
	at org.apache.tomcat.util.net.NioEndpoint$SocketProcessor.doRun(NioEndpoint.java:1744) ~[tomcat-embed-core-10.1.19.jar:10.1.19]
	at org.apache.tomcat.util.net.SocketProcessorBase.run(SocketProcessorBase.java:52) ~[tomcat-embed-core-10.1.19.jar:10.1.19]
	at org.apache.tomcat.util.threads.ThreadPoolExecutor.runWorker(ThreadPoolExecutor.java:1191) ~[tomcat-embed-core-10.1.19.jar:10.1.19]
	at org.apache.tomcat.util.threads.ThreadPoolExecutor$Worker.run(ThreadPoolExecutor.java:659) ~[tomcat-embed-core-10.1.19.jar:10.1.19]
	at org.apache.tomcat.util.threads.TaskThread$WrappingRunnable.run(TaskThread.java:63) ~[tomcat-embed-core-10.1.19.jar:10.1.19]
	at java.base/java.lang.Thread.run(Thread.java:1583) ~[na:na]
Caused by: org.hibernate.exception.JDBCConnectionException: Unable to acquire JDBC Connection [ProductServicePool - Connection is not available, request timed out after 30130ms.] [n/a]
	at org.hibernate.exception.internal.SQLExceptionTypeDelegate.convert(SQLExceptionTypeDelegate.java:51) ~[hibernate-core-6.4.4.Final.jar:6.4.4.Final]
	at org.hibernate.exception.internal.StandardSQLExceptionConverter.convert(StandardSQLExceptionConverter.java:58) ~[hibernate-core-6.4.4.Final.jar:6.4.4.Final]
	at org.hibernate.engine.jdbc.spi.SqlExceptionHelper.convert(SqlExceptionHelper.java:108) ~[hibernate-core-6.4.4.Final.jar:6.4.4.Final]
	at org.hibernate.engine.jdbc.spi.SqlExceptionHelper.convert(SqlExceptionHelper.java:94) ~[hibernate-core-6.4.4.Final.jar:6.4.4.Final]
	at org.hibernate.resource.jdbc.internal.LogicalConnectionManagedImpl.acquireConnectionIfNeeded(LogicalConnectionManagedImpl.java:116) ~[hibernate-core-6.4.4.Final.jar:6.4.4.Final]
	at org.hibernate.resource.jdbc.internal.LogicalConnectionManagedImpl.getPhysicalConnection(LogicalConnectionManagedImpl.java:143) ~[hibernate-core-6.4.4.Final.jar:6.4.4.Final]
	at org.springframework.orm.jpa.vendor.HibernateJpaDialect.beginTransaction(HibernateJpaDialect.java:164) ~[spring-orm-6.1.4.jar:6.1.4]
	at org.springframework.orm.jpa.JpaTransactionManager.doBegin(JpaTransactionManager.java:420) ~[spring-orm-6.1.4.jar:6.1.4]
	... 145 common frames omitted
Caused by: java.sql.SQLTransientConnectionException: ProductServicePool - Connection is not available, request timed out after 30130ms.
	at com.zaxxer.hikari.pool.HikariPool.createTimeoutException(HikariPool.java:696) ~[HikariCP-5.0.1.jar:na]
	at com.zaxxer.hikari.pool.HikariPool.getConnection(HikariPool.java:181) ~[HikariCP-5.0.1.jar:na]
	at com.zaxxer.hikari.pool.HikariPool.getConnection(HikariPool.java:146) ~[HikariCP-5.0.1.jar:na]
	at com.zaxxer.hikari.HikariDataSource.getConnection(HikariDataSource.java:128) ~[HikariCP-5.0.1.jar:na]
	at org.hibernate.engine.jdbc.connections.internal.DatasourceConnectionProviderImpl.getConnection(DatasourceConnectionProviderImpl.java:122) ~[hibernate-core-6.4.4.Final.jar:6.4.4.Final]
	at org.hibernate.internal.NonContextualJdbcConnectionAccess.obtainConnection(NonContextualJdbcConnectionAccess.java:46) ~[hibernate-core-6.4.4.Final.jar:6.4.4.Final]
	at org.hibernate.resource.jdbc.internal.LogicalConnectionManagedImpl.acquireConnectionIfNeeded(LogicalConnectionManagedImpl.java:113) ~[hibernate-core-6.4.4.Final.jar:6.4.4.Final]
	... 148 common frames omitted

2026-03-25T16:37:36.958+05:30 DEBUG 17692 --- [product-service] [http-nio-8082-exec-2] org.hibernate.SQL                        : 
    select
        count(distinct p1_0.id) 
    from
        products p1_0 
    left join
        product_images i1_0 
            on p1_0.id=i1_0.product_id 
    left join
        inventories i2_0 
            on p1_0.id=i2_0.product_id 
    left join
        categories c1_0 
            on c1_0.id=p1_0.category_id 
    where
        p1_0.status=? 
        and (
            ? is null 
            or c1_0.id=?
        ) 
        and (
            ? is null 
            or lower(p1_0.brand_name)=lower(?)
        ) 
        and (
            ? is null 
            or p1_0.price>=?
        ) 
        and (
            ? is null 
            or p1_0.price<=?
        ) 
        and (
            ? is null 
            or lower(p1_0.name) like lower(concat('%', ?, '%')) escape '' 
            or lower(p1_0.brand_name) like lower(concat('%', ?, '%')) escape ''
        ) 
        and (
            ? is null 
            or (
                ?=1 
                and i2_0.quantity>0
            ) 
            or (
                ?=0 
                and i2_0.quantity=0
            )
        )
2026-03-25T16:37:39.613+05:30 ERROR 17692 --- [product-service] [http-nio-8082-exec-2] c.e.p.exception.GlobalExceptionHandler   : Unexpected error [/api/v1/products]: Could not write JSON: Couldn't serialize object createdAt: DESC

org.springframework.http.converter.HttpMessageNotWritableException: Could not write JSON: Couldn't serialize object createdAt: DESC
	at org.springframework.http.converter.json.AbstractJackson2HttpMessageConverter.writeInternal(AbstractJackson2HttpMessageConverter.java:492) ~[spring-web-6.1.4.jar:6.1.4]
	at org.springframework.http.converter.AbstractGenericHttpMessageConverter.write(AbstractGenericHttpMessageConverter.java:114) ~[spring-web-6.1.4.jar:6.1.4]
	at org.springframework.web.servlet.mvc.method.annotation.AbstractMessageConverterMethodProcessor.writeWithMessageConverters(AbstractMessageConverterMethodProcessor.java:297) ~[spring-webmvc-6.1.4.jar:6.1.4]
	at org.springframework.web.servlet.mvc.method.annotation.HttpEntityMethodProcessor.handleReturnValue(HttpEntityMethodProcessor.java:245) ~[spring-webmvc-6.1.4.jar:6.1.4]
	at org.springframework.web.method.support.HandlerMethodReturnValueHandlerComposite.handleReturnValue(HandlerMethodReturnValueHandlerComposite.java:78) ~[spring-web-6.1.4.jar:6.1.4]
	at org.springframework.web.servlet.mvc.method.annotation.ServletInvocableHandlerMethod.invokeAndHandle(ServletInvocableHandlerMethod.java:136) ~[spring-webmvc-6.1.4.jar:6.1.4]
	at org.springframework.web.servlet.mvc.method.annotation.RequestMappingHandlerAdapter.invokeHandlerMethod(RequestMappingHandlerAdapter.java:920) ~[spring-webmvc-6.1.4.jar:6.1.4]
	at org.springframework.web.servlet.mvc.method.annotation.RequestMappingHandlerAdapter.handleInternal(RequestMappingHandlerAdapter.java:830) ~[spring-webmvc-6.1.4.jar:6.1.4]
	at org.springframework.web.servlet.mvc.method.AbstractHandlerMethodAdapter.handle(AbstractHandlerMethodAdapter.java:87) ~[spring-webmvc-6.1.4.jar:6.1.4]
	at org.springframework.web.servlet.DispatcherServlet.doDispatch(DispatcherServlet.java:1089) ~[spring-webmvc-6.1.4.jar:6.1.4]
	at org.springframework.web.servlet.DispatcherServlet.doService(DispatcherServlet.java:979) ~[spring-webmvc-6.1.4.jar:6.1.4]
	at org.springframework.web.servlet.FrameworkServlet.processRequest(FrameworkServlet.java:1014) ~[spring-webmvc-6.1.4.jar:6.1.4]
	at org.springframework.web.servlet.FrameworkServlet.doGet(FrameworkServlet.java:903) ~[spring-webmvc-6.1.4.jar:6.1.4]
	at jakarta.servlet.http.HttpServlet.service(HttpServlet.java:564) ~[tomcat-embed-core-10.1.19.jar:6.0]
	at org.springframework.web.servlet.FrameworkServlet.service(FrameworkServlet.java:885) ~[spring-webmvc-6.1.4.jar:6.1.4]
	at jakarta.servlet.http.HttpServlet.service(HttpServlet.java:658) ~[tomcat-embed-core-10.1.19.jar:6.0]
	at org.apache.catalina.core.ApplicationFilterChain.internalDoFilter(ApplicationFilterChain.java:205) ~[tomcat-embed-core-10.1.19.jar:10.1.19]
	at org.apache.catalina.core.ApplicationFilterChain.doFilter(ApplicationFilterChain.java:149) ~[tomcat-embed-core-10.1.19.jar:10.1.19]
	at org.apache.tomcat.websocket.server.WsFilter.doFilter(WsFilter.java:51) ~[tomcat-embed-websocket-10.1.19.jar:10.1.19]
	at org.apache.catalina.core.ApplicationFilterChain.internalDoFilter(ApplicationFilterChain.java:174) ~[tomcat-embed-core-10.1.19.jar:10.1.19]
	at org.apache.catalina.core.ApplicationFilterChain.doFilter(ApplicationFilterChain.java:149) ~[tomcat-embed-core-10.1.19.jar:10.1.19]
	at org.springframework.web.filter.OncePerRequestFilter.doFilter(OncePerRequestFilter.java:110) ~[spring-web-6.1.4.jar:6.1.4]
	at org.apache.catalina.core.ApplicationFilterChain.internalDoFilter(ApplicationFilterChain.java:174) ~[tomcat-embed-core-10.1.19.jar:10.1.19]
	at org.apache.catalina.core.ApplicationFilterChain.doFilter(ApplicationFilterChain.java:149) ~[tomcat-embed-core-10.1.19.jar:10.1.19]
	at org.springframework.web.filter.CompositeFilter$VirtualFilterChain.doFilter(CompositeFilter.java:108) ~[spring-web-6.1.4.jar:6.1.4]
	at org.springframework.security.web.FilterChainProxy.lambda$doFilterInternal$3(FilterChainProxy.java:231) ~[spring-security-web-6.2.2.jar:6.2.2]
	at org.springframework.security.web.ObservationFilterChainDecorator$FilterObservation$SimpleFilterObservation.lambda$wrap$1(ObservationFilterChainDecorator.java:479) ~[spring-security-web-6.2.2.jar:6.2.2]
	at org.springframework.security.web.ObservationFilterChainDecorator$AroundFilterObservation$SimpleAroundFilterObservation.lambda$wrap$1(ObservationFilterChainDecorator.java:340) ~[spring-security-web-6.2.2.jar:6.2.2]
	at org.springframework.security.web.ObservationFilterChainDecorator.lambda$wrapSecured$0(ObservationFilterChainDecorator.java:82) ~[spring-security-web-6.2.2.jar:6.2.2]
	at org.springframework.security.web.ObservationFilterChainDecorator$VirtualFilterChain.doFilter(ObservationFilterChainDecorator.java:128) ~[spring-security-web-6.2.2.jar:6.2.2]
	at org.springframework.security.web.access.intercept.AuthorizationFilter.doFilter(AuthorizationFilter.java:100) ~[spring-security-web-6.2.2.jar:6.2.2]
	at org.springframework.security.web.ObservationFilterChainDecorator$ObservationFilter.wrapFilter(ObservationFilterChainDecorator.java:240) ~[spring-security-web-6.2.2.jar:6.2.2]
	at org.springframework.security.web.ObservationFilterChainDecorator$ObservationFilter.doFilter(ObservationFilterChainDecorator.java:227) ~[spring-security-web-6.2.2.jar:6.2.2]
	at org.springframework.security.web.ObservationFilterChainDecorator$VirtualFilterChain.doFilter(ObservationFilterChainDecorator.java:137) ~[spring-security-web-6.2.2.jar:6.2.2]
	at org.springframework.security.web.access.ExceptionTranslationFilter.doFilter(ExceptionTranslationFilter.java:126) ~[spring-security-web-6.2.2.jar:6.2.2]
	at org.springframework.security.web.access.ExceptionTranslationFilter.doFilter(ExceptionTranslationFilter.java:120) ~[spring-security-web-6.2.2.jar:6.2.2]
	at org.springframework.security.web.ObservationFilterChainDecorator$ObservationFilter.wrapFilter(ObservationFilterChainDecorator.java:240) ~[spring-security-web-6.2.2.jar:6.2.2]
	at org.springframework.security.web.ObservationFilterChainDecorator$ObservationFilter.doFilter(ObservationFilterChainDecorator.java:227) ~[spring-security-web-6.2.2.jar:6.2.2]
	at org.springframework.security.web.ObservationFilterChainDecorator$VirtualFilterChain.doFilter(ObservationFilterChainDecorator.java:137) ~[spring-security-web-6.2.2.jar:6.2.2]
	at org.springframework.security.web.session.SessionManagementFilter.doFilter(SessionManagementFilter.java:131) ~[spring-security-web-6.2.2.jar:6.2.2]
	at org.springframework.security.web.session.SessionManagementFilter.doFilter(SessionManagementFilter.java:85) ~[spring-security-web-6.2.2.jar:6.2.2]
	at org.springframework.security.web.ObservationFilterChainDecorator$ObservationFilter.wrapFilter(ObservationFilterChainDecorator.java:240) ~[spring-security-web-6.2.2.jar:6.2.2]
	at org.springframework.security.web.ObservationFilterChainDecorator$ObservationFilter.doFilter(ObservationFilterChainDecorator.java:227) ~[spring-security-web-6.2.2.jar:6.2.2]
	at org.springframework.security.web.ObservationFilterChainDecorator$VirtualFilterChain.doFilter(ObservationFilterChainDecorator.java:137) ~[spring-security-web-6.2.2.jar:6.2.2]
	at org.springframework.security.web.authentication.AnonymousAuthenticationFilter.doFilter(AnonymousAuthenticationFilter.java:100) ~[spring-security-web-6.2.2.jar:6.2.2]
	at org.springframework.security.web.ObservationFilterChainDecorator$ObservationFilter.wrapFilter(ObservationFilterChainDecorator.java:240) ~[spring-security-web-6.2.2.jar:6.2.2]
	at org.springframework.security.web.ObservationFilterChainDecorator$ObservationFilter.doFilter(ObservationFilterChainDecorator.java:227) ~[spring-security-web-6.2.2.jar:6.2.2]
	at org.springframework.security.web.ObservationFilterChainDecorator$VirtualFilterChain.doFilter(ObservationFilterChainDecorator.java:137) ~[spring-security-web-6.2.2.jar:6.2.2]
	at org.springframework.security.web.servletapi.SecurityContextHolderAwareRequestFilter.doFilter(SecurityContextHolderAwareRequestFilter.java:179) ~[spring-security-web-6.2.2.jar:6.2.2]
	at org.springframework.security.web.ObservationFilterChainDecorator$ObservationFilter.wrapFilter(ObservationFilterChainDecorator.java:240) ~[spring-security-web-6.2.2.jar:6.2.2]
	at org.springframework.security.web.ObservationFilterChainDecorator$ObservationFilter.doFilter(ObservationFilterChainDecorator.java:227) ~[spring-security-web-6.2.2.jar:6.2.2]
	at org.springframework.security.web.ObservationFilterChainDecorator$VirtualFilterChain.doFilter(ObservationFilterChainDecorator.java:137) ~[spring-security-web-6.2.2.jar:6.2.2]
	at org.springframework.security.web.savedrequest.RequestCacheAwareFilter.doFilter(RequestCacheAwareFilter.java:63) ~[spring-security-web-6.2.2.jar:6.2.2]
	at org.springframework.security.web.ObservationFilterChainDecorator$ObservationFilter.wrapFilter(ObservationFilterChainDecorator.java:240) ~[spring-security-web-6.2.2.jar:6.2.2]
	at org.springframework.security.web.ObservationFilterChainDecorator$ObservationFilter.doFilter(ObservationFilterChainDecorator.java:227) ~[spring-security-web-6.2.2.jar:6.2.2]
	at org.springframework.security.web.ObservationFilterChainDecorator$VirtualFilterChain.doFilter(ObservationFilterChainDecorator.java:137) ~[spring-security-web-6.2.2.jar:6.2.2]
	at com.ecommerce.product_service.security.JwtAuthenticationFilter.doFilterInternal(JwtAuthenticationFilter.java:67) ~[classes/:na]
	at org.springframework.web.filter.OncePerRequestFilter.doFilter(OncePerRequestFilter.java:116) ~[spring-web-6.1.4.jar:6.1.4]
	at org.springframework.security.web.ObservationFilterChainDecorator$ObservationFilter.wrapFilter(ObservationFilterChainDecorator.java:240) ~[spring-security-web-6.2.2.jar:6.2.2]
	at org.springframework.security.web.ObservationFilterChainDecorator$ObservationFilter.doFilter(ObservationFilterChainDecorator.java:227) ~[spring-security-web-6.2.2.jar:6.2.2]
	at org.springframework.security.web.ObservationFilterChainDecorator$VirtualFilterChain.doFilter(ObservationFilterChainDecorator.java:137) ~[spring-security-web-6.2.2.jar:6.2.2]
	at org.springframework.security.web.authentication.logout.LogoutFilter.doFilter(LogoutFilter.java:107) ~[spring-security-web-6.2.2.jar:6.2.2]
	at org.springframework.security.web.authentication.logout.LogoutFilter.doFilter(LogoutFilter.java:93) ~[spring-security-web-6.2.2.jar:6.2.2]
	at org.springframework.security.web.ObservationFilterChainDecorator$ObservationFilter.wrapFilter(ObservationFilterChainDecorator.java:240) ~[spring-security-web-6.2.2.jar:6.2.2]
	at org.springframework.security.web.ObservationFilterChainDecorator$ObservationFilter.doFilter(ObservationFilterChainDecorator.java:227) ~[spring-security-web-6.2.2.jar:6.2.2]
	at org.springframework.security.web.ObservationFilterChainDecorator$VirtualFilterChain.doFilter(ObservationFilterChainDecorator.java:137) ~[spring-security-web-6.2.2.jar:6.2.2]
	at org.springframework.web.filter.CorsFilter.doFilterInternal(CorsFilter.java:91) ~[spring-web-6.1.4.jar:6.1.4]
	at org.springframework.web.filter.OncePerRequestFilter.doFilter(OncePerRequestFilter.java:116) ~[spring-web-6.1.4.jar:6.1.4]
	at org.springframework.security.web.ObservationFilterChainDecorator$ObservationFilter.wrapFilter(ObservationFilterChainDecorator.java:240) ~[spring-security-web-6.2.2.jar:6.2.2]
	at org.springframework.security.web.ObservationFilterChainDecorator$ObservationFilter.doFilter(ObservationFilterChainDecorator.java:227) ~[spring-security-web-6.2.2.jar:6.2.2]
	at org.springframework.security.web.ObservationFilterChainDecorator$VirtualFilterChain.doFilter(ObservationFilterChainDecorator.java:137) ~[spring-security-web-6.2.2.jar:6.2.2]
	at org.springframework.security.web.header.HeaderWriterFilter.doHeadersAfter(HeaderWriterFilter.java:90) ~[spring-security-web-6.2.2.jar:6.2.2]
	at org.springframework.security.web.header.HeaderWriterFilter.doFilterInternal(HeaderWriterFilter.java:75) ~[spring-security-web-6.2.2.jar:6.2.2]
	at org.springframework.web.filter.OncePerRequestFilter.doFilter(OncePerRequestFilter.java:116) ~[spring-web-6.1.4.jar:6.1.4]
	at org.springframework.security.web.ObservationFilterChainDecorator$ObservationFilter.wrapFilter(ObservationFilterChainDecorator.java:240) ~[spring-security-web-6.2.2.jar:6.2.2]
	at org.springframework.security.web.ObservationFilterChainDecorator$ObservationFilter.doFilter(ObservationFilterChainDecorator.java:227) ~[spring-security-web-6.2.2.jar:6.2.2]
	at org.springframework.security.web.ObservationFilterChainDecorator$VirtualFilterChain.doFilter(ObservationFilterChainDecorator.java:137) ~[spring-security-web-6.2.2.jar:6.2.2]
	at org.springframework.security.web.context.SecurityContextHolderFilter.doFilter(SecurityContextHolderFilter.java:82) ~[spring-security-web-6.2.2.jar:6.2.2]
	at org.springframework.security.web.context.SecurityContextHolderFilter.doFilter(SecurityContextHolderFilter.java:69) ~[spring-security-web-6.2.2.jar:6.2.2]
	at org.springframework.security.web.ObservationFilterChainDecorator$ObservationFilter.wrapFilter(ObservationFilterChainDecorator.java:240) ~[spring-security-web-6.2.2.jar:6.2.2]
	at org.springframework.security.web.ObservationFilterChainDecorator$ObservationFilter.doFilter(ObservationFilterChainDecorator.java:227) ~[spring-security-web-6.2.2.jar:6.2.2]
	at org.springframework.security.web.ObservationFilterChainDecorator$VirtualFilterChain.doFilter(ObservationFilterChainDecorator.java:137) ~[spring-security-web-6.2.2.jar:6.2.2]
	at org.springframework.security.web.context.request.async.WebAsyncManagerIntegrationFilter.doFilterInternal(WebAsyncManagerIntegrationFilter.java:62) ~[spring-security-web-6.2.2.jar:6.2.2]
	at org.springframework.web.filter.OncePerRequestFilter.doFilter(OncePerRequestFilter.java:116) ~[spring-web-6.1.4.jar:6.1.4]
	at org.springframework.security.web.ObservationFilterChainDecorator$ObservationFilter.wrapFilter(ObservationFilterChainDecorator.java:240) ~[spring-security-web-6.2.2.jar:6.2.2]
	at org.springframework.security.web.ObservationFilterChainDecorator$ObservationFilter.doFilter(ObservationFilterChainDecorator.java:227) ~[spring-security-web-6.2.2.jar:6.2.2]
	at org.springframework.security.web.ObservationFilterChainDecorator$VirtualFilterChain.doFilter(ObservationFilterChainDecorator.java:137) ~[spring-security-web-6.2.2.jar:6.2.2]
	at org.springframework.security.web.session.DisableEncodeUrlFilter.doFilterInternal(DisableEncodeUrlFilter.java:42) ~[spring-security-web-6.2.2.jar:6.2.2]
	at org.springframework.web.filter.OncePerRequestFilter.doFilter(OncePerRequestFilter.java:116) ~[spring-web-6.1.4.jar:6.1.4]
	at org.springframework.security.web.ObservationFilterChainDecorator$ObservationFilter.wrapFilter(ObservationFilterChainDecorator.java:240) ~[spring-security-web-6.2.2.jar:6.2.2]
	at org.springframework.security.web.ObservationFilterChainDecorator$AroundFilterObservation$SimpleAroundFilterObservation.lambda$wrap$0(ObservationFilterChainDecorator.java:323) ~[spring-security-web-6.2.2.jar:6.2.2]
	at org.springframework.security.web.ObservationFilterChainDecorator$ObservationFilter.doFilter(ObservationFilterChainDecorator.java:224) ~[spring-security-web-6.2.2.jar:6.2.2]
	at org.springframework.security.web.ObservationFilterChainDecorator$VirtualFilterChain.doFilter(ObservationFilterChainDecorator.java:137) ~[spring-security-web-6.2.2.jar:6.2.2]
	at org.springframework.security.web.FilterChainProxy.doFilterInternal(FilterChainProxy.java:233) ~[spring-security-web-6.2.2.jar:6.2.2]
	at org.springframework.security.web.FilterChainProxy.doFilter(FilterChainProxy.java:191) ~[spring-security-web-6.2.2.jar:6.2.2]
	at org.springframework.web.filter.CompositeFilter$VirtualFilterChain.doFilter(CompositeFilter.java:113) ~[spring-web-6.1.4.jar:6.1.4]
	at org.springframework.web.servlet.handler.HandlerMappingIntrospector.lambda$createCacheFilter$3(HandlerMappingIntrospector.java:195) ~[spring-webmvc-6.1.4.jar:6.1.4]
	at org.springframework.web.filter.CompositeFilter$VirtualFilterChain.doFilter(CompositeFilter.java:113) ~[spring-web-6.1.4.jar:6.1.4]
	at org.springframework.web.filter.CompositeFilter.doFilter(CompositeFilter.java:74) ~[spring-web-6.1.4.jar:6.1.4]
	at org.springframework.security.config.annotation.web.configuration.WebMvcSecurityConfiguration$CompositeFilterChainProxy.doFilter(WebMvcSecurityConfiguration.java:230) ~[spring-security-config-6.2.2.jar:6.2.2]
	at org.springframework.web.filter.DelegatingFilterProxy.invokeDelegate(DelegatingFilterProxy.java:352) ~[spring-web-6.1.4.jar:6.1.4]
	at org.springframework.web.filter.DelegatingFilterProxy.doFilter(DelegatingFilterProxy.java:268) ~[spring-web-6.1.4.jar:6.1.4]
	at org.apache.catalina.core.ApplicationFilterChain.internalDoFilter(ApplicationFilterChain.java:174) ~[tomcat-embed-core-10.1.19.jar:10.1.19]
	at org.apache.catalina.core.ApplicationFilterChain.doFilter(ApplicationFilterChain.java:149) ~[tomcat-embed-core-10.1.19.jar:10.1.19]
	at org.springframework.web.filter.RequestContextFilter.doFilterInternal(RequestContextFilter.java:100) ~[spring-web-6.1.4.jar:6.1.4]
	at org.springframework.web.filter.OncePerRequestFilter.doFilter(OncePerRequestFilter.java:116) ~[spring-web-6.1.4.jar:6.1.4]
	at org.apache.catalina.core.ApplicationFilterChain.internalDoFilter(ApplicationFilterChain.java:174) ~[tomcat-embed-core-10.1.19.jar:10.1.19]
	at org.apache.catalina.core.ApplicationFilterChain.doFilter(ApplicationFilterChain.java:149) ~[tomcat-embed-core-10.1.19.jar:10.1.19]
	at org.springframework.web.filter.FormContentFilter.doFilterInternal(FormContentFilter.java:93) ~[spring-web-6.1.4.jar:6.1.4]
	at org.springframework.web.filter.OncePerRequestFilter.doFilter(OncePerRequestFilter.java:116) ~[spring-web-6.1.4.jar:6.1.4]
	at org.apache.catalina.core.ApplicationFilterChain.internalDoFilter(ApplicationFilterChain.java:174) ~[tomcat-embed-core-10.1.19.jar:10.1.19]
	at org.apache.catalina.core.ApplicationFilterChain.doFilter(ApplicationFilterChain.java:149) ~[tomcat-embed-core-10.1.19.jar:10.1.19]
	at org.springframework.web.filter.ServerHttpObservationFilter.doFilterInternal(ServerHttpObservationFilter.java:109) ~[spring-web-6.1.4.jar:6.1.4]
	at org.springframework.web.filter.OncePerRequestFilter.doFilter(OncePerRequestFilter.java:116) ~[spring-web-6.1.4.jar:6.1.4]
	at org.apache.catalina.core.ApplicationFilterChain.internalDoFilter(ApplicationFilterChain.java:174) ~[tomcat-embed-core-10.1.19.jar:10.1.19]
	at org.apache.catalina.core.ApplicationFilterChain.doFilter(ApplicationFilterChain.java:149) ~[tomcat-embed-core-10.1.19.jar:10.1.19]
	at org.springframework.web.filter.CharacterEncodingFilter.doFilterInternal(CharacterEncodingFilter.java:201) ~[spring-web-6.1.4.jar:6.1.4]
	at org.springframework.web.filter.OncePerRequestFilter.doFilter(OncePerRequestFilter.java:116) ~[spring-web-6.1.4.jar:6.1.4]
	at org.apache.catalina.core.ApplicationFilterChain.internalDoFilter(ApplicationFilterChain.java:174) ~[tomcat-embed-core-10.1.19.jar:10.1.19]
	at org.apache.catalina.core.ApplicationFilterChain.doFilter(ApplicationFilterChain.java:149) ~[tomcat-embed-core-10.1.19.jar:10.1.19]
	at org.apache.catalina.core.StandardWrapperValve.invoke(StandardWrapperValve.java:167) ~[tomcat-embed-core-10.1.19.jar:10.1.19]
	at org.apache.catalina.core.StandardContextValve.invoke(StandardContextValve.java:90) ~[tomcat-embed-core-10.1.19.jar:10.1.19]
	at org.apache.catalina.authenticator.AuthenticatorBase.invoke(AuthenticatorBase.java:482) ~[tomcat-embed-core-10.1.19.jar:10.1.19]
	at org.apache.catalina.core.StandardHostValve.invoke(StandardHostValve.java:115) ~[tomcat-embed-core-10.1.19.jar:10.1.19]
	at org.apache.catalina.valves.ErrorReportValve.invoke(ErrorReportValve.java:93) ~[tomcat-embed-core-10.1.19.jar:10.1.19]
	at org.apache.catalina.core.StandardEngineValve.invoke(StandardEngineValve.java:74) ~[tomcat-embed-core-10.1.19.jar:10.1.19]
	at org.apache.catalina.connector.CoyoteAdapter.service(CoyoteAdapter.java:344) ~[tomcat-embed-core-10.1.19.jar:10.1.19]
	at org.apache.coyote.http11.Http11Processor.service(Http11Processor.java:391) ~[tomcat-embed-core-10.1.19.jar:10.1.19]
	at org.apache.coyote.AbstractProcessorLight.process(AbstractProcessorLight.java:63) ~[tomcat-embed-core-10.1.19.jar:10.1.19]
	at org.apache.coyote.AbstractProtocol$ConnectionHandler.process(AbstractProtocol.java:896) ~[tomcat-embed-core-10.1.19.jar:10.1.19]
	at org.apache.tomcat.util.net.NioEndpoint$SocketProcessor.doRun(NioEndpoint.java:1744) ~[tomcat-embed-core-10.1.19.jar:10.1.19]
	at org.apache.tomcat.util.net.SocketProcessorBase.run(SocketProcessorBase.java:52) ~[tomcat-embed-core-10.1.19.jar:10.1.19]
	at org.apache.tomcat.util.threads.ThreadPoolExecutor.runWorker(ThreadPoolExecutor.java:1191) ~[tomcat-embed-core-10.1.19.jar:10.1.19]
	at org.apache.tomcat.util.threads.ThreadPoolExecutor$Worker.run(ThreadPoolExecutor.java:659) ~[tomcat-embed-core-10.1.19.jar:10.1.19]
	at org.apache.tomcat.util.threads.TaskThread$WrappingRunnable.run(TaskThread.java:63) ~[tomcat-embed-core-10.1.19.jar:10.1.19]
	at java.base/java.lang.Thread.run(Thread.java:1583) ~[na:na]
Caused by: com.fasterxml.jackson.databind.JsonMappingException: Couldn't serialize object createdAt: DESC (through reference chain: com.ecommerce.product_service.model.response.ApiResponse["data"]->org.springframework.data.domain.PageImpl["sort"])
	at com.fasterxml.jackson.databind.JsonMappingException.wrapWithPath(JsonMappingException.java:402) ~[jackson-databind-2.15.4.jar:2.15.4]
	at com.fasterxml.jackson.databind.JsonMappingException.wrapWithPath(JsonMappingException.java:361) ~[jackson-databind-2.15.4.jar:2.15.4]
	at com.fasterxml.jackson.databind.ser.std.StdSerializer.wrapAndThrow(StdSerializer.java:323) ~[jackson-databind-2.15.4.jar:2.15.4]
	at com.fasterxml.jackson.databind.ser.std.BeanSerializerBase.serializeFields(BeanSerializerBase.java:780) ~[jackson-databind-2.15.4.jar:2.15.4]
	at com.fasterxml.jackson.databind.ser.BeanSerializer.serialize(BeanSerializer.java:178) ~[jackson-databind-2.15.4.jar:2.15.4]
	at com.fasterxml.jackson.databind.ser.BeanPropertyWriter.serializeAsField(BeanPropertyWriter.java:732) ~[jackson-databind-2.15.4.jar:2.15.4]
	at com.fasterxml.jackson.databind.ser.std.BeanSerializerBase.serializeFields(BeanSerializerBase.java:772) ~[jackson-databind-2.15.4.jar:2.15.4]
	at com.fasterxml.jackson.databind.ser.BeanSerializer.serialize(BeanSerializer.java:178) ~[jackson-databind-2.15.4.jar:2.15.4]
	at com.fasterxml.jackson.databind.ser.DefaultSerializerProvider._serialize(DefaultSerializerProvider.java:479) ~[jackson-databind-2.15.4.jar:2.15.4]
	at com.fasterxml.jackson.databind.ser.DefaultSerializerProvider.serializeValue(DefaultSerializerProvider.java:318) ~[jackson-databind-2.15.4.jar:2.15.4]
	at com.fasterxml.jackson.databind.ObjectWriter$Prefetch.serialize(ObjectWriter.java:1572) ~[jackson-databind-2.15.4.jar:2.15.4]
	at com.fasterxml.jackson.databind.ObjectWriter.writeValue(ObjectWriter.java:1061) ~[jackson-databind-2.15.4.jar:2.15.4]
	at org.springframework.http.converter.json.AbstractJackson2HttpMessageConverter.writeInternal(AbstractJackson2HttpMessageConverter.java:483) ~[spring-web-6.1.4.jar:6.1.4]
	... 135 common frames omitted
Caused by: feign.codec.EncodeException: Couldn't serialize object createdAt: DESC
	at org.springframework.cloud.openfeign.support.SortJsonComponent$SortSerializer.lambda$serialize$0(SortJsonComponent.java:54) ~[spring-cloud-openfeign-core-4.1.0.jar:4.1.0]
	at java.base/java.util.ArrayList$Itr.forEachRemaining(ArrayList.java:1085) ~[na:na]
	at org.springframework.cloud.openfeign.support.SortJsonComponent$SortSerializer.serialize(SortJsonComponent.java:49) ~[spring-cloud-openfeign-core-4.1.0.jar:4.1.0]
	at org.springframework.cloud.openfeign.support.SortJsonComponent$SortSerializer.serialize(SortJsonComponent.java:44) ~[spring-cloud-openfeign-core-4.1.0.jar:4.1.0]
	at com.fasterxml.jackson.databind.ser.BeanPropertyWriter.serializeAsField(BeanPropertyWriter.java:732) ~[jackson-databind-2.15.4.jar:2.15.4]
	at com.fasterxml.jackson.databind.ser.std.BeanSerializerBase.serializeFields(BeanSerializerBase.java:772) ~[jackson-databind-2.15.4.jar:2.15.4]
	... 144 common frames omitted

2026-03-25T16:37:39.867+05:30  WARN 17692 --- [product-service] [http-nio-8082-exec-2] .w.s.m.s.DefaultHandlerExceptionResolver : Ignoring exception, response committed already: org.springframework.http.converter.HttpMessageNotWritableException: Could not write JSON: Couldn't serialize object createdAt: DESC
2026-03-25T16:37:40.045+05:30  WARN 17692 --- [product-service] [http-nio-8082-exec-2] .w.s.m.s.DefaultHandlerExceptionResolver : Resolved [org.springframework.http.converter.HttpMessageNotWritableException: Could not write JSON: Couldn't serialize object createdAt: DESC]
2026-03-25T16:41:27.377+05:30  INFO 17692 --- [product-service] [AsyncResolver-bootstrap-executor-0] c.n.d.s.r.aws.ConfigClusterResolver      : Resolving eureka endpoints via configuration
2026-03-25T16:46:27.584+05:30  INFO 17692 --- [product-service] [AsyncResolver-bootstrap-executor-0] c.n.d.s.r.aws.ConfigClusterResolver      : Resolving eureka endpoints via configuration
2026-03-25T17:05:50.150+05:30  WARN 17692 --- [product-service] [ProductServicePool housekeeper] com.zaxxer.hikari.pool.HikariPool        : ProductServicePool - Thread starvation or clock leap detected (housekeeper delta=15m26s723ms840µs799ns).
2026-03-25T20:09:37.525+05:30  WARN 17692 --- [product-service] [ProductServicePool housekeeper] com.zaxxer.hikari.pool.HikariPool        : ProductServicePool - Thread starvation or clock leap detected (housekeeper delta=3h3m56s306ms262µs201ns).
2026-03-25T20:09:44.854+05:30  INFO 17692 --- [product-service] [AsyncResolver-bootstrap-executor-0] c.n.d.s.r.aws.ConfigClusterResolver      : Resolving eureka endpoints via configuration
2026-03-25T22:08:00.143+05:30  INFO 18736 --- [product-service] [main] c.e.p.ProductServiceApplication          : Starting ProductServiceApplication using Java 21.0.2 with PID 18736 (F:\Ecommerce Production Level Application\product-service\target\classes started by nanda royality in F:\Ecommerce Production Level Application\user-service)
2026-03-25T22:08:00.150+05:30 DEBUG 18736 --- [product-service] [main] c.e.p.ProductServiceApplication          : Running with Spring Boot v3.2.3, Spring v6.1.4
2026-03-25T22:08:00.152+05:30  INFO 18736 --- [product-service] [main] c.e.p.ProductServiceApplication          : No active profile set, falling back to 1 default profile: "default"
2026-03-25T22:08:02.865+05:30  INFO 18736 --- [product-service] [main] .s.d.r.c.RepositoryConfigurationDelegate : Multiple Spring Data modules found, entering strict repository configuration mode
2026-03-25T22:08:02.867+05:30  INFO 18736 --- [product-service] [main] .s.d.r.c.RepositoryConfigurationDelegate : Bootstrapping Spring Data JPA repositories in DEFAULT mode.
2026-03-25T22:08:03.037+05:30  INFO 18736 --- [product-service] [main] .s.d.r.c.RepositoryConfigurationDelegate : Finished Spring Data repository scanning in 162 ms. Found 5 JPA repository interfaces.
2026-03-25T22:08:03.478+05:30  INFO 18736 --- [product-service] [main] o.s.cloud.context.scope.GenericScope     : BeanFactory id=d813ef7e-d178-3557-8b87-0fa4396fa45c
2026-03-25T22:08:03.978+05:30  WARN 18736 --- [product-service] [main] trationDelegate$BeanPostProcessorChecker : Bean 'org.springframework.cloud.client.loadbalancer.LoadBalancerAutoConfiguration$RetryInterceptorAutoConfiguration' of type [org.springframework.cloud.client.loadbalancer.LoadBalancerAutoConfiguration$RetryInterceptorAutoConfiguration] is not eligible for getting processed by all BeanPostProcessors (for example: not eligible for auto-proxying). The currently created BeanPostProcessor [lbRestClientPostProcessor] is declared through a non-static factory method on that class; consider declaring it as static instead.
2026-03-25T22:08:03.986+05:30  WARN 18736 --- [product-service] [main] trationDelegate$BeanPostProcessorChecker : Bean 'org.springframework.cloud.loadbalancer.config.BlockingLoadBalancerClientAutoConfiguration' of type [org.springframework.cloud.loadbalancer.config.BlockingLoadBalancerClientAutoConfiguration] is not eligible for getting processed by all BeanPostProcessors (for example: not eligible for auto-proxying). Is this bean getting eagerly injected into a currently created BeanPostProcessor [lbRestClientPostProcessor]? Check the corresponding BeanPostProcessor declaration and its dependencies.
2026-03-25T22:08:03.992+05:30  WARN 18736 --- [product-service] [main] trationDelegate$BeanPostProcessorChecker : Bean 'org.springframework.cloud.loadbalancer.config.LoadBalancerAutoConfiguration' of type [org.springframework.cloud.loadbalancer.config.LoadBalancerAutoConfiguration] is not eligible for getting processed by all BeanPostProcessors (for example: not eligible for auto-proxying). Is this bean getting eagerly injected into a currently created BeanPostProcessor [lbRestClientPostProcessor]? Check the corresponding BeanPostProcessor declaration and its dependencies.
2026-03-25T22:08:04.004+05:30  WARN 18736 --- [product-service] [main] trationDelegate$BeanPostProcessorChecker : Bean 'org.springframework.cloud.commons.config.CommonsConfigAutoConfiguration' of type [org.springframework.cloud.commons.config.CommonsConfigAutoConfiguration] is not eligible for getting processed by all BeanPostProcessors (for example: not eligible for auto-proxying). Is this bean getting eagerly injected into a currently created BeanPostProcessor [lbRestClientPostProcessor]? Check the corresponding BeanPostProcessor declaration and its dependencies.
2026-03-25T22:08:04.009+05:30  WARN 18736 --- [product-service] [main] trationDelegate$BeanPostProcessorChecker : Bean 'org.springframework.cloud.client.loadbalancer.LoadBalancerDefaultMappingsProviderAutoConfiguration' of type [org.springframework.cloud.client.loadbalancer.LoadBalancerDefaultMappingsProviderAutoConfiguration] is not eligible for getting processed by all BeanPostProcessors (for example: not eligible for auto-proxying). Is this bean getting eagerly injected into a currently created BeanPostProcessor [lbRestClientPostProcessor]? Check the corresponding BeanPostProcessor declaration and its dependencies.
2026-03-25T22:08:04.012+05:30  WARN 18736 --- [product-service] [main] trationDelegate$BeanPostProcessorChecker : Bean 'loadBalancerClientsDefaultsMappingsProvider' of type [org.springframework.cloud.client.loadbalancer.LoadBalancerDefaultMappingsProviderAutoConfiguration$$Lambda/0x0000019d86517358] is not eligible for getting processed by all BeanPostProcessors (for example: not eligible for auto-proxying). Is this bean getting eagerly injected into a currently created BeanPostProcessor [lbRestClientPostProcessor]? Check the corresponding BeanPostProcessor declaration and its dependencies.
2026-03-25T22:08:04.016+05:30  WARN 18736 --- [product-service] [main] trationDelegate$BeanPostProcessorChecker : Bean 'defaultsBindHandlerAdvisor' of type [org.springframework.cloud.commons.config.DefaultsBindHandlerAdvisor] is not eligible for getting processed by all BeanPostProcessors (for example: not eligible for auto-proxying). Is this bean getting eagerly injected into a currently created BeanPostProcessor [lbRestClientPostProcessor]? Check the corresponding BeanPostProcessor declaration and its dependencies.
2026-03-25T22:08:04.022+05:30  WARN 18736 --- [product-service] [main] trationDelegate$BeanPostProcessorChecker : Bean 'org.springframework.boot.autoconfigure.flyway.FlywayAutoConfiguration' of type [org.springframework.boot.autoconfigure.flyway.FlywayAutoConfiguration] is not eligible for getting processed by all BeanPostProcessors (for example: not eligible for auto-proxying). Is this bean getting eagerly injected into a currently created BeanPostProcessor [lbRestClientPostProcessor]? Check the corresponding BeanPostProcessor declaration and its dependencies.
2026-03-25T22:08:04.024+05:30  WARN 18736 --- [product-service] [main] trationDelegate$BeanPostProcessorChecker : Bean 'stringOrNumberMigrationVersionConverter' of type [org.springframework.boot.autoconfigure.flyway.FlywayAutoConfiguration$StringOrNumberToMigrationVersionConverter] is not eligible for getting processed by all BeanPostProcessors (for example: not eligible for auto-proxying). Is this bean getting eagerly injected into a currently created BeanPostProcessor [lbRestClientPostProcessor]? Check the corresponding BeanPostProcessor declaration and its dependencies.
2026-03-25T22:08:04.033+05:30  WARN 18736 --- [product-service] [main] trationDelegate$BeanPostProcessorChecker : Bean 'spring.cloud.loadbalancer-org.springframework.cloud.client.loadbalancer.LoadBalancerClientsProperties' of type [org.springframework.cloud.client.loadbalancer.LoadBalancerClientsProperties] is not eligible for getting processed by all BeanPostProcessors (for example: not eligible for auto-proxying). Is this bean getting eagerly injected into a currently created BeanPostProcessor [lbRestClientPostProcessor]? Check the corresponding BeanPostProcessor declaration and its dependencies.
2026-03-25T22:08:04.046+05:30  WARN 18736 --- [product-service] [main] trationDelegate$BeanPostProcessorChecker : Bean 'default.org.springframework.cloud.loadbalancer.config.LoadBalancerAutoConfiguration.LoadBalancerClientSpecification' of type [org.springframework.cloud.loadbalancer.annotation.LoadBalancerClientSpecification] is not eligible for getting processed by all BeanPostProcessors (for example: not eligible for auto-proxying). Is this bean getting eagerly injected into a currently created BeanPostProcessor [lbRestClientPostProcessor]? Check the corresponding BeanPostProcessor declaration and its dependencies.
2026-03-25T22:08:04.050+05:30  WARN 18736 --- [product-service] [main] trationDelegate$BeanPostProcessorChecker : Bean 'default.org.springframework.cloud.loadbalancer.config.BlockingLoadBalancerClientAutoConfiguration.LoadBalancerClientSpecification' of type [org.springframework.cloud.loadbalancer.annotation.LoadBalancerClientSpecification] is not eligible for getting processed by all BeanPostProcessors (for example: not eligible for auto-proxying). Is this bean getting eagerly injected into a currently created BeanPostProcessor [lbRestClientPostProcessor]? Check the corresponding BeanPostProcessor declaration and its dependencies.
2026-03-25T22:08:04.052+05:30  WARN 18736 --- [product-service] [main] trationDelegate$BeanPostProcessorChecker : Bean 'default.org.springframework.cloud.netflix.eureka.loadbalancer.LoadBalancerEurekaAutoConfiguration.LoadBalancerClientSpecification' of type [org.springframework.cloud.loadbalancer.annotation.LoadBalancerClientSpecification] is not eligible for getting processed by all BeanPostProcessors (for example: not eligible for auto-proxying). Is this bean getting eagerly injected into a currently created BeanPostProcessor [lbRestClientPostProcessor]? Check the corresponding BeanPostProcessor declaration and its dependencies.
2026-03-25T22:08:04.054+05:30  WARN 18736 --- [product-service] [main] trationDelegate$BeanPostProcessorChecker : Bean 'loadBalancerClientFactory' of type [org.springframework.cloud.loadbalancer.support.LoadBalancerClientFactory] is not eligible for getting processed by all BeanPostProcessors (for example: not eligible for auto-proxying). Is this bean getting eagerly injected into a currently created BeanPostProcessor [lbRestClientPostProcessor]? Check the corresponding BeanPostProcessor declaration and its dependencies.
2026-03-25T22:08:04.067+05:30  WARN 18736 --- [product-service] [main] trationDelegate$BeanPostProcessorChecker : Bean 'blockingLoadBalancerClient' of type [org.springframework.cloud.loadbalancer.blocking.client.BlockingLoadBalancerClient] is not eligible for getting processed by all BeanPostProcessors (for example: not eligible for auto-proxying). Is this bean getting eagerly injected into a currently created BeanPostProcessor [lbRestClientPostProcessor]? Check the corresponding BeanPostProcessor declaration and its dependencies.
2026-03-25T22:08:04.081+05:30  WARN 18736 --- [product-service] [main] trationDelegate$BeanPostProcessorChecker : Bean 'loadBalancerServiceInstanceCookieTransformer' of type [org.springframework.cloud.loadbalancer.core.LoadBalancerServiceInstanceCookieTransformer] is not eligible for getting processed by all BeanPostProcessors (for example: not eligible for auto-proxying). Is this bean getting eagerly injected into a currently created BeanPostProcessor [lbRestClientPostProcessor]? Check the corresponding BeanPostProcessor declaration and its dependencies.
2026-03-25T22:08:04.084+05:30  WARN 18736 --- [product-service] [main] trationDelegate$BeanPostProcessorChecker : Bean 'xForwarderHeadersTransformer' of type [org.springframework.cloud.loadbalancer.blocking.XForwardedHeadersTransformer] is not eligible for getting processed by all BeanPostProcessors (for example: not eligible for auto-proxying). Is this bean getting eagerly injected into a currently created BeanPostProcessor [lbRestClientPostProcessor]? Check the corresponding BeanPostProcessor declaration and its dependencies.
2026-03-25T22:08:04.086+05:30  WARN 18736 --- [product-service] [main] trationDelegate$BeanPostProcessorChecker : Bean 'org.springframework.cloud.client.loadbalancer.LoadBalancerAutoConfiguration' of type [org.springframework.cloud.client.loadbalancer.LoadBalancerAutoConfiguration] is not eligible for getting processed by all BeanPostProcessors (for example: not eligible for auto-proxying). Is this bean getting eagerly injected into a currently created BeanPostProcessor [lbRestClientPostProcessor]? Check the corresponding BeanPostProcessor declaration and its dependencies.
2026-03-25T22:08:04.089+05:30  WARN 18736 --- [product-service] [main] trationDelegate$BeanPostProcessorChecker : Bean 'loadBalancerRequestFactory' of type [org.springframework.cloud.client.loadbalancer.LoadBalancerRequestFactory] is not eligible for getting processed by all BeanPostProcessors (for example: not eligible for auto-proxying). Is this bean getting eagerly injected into a currently created BeanPostProcessor [lbRestClientPostProcessor]? Check the corresponding BeanPostProcessor declaration and its dependencies.
2026-03-25T22:08:04.093+05:30  WARN 18736 --- [product-service] [main] trationDelegate$BeanPostProcessorChecker : Bean 'org.springframework.cloud.loadbalancer.config.BlockingLoadBalancerClientAutoConfiguration$BlockingLoadBalancerRetryConfig' of type [org.springframework.cloud.loadbalancer.config.BlockingLoadBalancerClientAutoConfiguration$BlockingLoadBalancerRetryConfig$$SpringCGLIB$$0] is not eligible for getting processed by all BeanPostProcessors (for example: not eligible for auto-proxying). Is this bean getting eagerly injected into a currently created BeanPostProcessor [lbRestClientPostProcessor]? Check the corresponding BeanPostProcessor declaration and its dependencies.
2026-03-25T22:08:04.098+05:30  WARN 18736 --- [product-service] [main] trationDelegate$BeanPostProcessorChecker : Bean 'loadBalancedRetryFactory' of type [org.springframework.cloud.loadbalancer.blocking.retry.BlockingLoadBalancedRetryFactory] is not eligible for getting processed by all BeanPostProcessors (for example: not eligible for auto-proxying). Is this bean getting eagerly injected into a currently created BeanPostProcessor [lbRestClientPostProcessor]? Check the corresponding BeanPostProcessor declaration and its dependencies.
2026-03-25T22:08:04.105+05:30  WARN 18736 --- [product-service] [main] trationDelegate$BeanPostProcessorChecker : Bean 'loadBalancerInterceptor' of type [org.springframework.cloud.client.loadbalancer.RetryLoadBalancerInterceptor] is not eligible for getting processed by all BeanPostProcessors (for example: not eligible for auto-proxying). Is this bean getting eagerly injected into a currently created BeanPostProcessor [lbRestClientPostProcessor]? Check the corresponding BeanPostProcessor declaration and its dependencies.
2026-03-25T22:08:04.516+05:30  INFO 18736 --- [product-service] [main] o.s.b.w.embedded.tomcat.TomcatWebServer  : Tomcat initialized with port 8082 (http)
2026-03-25T22:08:04.531+05:30  INFO 18736 --- [product-service] [main] o.apache.catalina.core.StandardService   : Starting service [Tomcat]
2026-03-25T22:08:04.531+05:30  INFO 18736 --- [product-service] [main] o.apache.catalina.core.StandardEngine    : Starting Servlet engine: [Apache Tomcat/10.1.19]
2026-03-25T22:08:04.631+05:30  INFO 18736 --- [product-service] [main] o.a.c.c.C.[Tomcat].[localhost].[/]       : Initializing Spring embedded WebApplicationContext
2026-03-25T22:08:04.632+05:30  INFO 18736 --- [product-service] [main] w.s.c.ServletWebServerApplicationContext : Root WebApplicationContext: initialization completed in 4408 ms
2026-03-25T22:08:04.930+05:30 DEBUG 18736 --- [product-service] [main] c.e.p.security.JwtAuthenticationFilter   : Filter 'jwtAuthenticationFilter' configured for use
2026-03-25T22:08:05.032+05:30  INFO 18736 --- [product-service] [main] com.zaxxer.hikari.HikariDataSource       : ProductServicePool - Starting...
2026-03-25T22:08:05.231+05:30  INFO 18736 --- [product-service] [main] com.zaxxer.hikari.pool.HikariPool        : ProductServicePool - Added connection com.mysql.cj.jdbc.ConnectionImpl@a93c798
2026-03-25T22:08:05.233+05:30  INFO 18736 --- [product-service] [main] com.zaxxer.hikari.HikariDataSource       : ProductServicePool - Start completed.
2026-03-25T22:08:05.364+05:30  INFO 18736 --- [product-service] [main] o.f.c.internal.license.VersionPrinter    : Flyway Community Edition 9.22.3 by Redgate
2026-03-25T22:08:05.364+05:30  INFO 18736 --- [product-service] [main] o.f.c.internal.license.VersionPrinter    : See release notes here: https://rd.gt/416ObMi
2026-03-25T22:08:05.364+05:30  INFO 18736 --- [product-service] [main] o.f.c.internal.license.VersionPrinter    : 
2026-03-25T22:08:05.703+05:30  INFO 18736 --- [product-service] [main] org.flywaydb.core.FlywayExecutor         : Database: jdbc:mysql://localhost:3306/product_db (MySQL 8.0)
2026-03-25T22:08:05.867+05:30  INFO 18736 --- [product-service] [main] o.f.core.internal.command.DbValidate     : Successfully validated 0 migrations (execution time 00:00.105s)
2026-03-25T22:08:05.867+05:30  WARN 18736 --- [product-service] [main] o.f.core.internal.command.DbValidate     : No migrations found. Are your locations set up correctly?
2026-03-25T22:08:05.882+05:30  INFO 18736 --- [product-service] [main] o.f.core.internal.command.DbMigrate      : Current version of schema `product_db`: << Empty Schema >>
2026-03-25T22:08:05.886+05:30  INFO 18736 --- [product-service] [main] o.f.core.internal.command.DbMigrate      : Schema `product_db` is up to date. No migration necessary.
2026-03-25T22:08:06.003+05:30  INFO 18736 --- [product-service] [main] o.hibernate.jpa.internal.util.LogHelper  : HHH000204: Processing PersistenceUnitInfo [name: default]
2026-03-25T22:08:06.081+05:30  INFO 18736 --- [product-service] [main] org.hibernate.Version                    : HHH000412: Hibernate ORM core version 6.4.4.Final
2026-03-25T22:08:06.154+05:30  INFO 18736 --- [product-service] [main] o.h.c.internal.RegionFactoryInitiator    : HHH000026: Second-level cache disabled
2026-03-25T22:08:06.405+05:30  INFO 18736 --- [product-service] [main] o.s.o.j.p.SpringPersistenceUnitInfo      : No LoadTimeWeaver setup: ignoring JPA class transformer
2026-03-25T22:08:06.454+05:30  WARN 18736 --- [product-service] [main] org.hibernate.orm.deprecation            : HHH90000025: MySQLDialect does not need to be specified explicitly using 'hibernate.dialect' (remove the property setting and it will be selected by default)
2026-03-25T22:08:07.363+05:30  INFO 18736 --- [product-service] [main] o.h.e.t.j.p.i.JtaPlatformInitiator       : HHH000489: No JTA platform available (set 'hibernate.transaction.jta.platform' to enable JTA platform integration)
2026-03-25T22:08:07.753+05:30  INFO 18736 --- [product-service] [main] j.LocalContainerEntityManagerFactoryBean : Initialized JPA EntityManagerFactory for persistence unit 'default'
2026-03-25T22:08:08.137+05:30  INFO 18736 --- [product-service] [main] o.s.d.j.r.query.QueryEnhancerFactory     : Hibernate is in classpath; If applicable, HQL parser will be used.
2026-03-25T22:08:09.827+05:30  WARN 18736 --- [product-service] [main] .s.s.UserDetailsServiceAutoConfiguration : 

Using generated security password: a5e41396-43b0-494f-bd0b-4c800c11694c

This generated password is for development use only. Your security configuration must be updated before running your application in production.

2026-03-25T22:08:10.346+05:30  INFO 18736 --- [product-service] [main] o.s.b.a.e.web.EndpointLinksResolver      : Exposing 1 endpoint(s) beneath base path '/actuator'
2026-03-25T22:08:10.462+05:30  INFO 18736 --- [product-service] [main] o.s.s.web.DefaultSecurityFilterChain     : Will secure any request with [org.springframework.security.web.session.DisableEncodeUrlFilter@27bace1f, org.springframework.security.web.context.request.async.WebAsyncManagerIntegrationFilter@d72316a, org.springframework.security.web.context.SecurityContextHolderFilter@281f19e3, org.springframework.security.web.header.HeaderWriterFilter@18be35cb, org.springframework.web.filter.CorsFilter@25329370, org.springframework.security.web.authentication.logout.LogoutFilter@2b6ce68a, com.ecommerce.product_service.security.JwtAuthenticationFilter@59014efe, org.springframework.security.web.savedrequest.RequestCacheAwareFilter@7a48da6, org.springframework.security.web.servletapi.SecurityContextHolderAwareRequestFilter@63cf3153, org.springframework.security.web.authentication.AnonymousAuthenticationFilter@1208fe55, org.springframework.security.web.session.SessionManagementFilter@77f965a0, org.springframework.security.web.access.ExceptionTranslationFilter@516a9ded, org.springframework.security.web.access.intercept.AuthorizationFilter@6434c4c9]
2026-03-25T22:08:11.149+05:30  INFO 18736 --- [product-service] [main] DiscoveryClientOptionalArgsConfiguration : Eureka HTTP Client uses RestTemplate.
2026-03-25T22:08:11.195+05:30  WARN 18736 --- [product-service] [main] iguration$LoadBalancerCaffeineWarnLogger : Spring Cloud LoadBalancer is currently working with the default cache. While this cache implementation is useful for development and tests, it's recommended to use Caffeine cache in production.You can switch to using Caffeine cache, by adding it and org.springframework.cache.caffeine.CaffeineCacheManager to the classpath.
2026-03-25T22:08:11.334+05:30  INFO 18736 --- [product-service] [main] o.a.k.clients.admin.AdminClientConfig    : AdminClientConfig values: 
	auto.include.jmx.reporter = true
	bootstrap.servers = [localhost:9092]
	client.dns.lookup = use_all_dns_ips
	client.id = 
	connections.max.idle.ms = 300000
	default.api.timeout.ms = 60000
	metadata.max.age.ms = 300000
	metric.reporters = []
	metrics.num.samples = 2
	metrics.recording.level = INFO
	metrics.sample.window.ms = 30000
	receive.buffer.bytes = 65536
	reconnect.backoff.max.ms = 1000
	reconnect.backoff.ms = 50
	request.timeout.ms = 30000
	retries = 2147483647
	retry.backoff.ms = 100
	sasl.client.callback.handler.class = null
	sasl.jaas.config = null
	sasl.kerberos.kinit.cmd = /usr/bin/kinit
	sasl.kerberos.min.time.before.relogin = 60000
	sasl.kerberos.service.name = null
	sasl.kerberos.ticket.renew.jitter = 0.05
	sasl.kerberos.ticket.renew.window.factor = 0.8
	sasl.login.callback.handler.class = null
	sasl.login.class = null
	sasl.login.connect.timeout.ms = null
	sasl.login.read.timeout.ms = null
	sasl.login.refresh.buffer.seconds = 300
	sasl.login.refresh.min.period.seconds = 60
	sasl.login.refresh.window.factor = 0.8
	sasl.login.refresh.window.jitter = 0.05
	sasl.login.retry.backoff.max.ms = 10000
	sasl.login.retry.backoff.ms = 100
	sasl.mechanism = GSSAPI
	sasl.oauthbearer.clock.skew.seconds = 30
	sasl.oauthbearer.expected.audience = null
	sasl.oauthbearer.expected.issuer = null
	sasl.oauthbearer.jwks.endpoint.refresh.ms = 3600000
	sasl.oauthbearer.jwks.endpoint.retry.backoff.max.ms = 10000
	sasl.oauthbearer.jwks.endpoint.retry.backoff.ms = 100
	sasl.oauthbearer.jwks.endpoint.url = null
	sasl.oauthbearer.scope.claim.name = scope
	sasl.oauthbearer.sub.claim.name = sub
	sasl.oauthbearer.token.endpoint.url = null
	security.protocol = PLAINTEXT
	security.providers = null
	send.buffer.bytes = 131072
	socket.connection.setup.timeout.max.ms = 30000
	socket.connection.setup.timeout.ms = 10000
	ssl.cipher.suites = null
	ssl.enabled.protocols = [TLSv1.2, TLSv1.3]
	ssl.endpoint.identification.algorithm = https
	ssl.engine.factory.class = null
	ssl.key.password = null
	ssl.keymanager.algorithm = SunX509
	ssl.keystore.certificate.chain = null
	ssl.keystore.key = null
	ssl.keystore.location = null
	ssl.keystore.password = null
	ssl.keystore.type = JKS
	ssl.protocol = TLSv1.3
	ssl.provider = null
	ssl.secure.random.implementation = null
	ssl.trustmanager.algorithm = PKIX
	ssl.truststore.certificates = null
	ssl.truststore.location = null
	ssl.truststore.password = null
	ssl.truststore.type = JKS

2026-03-25T22:08:11.535+05:30  INFO 18736 --- [product-service] [main] o.a.kafka.common.utils.AppInfoParser     : Kafka version: 3.6.1
2026-03-25T22:08:11.536+05:30  INFO 18736 --- [product-service] [main] o.a.kafka.common.utils.AppInfoParser     : Kafka commitId: 5e3c2b738d253ff5
2026-03-25T22:08:11.536+05:30  INFO 18736 --- [product-service] [main] o.a.kafka.common.utils.AppInfoParser     : Kafka startTimeMs: 1774456691534
2026-03-25T22:08:11.877+05:30  INFO 18736 --- [product-service] [kafka-admin-client-thread | adminclient-1] o.a.kafka.common.utils.AppInfoParser     : App info kafka.admin.client for adminclient-1 unregistered
2026-03-25T22:08:11.881+05:30  INFO 18736 --- [product-service] [kafka-admin-client-thread | adminclient-1] o.apache.kafka.common.metrics.Metrics    : Metrics scheduler closed
2026-03-25T22:08:11.881+05:30  INFO 18736 --- [product-service] [kafka-admin-client-thread | adminclient-1] o.apache.kafka.common.metrics.Metrics    : Closing reporter org.apache.kafka.common.metrics.JmxReporter
2026-03-25T22:08:11.881+05:30  INFO 18736 --- [product-service] [kafka-admin-client-thread | adminclient-1] o.apache.kafka.common.metrics.Metrics    : Metrics reporters closed
2026-03-25T22:08:11.898+05:30  INFO 18736 --- [product-service] [main] o.s.c.n.eureka.InstanceInfoFactory       : Setting initial instance status as: STARTING
2026-03-25T22:08:11.932+05:30  INFO 18736 --- [product-service] [main] com.netflix.discovery.DiscoveryClient    : Initializing Eureka in region us-east-1
2026-03-25T22:08:11.937+05:30  INFO 18736 --- [product-service] [main] c.n.d.s.r.aws.ConfigClusterResolver      : Resolving eureka endpoints via configuration
2026-03-25T22:08:11.960+05:30  INFO 18736 --- [product-service] [main] com.netflix.discovery.DiscoveryClient    : Disable delta property : false
2026-03-25T22:08:11.960+05:30  INFO 18736 --- [product-service] [main] com.netflix.discovery.DiscoveryClient    : Single vip registry refresh property : null
2026-03-25T22:08:11.960+05:30  INFO 18736 --- [product-service] [main] com.netflix.discovery.DiscoveryClient    : Force full registry fetch : false
2026-03-25T22:08:11.960+05:30  INFO 18736 --- [product-service] [main] com.netflix.discovery.DiscoveryClient    : Application is null : false
2026-03-25T22:08:11.960+05:30  INFO 18736 --- [product-service] [main] com.netflix.discovery.DiscoveryClient    : Registered Applications size is zero : true
2026-03-25T22:08:11.960+05:30  INFO 18736 --- [product-service] [main] com.netflix.discovery.DiscoveryClient    : Application version is -1: true
2026-03-25T22:08:11.960+05:30  INFO 18736 --- [product-service] [main] com.netflix.discovery.DiscoveryClient    : Getting all instance registry info from the eureka server
2026-03-25T22:08:12.367+05:30  INFO 18736 --- [product-service] [main] com.netflix.discovery.DiscoveryClient    : The response status is 200
2026-03-25T22:08:12.370+05:30  INFO 18736 --- [product-service] [main] com.netflix.discovery.DiscoveryClient    : Starting heartbeat executor: renew interval is: 30
2026-03-25T22:08:12.373+05:30  INFO 18736 --- [product-service] [main] c.n.discovery.InstanceInfoReplicator     : InstanceInfoReplicator onDemand update allowed rate per min is 4
2026-03-25T22:08:12.378+05:30  INFO 18736 --- [product-service] [main] com.netflix.discovery.DiscoveryClient    : Discovery Client initialized at timestamp 1774456692377 with initial instances count: 1
2026-03-25T22:08:12.385+05:30  INFO 18736 --- [product-service] [main] o.s.c.n.e.s.EurekaServiceRegistry        : Registering application PRODUCT-SERVICE with eureka with status UP
2026-03-25T22:08:12.386+05:30  INFO 18736 --- [product-service] [main] com.netflix.discovery.DiscoveryClient    : Saw local status change event StatusChangeEvent [timestamp=1774456692386, current=UP, previous=STARTING]
2026-03-25T22:08:12.388+05:30  INFO 18736 --- [product-service] [DiscoveryClient-InstanceInfoReplicator-0] com.netflix.discovery.DiscoveryClient    : DiscoveryClient_PRODUCT-SERVICE/product-service:8082: registering service...
2026-03-25T22:08:12.402+05:30  INFO 18736 --- [product-service] [main] o.s.b.w.embedded.tomcat.TomcatWebServer  : Tomcat started on port 8082 (http) with context path ''
2026-03-25T22:08:12.403+05:30  INFO 18736 --- [product-service] [main] .s.c.n.e.s.EurekaAutoServiceRegistration : Updating port to 8082
2026-03-25T22:08:12.425+05:30  INFO 18736 --- [product-service] [main] c.e.p.ProductServiceApplication          : Started ProductServiceApplication in 12.946 seconds (process running for 13.772)
2026-03-25T22:08:12.432+05:30  INFO 18736 --- [product-service] [DiscoveryClient-InstanceInfoReplicator-0] com.netflix.discovery.DiscoveryClient    : DiscoveryClient_PRODUCT-SERVICE/product-service:8082 - registration status: 204
2026-03-25T22:13:11.976+05:30  INFO 18736 --- [product-service] [AsyncResolver-bootstrap-executor-0] c.n.d.s.r.aws.ConfigClusterResolver      : Resolving eureka endpoints via configuration
2026-03-25T22:18:12.089+05:30  INFO 18736 --- [product-service] [AsyncResolver-bootstrap-executor-0] c.n.d.s.r.aws.ConfigClusterResolver      : Resolving eureka endpoints via configuration
2026-03-25T22:23:12.120+05:30  INFO 18736 --- [product-service] [AsyncResolver-bootstrap-executor-0] c.n.d.s.r.aws.ConfigClusterResolver      : Resolving eureka endpoints via configuration
2026-03-25T22:24:23.542+05:30  WARN 18736 --- [product-service] [DiscoveryClient-1] c.netflix.discovery.TimedSupervisorTask  : task supervisor timed out

java.util.concurrent.TimeoutException: null
	at java.base/java.util.concurrent.FutureTask.get(FutureTask.java:204) ~[na:na]
	at com.netflix.discovery.TimedSupervisorTask.run(TimedSupervisorTask.java:68) ~[eureka-client-2.0.1.jar:2.0.1]
	at java.base/java.util.concurrent.Executors$RunnableAdapter.call(Executors.java:572) ~[na:na]
	at java.base/java.util.concurrent.FutureTask.run$$$capture(FutureTask.java:317) ~[na:na]
	at java.base/java.util.concurrent.FutureTask.run(FutureTask.java) ~[na:na]
	at java.base/java.util.concurrent.ScheduledThreadPoolExecutor$ScheduledFutureTask.run(ScheduledThreadPoolExecutor.java:304) ~[na:na]
	at java.base/java.util.concurrent.ThreadPoolExecutor.runWorker(ThreadPoolExecutor.java:1144) ~[na:na]
	at java.base/java.util.concurrent.ThreadPoolExecutor$Worker.run(ThreadPoolExecutor.java:642) ~[na:na]
	at java.base/java.lang.Thread.run(Thread.java:1583) ~[na:na]

2026-03-25T22:25:41.457+05:30  INFO 18736 --- [product-service] [http-nio-8082-exec-2] o.a.c.c.C.[Tomcat].[localhost].[/]       : Initializing Spring DispatcherServlet 'dispatcherServlet'
2026-03-25T22:25:41.724+05:30  INFO 18736 --- [product-service] [http-nio-8082-exec-2] o.s.web.servlet.DispatcherServlet        : Initializing Servlet 'dispatcherServlet'
2026-03-25T22:25:49.776+05:30  INFO 18736 --- [product-service] [http-nio-8082-exec-2] o.s.web.servlet.DispatcherServlet        : Completed initialization in 7962 ms
2026-03-25T22:26:44.048+05:30  WARN 18736 --- [product-service] [http-nio-8082-exec-1] org.hibernate.orm.query                  : HHH90003004: firstResult/maxResults specified with collection fetch; applying in memory
2026-03-25T22:27:00.247+05:30 DEBUG 18736 --- [product-service] [http-nio-8082-exec-2] org.hibernate.SQL                        : 
    select
        c1_0.id,
        c1_0.created_at,
        c1_0.description,
        c1_0.display_order,
        c1_0.image_url,
        c1_0.is_active,
        c1_0.name,
        c1_0.parent_id,
        c1_0.slug 
    from
        categories c1_0 
    where
        c1_0.is_active 
    order by
        c1_0.display_order
2026-03-25T22:27:00.682+05:30 DEBUG 18736 --- [product-service] [http-nio-8082-exec-1] org.hibernate.SQL                        : 
    select
        distinct p1_0.id,
        p1_0.attributes,
        p1_0.average_rating,
        p1_0.brand_name,
        p1_0.category_id,
        c1_0.id,
        c1_0.created_at,
        c1_0.description,
        c1_0.display_order,
        c1_0.image_url,
        c1_0.is_active,
        c1_0.name,
        c1_0.parent_id,
        c1_0.slug,
        p1_0.compare_at_price,
        p1_0.cost_price,
        p1_0.created_at,
        p1_0.description,
        i1_0.product_id,
        i1_0.id,
        i1_0.alt_text,
        i1_0.display_order,
        i1_0.image_url,
        i1_0.is_primary,
        i2_0.id,
        i2_0.last_updated,
        i2_0.low_stock_threshold,
        i2_0.product_id,
        i2_0.quantity,
        i2_0.reserved_quantity,
        i2_0.warehouse_location,
        p1_0.name,
        p1_0.price,
        p1_0.review_count,
        p1_0.short_description,
        p1_0.sku,
        p1_0.sold_count,
        p1_0.status,
        p1_0.tags,
        p1_0.updated_at,
        p1_0.version,
        p1_0.view_count,
        p1_0.weight 
    from
        products p1_0 
    left join
        product_images i1_0 
            on p1_0.id=i1_0.product_id 
    left join
        inventories i2_0 
            on p1_0.id=i2_0.product_id 
    left join
        categories c1_0 
            on c1_0.id=p1_0.category_id 
    where
        p1_0.status=? 
        and (
            ? is null 
            or c1_0.id=?
        ) 
        and (
            ? is null 
            or lower(p1_0.brand_name)=lower(?)
        ) 
        and (
            ? is null 
            or p1_0.price>=?
        ) 
        and (
            ? is null 
            or p1_0.price<=?
        ) 
        and (
            ? is null 
            or lower(p1_0.name) like lower(concat('%', ?, '%')) escape '' 
            or lower(p1_0.brand_name) like lower(concat('%', ?, '%')) escape ''
        ) 
        and (
            ? is null 
            or (
                ?=1 
                and i2_0.quantity>0
            ) 
            or (
                ?=0 
                and i2_0.quantity=0
            )
        ) 
    order by
        p1_0.created_at desc
2026-03-25T22:27:14.312+05:30 DEBUG 18736 --- [product-service] [http-nio-8082-exec-1] org.hibernate.SQL                        : 
    select
        count(distinct p1_0.id) 
    from
        products p1_0 
    left join
        product_images i1_0 
            on p1_0.id=i1_0.product_id 
    left join
        inventories i2_0 
            on p1_0.id=i2_0.product_id 
    left join
        categories c1_0 
            on c1_0.id=p1_0.category_id 
    where
        p1_0.status=? 
        and (
            ? is null 
            or c1_0.id=?
        ) 
        and (
            ? is null 
            or lower(p1_0.brand_name)=lower(?)
        ) 
        and (
            ? is null 
            or p1_0.price>=?
        ) 
        and (
            ? is null 
            or p1_0.price<=?
        ) 
        and (
            ? is null 
            or lower(p1_0.name) like lower(concat('%', ?, '%')) escape '' 
            or lower(p1_0.brand_name) like lower(concat('%', ?, '%')) escape ''
        ) 
        and (
            ? is null 
            or (
                ?=1 
                and i2_0.quantity>0
            ) 
            or (
                ?=0 
                and i2_0.quantity=0
            )
        )
2026-03-25T22:27:24.857+05:30 ERROR 18736 --- [product-service] [http-nio-8082-exec-1] c.e.p.exception.GlobalExceptionHandler   : Unexpected error [/api/v1/products]: Could not write JSON: Couldn't serialize object createdAt: DESC

org.springframework.http.converter.HttpMessageNotWritableException: Could not write JSON: Couldn't serialize object createdAt: DESC
	at org.springframework.http.converter.json.AbstractJackson2HttpMessageConverter.writeInternal(AbstractJackson2HttpMessageConverter.java:492) ~[spring-web-6.1.4.jar:6.1.4]
	at org.springframework.http.converter.AbstractGenericHttpMessageConverter.write(AbstractGenericHttpMessageConverter.java:114) ~[spring-web-6.1.4.jar:6.1.4]
	at org.springframework.web.servlet.mvc.method.annotation.AbstractMessageConverterMethodProcessor.writeWithMessageConverters(AbstractMessageConverterMethodProcessor.java:297) ~[spring-webmvc-6.1.4.jar:6.1.4]
	at org.springframework.web.servlet.mvc.method.annotation.HttpEntityMethodProcessor.handleReturnValue(HttpEntityMethodProcessor.java:245) ~[spring-webmvc-6.1.4.jar:6.1.4]
	at org.springframework.web.method.support.HandlerMethodReturnValueHandlerComposite.handleReturnValue(HandlerMethodReturnValueHandlerComposite.java:78) ~[spring-web-6.1.4.jar:6.1.4]
	at org.springframework.web.servlet.mvc.method.annotation.ServletInvocableHandlerMethod.invokeAndHandle(ServletInvocableHandlerMethod.java:136) ~[spring-webmvc-6.1.4.jar:6.1.4]
	at org.springframework.web.servlet.mvc.method.annotation.RequestMappingHandlerAdapter.invokeHandlerMethod(RequestMappingHandlerAdapter.java:920) ~[spring-webmvc-6.1.4.jar:6.1.4]
	at org.springframework.web.servlet.mvc.method.annotation.RequestMappingHandlerAdapter.handleInternal(RequestMappingHandlerAdapter.java:830) ~[spring-webmvc-6.1.4.jar:6.1.4]
	at org.springframework.web.servlet.mvc.method.AbstractHandlerMethodAdapter.handle(AbstractHandlerMethodAdapter.java:87) ~[spring-webmvc-6.1.4.jar:6.1.4]
	at org.springframework.web.servlet.DispatcherServlet.doDispatch(DispatcherServlet.java:1089) ~[spring-webmvc-6.1.4.jar:6.1.4]
	at org.springframework.web.servlet.DispatcherServlet.doService(DispatcherServlet.java:979) ~[spring-webmvc-6.1.4.jar:6.1.4]
	at org.springframework.web.servlet.FrameworkServlet.processRequest(FrameworkServlet.java:1014) ~[spring-webmvc-6.1.4.jar:6.1.4]
	at org.springframework.web.servlet.FrameworkServlet.doGet(FrameworkServlet.java:903) ~[spring-webmvc-6.1.4.jar:6.1.4]
	at jakarta.servlet.http.HttpServlet.service(HttpServlet.java:564) ~[tomcat-embed-core-10.1.19.jar:6.0]
	at org.springframework.web.servlet.FrameworkServlet.service(FrameworkServlet.java:885) ~[spring-webmvc-6.1.4.jar:6.1.4]
	at jakarta.servlet.http.HttpServlet.service(HttpServlet.java:658) ~[tomcat-embed-core-10.1.19.jar:6.0]
	at org.apache.catalina.core.ApplicationFilterChain.internalDoFilter(ApplicationFilterChain.java:205) ~[tomcat-embed-core-10.1.19.jar:10.1.19]
	at org.apache.catalina.core.ApplicationFilterChain.doFilter(ApplicationFilterChain.java:149) ~[tomcat-embed-core-10.1.19.jar:10.1.19]
	at org.apache.tomcat.websocket.server.WsFilter.doFilter(WsFilter.java:51) ~[tomcat-embed-websocket-10.1.19.jar:10.1.19]
	at org.apache.catalina.core.ApplicationFilterChain.internalDoFilter(ApplicationFilterChain.java:174) ~[tomcat-embed-core-10.1.19.jar:10.1.19]
	at org.apache.catalina.core.ApplicationFilterChain.doFilter(ApplicationFilterChain.java:149) ~[tomcat-embed-core-10.1.19.jar:10.1.19]
	at org.springframework.web.filter.OncePerRequestFilter.doFilter(OncePerRequestFilter.java:110) ~[spring-web-6.1.4.jar:6.1.4]
	at org.apache.catalina.core.ApplicationFilterChain.internalDoFilter(ApplicationFilterChain.java:174) ~[tomcat-embed-core-10.1.19.jar:10.1.19]
	at org.apache.catalina.core.ApplicationFilterChain.doFilter(ApplicationFilterChain.java:149) ~[tomcat-embed-core-10.1.19.jar:10.1.19]
	at org.springframework.web.filter.CompositeFilter$VirtualFilterChain.doFilter(CompositeFilter.java:108) ~[spring-web-6.1.4.jar:6.1.4]
	at org.springframework.security.web.FilterChainProxy.lambda$doFilterInternal$3(FilterChainProxy.java:231) ~[spring-security-web-6.2.2.jar:6.2.2]
	at org.springframework.security.web.ObservationFilterChainDecorator$FilterObservation$SimpleFilterObservation.lambda$wrap$1(ObservationFilterChainDecorator.java:479) ~[spring-security-web-6.2.2.jar:6.2.2]
	at org.springframework.security.web.ObservationFilterChainDecorator$AroundFilterObservation$SimpleAroundFilterObservation.lambda$wrap$1(ObservationFilterChainDecorator.java:340) ~[spring-security-web-6.2.2.jar:6.2.2]
	at org.springframework.security.web.ObservationFilterChainDecorator.lambda$wrapSecured$0(ObservationFilterChainDecorator.java:82) ~[spring-security-web-6.2.2.jar:6.2.2]
	at org.springframework.security.web.ObservationFilterChainDecorator$VirtualFilterChain.doFilter(ObservationFilterChainDecorator.java:128) ~[spring-security-web-6.2.2.jar:6.2.2]
	at org.springframework.security.web.access.intercept.AuthorizationFilter.doFilter(AuthorizationFilter.java:100) ~[spring-security-web-6.2.2.jar:6.2.2]
	at org.springframework.security.web.ObservationFilterChainDecorator$ObservationFilter.wrapFilter(ObservationFilterChainDecorator.java:240) ~[spring-security-web-6.2.2.jar:6.2.2]
	at org.springframework.security.web.ObservationFilterChainDecorator$ObservationFilter.doFilter(ObservationFilterChainDecorator.java:227) ~[spring-security-web-6.2.2.jar:6.2.2]
	at org.springframework.security.web.ObservationFilterChainDecorator$VirtualFilterChain.doFilter(ObservationFilterChainDecorator.java:137) ~[spring-security-web-6.2.2.jar:6.2.2]
	at org.springframework.security.web.access.ExceptionTranslationFilter.doFilter(ExceptionTranslationFilter.java:126) ~[spring-security-web-6.2.2.jar:6.2.2]
	at org.springframework.security.web.access.ExceptionTranslationFilter.doFilter(ExceptionTranslationFilter.java:120) ~[spring-security-web-6.2.2.jar:6.2.2]
	at org.springframework.security.web.ObservationFilterChainDecorator$ObservationFilter.wrapFilter(ObservationFilterChainDecorator.java:240) ~[spring-security-web-6.2.2.jar:6.2.2]
	at org.springframework.security.web.ObservationFilterChainDecorator$ObservationFilter.doFilter(ObservationFilterChainDecorator.java:227) ~[spring-security-web-6.2.2.jar:6.2.2]
	at org.springframework.security.web.ObservationFilterChainDecorator$VirtualFilterChain.doFilter(ObservationFilterChainDecorator.java:137) ~[spring-security-web-6.2.2.jar:6.2.2]
	at org.springframework.security.web.session.SessionManagementFilter.doFilter(SessionManagementFilter.java:131) ~[spring-security-web-6.2.2.jar:6.2.2]
	at org.springframework.security.web.session.SessionManagementFilter.doFilter(SessionManagementFilter.java:85) ~[spring-security-web-6.2.2.jar:6.2.2]
	at org.springframework.security.web.ObservationFilterChainDecorator$ObservationFilter.wrapFilter(ObservationFilterChainDecorator.java:240) ~[spring-security-web-6.2.2.jar:6.2.2]
	at org.springframework.security.web.ObservationFilterChainDecorator$ObservationFilter.doFilter(ObservationFilterChainDecorator.java:227) ~[spring-security-web-6.2.2.jar:6.2.2]
	at org.springframework.security.web.ObservationFilterChainDecorator$VirtualFilterChain.doFilter(ObservationFilterChainDecorator.java:137) ~[spring-security-web-6.2.2.jar:6.2.2]
	at org.springframework.security.web.authentication.AnonymousAuthenticationFilter.doFilter(AnonymousAuthenticationFilter.java:100) ~[spring-security-web-6.2.2.jar:6.2.2]
	at org.springframework.security.web.ObservationFilterChainDecorator$ObservationFilter.wrapFilter(ObservationFilterChainDecorator.java:240) ~[spring-security-web-6.2.2.jar:6.2.2]
	at org.springframework.security.web.ObservationFilterChainDecorator$ObservationFilter.doFilter(ObservationFilterChainDecorator.java:227) ~[spring-security-web-6.2.2.jar:6.2.2]
	at org.springframework.security.web.ObservationFilterChainDecorator$VirtualFilterChain.doFilter(ObservationFilterChainDecorator.java:137) ~[spring-security-web-6.2.2.jar:6.2.2]
	at org.springframework.security.web.servletapi.SecurityContextHolderAwareRequestFilter.doFilter(SecurityContextHolderAwareRequestFilter.java:179) ~[spring-security-web-6.2.2.jar:6.2.2]
	at org.springframework.security.web.ObservationFilterChainDecorator$ObservationFilter.wrapFilter(ObservationFilterChainDecorator.java:240) ~[spring-security-web-6.2.2.jar:6.2.2]
	at org.springframework.security.web.ObservationFilterChainDecorator$ObservationFilter.doFilter(ObservationFilterChainDecorator.java:227) ~[spring-security-web-6.2.2.jar:6.2.2]
	at org.springframework.security.web.ObservationFilterChainDecorator$VirtualFilterChain.doFilter(ObservationFilterChainDecorator.java:137) ~[spring-security-web-6.2.2.jar:6.2.2]
	at org.springframework.security.web.savedrequest.RequestCacheAwareFilter.doFilter(RequestCacheAwareFilter.java:63) ~[spring-security-web-6.2.2.jar:6.2.2]
	at org.springframework.security.web.ObservationFilterChainDecorator$ObservationFilter.wrapFilter(ObservationFilterChainDecorator.java:240) ~[spring-security-web-6.2.2.jar:6.2.2]
	at org.springframework.security.web.ObservationFilterChainDecorator$ObservationFilter.doFilter(ObservationFilterChainDecorator.java:227) ~[spring-security-web-6.2.2.jar:6.2.2]
	at org.springframework.security.web.ObservationFilterChainDecorator$VirtualFilterChain.doFilter(ObservationFilterChainDecorator.java:137) ~[spring-security-web-6.2.2.jar:6.2.2]
	at com.ecommerce.product_service.security.JwtAuthenticationFilter.doFilterInternal(JwtAuthenticationFilter.java:67) ~[classes/:na]
	at org.springframework.web.filter.OncePerRequestFilter.doFilter(OncePerRequestFilter.java:116) ~[spring-web-6.1.4.jar:6.1.4]
	at org.springframework.security.web.ObservationFilterChainDecorator$ObservationFilter.wrapFilter(ObservationFilterChainDecorator.java:240) ~[spring-security-web-6.2.2.jar:6.2.2]
	at org.springframework.security.web.ObservationFilterChainDecorator$ObservationFilter.doFilter(ObservationFilterChainDecorator.java:227) ~[spring-security-web-6.2.2.jar:6.2.2]
	at org.springframework.security.web.ObservationFilterChainDecorator$VirtualFilterChain.doFilter(ObservationFilterChainDecorator.java:137) ~[spring-security-web-6.2.2.jar:6.2.2]
	at org.springframework.security.web.authentication.logout.LogoutFilter.doFilter(LogoutFilter.java:107) ~[spring-security-web-6.2.2.jar:6.2.2]
	at org.springframework.security.web.authentication.logout.LogoutFilter.doFilter(LogoutFilter.java:93) ~[spring-security-web-6.2.2.jar:6.2.2]
	at org.springframework.security.web.ObservationFilterChainDecorator$ObservationFilter.wrapFilter(ObservationFilterChainDecorator.java:240) ~[spring-security-web-6.2.2.jar:6.2.2]
	at org.springframework.security.web.ObservationFilterChainDecorator$ObservationFilter.doFilter(ObservationFilterChainDecorator.java:227) ~[spring-security-web-6.2.2.jar:6.2.2]
	at org.springframework.security.web.ObservationFilterChainDecorator$VirtualFilterChain.doFilter(ObservationFilterChainDecorator.java:137) ~[spring-security-web-6.2.2.jar:6.2.2]
	at org.springframework.web.filter.CorsFilter.doFilterInternal(CorsFilter.java:91) ~[spring-web-6.1.4.jar:6.1.4]
	at org.springframework.web.filter.OncePerRequestFilter.doFilter(OncePerRequestFilter.java:116) ~[spring-web-6.1.4.jar:6.1.4]
	at org.springframework.security.web.ObservationFilterChainDecorator$ObservationFilter.wrapFilter(ObservationFilterChainDecorator.java:240) ~[spring-security-web-6.2.2.jar:6.2.2]
	at org.springframework.security.web.ObservationFilterChainDecorator$ObservationFilter.doFilter(ObservationFilterChainDecorator.java:227) ~[spring-security-web-6.2.2.jar:6.2.2]
	at org.springframework.security.web.ObservationFilterChainDecorator$VirtualFilterChain.doFilter(ObservationFilterChainDecorator.java:137) ~[spring-security-web-6.2.2.jar:6.2.2]
	at org.springframework.security.web.header.HeaderWriterFilter.doHeadersAfter(HeaderWriterFilter.java:90) ~[spring-security-web-6.2.2.jar:6.2.2]
	at org.springframework.security.web.header.HeaderWriterFilter.doFilterInternal(HeaderWriterFilter.java:75) ~[spring-security-web-6.2.2.jar:6.2.2]
	at org.springframework.web.filter.OncePerRequestFilter.doFilter(OncePerRequestFilter.java:116) ~[spring-web-6.1.4.jar:6.1.4]
	at org.springframework.security.web.ObservationFilterChainDecorator$ObservationFilter.wrapFilter(ObservationFilterChainDecorator.java:240) ~[spring-security-web-6.2.2.jar:6.2.2]
	at org.springframework.security.web.ObservationFilterChainDecorator$ObservationFilter.doFilter(ObservationFilterChainDecorator.java:227) ~[spring-security-web-6.2.2.jar:6.2.2]
	at org.springframework.security.web.ObservationFilterChainDecorator$VirtualFilterChain.doFilter(ObservationFilterChainDecorator.java:137) ~[spring-security-web-6.2.2.jar:6.2.2]
	at org.springframework.security.web.context.SecurityContextHolderFilter.doFilter(SecurityContextHolderFilter.java:82) ~[spring-security-web-6.2.2.jar:6.2.2]
	at org.springframework.security.web.context.SecurityContextHolderFilter.doFilter(SecurityContextHolderFilter.java:69) ~[spring-security-web-6.2.2.jar:6.2.2]
	at org.springframework.security.web.ObservationFilterChainDecorator$ObservationFilter.wrapFilter(ObservationFilterChainDecorator.java:240) ~[spring-security-web-6.2.2.jar:6.2.2]
	at org.springframework.security.web.ObservationFilterChainDecorator$ObservationFilter.doFilter(ObservationFilterChainDecorator.java:227) ~[spring-security-web-6.2.2.jar:6.2.2]
	at org.springframework.security.web.ObservationFilterChainDecorator$VirtualFilterChain.doFilter(ObservationFilterChainDecorator.java:137) ~[spring-security-web-6.2.2.jar:6.2.2]
	at org.springframework.security.web.context.request.async.WebAsyncManagerIntegrationFilter.doFilterInternal(WebAsyncManagerIntegrationFilter.java:62) ~[spring-security-web-6.2.2.jar:6.2.2]
	at org.springframework.web.filter.OncePerRequestFilter.doFilter(OncePerRequestFilter.java:116) ~[spring-web-6.1.4.jar:6.1.4]
	at org.springframework.security.web.ObservationFilterChainDecorator$ObservationFilter.wrapFilter(ObservationFilterChainDecorator.java:240) ~[spring-security-web-6.2.2.jar:6.2.2]
	at org.springframework.security.web.ObservationFilterChainDecorator$ObservationFilter.doFilter(ObservationFilterChainDecorator.java:227) ~[spring-security-web-6.2.2.jar:6.2.2]
	at org.springframework.security.web.ObservationFilterChainDecorator$VirtualFilterChain.doFilter(ObservationFilterChainDecorator.java:137) ~[spring-security-web-6.2.2.jar:6.2.2]
	at org.springframework.security.web.session.DisableEncodeUrlFilter.doFilterInternal(DisableEncodeUrlFilter.java:42) ~[spring-security-web-6.2.2.jar:6.2.2]
	at org.springframework.web.filter.OncePerRequestFilter.doFilter(OncePerRequestFilter.java:116) ~[spring-web-6.1.4.jar:6.1.4]
	at org.springframework.security.web.ObservationFilterChainDecorator$ObservationFilter.wrapFilter(ObservationFilterChainDecorator.java:240) ~[spring-security-web-6.2.2.jar:6.2.2]
	at org.springframework.security.web.ObservationFilterChainDecorator$AroundFilterObservation$SimpleAroundFilterObservation.lambda$wrap$0(ObservationFilterChainDecorator.java:323) ~[spring-security-web-6.2.2.jar:6.2.2]
	at org.springframework.security.web.ObservationFilterChainDecorator$ObservationFilter.doFilter(ObservationFilterChainDecorator.java:224) ~[spring-security-web-6.2.2.jar:6.2.2]
	at org.springframework.security.web.ObservationFilterChainDecorator$VirtualFilterChain.doFilter(ObservationFilterChainDecorator.java:137) ~[spring-security-web-6.2.2.jar:6.2.2]
	at org.springframework.security.web.FilterChainProxy.doFilterInternal(FilterChainProxy.java:233) ~[spring-security-web-6.2.2.jar:6.2.2]
	at org.springframework.security.web.FilterChainProxy.doFilter(FilterChainProxy.java:191) ~[spring-security-web-6.2.2.jar:6.2.2]
	at org.springframework.web.filter.CompositeFilter$VirtualFilterChain.doFilter(CompositeFilter.java:113) ~[spring-web-6.1.4.jar:6.1.4]
	at org.springframework.web.servlet.handler.HandlerMappingIntrospector.lambda$createCacheFilter$3(HandlerMappingIntrospector.java:195) ~[spring-webmvc-6.1.4.jar:6.1.4]
	at org.springframework.web.filter.CompositeFilter$VirtualFilterChain.doFilter(CompositeFilter.java:113) ~[spring-web-6.1.4.jar:6.1.4]
	at org.springframework.web.filter.CompositeFilter.doFilter(CompositeFilter.java:74) ~[spring-web-6.1.4.jar:6.1.4]
	at org.springframework.security.config.annotation.web.configuration.WebMvcSecurityConfiguration$CompositeFilterChainProxy.doFilter(WebMvcSecurityConfiguration.java:230) ~[spring-security-config-6.2.2.jar:6.2.2]
	at org.springframework.web.filter.DelegatingFilterProxy.invokeDelegate(DelegatingFilterProxy.java:352) ~[spring-web-6.1.4.jar:6.1.4]
	at org.springframework.web.filter.DelegatingFilterProxy.doFilter(DelegatingFilterProxy.java:268) ~[spring-web-6.1.4.jar:6.1.4]
	at org.apache.catalina.core.ApplicationFilterChain.internalDoFilter(ApplicationFilterChain.java:174) ~[tomcat-embed-core-10.1.19.jar:10.1.19]
	at org.apache.catalina.core.ApplicationFilterChain.doFilter(ApplicationFilterChain.java:149) ~[tomcat-embed-core-10.1.19.jar:10.1.19]
	at org.springframework.web.filter.RequestContextFilter.doFilterInternal(RequestContextFilter.java:100) ~[spring-web-6.1.4.jar:6.1.4]
	at org.springframework.web.filter.OncePerRequestFilter.doFilter(OncePerRequestFilter.java:116) ~[spring-web-6.1.4.jar:6.1.4]
	at org.apache.catalina.core.ApplicationFilterChain.internalDoFilter(ApplicationFilterChain.java:174) ~[tomcat-embed-core-10.1.19.jar:10.1.19]
	at org.apache.catalina.core.ApplicationFilterChain.doFilter(ApplicationFilterChain.java:149) ~[tomcat-embed-core-10.1.19.jar:10.1.19]
	at org.springframework.web.filter.FormContentFilter.doFilterInternal(FormContentFilter.java:93) ~[spring-web-6.1.4.jar:6.1.4]
	at org.springframework.web.filter.OncePerRequestFilter.doFilter(OncePerRequestFilter.java:116) ~[spring-web-6.1.4.jar:6.1.4]
	at org.apache.catalina.core.ApplicationFilterChain.internalDoFilter(ApplicationFilterChain.java:174) ~[tomcat-embed-core-10.1.19.jar:10.1.19]
	at org.apache.catalina.core.ApplicationFilterChain.doFilter(ApplicationFilterChain.java:149) ~[tomcat-embed-core-10.1.19.jar:10.1.19]
	at org.springframework.web.filter.ServerHttpObservationFilter.doFilterInternal(ServerHttpObservationFilter.java:109) ~[spring-web-6.1.4.jar:6.1.4]
	at org.springframework.web.filter.OncePerRequestFilter.doFilter(OncePerRequestFilter.java:116) ~[spring-web-6.1.4.jar:6.1.4]
	at org.apache.catalina.core.ApplicationFilterChain.internalDoFilter(ApplicationFilterChain.java:174) ~[tomcat-embed-core-10.1.19.jar:10.1.19]
	at org.apache.catalina.core.ApplicationFilterChain.doFilter(ApplicationFilterChain.java:149) ~[tomcat-embed-core-10.1.19.jar:10.1.19]
	at org.springframework.web.filter.CharacterEncodingFilter.doFilterInternal(CharacterEncodingFilter.java:201) ~[spring-web-6.1.4.jar:6.1.4]
	at org.springframework.web.filter.OncePerRequestFilter.doFilter(OncePerRequestFilter.java:116) ~[spring-web-6.1.4.jar:6.1.4]
	at org.apache.catalina.core.ApplicationFilterChain.internalDoFilter(ApplicationFilterChain.java:174) ~[tomcat-embed-core-10.1.19.jar:10.1.19]
	at org.apache.catalina.core.ApplicationFilterChain.doFilter(ApplicationFilterChain.java:149) ~[tomcat-embed-core-10.1.19.jar:10.1.19]
	at org.apache.catalina.core.StandardWrapperValve.invoke(StandardWrapperValve.java:167) ~[tomcat-embed-core-10.1.19.jar:10.1.19]
	at org.apache.catalina.core.StandardContextValve.invoke(StandardContextValve.java:90) ~[tomcat-embed-core-10.1.19.jar:10.1.19]
	at org.apache.catalina.authenticator.AuthenticatorBase.invoke(AuthenticatorBase.java:482) ~[tomcat-embed-core-10.1.19.jar:10.1.19]
	at org.apache.catalina.core.StandardHostValve.invoke(StandardHostValve.java:115) ~[tomcat-embed-core-10.1.19.jar:10.1.19]
	at org.apache.catalina.valves.ErrorReportValve.invoke(ErrorReportValve.java:93) ~[tomcat-embed-core-10.1.19.jar:10.1.19]
	at org.apache.catalina.core.StandardEngineValve.invoke(StandardEngineValve.java:74) ~[tomcat-embed-core-10.1.19.jar:10.1.19]
	at org.apache.catalina.connector.CoyoteAdapter.service(CoyoteAdapter.java:344) ~[tomcat-embed-core-10.1.19.jar:10.1.19]
	at org.apache.coyote.http11.Http11Processor.service(Http11Processor.java:391) ~[tomcat-embed-core-10.1.19.jar:10.1.19]
	at org.apache.coyote.AbstractProcessorLight.process(AbstractProcessorLight.java:63) ~[tomcat-embed-core-10.1.19.jar:10.1.19]
	at org.apache.coyote.AbstractProtocol$ConnectionHandler.process(AbstractProtocol.java:896) ~[tomcat-embed-core-10.1.19.jar:10.1.19]
	at org.apache.tomcat.util.net.NioEndpoint$SocketProcessor.doRun(NioEndpoint.java:1744) ~[tomcat-embed-core-10.1.19.jar:10.1.19]
	at org.apache.tomcat.util.net.SocketProcessorBase.run(SocketProcessorBase.java:52) ~[tomcat-embed-core-10.1.19.jar:10.1.19]
	at org.apache.tomcat.util.threads.ThreadPoolExecutor.runWorker(ThreadPoolExecutor.java:1191) ~[tomcat-embed-core-10.1.19.jar:10.1.19]
	at org.apache.tomcat.util.threads.ThreadPoolExecutor$Worker.run(ThreadPoolExecutor.java:659) ~[tomcat-embed-core-10.1.19.jar:10.1.19]
	at org.apache.tomcat.util.threads.TaskThread$WrappingRunnable.run(TaskThread.java:63) ~[tomcat-embed-core-10.1.19.jar:10.1.19]
	at java.base/java.lang.Thread.run(Thread.java:1583) ~[na:na]
Caused by: com.fasterxml.jackson.databind.JsonMappingException: Couldn't serialize object createdAt: DESC (through reference chain: com.ecommerce.product_service.model.response.ApiResponse["data"]->org.springframework.data.domain.PageImpl["sort"])
	at com.fasterxml.jackson.databind.JsonMappingException.wrapWithPath(JsonMappingException.java:402) ~[jackson-databind-2.15.4.jar:2.15.4]
	at com.fasterxml.jackson.databind.JsonMappingException.wrapWithPath(JsonMappingException.java:361) ~[jackson-databind-2.15.4.jar:2.15.4]
	at com.fasterxml.jackson.databind.ser.std.StdSerializer.wrapAndThrow(StdSerializer.java:323) ~[jackson-databind-2.15.4.jar:2.15.4]
	at com.fasterxml.jackson.databind.ser.std.BeanSerializerBase.serializeFields(BeanSerializerBase.java:780) ~[jackson-databind-2.15.4.jar:2.15.4]
	at com.fasterxml.jackson.databind.ser.BeanSerializer.serialize(BeanSerializer.java:178) ~[jackson-databind-2.15.4.jar:2.15.4]
	at com.fasterxml.jackson.databind.ser.BeanPropertyWriter.serializeAsField(BeanPropertyWriter.java:732) ~[jackson-databind-2.15.4.jar:2.15.4]
	at com.fasterxml.jackson.databind.ser.std.BeanSerializerBase.serializeFields(BeanSerializerBase.java:772) ~[jackson-databind-2.15.4.jar:2.15.4]
	at com.fasterxml.jackson.databind.ser.BeanSerializer.serialize(BeanSerializer.java:178) ~[jackson-databind-2.15.4.jar:2.15.4]
	at com.fasterxml.jackson.databind.ser.DefaultSerializerProvider._serialize(DefaultSerializerProvider.java:479) ~[jackson-databind-2.15.4.jar:2.15.4]
	at com.fasterxml.jackson.databind.ser.DefaultSerializerProvider.serializeValue(DefaultSerializerProvider.java:318) ~[jackson-databind-2.15.4.jar:2.15.4]
	at com.fasterxml.jackson.databind.ObjectWriter$Prefetch.serialize(ObjectWriter.java:1572) ~[jackson-databind-2.15.4.jar:2.15.4]
	at com.fasterxml.jackson.databind.ObjectWriter.writeValue(ObjectWriter.java:1061) ~[jackson-databind-2.15.4.jar:2.15.4]
	at org.springframework.http.converter.json.AbstractJackson2HttpMessageConverter.writeInternal(AbstractJackson2HttpMessageConverter.java:483) ~[spring-web-6.1.4.jar:6.1.4]
	... 135 common frames omitted
Caused by: feign.codec.EncodeException: Couldn't serialize object createdAt: DESC
	at org.springframework.cloud.openfeign.support.SortJsonComponent$SortSerializer.lambda$serialize$0(SortJsonComponent.java:54) ~[spring-cloud-openfeign-core-4.1.0.jar:4.1.0]
	at java.base/java.util.ArrayList$Itr.forEachRemaining(ArrayList.java:1085) ~[na:na]
	at org.springframework.cloud.openfeign.support.SortJsonComponent$SortSerializer.serialize(SortJsonComponent.java:49) ~[spring-cloud-openfeign-core-4.1.0.jar:4.1.0]
	at org.springframework.cloud.openfeign.support.SortJsonComponent$SortSerializer.serialize(SortJsonComponent.java:44) ~[spring-cloud-openfeign-core-4.1.0.jar:4.1.0]
	at com.fasterxml.jackson.databind.ser.BeanPropertyWriter.serializeAsField(BeanPropertyWriter.java:732) ~[jackson-databind-2.15.4.jar:2.15.4]
	at com.fasterxml.jackson.databind.ser.std.BeanSerializerBase.serializeFields(BeanSerializerBase.java:772) ~[jackson-databind-2.15.4.jar:2.15.4]
	... 144 common frames omitted

2026-03-25T22:27:25.932+05:30  WARN 18736 --- [product-service] [http-nio-8082-exec-1] .w.s.m.s.DefaultHandlerExceptionResolver : Ignoring exception, response committed already: org.springframework.http.converter.HttpMessageNotWritableException: Could not write JSON: Couldn't serialize object createdAt: DESC
2026-03-25T22:27:25.933+05:30  WARN 18736 --- [product-service] [http-nio-8082-exec-1] .w.s.m.s.DefaultHandlerExceptionResolver : Resolved [org.springframework.http.converter.HttpMessageNotWritableException: Could not write JSON: Couldn't serialize object createdAt: DESC]
2026-03-25T22:28:12.128+05:30  INFO 18736 --- [product-service] [AsyncResolver-bootstrap-executor-0] c.n.d.s.r.aws.ConfigClusterResolver      : Resolving eureka endpoints via configuration
2026-03-25T22:30:44.740+05:30  WARN 18736 --- [product-service] [http-nio-8082-exec-3] org.hibernate.orm.query                  : HHH90003004: firstResult/maxResults specified with collection fetch; applying in memory
2026-03-25T22:30:44.839+05:30 DEBUG 18736 --- [product-service] [http-nio-8082-exec-3] org.hibernate.SQL                        : 
    select
        distinct p1_0.id,
        p1_0.attributes,
        p1_0.average_rating,
        p1_0.brand_name,
        p1_0.category_id,
        c1_0.id,
        c1_0.created_at,
        c1_0.description,
        c1_0.display_order,
        c1_0.image_url,
        c1_0.is_active,
        c1_0.name,
        c1_0.parent_id,
        c1_0.slug,
        p1_0.compare_at_price,
        p1_0.cost_price,
        p1_0.created_at,
        p1_0.description,
        i1_0.product_id,
        i1_0.id,
        i1_0.alt_text,
        i1_0.display_order,
        i1_0.image_url,
        i1_0.is_primary,
        i2_0.id,
        i2_0.last_updated,
        i2_0.low_stock_threshold,
        i2_0.product_id,
        i2_0.quantity,
        i2_0.reserved_quantity,
        i2_0.warehouse_location,
        p1_0.name,
        p1_0.price,
        p1_0.review_count,
        p1_0.short_description,
        p1_0.sku,
        p1_0.sold_count,
        p1_0.status,
        p1_0.tags,
        p1_0.updated_at,
        p1_0.version,
        p1_0.view_count,
        p1_0.weight 
    from
        products p1_0 
    left join
        product_images i1_0 
            on p1_0.id=i1_0.product_id 
    left join
        inventories i2_0 
            on p1_0.id=i2_0.product_id 
    left join
        categories c1_0 
            on c1_0.id=p1_0.category_id 
    where
        p1_0.status=? 
        and (
            ? is null 
            or c1_0.id=?
        ) 
        and (
            ? is null 
            or lower(p1_0.brand_name)=lower(?)
        ) 
        and (
            ? is null 
            or p1_0.price>=?
        ) 
        and (
            ? is null 
            or p1_0.price<=?
        ) 
        and (
            ? is null 
            or lower(p1_0.name) like lower(concat('%', ?, '%')) escape '' 
            or lower(p1_0.brand_name) like lower(concat('%', ?, '%')) escape ''
        ) 
        and (
            ? is null 
            or (
                ?=1 
                and i2_0.quantity>0
            ) 
            or (
                ?=0 
                and i2_0.quantity=0
            )
        ) 
    order by
        p1_0.created_at desc
2026-03-25T22:30:45.889+05:30 DEBUG 18736 --- [product-service] [http-nio-8082-exec-3] org.hibernate.SQL                        : 
    select
        count(distinct p1_0.id) 
    from
        products p1_0 
    left join
        product_images i1_0 
            on p1_0.id=i1_0.product_id 
    left join
        inventories i2_0 
            on p1_0.id=i2_0.product_id 
    left join
        categories c1_0 
            on c1_0.id=p1_0.category_id 
    where
        p1_0.status=? 
        and (
            ? is null 
            or c1_0.id=?
        ) 
        and (
            ? is null 
            or lower(p1_0.brand_name)=lower(?)
        ) 
        and (
            ? is null 
            or p1_0.price>=?
        ) 
        and (
            ? is null 
            or p1_0.price<=?
        ) 
        and (
            ? is null 
            or lower(p1_0.name) like lower(concat('%', ?, '%')) escape '' 
            or lower(p1_0.brand_name) like lower(concat('%', ?, '%')) escape ''
        ) 
        and (
            ? is null 
            or (
                ?=1 
                and i2_0.quantity>0
            ) 
            or (
                ?=0 
                and i2_0.quantity=0
            )
        )
2026-03-25T22:31:07.098+05:30 DEBUG 18736 --- [product-service] [http-nio-8082-exec-4] org.hibernate.SQL                        : 
    select
        c1_0.id,
        c1_0.created_at,
        c1_0.description,
        c1_0.display_order,
        c1_0.image_url,
        c1_0.is_active,
        c1_0.name,
        c1_0.parent_id,
        c1_0.slug 
    from
        categories c1_0 
    where
        c1_0.is_active 
    order by
        c1_0.display_order
2026-03-25T22:31:07.669+05:30  WARN 18736 --- [product-service] [http-nio-8082-exec-5] org.hibernate.orm.query                  : HHH90003004: firstResult/maxResults specified with collection fetch; applying in memory
2026-03-25T22:31:07.669+05:30 DEBUG 18736 --- [product-service] [http-nio-8082-exec-5] org.hibernate.SQL                        : 
    select
        distinct p1_0.id,
        p1_0.attributes,
        p1_0.average_rating,
        p1_0.brand_name,
        p1_0.category_id,
        c1_0.id,
        c1_0.created_at,
        c1_0.description,
        c1_0.display_order,
        c1_0.image_url,
        c1_0.is_active,
        c1_0.name,
        c1_0.parent_id,
        c1_0.slug,
        p1_0.compare_at_price,
        p1_0.cost_price,
        p1_0.created_at,
        p1_0.description,
        i1_0.product_id,
        i1_0.id,
        i1_0.alt_text,
        i1_0.display_order,
        i1_0.image_url,
        i1_0.is_primary,
        i2_0.id,
        i2_0.last_updated,
        i2_0.low_stock_threshold,
        i2_0.product_id,
        i2_0.quantity,
        i2_0.reserved_quantity,
        i2_0.warehouse_location,
        p1_0.name,
        p1_0.price,
        p1_0.review_count,
        p1_0.short_description,
        p1_0.sku,
        p1_0.sold_count,
        p1_0.status,
        p1_0.tags,
        p1_0.updated_at,
        p1_0.version,
        p1_0.view_count,
        p1_0.weight 
    from
        products p1_0 
    left join
        product_images i1_0 
            on p1_0.id=i1_0.product_id 
    left join
        inventories i2_0 
            on p1_0.id=i2_0.product_id 
    left join
        categories c1_0 
            on c1_0.id=p1_0.category_id 
    where
        p1_0.status=? 
        and (
            ? is null 
            or c1_0.id=?
        ) 
        and (
            ? is null 
            or lower(p1_0.brand_name)=lower(?)
        ) 
        and (
            ? is null 
            or p1_0.price>=?
        ) 
        and (
            ? is null 
            or p1_0.price<=?
        ) 
        and (
            ? is null 
            or lower(p1_0.name) like lower(concat('%', ?, '%')) escape '' 
            or lower(p1_0.brand_name) like lower(concat('%', ?, '%')) escape ''
        ) 
        and (
            ? is null 
            or (
                ?=1 
                and i2_0.quantity>0
            ) 
            or (
                ?=0 
                and i2_0.quantity=0
            )
        ) 
    order by
        p1_0.created_at desc
2026-03-25T22:31:09.039+05:30 DEBUG 18736 --- [product-service] [http-nio-8082-exec-5] org.hibernate.SQL                        : 
    select
        count(distinct p1_0.id) 
    from
        products p1_0 
    left join
        product_images i1_0 
            on p1_0.id=i1_0.product_id 
    left join
        inventories i2_0 
            on p1_0.id=i2_0.product_id 
    left join
        categories c1_0 
            on c1_0.id=p1_0.category_id 
    where
        p1_0.status=? 
        and (
            ? is null 
            or c1_0.id=?
        ) 
        and (
            ? is null 
            or lower(p1_0.brand_name)=lower(?)
        ) 
        and (
            ? is null 
            or p1_0.price>=?
        ) 
        and (
            ? is null 
            or p1_0.price<=?
        ) 
        and (
            ? is null 
            or lower(p1_0.name) like lower(concat('%', ?, '%')) escape '' 
            or lower(p1_0.brand_name) like lower(concat('%', ?, '%')) escape ''
        ) 
        and (
            ? is null 
            or (
                ?=1 
                and i2_0.quantity>0
            ) 
            or (
                ?=0 
                and i2_0.quantity=0
            )
        )
2026-03-25T22:33:12.131+05:30  INFO 18736 --- [product-service] [AsyncResolver-bootstrap-executor-0] c.n.d.s.r.aws.ConfigClusterResolver      : Resolving eureka endpoints via configuration
2026-03-25T22:33:48.318+05:30  WARN 18736 --- [product-service] [http-nio-8082-exec-9] org.hibernate.orm.query                  : HHH90003004: firstResult/maxResults specified with collection fetch; applying in memory
2026-03-25T22:33:48.330+05:30 DEBUG 18736 --- [product-service] [http-nio-8082-exec-9] org.hibernate.SQL                        : 
    select
        distinct p1_0.id,
        p1_0.attributes,
        p1_0.average_rating,
        p1_0.brand_name,
        p1_0.category_id,
        c1_0.id,
        c1_0.created_at,
        c1_0.description,
        c1_0.display_order,
        c1_0.image_url,
        c1_0.is_active,
        c1_0.name,
        c1_0.parent_id,
        c1_0.slug,
        p1_0.compare_at_price,
        p1_0.cost_price,
        p1_0.created_at,
        p1_0.description,
        i1_0.product_id,
        i1_0.id,
        i1_0.alt_text,
        i1_0.display_order,
        i1_0.image_url,
        i1_0.is_primary,
        i2_0.id,
        i2_0.last_updated,
        i2_0.low_stock_threshold,
        i2_0.product_id,
        i2_0.quantity,
        i2_0.reserved_quantity,
        i2_0.warehouse_location,
        p1_0.name,
        p1_0.price,
        p1_0.review_count,
        p1_0.short_description,
        p1_0.sku,
        p1_0.sold_count,
        p1_0.status,
        p1_0.tags,
        p1_0.updated_at,
        p1_0.version,
        p1_0.view_count,
        p1_0.weight 
    from
        products p1_0 
    left join
        product_images i1_0 
            on p1_0.id=i1_0.product_id 
    left join
        inventories i2_0 
            on p1_0.id=i2_0.product_id 
    left join
        categories c1_0 
            on c1_0.id=p1_0.category_id 
    where
        p1_0.status=? 
        and (
            ? is null 
            or c1_0.id=?
        ) 
        and (
            ? is null 
            or lower(p1_0.brand_name)=lower(?)
        ) 
        and (
            ? is null 
            or p1_0.price>=?
        ) 
        and (
            ? is null 
            or p1_0.price<=?
        ) 
        and (
            ? is null 
            or lower(p1_0.name) like lower(concat('%', ?, '%')) escape '' 
            or lower(p1_0.brand_name) like lower(concat('%', ?, '%')) escape ''
        ) 
        and (
            ? is null 
            or (
                ?=1 
                and i2_0.quantity>0
            ) 
            or (
                ?=0 
                and i2_0.quantity=0
            )
        ) 
    order by
        p1_0.created_at desc
2026-03-25T22:33:48.639+05:30 DEBUG 18736 --- [product-service] [http-nio-8082-exec-9] org.hibernate.SQL                        : 
    select
        count(distinct p1_0.id) 
    from
        products p1_0 
    left join
        product_images i1_0 
            on p1_0.id=i1_0.product_id 
    left join
        inventories i2_0 
            on p1_0.id=i2_0.product_id 
    left join
        categories c1_0 
            on c1_0.id=p1_0.category_id 
    where
        p1_0.status=? 
        and (
            ? is null 
            or c1_0.id=?
        ) 
        and (
            ? is null 
            or lower(p1_0.brand_name)=lower(?)
        ) 
        and (
            ? is null 
            or p1_0.price>=?
        ) 
        and (
            ? is null 
            or p1_0.price<=?
        ) 
        and (
            ? is null 
            or lower(p1_0.name) like lower(concat('%', ?, '%')) escape '' 
            or lower(p1_0.brand_name) like lower(concat('%', ?, '%')) escape ''
        ) 
        and (
            ? is null 
            or (
                ?=1 
                and i2_0.quantity>0
            ) 
            or (
                ?=0 
                and i2_0.quantity=0
            )
        )
2026-03-25T22:37:06.780+05:30  WARN 18736 --- [product-service] [DiscoveryClient-0] c.netflix.discovery.TimedSupervisorTask  : task supervisor timed out

java.util.concurrent.TimeoutException: null
	at java.base/java.util.concurrent.FutureTask.get(FutureTask.java:204) ~[na:na]
	at com.netflix.discovery.TimedSupervisorTask.run(TimedSupervisorTask.java:68) ~[eureka-client-2.0.1.jar:2.0.1]
	at java.base/java.util.concurrent.Executors$RunnableAdapter.call(Executors.java:572) ~[na:na]
	at java.base/java.util.concurrent.FutureTask.run$$$capture(FutureTask.java:317) ~[na:na]
	at java.base/java.util.concurrent.FutureTask.run(FutureTask.java) ~[na:na]
	at java.base/java.util.concurrent.ScheduledThreadPoolExecutor$ScheduledFutureTask.run(ScheduledThreadPoolExecutor.java:304) ~[na:na]
	at java.base/java.util.concurrent.ThreadPoolExecutor.runWorker(ThreadPoolExecutor.java:1144) ~[na:na]
	at java.base/java.util.concurrent.ThreadPoolExecutor$Worker.run(ThreadPoolExecutor.java:642) ~[na:na]
	at java.base/java.lang.Thread.run(Thread.java:1583) ~[na:na]

2026-03-25T22:38:20.507+05:30  INFO 18736 --- [product-service] [AsyncResolver-bootstrap-executor-0] c.n.d.s.r.aws.ConfigClusterResolver      : Resolving eureka endpoints via configuration
2026-03-25T22:38:48.257+05:30  WARN 18736 --- [product-service] [ProductServicePool housekeeper] com.zaxxer.hikari.pool.HikariPool        : ProductServicePool - Thread starvation or clock leap detected (housekeeper delta=1m25s934ms325µs400ns).
2026-03-25T22:44:29.506+05:30  INFO 18736 --- [product-service] [AsyncResolver-bootstrap-executor-0] c.n.d.s.r.aws.ConfigClusterResolver      : Resolving eureka endpoints via configuration
2026-03-25T22:44:29.506+05:30  WARN 18736 --- [product-service] [DiscoveryClient-0] c.netflix.discovery.TimedSupervisorTask  : task supervisor timed out

java.util.concurrent.TimeoutException: null
	at java.base/java.util.concurrent.FutureTask.get(FutureTask.java:204) ~[na:na]
	at com.netflix.discovery.TimedSupervisorTask.run(TimedSupervisorTask.java:68) ~[eureka-client-2.0.1.jar:2.0.1]
	at java.base/java.util.concurrent.Executors$RunnableAdapter.call(Executors.java:572) ~[na:na]
	at java.base/java.util.concurrent.FutureTask.run$$$capture(FutureTask.java:317) ~[na:na]
	at java.base/java.util.concurrent.FutureTask.run(FutureTask.java) ~[na:na]
	at java.base/java.util.concurrent.ScheduledThreadPoolExecutor$ScheduledFutureTask.run(ScheduledThreadPoolExecutor.java:304) ~[na:na]
	at java.base/java.util.concurrent.ThreadPoolExecutor.runWorker(ThreadPoolExecutor.java:1144) ~[na:na]
	at java.base/java.util.concurrent.ThreadPoolExecutor$Worker.run(ThreadPoolExecutor.java:642) ~[na:na]
	at java.base/java.lang.Thread.run(Thread.java:1583) ~[na:na]

2026-03-25T22:44:57.913+05:30  WARN 18736 --- [product-service] [DiscoveryClient-1] c.netflix.discovery.TimedSupervisorTask  : task supervisor timed out

java.util.concurrent.TimeoutException: null
	at java.base/java.util.concurrent.FutureTask.get(FutureTask.java:204) ~[na:na]
	at com.netflix.discovery.TimedSupervisorTask.run(TimedSupervisorTask.java:68) ~[eureka-client-2.0.1.jar:2.0.1]
	at java.base/java.util.concurrent.Executors$RunnableAdapter.call(Executors.java:572) ~[na:na]
	at java.base/java.util.concurrent.FutureTask.run$$$capture(FutureTask.java:317) ~[na:na]
	at java.base/java.util.concurrent.FutureTask.run(FutureTask.java) ~[na:na]
	at java.base/java.util.concurrent.ScheduledThreadPoolExecutor$ScheduledFutureTask.run(ScheduledThreadPoolExecutor.java:304) ~[na:na]
	at java.base/java.util.concurrent.ThreadPoolExecutor.runWorker(ThreadPoolExecutor.java:1144) ~[na:na]
	at java.base/java.util.concurrent.ThreadPoolExecutor$Worker.run(ThreadPoolExecutor.java:642) ~[na:na]
	at java.base/java.lang.Thread.run(Thread.java:1583) ~[na:na]

2026-03-25T22:45:07.968+05:30  WARN 18736 --- [product-service] [ProductServicePool housekeeper] com.zaxxer.hikari.pool.HikariPool        : ProductServicePool - Thread starvation or clock leap detected (housekeeper delta=5m55s194ms150µs800ns).
2026-03-25T22:45:40.936+05:30  WARN 18736 --- [product-service] [ProductServicePool housekeeper] com.zaxxer.hikari.pool.HikariPool        : ProductServicePool - Thread starvation or clock leap detected (housekeeper delta=1m10s496ms830µs300ns).
2026-03-25T22:52:50.523+05:30  INFO 18736 --- [product-service] [AsyncResolver-bootstrap-executor-0] c.n.d.s.r.aws.ConfigClusterResolver      : Resolving eureka endpoints via configuration
2026-03-25T22:52:51.000+05:30  WARN 18736 --- [product-service] [ProductServicePool housekeeper] com.zaxxer.hikari.pool.HikariPool        : ProductServicePool - Thread starvation or clock leap detected (housekeeper delta=7m9s435ms931µs900ns).
2026-03-25T22:52:53.856+05:30  WARN 18736 --- [product-service] [DiscoveryClient-0] c.netflix.discovery.TimedSupervisorTask  : task supervisor rejected the task

java.util.concurrent.RejectedExecutionException: Task java.util.concurrent.FutureTask@5605a114[Not completed, task = java.util.concurrent.Executors$RunnableAdapter@75396752[Wrapped task = com.netflix.discovery.DiscoveryClient$CacheRefreshThread@76644704]] rejected from java.util.concurrent.ThreadPoolExecutor@4d132162[Running, pool size = 2, active threads = 2, queued tasks = 0, completed tasks = 55]
	at java.base/java.util.concurrent.ThreadPoolExecutor$AbortPolicy.rejectedExecution(ThreadPoolExecutor.java:2081) ~[na:na]
	at java.base/java.util.concurrent.ThreadPoolExecutor.reject(ThreadPoolExecutor.java:841) ~[na:na]
	at java.base/java.util.concurrent.ThreadPoolExecutor.execute(ThreadPoolExecutor.java:1376) ~[na:na]
	at java.base/java.util.concurrent.AbstractExecutorService.submit(AbstractExecutorService.java:123) ~[na:na]
	at com.netflix.discovery.TimedSupervisorTask.run(TimedSupervisorTask.java:66) ~[eureka-client-2.0.1.jar:2.0.1]
	at java.base/java.util.concurrent.Executors$RunnableAdapter.call(Executors.java:572) ~[na:na]
	at java.base/java.util.concurrent.FutureTask.run$$$capture(FutureTask.java:317) ~[na:na]
	at java.base/java.util.concurrent.FutureTask.run(FutureTask.java) ~[na:na]
	at java.base/java.util.concurrent.ScheduledThreadPoolExecutor$ScheduledFutureTask.run(ScheduledThreadPoolExecutor.java:304) ~[na:na]
	at java.base/java.util.concurrent.ThreadPoolExecutor.runWorker(ThreadPoolExecutor.java:1144) ~[na:na]
	at java.base/java.util.concurrent.ThreadPoolExecutor$Worker.run(ThreadPoolExecutor.java:642) ~[na:na]
	at java.base/java.lang.Thread.run(Thread.java:1583) ~[na:na]

2026-03-25T22:53:30.073+05:30  WARN 18736 --- [product-service] [DiscoveryClient-1] c.netflix.discovery.TimedSupervisorTask  : task supervisor timed out

java.util.concurrent.TimeoutException: null
	at java.base/java.util.concurrent.FutureTask.get(FutureTask.java:204) ~[na:na]
	at com.netflix.discovery.TimedSupervisorTask.run(TimedSupervisorTask.java:68) ~[eureka-client-2.0.1.jar:2.0.1]
	at java.base/java.util.concurrent.Executors$RunnableAdapter.call(Executors.java:572) ~[na:na]
	at java.base/java.util.concurrent.FutureTask.run$$$capture(FutureTask.java:317) ~[na:na]
	at java.base/java.util.concurrent.FutureTask.run(FutureTask.java) ~[na:na]
	at java.base/java.util.concurrent.ScheduledThreadPoolExecutor$ScheduledFutureTask.run(ScheduledThreadPoolExecutor.java:304) ~[na:na]
	at java.base/java.util.concurrent.ThreadPoolExecutor.runWorker(ThreadPoolExecutor.java:1144) ~[na:na]
	at java.base/java.util.concurrent.ThreadPoolExecutor$Worker.run(ThreadPoolExecutor.java:642) ~[na:na]
	at java.base/java.lang.Thread.run(Thread.java:1583) ~[na:na]

2026-03-25T22:53:59.410+05:30  INFO 18736 --- [product-service] [DiscoveryClient-HeartbeatExecutor-0] c.n.d.s.t.d.RedirectingEurekaHttpClient  : Request execution error. endpoint=DefaultEndpoint{ serviceUrl='http://localhost:8761/eureka/}, exception=null stacktrace=java.util.concurrent.CancellationException
	at org.apache.hc.core5.concurrent.BasicFuture.getResult(BasicFuture.java:75)
	at org.apache.hc.core5.concurrent.BasicFuture.get(BasicFuture.java:96)
	at org.apache.hc.core5.pool.StrictConnPool$1.get(StrictConnPool.java:184)
	at org.apache.hc.core5.pool.StrictConnPool$1.get(StrictConnPool.java:178)
	at org.apache.hc.client5.http.impl.io.PoolingHttpClientConnectionManager$3.get(PoolingHttpClientConnectionManager.java:312)
	at org.apache.hc.client5.http.impl.classic.InternalExecRuntime.acquireEndpoint(InternalExecRuntime.java:109)
	at org.apache.hc.client5.http.impl.classic.ConnectExec.execute(ConnectExec.java:125)
	at org.apache.hc.client5.http.impl.classic.ExecChainElement.execute(ExecChainElement.java:51)
	at org.apache.hc.client5.http.impl.classic.ProtocolExec.execute(ProtocolExec.java:192)
	at org.apache.hc.client5.http.impl.classic.ExecChainElement.execute(ExecChainElement.java:51)
	at org.apache.hc.client5.http.impl.classic.HttpRequestRetryExec.execute(HttpRequestRetryExec.java:96)
	at org.apache.hc.client5.http.impl.classic.ExecChainElement.execute(ExecChainElement.java:51)
	at org.apache.hc.client5.http.impl.classic.ContentCompressionExec.execute(ContentCompressionExec.java:152)
	at org.apache.hc.client5.http.impl.classic.ExecChainElement.execute(ExecChainElement.java:51)
	at org.apache.hc.client5.http.impl.classic.RedirectExec.execute(RedirectExec.java:115)
	at org.apache.hc.client5.http.impl.classic.ExecChainElement.execute(ExecChainElement.java:51)
	at org.apache.hc.client5.http.impl.classic.InternalHttpClient.doExecute(InternalHttpClient.java:170)
	at org.apache.hc.client5.http.impl.classic.CloseableHttpClient.execute(CloseableHttpClient.java:87)
	at org.apache.hc.client5.http.impl.classic.CloseableHttpClient.execute(CloseableHttpClient.java:55)
	at org.apache.hc.client5.http.classic.HttpClient.executeOpen(HttpClient.java:183)
	at org.springframework.http.client.HttpComponentsClientHttpRequest.executeInternal(HttpComponentsClientHttpRequest.java:95)
	at org.springframework.http.client.AbstractStreamingClientHttpRequest.executeInternal(AbstractStreamingClientHttpRequest.java:70)
	at org.springframework.http.client.AbstractClientHttpRequest.execute(AbstractClientHttpRequest.java:66)
	at org.springframework.http.client.InterceptingClientHttpRequest$InterceptingRequestExecution.execute(InterceptingClientHttpRequest.java:112)
	at org.springframework.cloud.netflix.eureka.http.RestTemplateTransportClientFactory.lambda$restTemplate$0(RestTemplateTransportClientFactory.java:143)
	at org.springframework.http.client.InterceptingClientHttpRequest$InterceptingRequestExecution.execute(InterceptingClientHttpRequest.java:88)
	at org.springframework.http.client.InterceptingClientHttpRequest.executeInternal(InterceptingClientHttpRequest.java:72)
	at org.springframework.http.client.AbstractBufferingClientHttpRequest.executeInternal(AbstractBufferingClientHttpRequest.java:48)
	at org.springframework.http.client.AbstractClientHttpRequest.execute(AbstractClientHttpRequest.java:66)
	at org.springframework.web.client.RestTemplate.doExecute(RestTemplate.java:889)
	at org.springframework.web.client.RestTemplate.execute(RestTemplate.java:790)
	at org.springframework.web.client.RestTemplate.exchange(RestTemplate.java:672)
	at org.springframework.cloud.netflix.eureka.http.RestTemplateEurekaHttpClient.sendHeartBeat(RestTemplateEurekaHttpClient.java:99)
	at com.netflix.discovery.shared.transport.decorator.EurekaHttpClientDecorator$3.execute(EurekaHttpClientDecorator.java:92)
	at com.netflix.discovery.shared.transport.decorator.RedirectingEurekaHttpClient.executeOnNewServer(RedirectingEurekaHttpClient.java:121)
	at com.netflix.discovery.shared.transport.decorator.RedirectingEurekaHttpClient.execute(RedirectingEurekaHttpClient.java:80)
	at com.netflix.discovery.shared.transport.decorator.EurekaHttpClientDecorator.sendHeartBeat(EurekaHttpClientDecorator.java:89)
	at com.netflix.discovery.shared.transport.decorator.EurekaHttpClientDecorator$3.execute(EurekaHttpClientDecorator.java:92)
	at com.netflix.discovery.shared.transport.decorator.RetryableEurekaHttpClient.execute(RetryableEurekaHttpClient.java:120)
	at com.netflix.discovery.shared.transport.decorator.EurekaHttpClientDecorator.sendHeartBeat(EurekaHttpClientDecorator.java:89)
	at com.netflix.discovery.shared.transport.decorator.EurekaHttpClientDecorator$3.execute(EurekaHttpClientDecorator.java:92)
	at com.netflix.discovery.shared.transport.decorator.SessionedEurekaHttpClient.execute(SessionedEurekaHttpClient.java:77)
	at com.netflix.discovery.shared.transport.decorator.EurekaHttpClientDecorator.sendHeartBeat(EurekaHttpClientDecorator.java:89)
	at com.netflix.discovery.DiscoveryClient.renew(DiscoveryClient.java:837)
	at com.netflix.discovery.DiscoveryClient$HeartbeatThread.run(DiscoveryClient.java:1401)
	at java.base/java.util.concurrent.Executors$RunnableAdapter.call(Executors.java:572)
	at java.base/java.util.concurrent.FutureTask.run$$$capture(FutureTask.java:317)
	at java.base/java.util.concurrent.FutureTask.run(FutureTask.java)
	at java.base/java.util.concurrent.ThreadPoolExecutor.runWorker(ThreadPoolExecutor.java:1144)
	at java.base/java.util.concurrent.ThreadPoolExecutor$Worker.run(ThreadPoolExecutor.java:642)
	at java.base/java.lang.Thread.run(Thread.java:1583)

2026-03-25T22:53:59.410+05:30  INFO 18736 --- [product-service] [DiscoveryClient-HeartbeatExecutor-1] c.n.d.s.t.d.RedirectingEurekaHttpClient  : Request execution error. endpoint=DefaultEndpoint{ serviceUrl='http://localhost:8761/eureka/}, exception=null stacktrace=java.util.concurrent.CancellationException
	at org.apache.hc.core5.concurrent.BasicFuture.getResult(BasicFuture.java:75)
	at org.apache.hc.core5.concurrent.BasicFuture.get(BasicFuture.java:96)
	at org.apache.hc.core5.pool.StrictConnPool$1.get(StrictConnPool.java:184)
	at org.apache.hc.core5.pool.StrictConnPool$1.get(StrictConnPool.java:178)
	at org.apache.hc.client5.http.impl.io.PoolingHttpClientConnectionManager$3.get(PoolingHttpClientConnectionManager.java:312)
	at org.apache.hc.client5.http.impl.classic.InternalExecRuntime.acquireEndpoint(InternalExecRuntime.java:109)
	at org.apache.hc.client5.http.impl.classic.ConnectExec.execute(ConnectExec.java:125)
	at org.apache.hc.client5.http.impl.classic.ExecChainElement.execute(ExecChainElement.java:51)
	at org.apache.hc.client5.http.impl.classic.ProtocolExec.execute(ProtocolExec.java:192)
	at org.apache.hc.client5.http.impl.classic.ExecChainElement.execute(ExecChainElement.java:51)
	at org.apache.hc.client5.http.impl.classic.HttpRequestRetryExec.execute(HttpRequestRetryExec.java:96)
	at org.apache.hc.client5.http.impl.classic.ExecChainElement.execute(ExecChainElement.java:51)
	at org.apache.hc.client5.http.impl.classic.ContentCompressionExec.execute(ContentCompressionExec.java:152)
	at org.apache.hc.client5.http.impl.classic.ExecChainElement.execute(ExecChainElement.java:51)
	at org.apache.hc.client5.http.impl.classic.RedirectExec.execute(RedirectExec.java:115)
	at org.apache.hc.client5.http.impl.classic.ExecChainElement.execute(ExecChainElement.java:51)
	at org.apache.hc.client5.http.impl.classic.InternalHttpClient.doExecute(InternalHttpClient.java:170)
	at org.apache.hc.client5.http.impl.classic.CloseableHttpClient.execute(CloseableHttpClient.java:87)
	at org.apache.hc.client5.http.impl.classic.CloseableHttpClient.execute(CloseableHttpClient.java:55)
	at org.apache.hc.client5.http.classic.HttpClient.executeOpen(HttpClient.java:183)
	at org.springframework.http.client.HttpComponentsClientHttpRequest.executeInternal(HttpComponentsClientHttpRequest.java:95)
	at org.springframework.http.client.AbstractStreamingClientHttpRequest.executeInternal(AbstractStreamingClientHttpRequest.java:70)
	at org.springframework.http.client.AbstractClientHttpRequest.execute(AbstractClientHttpRequest.java:66)
	at org.springframework.http.client.InterceptingClientHttpRequest$InterceptingRequestExecution.execute(InterceptingClientHttpRequest.java:112)
	at org.springframework.cloud.netflix.eureka.http.RestTemplateTransportClientFactory.lambda$restTemplate$0(RestTemplateTransportClientFactory.java:143)
	at org.springframework.http.client.InterceptingClientHttpRequest$InterceptingRequestExecution.execute(InterceptingClientHttpRequest.java:88)
	at org.springframework.http.client.InterceptingClientHttpRequest.executeInternal(InterceptingClientHttpRequest.java:72)
	at org.springframework.http.client.AbstractBufferingClientHttpRequest.executeInternal(AbstractBufferingClientHttpRequest.java:48)
	at org.springframework.http.client.AbstractClientHttpRequest.execute(AbstractClientHttpRequest.java:66)
	at org.springframework.web.client.RestTemplate.doExecute(RestTemplate.java:889)
	at org.springframework.web.client.RestTemplate.execute(RestTemplate.java:790)
	at org.springframework.web.client.RestTemplate.exchange(RestTemplate.java:672)
	at org.springframework.cloud.netflix.eureka.http.RestTemplateEurekaHttpClient.sendHeartBeat(RestTemplateEurekaHttpClient.java:99)
	at com.netflix.discovery.shared.transport.decorator.EurekaHttpClientDecorator$3.execute(EurekaHttpClientDecorator.java:92)
	at com.netflix.discovery.shared.transport.decorator.RedirectingEurekaHttpClient.executeOnNewServer(RedirectingEurekaHttpClient.java:121)
	at com.netflix.discovery.shared.transport.decorator.RedirectingEurekaHttpClient.execute(RedirectingEurekaHttpClient.java:80)
	at com.netflix.discovery.shared.transport.decorator.EurekaHttpClientDecorator.sendHeartBeat(EurekaHttpClientDecorator.java:89)
	at com.netflix.discovery.shared.transport.decorator.EurekaHttpClientDecorator$3.execute(EurekaHttpClientDecorator.java:92)
	at com.netflix.discovery.shared.transport.decorator.RetryableEurekaHttpClient.execute(RetryableEurekaHttpClient.java:120)
	at com.netflix.discovery.shared.transport.decorator.EurekaHttpClientDecorator.sendHeartBeat(EurekaHttpClientDecorator.java:89)
	at com.netflix.discovery.shared.transport.decorator.EurekaHttpClientDecorator$3.execute(EurekaHttpClientDecorator.java:92)
	at com.netflix.discovery.shared.transport.decorator.SessionedEurekaHttpClient.execute(SessionedEurekaHttpClient.java:77)
	at com.netflix.discovery.shared.transport.decorator.EurekaHttpClientDecorator.sendHeartBeat(EurekaHttpClientDecorator.java:89)
	at com.netflix.discovery.DiscoveryClient.renew(DiscoveryClient.java:837)
	at com.netflix.discovery.DiscoveryClient$HeartbeatThread.run(DiscoveryClient.java:1401)
	at java.base/java.util.concurrent.Executors$RunnableAdapter.call(Executors.java:572)
	at java.base/java.util.concurrent.FutureTask.run$$$capture(FutureTask.java:317)
	at java.base/java.util.concurrent.FutureTask.run(FutureTask.java)
	at java.base/java.util.concurrent.ThreadPoolExecutor.runWorker(ThreadPoolExecutor.java:1144)
	at java.base/java.util.concurrent.ThreadPoolExecutor$Worker.run(ThreadPoolExecutor.java:642)
	at java.base/java.lang.Thread.run(Thread.java:1583)

2026-03-25T22:53:59.475+05:30  INFO 18736 --- [product-service] [DiscoveryClient-CacheRefreshExecutor-1] c.n.d.s.t.d.RedirectingEurekaHttpClient  : Request execution error. endpoint=DefaultEndpoint{ serviceUrl='http://localhost:8761/eureka/}, exception=null stacktrace=java.util.concurrent.CancellationException
	at org.apache.hc.core5.concurrent.BasicFuture.getResult(BasicFuture.java:75)
	at org.apache.hc.core5.concurrent.BasicFuture.get(BasicFuture.java:96)
	at org.apache.hc.core5.pool.StrictConnPool$1.get(StrictConnPool.java:184)
	at org.apache.hc.core5.pool.StrictConnPool$1.get(StrictConnPool.java:178)
	at org.apache.hc.client5.http.impl.io.PoolingHttpClientConnectionManager$3.get(PoolingHttpClientConnectionManager.java:312)
	at org.apache.hc.client5.http.impl.classic.InternalExecRuntime.acquireEndpoint(InternalExecRuntime.java:109)
	at org.apache.hc.client5.http.impl.classic.ConnectExec.execute(ConnectExec.java:125)
	at org.apache.hc.client5.http.impl.classic.ExecChainElement.execute(ExecChainElement.java:51)
	at org.apache.hc.client5.http.impl.classic.ProtocolExec.execute(ProtocolExec.java:192)
	at org.apache.hc.client5.http.impl.classic.ExecChainElement.execute(ExecChainElement.java:51)
	at org.apache.hc.client5.http.impl.classic.HttpRequestRetryExec.execute(HttpRequestRetryExec.java:96)
	at org.apache.hc.client5.http.impl.classic.ExecChainElement.execute(ExecChainElement.java:51)
	at org.apache.hc.client5.http.impl.classic.ContentCompressionExec.execute(ContentCompressionExec.java:152)
	at org.apache.hc.client5.http.impl.classic.ExecChainElement.execute(ExecChainElement.java:51)
	at org.apache.hc.client5.http.impl.classic.RedirectExec.execute(RedirectExec.java:115)
	at org.apache.hc.client5.http.impl.classic.ExecChainElement.execute(ExecChainElement.java:51)
	at org.apache.hc.client5.http.impl.classic.InternalHttpClient.doExecute(InternalHttpClient.java:170)
	at org.apache.hc.client5.http.impl.classic.CloseableHttpClient.execute(CloseableHttpClient.java:87)
	at org.apache.hc.client5.http.impl.classic.CloseableHttpClient.execute(CloseableHttpClient.java:55)
	at org.apache.hc.client5.http.classic.HttpClient.executeOpen(HttpClient.java:183)
	at org.springframework.http.client.HttpComponentsClientHttpRequest.executeInternal(HttpComponentsClientHttpRequest.java:95)
	at org.springframework.http.client.AbstractStreamingClientHttpRequest.executeInternal(AbstractStreamingClientHttpRequest.java:70)
	at org.springframework.http.client.AbstractClientHttpRequest.execute(AbstractClientHttpRequest.java:66)
	at org.springframework.http.client.InterceptingClientHttpRequest$InterceptingRequestExecution.execute(InterceptingClientHttpRequest.java:112)
	at org.springframework.cloud.netflix.eureka.http.RestTemplateTransportClientFactory.lambda$restTemplate$0(RestTemplateTransportClientFactory.java:143)
	at org.springframework.http.client.InterceptingClientHttpRequest$InterceptingRequestExecution.execute(InterceptingClientHttpRequest.java:88)
	at org.springframework.http.client.InterceptingClientHttpRequest.executeInternal(InterceptingClientHttpRequest.java:72)
	at org.springframework.http.client.AbstractBufferingClientHttpRequest.executeInternal(AbstractBufferingClientHttpRequest.java:48)
	at org.springframework.http.client.AbstractClientHttpRequest.execute(AbstractClientHttpRequest.java:66)
	at org.springframework.web.client.RestTemplate.doExecute(RestTemplate.java:889)
	at org.springframework.web.client.RestTemplate.execute(RestTemplate.java:790)
	at org.springframework.web.client.RestTemplate.exchange(RestTemplate.java:672)
	at org.springframework.cloud.netflix.eureka.http.RestTemplateEurekaHttpClient.getApplicationsInternal(RestTemplateEurekaHttpClient.java:145)
	at org.springframework.cloud.netflix.eureka.http.RestTemplateEurekaHttpClient.getDelta(RestTemplateEurekaHttpClient.java:155)
	at com.netflix.discovery.shared.transport.decorator.EurekaHttpClientDecorator$7.execute(EurekaHttpClientDecorator.java:152)
	at com.netflix.discovery.shared.transport.decorator.RedirectingEurekaHttpClient.executeOnNewServer(RedirectingEurekaHttpClient.java:121)
	at com.netflix.discovery.shared.transport.decorator.RedirectingEurekaHttpClient.execute(RedirectingEurekaHttpClient.java:80)
	at com.netflix.discovery.shared.transport.decorator.EurekaHttpClientDecorator.getDelta(EurekaHttpClientDecorator.java:149)
	at com.netflix.discovery.shared.transport.decorator.EurekaHttpClientDecorator$7.execute(EurekaHttpClientDecorator.java:152)
	at com.netflix.discovery.shared.transport.decorator.RetryableEurekaHttpClient.execute(RetryableEurekaHttpClient.java:120)
	at com.netflix.discovery.shared.transport.decorator.EurekaHttpClientDecorator.getDelta(EurekaHttpClientDecorator.java:149)
	at com.netflix.discovery.shared.transport.decorator.EurekaHttpClientDecorator$7.execute(EurekaHttpClientDecorator.java:152)
	at com.netflix.discovery.shared.transport.decorator.SessionedEurekaHttpClient.execute(SessionedEurekaHttpClient.java:77)
	at com.netflix.discovery.shared.transport.decorator.EurekaHttpClientDecorator.getDelta(EurekaHttpClientDecorator.java:149)
	at com.netflix.discovery.DiscoveryClient.getAndUpdateDelta(DiscoveryClient.java:1079)
	at com.netflix.discovery.DiscoveryClient.fetchRegistry(DiscoveryClient.java:960)
	at com.netflix.discovery.DiscoveryClient.refreshRegistry(DiscoveryClient.java:1475)
	at com.netflix.discovery.DiscoveryClient$CacheRefreshThread.run(DiscoveryClient.java:1442)
	at java.base/java.util.concurrent.Executors$RunnableAdapter.call(Executors.java:572)
	at java.base/java.util.concurrent.FutureTask.run$$$capture(FutureTask.java:317)
	at java.base/java.util.concurrent.FutureTask.run(FutureTask.java)
	at java.base/java.util.concurrent.ThreadPoolExecutor.runWorker(ThreadPoolExecutor.java:1144)
	at java.base/java.util.concurrent.ThreadPoolExecutor$Worker.run(ThreadPoolExecutor.java:642)
	at java.base/java.lang.Thread.run(Thread.java:1583)

2026-03-25T22:55:04.474+05:30 DEBUG 18736 --- [product-service] [http-nio-8082-exec-2] org.hibernate.SQL                        : 
    select
        c1_0.id,
        c1_0.created_at,
        c1_0.description,
        c1_0.display_order,
        c1_0.image_url,
        c1_0.is_active,
        c1_0.name,
        c1_0.parent_id,
        c1_0.slug 
    from
        categories c1_0 
    where
        c1_0.is_active 
    order by
        c1_0.display_order
2026-03-25T22:54:57.103+05:30  WARN 18736 --- [product-service] [http-nio-8082-exec-10] org.hibernate.orm.query                  : HHH90003004: firstResult/maxResults specified with collection fetch; applying in memory
2026-03-25T22:55:08.355+05:30  WARN 18736 --- [product-service] [DiscoveryClient-0] c.netflix.discovery.TimedSupervisorTask  : task supervisor rejected the task

java.util.concurrent.RejectedExecutionException: Task java.util.concurrent.FutureTask@2f830a05[Not completed, task = java.util.concurrent.Executors$RunnableAdapter@7b8b3496[Wrapped task = com.netflix.discovery.DiscoveryClient$CacheRefreshThread@76644704]] rejected from java.util.concurrent.ThreadPoolExecutor@4d132162[Running, pool size = 2, active threads = 2, queued tasks = 0, completed tasks = 55]
	at java.base/java.util.concurrent.ThreadPoolExecutor$AbortPolicy.rejectedExecution(ThreadPoolExecutor.java:2081) ~[na:na]
	at java.base/java.util.concurrent.ThreadPoolExecutor.reject(ThreadPoolExecutor.java:841) ~[na:na]
	at java.base/java.util.concurrent.ThreadPoolExecutor.execute(ThreadPoolExecutor.java:1376) ~[na:na]
	at java.base/java.util.concurrent.AbstractExecutorService.submit(AbstractExecutorService.java:123) ~[na:na]
	at com.netflix.discovery.TimedSupervisorTask.run(TimedSupervisorTask.java:66) ~[eureka-client-2.0.1.jar:2.0.1]
	at java.base/java.util.concurrent.Executors$RunnableAdapter.call(Executors.java:572) ~[na:na]
	at java.base/java.util.concurrent.FutureTask.run$$$capture(FutureTask.java:317) ~[na:na]
	at java.base/java.util.concurrent.FutureTask.run(FutureTask.java) ~[na:na]
	at java.base/java.util.concurrent.ScheduledThreadPoolExecutor$ScheduledFutureTask.run(ScheduledThreadPoolExecutor.java:304) ~[na:na]
	at java.base/java.util.concurrent.ThreadPoolExecutor.runWorker(ThreadPoolExecutor.java:1144) ~[na:na]
	at java.base/java.util.concurrent.ThreadPoolExecutor$Worker.run(ThreadPoolExecutor.java:642) ~[na:na]
	at java.base/java.lang.Thread.run(Thread.java:1583) ~[na:na]

2026-03-25T22:55:30.630+05:30  WARN 18736 --- [product-service] [DiscoveryClient-1] c.netflix.discovery.TimedSupervisorTask  : task supervisor rejected the task

java.util.concurrent.RejectedExecutionException: Task java.util.concurrent.FutureTask@14c54cc[Not completed, task = java.util.concurrent.Executors$RunnableAdapter@3ea0986a[Wrapped task = com.netflix.discovery.DiscoveryClient$HeartbeatThread@183f7089]] rejected from java.util.concurrent.ThreadPoolExecutor@755dab7d[Running, pool size = 2, active threads = 2, queued tasks = 0, completed tasks = 57]
	at java.base/java.util.concurrent.ThreadPoolExecutor$AbortPolicy.rejectedExecution(ThreadPoolExecutor.java:2081) ~[na:na]
	at java.base/java.util.concurrent.ThreadPoolExecutor.reject(ThreadPoolExecutor.java:841) ~[na:na]
	at java.base/java.util.concurrent.ThreadPoolExecutor.execute(ThreadPoolExecutor.java:1376) ~[na:na]
	at java.base/java.util.concurrent.AbstractExecutorService.submit(AbstractExecutorService.java:123) ~[na:na]
	at com.netflix.discovery.TimedSupervisorTask.run(TimedSupervisorTask.java:66) ~[eureka-client-2.0.1.jar:2.0.1]
	at java.base/java.util.concurrent.Executors$RunnableAdapter.call(Executors.java:572) ~[na:na]
	at java.base/java.util.concurrent.FutureTask.run$$$capture(FutureTask.java:317) ~[na:na]
	at java.base/java.util.concurrent.FutureTask.run(FutureTask.java) ~[na:na]
	at java.base/java.util.concurrent.ScheduledThreadPoolExecutor$ScheduledFutureTask.run(ScheduledThreadPoolExecutor.java:304) ~[na:na]
	at java.base/java.util.concurrent.ThreadPoolExecutor.runWorker(ThreadPoolExecutor.java:1144) ~[na:na]
	at java.base/java.util.concurrent.ThreadPoolExecutor$Worker.run(ThreadPoolExecutor.java:642) ~[na:na]
	at java.base/java.lang.Thread.run(Thread.java:1583) ~[na:na]

2026-03-25T22:57:03.007+05:30  WARN 18736 --- [product-service] [DiscoveryClient-HeartbeatExecutor-0] c.n.d.s.t.d.RetryableEurekaHttpClient    : Request execution failed with message: null
2026-03-25T22:57:03.007+05:30  WARN 18736 --- [product-service] [DiscoveryClient-HeartbeatExecutor-1] c.n.d.s.t.d.RetryableEurekaHttpClient    : Request execution failed with message: null
2026-03-25T22:57:03.397+05:30  WARN 18736 --- [product-service] [DiscoveryClient-CacheRefreshExecutor-1] c.n.d.s.t.d.RetryableEurekaHttpClient    : Request execution failed with message: null
2026-03-25T22:53:59.531+05:30  INFO 18736 --- [product-service] [DiscoveryClient-CacheRefreshExecutor-0] c.n.d.s.t.d.RedirectingEurekaHttpClient  : Request execution error. endpoint=DefaultEndpoint{ serviceUrl='http://localhost:8761/eureka/}, exception=null stacktrace=java.util.concurrent.CancellationException
	at org.apache.hc.core5.concurrent.BasicFuture.getResult(BasicFuture.java:75)
	at org.apache.hc.core5.concurrent.BasicFuture.get(BasicFuture.java:96)
	at org.apache.hc.core5.pool.StrictConnPool$1.get(StrictConnPool.java:184)
	at org.apache.hc.core5.pool.StrictConnPool$1.get(StrictConnPool.java:178)
	at org.apache.hc.client5.http.impl.io.PoolingHttpClientConnectionManager$3.get(PoolingHttpClientConnectionManager.java:312)
	at org.apache.hc.client5.http.impl.classic.InternalExecRuntime.acquireEndpoint(InternalExecRuntime.java:109)
	at org.apache.hc.client5.http.impl.classic.ConnectExec.execute(ConnectExec.java:125)
	at org.apache.hc.client5.http.impl.classic.ExecChainElement.execute(ExecChainElement.java:51)
	at org.apache.hc.client5.http.impl.classic.ProtocolExec.execute(ProtocolExec.java:192)
	at org.apache.hc.client5.http.impl.classic.ExecChainElement.execute(ExecChainElement.java:51)
	at org.apache.hc.client5.http.impl.classic.HttpRequestRetryExec.execute(HttpRequestRetryExec.java:96)
	at org.apache.hc.client5.http.impl.classic.ExecChainElement.execute(ExecChainElement.java:51)
	at org.apache.hc.client5.http.impl.classic.ContentCompressionExec.execute(ContentCompressionExec.java:152)
	at org.apache.hc.client5.http.impl.classic.ExecChainElement.execute(ExecChainElement.java:51)
	at org.apache.hc.client5.http.impl.classic.RedirectExec.execute(RedirectExec.java:115)
	at org.apache.hc.client5.http.impl.classic.ExecChainElement.execute(ExecChainElement.java:51)
	at org.apache.hc.client5.http.impl.classic.InternalHttpClient.doExecute(InternalHttpClient.java:170)
	at org.apache.hc.client5.http.impl.classic.CloseableHttpClient.execute(CloseableHttpClient.java:87)
	at org.apache.hc.client5.http.impl.classic.CloseableHttpClient.execute(CloseableHttpClient.java:55)
	at org.apache.hc.client5.http.classic.HttpClient.executeOpen(HttpClient.java:183)
	at org.springframework.http.client.HttpComponentsClientHttpRequest.executeInternal(HttpComponentsClientHttpRequest.java:95)
	at org.springframework.http.client.AbstractStreamingClientHttpRequest.executeInternal(AbstractStreamingClientHttpRequest.java:70)
	at org.springframework.http.client.AbstractClientHttpRequest.execute(AbstractClientHttpRequest.java:66)
	at org.springframework.http.client.InterceptingClientHttpRequest$InterceptingRequestExecution.execute(InterceptingClientHttpRequest.java:112)
	at org.springframework.cloud.netflix.eureka.http.RestTemplateTransportClientFactory.lambda$restTemplate$0(RestTemplateTransportClientFactory.java:143)
	at org.springframework.http.client.InterceptingClientHttpRequest$InterceptingRequestExecution.execute(InterceptingClientHttpRequest.java:88)
	at org.springframework.http.client.InterceptingClientHttpRequest.executeInternal(InterceptingClientHttpRequest.java:72)
	at org.springframework.http.client.AbstractBufferingClientHttpRequest.executeInternal(AbstractBufferingClientHttpRequest.java:48)
	at org.springframework.http.client.AbstractClientHttpRequest.execute(AbstractClientHttpRequest.java:66)
	at org.springframework.web.client.RestTemplate.doExecute(RestTemplate.java:889)
	at org.springframework.web.client.RestTemplate.execute(RestTemplate.java:790)
	at org.springframework.web.client.RestTemplate.exchange(RestTemplate.java:672)
	at org.springframework.cloud.netflix.eureka.http.RestTemplateEurekaHttpClient.getApplicationsInternal(RestTemplateEurekaHttpClient.java:145)
	at org.springframework.cloud.netflix.eureka.http.RestTemplateEurekaHttpClient.getDelta(RestTemplateEurekaHttpClient.java:155)
	at com.netflix.discovery.shared.transport.decorator.EurekaHttpClientDecorator$7.execute(EurekaHttpClientDecorator.java:152)
	at com.netflix.discovery.shared.transport.decorator.RedirectingEurekaHttpClient.executeOnNewServer(RedirectingEurekaHttpClient.java:121)
	at com.netflix.discovery.shared.transport.decorator.RedirectingEurekaHttpClient.execute(RedirectingEurekaHttpClient.java:80)
	at com.netflix.discovery.shared.transport.decorator.EurekaHttpClientDecorator.getDelta(EurekaHttpClientDecorator.java:149)
	at com.netflix.discovery.shared.transport.decorator.EurekaHttpClientDecorator$7.execute(EurekaHttpClientDecorator.java:152)
	at com.netflix.discovery.shared.transport.decorator.RetryableEurekaHttpClient.execute(RetryableEurekaHttpClient.java:120)
	at com.netflix.discovery.shared.transport.decorator.EurekaHttpClientDecorator.getDelta(EurekaHttpClientDecorator.java:149)
	at com.netflix.discovery.shared.transport.decorator.EurekaHttpClientDecorator$7.execute(EurekaHttpClientDecorator.java:152)
	at com.netflix.discovery.shared.transport.decorator.SessionedEurekaHttpClient.execute(SessionedEurekaHttpClient.java:77)
	at com.netflix.discovery.shared.transport.decorator.EurekaHttpClientDecorator.getDelta(EurekaHttpClientDecorator.java:149)
	at com.netflix.discovery.DiscoveryClient.getAndUpdateDelta(DiscoveryClient.java:1079)
	at com.netflix.discovery.DiscoveryClient.fetchRegistry(DiscoveryClient.java:960)
	at com.netflix.discovery.DiscoveryClient.refreshRegistry(DiscoveryClient.java:1475)
	at com.netflix.discovery.DiscoveryClient$CacheRefreshThread.run(DiscoveryClient.java:1442)
	at java.base/java.util.concurrent.Executors$RunnableAdapter.call(Executors.java:572)
	at java.base/java.util.concurrent.FutureTask.run$$$capture(FutureTask.java:317)
	at java.base/java.util.concurrent.FutureTask.run(FutureTask.java)
	at java.base/java.util.concurrent.ThreadPoolExecutor.runWorker(ThreadPoolExecutor.java:1144)
	at java.base/java.util.concurrent.ThreadPoolExecutor$Worker.run(ThreadPoolExecutor.java:642)
	at java.base/java.lang.Thread.run(Thread.java:1583)

2026-03-25T22:57:04.536+05:30  WARN 18736 --- [product-service] [DiscoveryClient-CacheRefreshExecutor-0] c.n.d.s.t.d.RetryableEurekaHttpClient    : Request execution failed with message: null
2026-03-25T22:57:05.175+05:30  INFO 18736 --- [product-service] [DiscoveryClient-CacheRefreshExecutor-0] com.netflix.discovery.DiscoveryClient    : DiscoveryClient_PRODUCT-SERVICE/product-service:8082 - was unable to refresh its cache! This periodic background refresh will be retried in 30 seconds. status = Cannot execute request on any known server stacktrace = com.netflix.discovery.shared.transport.TransportException: Cannot execute request on any known server
	at com.netflix.discovery.shared.transport.decorator.RetryableEurekaHttpClient.execute(RetryableEurekaHttpClient.java:112)
	at com.netflix.discovery.shared.transport.decorator.EurekaHttpClientDecorator.getDelta(EurekaHttpClientDecorator.java:149)
	at com.netflix.discovery.shared.transport.decorator.EurekaHttpClientDecorator$7.execute(EurekaHttpClientDecorator.java:152)
	at com.netflix.discovery.shared.transport.decorator.SessionedEurekaHttpClient.execute(SessionedEurekaHttpClient.java:77)
	at com.netflix.discovery.shared.transport.decorator.EurekaHttpClientDecorator.getDelta(EurekaHttpClientDecorator.java:149)
	at com.netflix.discovery.DiscoveryClient.getAndUpdateDelta(DiscoveryClient.java:1079)
	at com.netflix.discovery.DiscoveryClient.fetchRegistry(DiscoveryClient.java:960)
	at com.netflix.discovery.DiscoveryClient.refreshRegistry(DiscoveryClient.java:1475)
	at com.netflix.discovery.DiscoveryClient$CacheRefreshThread.run(DiscoveryClient.java:1442)
	at java.base/java.util.concurrent.Executors$RunnableAdapter.call(Executors.java:572)
	at java.base/java.util.concurrent.FutureTask.run$$$capture(FutureTask.java:317)
	at java.base/java.util.concurrent.FutureTask.run(FutureTask.java)
	at java.base/java.util.concurrent.ThreadPoolExecutor.runWorker(ThreadPoolExecutor.java:1144)
	at java.base/java.util.concurrent.ThreadPoolExecutor$Worker.run(ThreadPoolExecutor.java:642)
	at java.base/java.lang.Thread.run(Thread.java:1583)

2026-03-25T22:57:04.999+05:30  INFO 18736 --- [product-service] [DiscoveryClient-CacheRefreshExecutor-1] com.netflix.discovery.DiscoveryClient    : DiscoveryClient_PRODUCT-SERVICE/product-service:8082 - was unable to refresh its cache! This periodic background refresh will be retried in 30 seconds. status = Cannot execute request on any known server stacktrace = com.netflix.discovery.shared.transport.TransportException: Cannot execute request on any known server
	at com.netflix.discovery.shared.transport.decorator.RetryableEurekaHttpClient.execute(RetryableEurekaHttpClient.java:112)
	at com.netflix.discovery.shared.transport.decorator.EurekaHttpClientDecorator.getDelta(EurekaHttpClientDecorator.java:149)
	at com.netflix.discovery.shared.transport.decorator.EurekaHttpClientDecorator$7.execute(EurekaHttpClientDecorator.java:152)
	at com.netflix.discovery.shared.transport.decorator.SessionedEurekaHttpClient.execute(SessionedEurekaHttpClient.java:77)
	at com.netflix.discovery.shared.transport.decorator.EurekaHttpClientDecorator.getDelta(EurekaHttpClientDecorator.java:149)
	at com.netflix.discovery.DiscoveryClient.getAndUpdateDelta(DiscoveryClient.java:1079)
	at com.netflix.discovery.DiscoveryClient.fetchRegistry(DiscoveryClient.java:960)
	at com.netflix.discovery.DiscoveryClient.refreshRegistry(DiscoveryClient.java:1475)
	at com.netflix.discovery.DiscoveryClient$CacheRefreshThread.run(DiscoveryClient.java:1442)
	at java.base/java.util.concurrent.Executors$RunnableAdapter.call(Executors.java:572)
	at java.base/java.util.concurrent.FutureTask.run$$$capture(FutureTask.java:317)
	at java.base/java.util.concurrent.FutureTask.run(FutureTask.java)
	at java.base/java.util.concurrent.ThreadPoolExecutor.runWorker(ThreadPoolExecutor.java:1144)
	at java.base/java.util.concurrent.ThreadPoolExecutor$Worker.run(ThreadPoolExecutor.java:642)
	at java.base/java.lang.Thread.run(Thread.java:1583)

2026-03-25T22:57:05.238+05:30 ERROR 18736 --- [product-service] [DiscoveryClient-HeartbeatExecutor-1] com.netflix.discovery.DiscoveryClient    : DiscoveryClient_PRODUCT-SERVICE/product-service:8082 - was unable to send heartbeat!

com.netflix.discovery.shared.transport.TransportException: Cannot execute request on any known server
	at com.netflix.discovery.shared.transport.decorator.RetryableEurekaHttpClient.execute(RetryableEurekaHttpClient.java:112) ~[eureka-client-2.0.1.jar:2.0.1]
	at com.netflix.discovery.shared.transport.decorator.EurekaHttpClientDecorator.sendHeartBeat(EurekaHttpClientDecorator.java:89) ~[eureka-client-2.0.1.jar:2.0.1]
	at com.netflix.discovery.shared.transport.decorator.EurekaHttpClientDecorator$3.execute(EurekaHttpClientDecorator.java:92) ~[eureka-client-2.0.1.jar:2.0.1]
	at com.netflix.discovery.shared.transport.decorator.SessionedEurekaHttpClient.execute(SessionedEurekaHttpClient.java:77) ~[eureka-client-2.0.1.jar:2.0.1]
	at com.netflix.discovery.shared.transport.decorator.EurekaHttpClientDecorator.sendHeartBeat(EurekaHttpClientDecorator.java:89) ~[eureka-client-2.0.1.jar:2.0.1]
	at com.netflix.discovery.DiscoveryClient.renew(DiscoveryClient.java:837) ~[eureka-client-2.0.1.jar:2.0.1]
	at com.netflix.discovery.DiscoveryClient$HeartbeatThread.run(DiscoveryClient.java:1401) ~[eureka-client-2.0.1.jar:2.0.1]
	at java.base/java.util.concurrent.Executors$RunnableAdapter.call(Executors.java:572) ~[na:na]
	at java.base/java.util.concurrent.FutureTask.run$$$capture(FutureTask.java:317) ~[na:na]
	at java.base/java.util.concurrent.FutureTask.run(FutureTask.java) ~[na:na]
	at java.base/java.util.concurrent.ThreadPoolExecutor.runWorker(ThreadPoolExecutor.java:1144) ~[na:na]
	at java.base/java.util.concurrent.ThreadPoolExecutor$Worker.run(ThreadPoolExecutor.java:642) ~[na:na]
	at java.base/java.lang.Thread.run(Thread.java:1583) ~[na:na]

2026-03-25T22:57:05.238+05:30 ERROR 18736 --- [product-service] [DiscoveryClient-HeartbeatExecutor-0] com.netflix.discovery.DiscoveryClient    : DiscoveryClient_PRODUCT-SERVICE/product-service:8082 - was unable to send heartbeat!

com.netflix.discovery.shared.transport.TransportException: Cannot execute request on any known server
	at com.netflix.discovery.shared.transport.decorator.RetryableEurekaHttpClient.execute(RetryableEurekaHttpClient.java:112) ~[eureka-client-2.0.1.jar:2.0.1]
	at com.netflix.discovery.shared.transport.decorator.EurekaHttpClientDecorator.sendHeartBeat(EurekaHttpClientDecorator.java:89) ~[eureka-client-2.0.1.jar:2.0.1]
	at com.netflix.discovery.shared.transport.decorator.EurekaHttpClientDecorator$3.execute(EurekaHttpClientDecorator.java:92) ~[eureka-client-2.0.1.jar:2.0.1]
	at com.netflix.discovery.shared.transport.decorator.SessionedEurekaHttpClient.execute(SessionedEurekaHttpClient.java:77) ~[eureka-client-2.0.1.jar:2.0.1]
	at com.netflix.discovery.shared.transport.decorator.EurekaHttpClientDecorator.sendHeartBeat(EurekaHttpClientDecorator.java:89) ~[eureka-client-2.0.1.jar:2.0.1]
	at com.netflix.discovery.DiscoveryClient.renew(DiscoveryClient.java:837) ~[eureka-client-2.0.1.jar:2.0.1]
	at com.netflix.discovery.DiscoveryClient$HeartbeatThread.run(DiscoveryClient.java:1401) ~[eureka-client-2.0.1.jar:2.0.1]
	at java.base/java.util.concurrent.Executors$RunnableAdapter.call(Executors.java:572) ~[na:na]
	at java.base/java.util.concurrent.FutureTask.run$$$capture(FutureTask.java:317) ~[na:na]
	at java.base/java.util.concurrent.FutureTask.run(FutureTask.java) ~[na:na]
	at java.base/java.util.concurrent.ThreadPoolExecutor.runWorker(ThreadPoolExecutor.java:1144) ~[na:na]
	at java.base/java.util.concurrent.ThreadPoolExecutor$Worker.run(ThreadPoolExecutor.java:642) ~[na:na]
	at java.base/java.lang.Thread.run(Thread.java:1583) ~[na:na]

2026-03-25T22:57:09.808+05:30 DEBUG 18736 --- [product-service] [http-nio-8082-exec-10] org.hibernate.SQL                        : 
    select
        distinct p1_0.id,
        p1_0.attributes,
        p1_0.average_rating,
        p1_0.brand_name,
        p1_0.category_id,
        c1_0.id,
        c1_0.created_at,
        c1_0.description,
        c1_0.display_order,
        c1_0.image_url,
        c1_0.is_active,
        c1_0.name,
        c1_0.parent_id,
        c1_0.slug,
        p1_0.compare_at_price,
        p1_0.cost_price,
        p1_0.created_at,
        p1_0.description,
        i1_0.product_id,
        i1_0.id,
        i1_0.alt_text,
        i1_0.display_order,
        i1_0.image_url,
        i1_0.is_primary,
        i2_0.id,
        i2_0.last_updated,
        i2_0.low_stock_threshold,
        i2_0.product_id,
        i2_0.quantity,
        i2_0.reserved_quantity,
        i2_0.warehouse_location,
        p1_0.name,
        p1_0.price,
        p1_0.review_count,
        p1_0.short_description,
        p1_0.sku,
        p1_0.sold_count,
        p1_0.status,
        p1_0.tags,
        p1_0.updated_at,
        p1_0.version,
        p1_0.view_count,
        p1_0.weight 
    from
        products p1_0 
    left join
        product_images i1_0 
            on p1_0.id=i1_0.product_id 
    left join
        inventories i2_0 
            on p1_0.id=i2_0.product_id 
    left join
        categories c1_0 
            on c1_0.id=p1_0.category_id 
    where
        p1_0.status=? 
        and (
            ? is null 
            or c1_0.id=?
        ) 
        and (
            ? is null 
            or lower(p1_0.brand_name)=lower(?)
        ) 
        and (
            ? is null 
            or p1_0.price>=?
        ) 
        and (
            ? is null 
            or p1_0.price<=?
        ) 
        and (
            ? is null 
            or lower(p1_0.name) like lower(concat('%', ?, '%')) escape '' 
            or lower(p1_0.brand_name) like lower(concat('%', ?, '%')) escape ''
        ) 
        and (
            ? is null 
            or (
                ?=1 
                and i2_0.quantity>0
            ) 
            or (
                ?=0 
                and i2_0.quantity=0
            )
        ) 
    order by
        p1_0.created_at desc
2026-03-25T22:57:26.973+05:30 DEBUG 18736 --- [product-service] [http-nio-8082-exec-10] org.hibernate.SQL                        : 
    select
        count(distinct p1_0.id) 
    from
        products p1_0 
    left join
        product_images i1_0 
            on p1_0.id=i1_0.product_id 
    left join
        inventories i2_0 
            on p1_0.id=i2_0.product_id 
    left join
        categories c1_0 
            on c1_0.id=p1_0.category_id 
    where
        p1_0.status=? 
        and (
            ? is null 
            or c1_0.id=?
        ) 
        and (
            ? is null 
            or lower(p1_0.brand_name)=lower(?)
        ) 
        and (
            ? is null 
            or p1_0.price>=?
        ) 
        and (
            ? is null 
            or p1_0.price<=?
        ) 
        and (
            ? is null 
            or lower(p1_0.name) like lower(concat('%', ?, '%')) escape '' 
            or lower(p1_0.brand_name) like lower(concat('%', ?, '%')) escape ''
        ) 
        and (
            ? is null 
            or (
                ?=1 
                and i2_0.quantity>0
            ) 
            or (
                ?=0 
                and i2_0.quantity=0
            )
        )
2026-03-25T22:57:52.548+05:30  INFO 18736 --- [product-service] [AsyncResolver-bootstrap-executor-0] c.n.d.s.r.aws.ConfigClusterResolver      : Resolving eureka endpoints via configuration
2026-03-25T23:02:53.991+05:30  INFO 18736 --- [product-service] [AsyncResolver-bootstrap-executor-0] c.n.d.s.r.aws.ConfigClusterResolver      : Resolving eureka endpoints via configuration
2026-03-25T22:59:39.401+05:30  WARN 18736 --- [product-service] [DiscoveryClient-1] c.netflix.discovery.TimedSupervisorTask  : task supervisor timed out

java.util.concurrent.TimeoutException: null
	at java.base/java.util.concurrent.FutureTask.get(FutureTask.java:204) ~[na:na]
	at com.netflix.discovery.TimedSupervisorTask.run(TimedSupervisorTask.java:68) ~[eureka-client-2.0.1.jar:2.0.1]
	at java.base/java.util.concurrent.Executors$RunnableAdapter.call(Executors.java:572) ~[na:na]
	at java.base/java.util.concurrent.FutureTask.run$$$capture(FutureTask.java:317) ~[na:na]
	at java.base/java.util.concurrent.FutureTask.run(FutureTask.java) ~[na:na]
	at java.base/java.util.concurrent.ScheduledThreadPoolExecutor$ScheduledFutureTask.run(ScheduledThreadPoolExecutor.java:304) ~[na:na]
	at java.base/java.util.concurrent.ThreadPoolExecutor.runWorker(ThreadPoolExecutor.java:1144) ~[na:na]
	at java.base/java.util.concurrent.ThreadPoolExecutor$Worker.run(ThreadPoolExecutor.java:642) ~[na:na]
	at java.base/java.lang.Thread.run(Thread.java:1583) ~[na:na]

2026-03-25T23:07:53.780+05:30  WARN 18736 --- [product-service] [AsyncResolver-bootstrap-0] c.netflix.discovery.TimedSupervisorTask  : task supervisor timed out

java.util.concurrent.TimeoutException: null
	at java.base/java.util.concurrent.FutureTask.get(FutureTask.java:204) ~[na:na]
	at com.netflix.discovery.TimedSupervisorTask.run(TimedSupervisorTask.java:68) ~[eureka-client-2.0.1.jar:2.0.1]
	at java.base/java.util.concurrent.Executors$RunnableAdapter.call(Executors.java:572) ~[na:na]
	at java.base/java.util.concurrent.FutureTask.run$$$capture(FutureTask.java:317) ~[na:na]
	at java.base/java.util.concurrent.FutureTask.run(FutureTask.java) ~[na:na]
	at java.base/java.util.concurrent.ScheduledThreadPoolExecutor$ScheduledFutureTask.run(ScheduledThreadPoolExecutor.java:304) ~[na:na]
	at java.base/java.util.concurrent.ThreadPoolExecutor.runWorker(ThreadPoolExecutor.java:1144) ~[na:na]
	at java.base/java.util.concurrent.ThreadPoolExecutor$Worker.run(ThreadPoolExecutor.java:642) ~[na:na]
	at java.base/java.lang.Thread.run(Thread.java:1583) ~[na:na]

2026-03-25T23:06:20.513+05:30  INFO 18736 --- [product-service] [DiscoveryClient-HeartbeatExecutor-0] com.netflix.discovery.DiscoveryClient    : DiscoveryClient_PRODUCT-SERVICE/product-service:8082 - Re-registering apps/PRODUCT-SERVICE
2026-03-25T22:59:50.454+05:30  WARN 18736 --- [product-service] [DiscoveryClient-0] c.netflix.discovery.TimedSupervisorTask  : task supervisor timed out

java.util.concurrent.TimeoutException: null
	at java.base/java.util.concurrent.FutureTask.get(FutureTask.java:204) ~[na:na]
	at com.netflix.discovery.TimedSupervisorTask.run(TimedSupervisorTask.java:68) ~[eureka-client-2.0.1.jar:2.0.1]
	at java.base/java.util.concurrent.Executors$RunnableAdapter.call(Executors.java:572) ~[na:na]
	at java.base/java.util.concurrent.FutureTask.run$$$capture(FutureTask.java:317) ~[na:na]
	at java.base/java.util.concurrent.FutureTask.run(FutureTask.java) ~[na:na]
	at java.base/java.util.concurrent.ScheduledThreadPoolExecutor$ScheduledFutureTask.run(ScheduledThreadPoolExecutor.java:304) ~[na:na]
	at java.base/java.util.concurrent.ThreadPoolExecutor.runWorker(ThreadPoolExecutor.java:1144) ~[na:na]
	at java.base/java.util.concurrent.ThreadPoolExecutor$Worker.run(ThreadPoolExecutor.java:642) ~[na:na]
	at java.base/java.lang.Thread.run(Thread.java:1583) ~[na:na]

2026-03-25T22:57:44.042+05:30 ERROR 18736 --- [product-service] [http-nio-8082-exec-10] c.e.p.exception.GlobalExceptionHandler   : Unexpected error [/api/v1/products]: Could not write JSON: Couldn't serialize object createdAt: DESC

org.springframework.http.converter.HttpMessageNotWritableException: Could not write JSON: Couldn't serialize object createdAt: DESC
	at org.springframework.http.converter.json.AbstractJackson2HttpMessageConverter.writeInternal(AbstractJackson2HttpMessageConverter.java:492) ~[spring-web-6.1.4.jar:6.1.4]
	at org.springframework.http.converter.AbstractGenericHttpMessageConverter.write(AbstractGenericHttpMessageConverter.java:114) ~[spring-web-6.1.4.jar:6.1.4]
	at org.springframework.web.servlet.mvc.method.annotation.AbstractMessageConverterMethodProcessor.writeWithMessageConverters(AbstractMessageConverterMethodProcessor.java:297) ~[spring-webmvc-6.1.4.jar:6.1.4]
	at org.springframework.web.servlet.mvc.method.annotation.HttpEntityMethodProcessor.handleReturnValue(HttpEntityMethodProcessor.java:245) ~[spring-webmvc-6.1.4.jar:6.1.4]
	at org.springframework.web.method.support.HandlerMethodReturnValueHandlerComposite.handleReturnValue(HandlerMethodReturnValueHandlerComposite.java:78) ~[spring-web-6.1.4.jar:6.1.4]
	at org.springframework.web.servlet.mvc.method.annotation.ServletInvocableHandlerMethod.invokeAndHandle(ServletInvocableHandlerMethod.java:136) ~[spring-webmvc-6.1.4.jar:6.1.4]
	at org.springframework.web.servlet.mvc.method.annotation.RequestMappingHandlerAdapter.invokeHandlerMethod(RequestMappingHandlerAdapter.java:920) ~[spring-webmvc-6.1.4.jar:6.1.4]
	at org.springframework.web.servlet.mvc.method.annotation.RequestMappingHandlerAdapter.handleInternal(RequestMappingHandlerAdapter.java:830) ~[spring-webmvc-6.1.4.jar:6.1.4]
	at org.springframework.web.servlet.mvc.method.AbstractHandlerMethodAdapter.handle(AbstractHandlerMethodAdapter.java:87) ~[spring-webmvc-6.1.4.jar:6.1.4]
	at org.springframework.web.servlet.DispatcherServlet.doDispatch(DispatcherServlet.java:1089) ~[spring-webmvc-6.1.4.jar:6.1.4]
	at org.springframework.web.servlet.DispatcherServlet.doService(DispatcherServlet.java:979) ~[spring-webmvc-6.1.4.jar:6.1.4]
	at org.springframework.web.servlet.FrameworkServlet.processRequest(FrameworkServlet.java:1014) ~[spring-webmvc-6.1.4.jar:6.1.4]
	at org.springframework.web.servlet.FrameworkServlet.doGet(FrameworkServlet.java:903) ~[spring-webmvc-6.1.4.jar:6.1.4]
	at jakarta.servlet.http.HttpServlet.service(HttpServlet.java:564) ~[tomcat-embed-core-10.1.19.jar:6.0]
	at org.springframework.web.servlet.FrameworkServlet.service(FrameworkServlet.java:885) ~[spring-webmvc-6.1.4.jar:6.1.4]
	at jakarta.servlet.http.HttpServlet.service(HttpServlet.java:658) ~[tomcat-embed-core-10.1.19.jar:6.0]
	at org.apache.catalina.core.ApplicationFilterChain.internalDoFilter(ApplicationFilterChain.java:205) ~[tomcat-embed-core-10.1.19.jar:10.1.19]
	at org.apache.catalina.core.ApplicationFilterChain.doFilter(ApplicationFilterChain.java:149) ~[tomcat-embed-core-10.1.19.jar:10.1.19]
	at org.apache.tomcat.websocket.server.WsFilter.doFilter(WsFilter.java:51) ~[tomcat-embed-websocket-10.1.19.jar:10.1.19]
	at org.apache.catalina.core.ApplicationFilterChain.internalDoFilter(ApplicationFilterChain.java:174) ~[tomcat-embed-core-10.1.19.jar:10.1.19]
	at org.apache.catalina.core.ApplicationFilterChain.doFilter(ApplicationFilterChain.java:149) ~[tomcat-embed-core-10.1.19.jar:10.1.19]
	at org.springframework.web.filter.OncePerRequestFilter.doFilter(OncePerRequestFilter.java:110) ~[spring-web-6.1.4.jar:6.1.4]
	at org.apache.catalina.core.ApplicationFilterChain.internalDoFilter(ApplicationFilterChain.java:174) ~[tomcat-embed-core-10.1.19.jar:10.1.19]
	at org.apache.catalina.core.ApplicationFilterChain.doFilter(ApplicationFilterChain.java:149) ~[tomcat-embed-core-10.1.19.jar:10.1.19]
	at org.springframework.web.filter.CompositeFilter$VirtualFilterChain.doFilter(CompositeFilter.java:108) ~[spring-web-6.1.4.jar:6.1.4]
	at org.springframework.security.web.FilterChainProxy.lambda$doFilterInternal$3(FilterChainProxy.java:231) ~[spring-security-web-6.2.2.jar:6.2.2]
	at org.springframework.security.web.ObservationFilterChainDecorator$FilterObservation$SimpleFilterObservation.lambda$wrap$1(ObservationFilterChainDecorator.java:479) ~[spring-security-web-6.2.2.jar:6.2.2]
	at org.springframework.security.web.ObservationFilterChainDecorator$AroundFilterObservation$SimpleAroundFilterObservation.lambda$wrap$1(ObservationFilterChainDecorator.java:340) ~[spring-security-web-6.2.2.jar:6.2.2]
	at org.springframework.security.web.ObservationFilterChainDecorator.lambda$wrapSecured$0(ObservationFilterChainDecorator.java:82) ~[spring-security-web-6.2.2.jar:6.2.2]
	at org.springframework.security.web.ObservationFilterChainDecorator$VirtualFilterChain.doFilter(ObservationFilterChainDecorator.java:128) ~[spring-security-web-6.2.2.jar:6.2.2]
	at org.springframework.security.web.access.intercept.AuthorizationFilter.doFilter(AuthorizationFilter.java:100) ~[spring-security-web-6.2.2.jar:6.2.2]
	at org.springframework.security.web.ObservationFilterChainDecorator$ObservationFilter.wrapFilter(ObservationFilterChainDecorator.java:240) ~[spring-security-web-6.2.2.jar:6.2.2]
	at org.springframework.security.web.ObservationFilterChainDecorator$ObservationFilter.doFilter(ObservationFilterChainDecorator.java:227) ~[spring-security-web-6.2.2.jar:6.2.2]
	at org.springframework.security.web.ObservationFilterChainDecorator$VirtualFilterChain.doFilter(ObservationFilterChainDecorator.java:137) ~[spring-security-web-6.2.2.jar:6.2.2]
	at org.springframework.security.web.access.ExceptionTranslationFilter.doFilter(ExceptionTranslationFilter.java:126) ~[spring-security-web-6.2.2.jar:6.2.2]
	at org.springframework.security.web.access.ExceptionTranslationFilter.doFilter(ExceptionTranslationFilter.java:120) ~[spring-security-web-6.2.2.jar:6.2.2]
	at org.springframework.security.web.ObservationFilterChainDecorator$ObservationFilter.wrapFilter(ObservationFilterChainDecorator.java:240) ~[spring-security-web-6.2.2.jar:6.2.2]
	at org.springframework.security.web.ObservationFilterChainDecorator$ObservationFilter.doFilter(ObservationFilterChainDecorator.java:227) ~[spring-security-web-6.2.2.jar:6.2.2]
	at org.springframework.security.web.ObservationFilterChainDecorator$VirtualFilterChain.doFilter(ObservationFilterChainDecorator.java:137) ~[spring-security-web-6.2.2.jar:6.2.2]
	at org.springframework.security.web.session.SessionManagementFilter.doFilter(SessionManagementFilter.java:131) ~[spring-security-web-6.2.2.jar:6.2.2]
	at org.springframework.security.web.session.SessionManagementFilter.doFilter(SessionManagementFilter.java:85) ~[spring-security-web-6.2.2.jar:6.2.2]
	at org.springframework.security.web.ObservationFilterChainDecorator$ObservationFilter.wrapFilter(ObservationFilterChainDecorator.java:240) ~[spring-security-web-6.2.2.jar:6.2.2]
	at org.springframework.security.web.ObservationFilterChainDecorator$ObservationFilter.doFilter(ObservationFilterChainDecorator.java:227) ~[spring-security-web-6.2.2.jar:6.2.2]
	at org.springframework.security.web.ObservationFilterChainDecorator$VirtualFilterChain.doFilter(ObservationFilterChainDecorator.java:137) ~[spring-security-web-6.2.2.jar:6.2.2]
	at org.springframework.security.web.authentication.AnonymousAuthenticationFilter.doFilter(AnonymousAuthenticationFilter.java:100) ~[spring-security-web-6.2.2.jar:6.2.2]
	at org.springframework.security.web.ObservationFilterChainDecorator$ObservationFilter.wrapFilter(ObservationFilterChainDecorator.java:240) ~[spring-security-web-6.2.2.jar:6.2.2]
	at org.springframework.security.web.ObservationFilterChainDecorator$ObservationFilter.doFilter(ObservationFilterChainDecorator.java:227) ~[spring-security-web-6.2.2.jar:6.2.2]
	at org.springframework.security.web.ObservationFilterChainDecorator$VirtualFilterChain.doFilter(ObservationFilterChainDecorator.java:137) ~[spring-security-web-6.2.2.jar:6.2.2]
	at org.springframework.security.web.servletapi.SecurityContextHolderAwareRequestFilter.doFilter(SecurityContextHolderAwareRequestFilter.java:179) ~[spring-security-web-6.2.2.jar:6.2.2]
	at org.springframework.security.web.ObservationFilterChainDecorator$ObservationFilter.wrapFilter(ObservationFilterChainDecorator.java:240) ~[spring-security-web-6.2.2.jar:6.2.2]
	at org.springframework.security.web.ObservationFilterChainDecorator$ObservationFilter.doFilter(ObservationFilterChainDecorator.java:227) ~[spring-security-web-6.2.2.jar:6.2.2]
	at org.springframework.security.web.ObservationFilterChainDecorator$VirtualFilterChain.doFilter(ObservationFilterChainDecorator.java:137) ~[spring-security-web-6.2.2.jar:6.2.2]
	at org.springframework.security.web.savedrequest.RequestCacheAwareFilter.doFilter(RequestCacheAwareFilter.java:63) ~[spring-security-web-6.2.2.jar:6.2.2]
	at org.springframework.security.web.ObservationFilterChainDecorator$ObservationFilter.wrapFilter(ObservationFilterChainDecorator.java:240) ~[spring-security-web-6.2.2.jar:6.2.2]
	at org.springframework.security.web.ObservationFilterChainDecorator$ObservationFilter.doFilter(ObservationFilterChainDecorator.java:227) ~[spring-security-web-6.2.2.jar:6.2.2]
	at org.springframework.security.web.ObservationFilterChainDecorator$VirtualFilterChain.doFilter(ObservationFilterChainDecorator.java:137) ~[spring-security-web-6.2.2.jar:6.2.2]
	at com.ecommerce.product_service.security.JwtAuthenticationFilter.doFilterInternal(JwtAuthenticationFilter.java:67) ~[classes/:na]
	at org.springframework.web.filter.OncePerRequestFilter.doFilter(OncePerRequestFilter.java:116) ~[spring-web-6.1.4.jar:6.1.4]
	at org.springframework.security.web.ObservationFilterChainDecorator$ObservationFilter.wrapFilter(ObservationFilterChainDecorator.java:240) ~[spring-security-web-6.2.2.jar:6.2.2]
	at org.springframework.security.web.ObservationFilterChainDecorator$ObservationFilter.doFilter(ObservationFilterChainDecorator.java:227) ~[spring-security-web-6.2.2.jar:6.2.2]
	at org.springframework.security.web.ObservationFilterChainDecorator$VirtualFilterChain.doFilter(ObservationFilterChainDecorator.java:137) ~[spring-security-web-6.2.2.jar:6.2.2]
	at org.springframework.security.web.authentication.logout.LogoutFilter.doFilter(LogoutFilter.java:107) ~[spring-security-web-6.2.2.jar:6.2.2]
	at org.springframework.security.web.authentication.logout.LogoutFilter.doFilter(LogoutFilter.java:93) ~[spring-security-web-6.2.2.jar:6.2.2]
	at org.springframework.security.web.ObservationFilterChainDecorator$ObservationFilter.wrapFilter(ObservationFilterChainDecorator.java:240) ~[spring-security-web-6.2.2.jar:6.2.2]
	at org.springframework.security.web.ObservationFilterChainDecorator$ObservationFilter.doFilter(ObservationFilterChainDecorator.java:227) ~[spring-security-web-6.2.2.jar:6.2.2]
	at org.springframework.security.web.ObservationFilterChainDecorator$VirtualFilterChain.doFilter(ObservationFilterChainDecorator.java:137) ~[spring-security-web-6.2.2.jar:6.2.2]
	at org.springframework.web.filter.CorsFilter.doFilterInternal(CorsFilter.java:91) ~[spring-web-6.1.4.jar:6.1.4]
	at org.springframework.web.filter.OncePerRequestFilter.doFilter(OncePerRequestFilter.java:116) ~[spring-web-6.1.4.jar:6.1.4]
	at org.springframework.security.web.ObservationFilterChainDecorator$ObservationFilter.wrapFilter(ObservationFilterChainDecorator.java:240) ~[spring-security-web-6.2.2.jar:6.2.2]
	at org.springframework.security.web.ObservationFilterChainDecorator$ObservationFilter.doFilter(ObservationFilterChainDecorator.java:227) ~[spring-security-web-6.2.2.jar:6.2.2]
	at org.springframework.security.web.ObservationFilterChainDecorator$VirtualFilterChain.doFilter(ObservationFilterChainDecorator.java:137) ~[spring-security-web-6.2.2.jar:6.2.2]
	at org.springframework.security.web.header.HeaderWriterFilter.doHeadersAfter(HeaderWriterFilter.java:90) ~[spring-security-web-6.2.2.jar:6.2.2]
	at org.springframework.security.web.header.HeaderWriterFilter.doFilterInternal(HeaderWriterFilter.java:75) ~[spring-security-web-6.2.2.jar:6.2.2]
	at org.springframework.web.filter.OncePerRequestFilter.doFilter(OncePerRequestFilter.java:116) ~[spring-web-6.1.4.jar:6.1.4]
	at org.springframework.security.web.ObservationFilterChainDecorator$ObservationFilter.wrapFilter(ObservationFilterChainDecorator.java:240) ~[spring-security-web-6.2.2.jar:6.2.2]
	at org.springframework.security.web.ObservationFilterChainDecorator$ObservationFilter.doFilter(ObservationFilterChainDecorator.java:227) ~[spring-security-web-6.2.2.jar:6.2.2]
	at org.springframework.security.web.ObservationFilterChainDecorator$VirtualFilterChain.doFilter(ObservationFilterChainDecorator.java:137) ~[spring-security-web-6.2.2.jar:6.2.2]
	at org.springframework.security.web.context.SecurityContextHolderFilter.doFilter(SecurityContextHolderFilter.java:82) ~[spring-security-web-6.2.2.jar:6.2.2]
	at org.springframework.security.web.context.SecurityContextHolderFilter.doFilter(SecurityContextHolderFilter.java:69) ~[spring-security-web-6.2.2.jar:6.2.2]
	at org.springframework.security.web.ObservationFilterChainDecorator$ObservationFilter.wrapFilter(ObservationFilterChainDecorator.java:240) ~[spring-security-web-6.2.2.jar:6.2.2]
	at org.springframework.security.web.ObservationFilterChainDecorator$ObservationFilter.doFilter(ObservationFilterChainDecorator.java:227) ~[spring-security-web-6.2.2.jar:6.2.2]
	at org.springframework.security.web.ObservationFilterChainDecorator$VirtualFilterChain.doFilter(ObservationFilterChainDecorator.java:137) ~[spring-security-web-6.2.2.jar:6.2.2]
	at org.springframework.security.web.context.request.async.WebAsyncManagerIntegrationFilter.doFilterInternal(WebAsyncManagerIntegrationFilter.java:62) ~[spring-security-web-6.2.2.jar:6.2.2]
	at org.springframework.web.filter.OncePerRequestFilter.doFilter(OncePerRequestFilter.java:116) ~[spring-web-6.1.4.jar:6.1.4]
	at org.springframework.security.web.ObservationFilterChainDecorator$ObservationFilter.wrapFilter(ObservationFilterChainDecorator.java:240) ~[spring-security-web-6.2.2.jar:6.2.2]
	at org.springframework.security.web.ObservationFilterChainDecorator$ObservationFilter.doFilter(ObservationFilterChainDecorator.java:227) ~[spring-security-web-6.2.2.jar:6.2.2]
	at org.springframework.security.web.ObservationFilterChainDecorator$VirtualFilterChain.doFilter(ObservationFilterChainDecorator.java:137) ~[spring-security-web-6.2.2.jar:6.2.2]
	at org.springframework.security.web.session.DisableEncodeUrlFilter.doFilterInternal(DisableEncodeUrlFilter.java:42) ~[spring-security-web-6.2.2.jar:6.2.2]
	at org.springframework.web.filter.OncePerRequestFilter.doFilter(OncePerRequestFilter.java:116) ~[spring-web-6.1.4.jar:6.1.4]
	at org.springframework.security.web.ObservationFilterChainDecorator$ObservationFilter.wrapFilter(ObservationFilterChainDecorator.java:240) ~[spring-security-web-6.2.2.jar:6.2.2]
	at org.springframework.security.web.ObservationFilterChainDecorator$AroundFilterObservation$SimpleAroundFilterObservation.lambda$wrap$0(ObservationFilterChainDecorator.java:323) ~[spring-security-web-6.2.2.jar:6.2.2]
	at org.springframework.security.web.ObservationFilterChainDecorator$ObservationFilter.doFilter(ObservationFilterChainDecorator.java:224) ~[spring-security-web-6.2.2.jar:6.2.2]
	at org.springframework.security.web.ObservationFilterChainDecorator$VirtualFilterChain.doFilter(ObservationFilterChainDecorator.java:137) ~[spring-security-web-6.2.2.jar:6.2.2]
	at org.springframework.security.web.FilterChainProxy.doFilterInternal(FilterChainProxy.java:233) ~[spring-security-web-6.2.2.jar:6.2.2]
	at org.springframework.security.web.FilterChainProxy.doFilter(FilterChainProxy.java:191) ~[spring-security-web-6.2.2.jar:6.2.2]
	at org.springframework.web.filter.CompositeFilter$VirtualFilterChain.doFilter(CompositeFilter.java:113) ~[spring-web-6.1.4.jar:6.1.4]
	at org.springframework.web.servlet.handler.HandlerMappingIntrospector.lambda$createCacheFilter$3(HandlerMappingIntrospector.java:195) ~[spring-webmvc-6.1.4.jar:6.1.4]
	at org.springframework.web.filter.CompositeFilter$VirtualFilterChain.doFilter(CompositeFilter.java:113) ~[spring-web-6.1.4.jar:6.1.4]
	at org.springframework.web.filter.CompositeFilter.doFilter(CompositeFilter.java:74) ~[spring-web-6.1.4.jar:6.1.4]
	at org.springframework.security.config.annotation.web.configuration.WebMvcSecurityConfiguration$CompositeFilterChainProxy.doFilter(WebMvcSecurityConfiguration.java:230) ~[spring-security-config-6.2.2.jar:6.2.2]
	at org.springframework.web.filter.DelegatingFilterProxy.invokeDelegate(DelegatingFilterProxy.java:352) ~[spring-web-6.1.4.jar:6.1.4]
	at org.springframework.web.filter.DelegatingFilterProxy.doFilter(DelegatingFilterProxy.java:268) ~[spring-web-6.1.4.jar:6.1.4]
	at org.apache.catalina.core.ApplicationFilterChain.internalDoFilter(ApplicationFilterChain.java:174) ~[tomcat-embed-core-10.1.19.jar:10.1.19]
	at org.apache.catalina.core.ApplicationFilterChain.doFilter(ApplicationFilterChain.java:149) ~[tomcat-embed-core-10.1.19.jar:10.1.19]
	at org.springframework.web.filter.RequestContextFilter.doFilterInternal(RequestContextFilter.java:100) ~[spring-web-6.1.4.jar:6.1.4]
	at org.springframework.web.filter.OncePerRequestFilter.doFilter(OncePerRequestFilter.java:116) ~[spring-web-6.1.4.jar:6.1.4]
	at org.apache.catalina.core.ApplicationFilterChain.internalDoFilter(ApplicationFilterChain.java:174) ~[tomcat-embed-core-10.1.19.jar:10.1.19]
	at org.apache.catalina.core.ApplicationFilterChain.doFilter(ApplicationFilterChain.java:149) ~[tomcat-embed-core-10.1.19.jar:10.1.19]
	at org.springframework.web.filter.FormContentFilter.doFilterInternal(FormContentFilter.java:93) ~[spring-web-6.1.4.jar:6.1.4]
	at org.springframework.web.filter.OncePerRequestFilter.doFilter(OncePerRequestFilter.java:116) ~[spring-web-6.1.4.jar:6.1.4]
	at org.apache.catalina.core.ApplicationFilterChain.internalDoFilter(ApplicationFilterChain.java:174) ~[tomcat-embed-core-10.1.19.jar:10.1.19]
	at org.apache.catalina.core.ApplicationFilterChain.doFilter(ApplicationFilterChain.java:149) ~[tomcat-embed-core-10.1.19.jar:10.1.19]
	at org.springframework.web.filter.ServerHttpObservationFilter.doFilterInternal(ServerHttpObservationFilter.java:109) ~[spring-web-6.1.4.jar:6.1.4]
	at org.springframework.web.filter.OncePerRequestFilter.doFilter(OncePerRequestFilter.java:116) ~[spring-web-6.1.4.jar:6.1.4]
	at org.apache.catalina.core.ApplicationFilterChain.internalDoFilter(ApplicationFilterChain.java:174) ~[tomcat-embed-core-10.1.19.jar:10.1.19]
	at org.apache.catalina.core.ApplicationFilterChain.doFilter(ApplicationFilterChain.java:149) ~[tomcat-embed-core-10.1.19.jar:10.1.19]
	at org.springframework.web.filter.CharacterEncodingFilter.doFilterInternal(CharacterEncodingFilter.java:201) ~[spring-web-6.1.4.jar:6.1.4]
	at org.springframework.web.filter.OncePerRequestFilter.doFilter(OncePerRequestFilter.java:116) ~[spring-web-6.1.4.jar:6.1.4]
	at org.apache.catalina.core.ApplicationFilterChain.internalDoFilter(ApplicationFilterChain.java:174) ~[tomcat-embed-core-10.1.19.jar:10.1.19]
	at org.apache.catalina.core.ApplicationFilterChain.doFilter(ApplicationFilterChain.java:149) ~[tomcat-embed-core-10.1.19.jar:10.1.19]
	at org.apache.catalina.core.StandardWrapperValve.invoke(StandardWrapperValve.java:167) ~[tomcat-embed-core-10.1.19.jar:10.1.19]
	at org.apache.catalina.core.StandardContextValve.invoke(StandardContextValve.java:90) ~[tomcat-embed-core-10.1.19.jar:10.1.19]
	at org.apache.catalina.authenticator.AuthenticatorBase.invoke(AuthenticatorBase.java:482) ~[tomcat-embed-core-10.1.19.jar:10.1.19]
	at org.apache.catalina.core.StandardHostValve.invoke(StandardHostValve.java:115) ~[tomcat-embed-core-10.1.19.jar:10.1.19]
	at org.apache.catalina.valves.ErrorReportValve.invoke(ErrorReportValve.java:93) ~[tomcat-embed-core-10.1.19.jar:10.1.19]
	at org.apache.catalina.core.StandardEngineValve.invoke(StandardEngineValve.java:74) ~[tomcat-embed-core-10.1.19.jar:10.1.19]
	at org.apache.catalina.connector.CoyoteAdapter.service(CoyoteAdapter.java:344) ~[tomcat-embed-core-10.1.19.jar:10.1.19]
	at org.apache.coyote.http11.Http11Processor.service(Http11Processor.java:391) ~[tomcat-embed-core-10.1.19.jar:10.1.19]
	at org.apache.coyote.AbstractProcessorLight.process(AbstractProcessorLight.java:63) ~[tomcat-embed-core-10.1.19.jar:10.1.19]
	at org.apache.coyote.AbstractProtocol$ConnectionHandler.process(AbstractProtocol.java:896) ~[tomcat-embed-core-10.1.19.jar:10.1.19]
	at org.apache.tomcat.util.net.NioEndpoint$SocketProcessor.doRun(NioEndpoint.java:1744) ~[tomcat-embed-core-10.1.19.jar:10.1.19]
	at org.apache.tomcat.util.net.SocketProcessorBase.run(SocketProcessorBase.java:52) ~[tomcat-embed-core-10.1.19.jar:10.1.19]
	at org.apache.tomcat.util.threads.ThreadPoolExecutor.runWorker(ThreadPoolExecutor.java:1191) ~[tomcat-embed-core-10.1.19.jar:10.1.19]
	at org.apache.tomcat.util.threads.ThreadPoolExecutor$Worker.run(ThreadPoolExecutor.java:659) ~[tomcat-embed-core-10.1.19.jar:10.1.19]
	at org.apache.tomcat.util.threads.TaskThread$WrappingRunnable.run(TaskThread.java:63) ~[tomcat-embed-core-10.1.19.jar:10.1.19]
	at java.base/java.lang.Thread.run(Thread.java:1583) ~[na:na]
Caused by: com.fasterxml.jackson.databind.JsonMappingException: Couldn't serialize object createdAt: DESC (through reference chain: com.ecommerce.product_service.model.response.ApiResponse["data"]->org.springframework.data.domain.PageImpl["sort"])
	at com.fasterxml.jackson.databind.JsonMappingException.wrapWithPath(JsonMappingException.java:402) ~[jackson-databind-2.15.4.jar:2.15.4]
	at com.fasterxml.jackson.databind.JsonMappingException.wrapWithPath(JsonMappingException.java:361) ~[jackson-databind-2.15.4.jar:2.15.4]
	at com.fasterxml.jackson.databind.ser.std.StdSerializer.wrapAndThrow(StdSerializer.java:323) ~[jackson-databind-2.15.4.jar:2.15.4]
	at com.fasterxml.jackson.databind.ser.std.BeanSerializerBase.serializeFields(BeanSerializerBase.java:780) ~[jackson-databind-2.15.4.jar:2.15.4]
	at com.fasterxml.jackson.databind.ser.BeanSerializer.serialize(BeanSerializer.java:178) ~[jackson-databind-2.15.4.jar:2.15.4]
	at com.fasterxml.jackson.databind.ser.BeanPropertyWriter.serializeAsField(BeanPropertyWriter.java:732) ~[jackson-databind-2.15.4.jar:2.15.4]
	at com.fasterxml.jackson.databind.ser.std.BeanSerializerBase.serializeFields(BeanSerializerBase.java:772) ~[jackson-databind-2.15.4.jar:2.15.4]
	at com.fasterxml.jackson.databind.ser.BeanSerializer.serialize(BeanSerializer.java:178) ~[jackson-databind-2.15.4.jar:2.15.4]
	at com.fasterxml.jackson.databind.ser.DefaultSerializerProvider._serialize(DefaultSerializerProvider.java:479) ~[jackson-databind-2.15.4.jar:2.15.4]
	at com.fasterxml.jackson.databind.ser.DefaultSerializerProvider.serializeValue(DefaultSerializerProvider.java:318) ~[jackson-databind-2.15.4.jar:2.15.4]
	at com.fasterxml.jackson.databind.ObjectWriter$Prefetch.serialize(ObjectWriter.java:1572) ~[jackson-databind-2.15.4.jar:2.15.4]
	at com.fasterxml.jackson.databind.ObjectWriter.writeValue(ObjectWriter.java:1061) ~[jackson-databind-2.15.4.jar:2.15.4]
	at org.springframework.http.converter.json.AbstractJackson2HttpMessageConverter.writeInternal(AbstractJackson2HttpMessageConverter.java:483) ~[spring-web-6.1.4.jar:6.1.4]
	... 135 common frames omitted
Caused by: feign.codec.EncodeException: Couldn't serialize object createdAt: DESC
	at org.springframework.cloud.openfeign.support.SortJsonComponent$SortSerializer.lambda$serialize$0(SortJsonComponent.java:54) ~[spring-cloud-openfeign-core-4.1.0.jar:4.1.0]
	at java.base/java.util.ArrayList$Itr.forEachRemaining(ArrayList.java:1085) ~[na:na]
	at org.springframework.cloud.openfeign.support.SortJsonComponent$SortSerializer.serialize(SortJsonComponent.java:49) ~[spring-cloud-openfeign-core-4.1.0.jar:4.1.0]
	at org.springframework.cloud.openfeign.support.SortJsonComponent$SortSerializer.serialize(SortJsonComponent.java:44) ~[spring-cloud-openfeign-core-4.1.0.jar:4.1.0]
	at com.fasterxml.jackson.databind.ser.BeanPropertyWriter.serializeAsField(BeanPropertyWriter.java:732) ~[jackson-databind-2.15.4.jar:2.15.4]
	at com.fasterxml.jackson.databind.ser.std.BeanSerializerBase.serializeFields(BeanSerializerBase.java:772) ~[jackson-databind-2.15.4.jar:2.15.4]
	... 144 common frames omitted

2026-03-25T23:12:16.068+05:30  INFO 18736 --- [product-service] [DiscoveryClient-HeartbeatExecutor-0] com.netflix.discovery.DiscoveryClient    : DiscoveryClient_PRODUCT-SERVICE/product-service:8082: registering service...
2026-03-25T23:12:22.812+05:30  WARN 18736 --- [product-service] [http-nio-8082-exec-10] .w.s.m.s.DefaultHandlerExceptionResolver : Ignoring exception, response committed already: org.springframework.http.converter.HttpMessageNotWritableException: Could not write JSON: Couldn't serialize object createdAt: DESC
2026-03-25T23:12:21.617+05:30  INFO 18736 --- [product-service] [DiscoveryClient-HeartbeatExecutor-0] c.n.d.s.t.d.RedirectingEurekaHttpClient  : Request execution error. endpoint=DefaultEndpoint{ serviceUrl='http://localhost:8761/eureka/} exception=null stacktrace=java.util.concurrent.CancellationException
	at org.apache.hc.core5.concurrent.BasicFuture.getResult(BasicFuture.java:75)
	at org.apache.hc.core5.concurrent.BasicFuture.get(BasicFuture.java:96)
	at org.apache.hc.core5.pool.StrictConnPool$1.get(StrictConnPool.java:184)
	at org.apache.hc.core5.pool.StrictConnPool$1.get(StrictConnPool.java:178)
	at org.apache.hc.client5.http.impl.io.PoolingHttpClientConnectionManager$3.get(PoolingHttpClientConnectionManager.java:312)
	at org.apache.hc.client5.http.impl.classic.InternalExecRuntime.acquireEndpoint(InternalExecRuntime.java:109)
	at org.apache.hc.client5.http.impl.classic.ConnectExec.execute(ConnectExec.java:125)
	at org.apache.hc.client5.http.impl.classic.ExecChainElement.execute(ExecChainElement.java:51)
	at org.apache.hc.client5.http.impl.classic.ProtocolExec.execute(ProtocolExec.java:192)
	at org.apache.hc.client5.http.impl.classic.ExecChainElement.execute(ExecChainElement.java:51)
	at org.apache.hc.client5.http.impl.classic.HttpRequestRetryExec.execute(HttpRequestRetryExec.java:96)
	at org.apache.hc.client5.http.impl.classic.ExecChainElement.execute(ExecChainElement.java:51)
	at org.apache.hc.client5.http.impl.classic.ContentCompressionExec.execute(ContentCompressionExec.java:152)
	at org.apache.hc.client5.http.impl.classic.ExecChainElement.execute(ExecChainElement.java:51)
	at org.apache.hc.client5.http.impl.classic.RedirectExec.execute(RedirectExec.java:115)
	at org.apache.hc.client5.http.impl.classic.ExecChainElement.execute(ExecChainElement.java:51)
	at org.apache.hc.client5.http.impl.classic.InternalHttpClient.doExecute(InternalHttpClient.java:170)
	at org.apache.hc.client5.http.impl.classic.CloseableHttpClient.execute(CloseableHttpClient.java:87)
	at org.apache.hc.client5.http.impl.classic.CloseableHttpClient.execute(CloseableHttpClient.java:55)
	at org.apache.hc.client5.http.classic.HttpClient.executeOpen(HttpClient.java:183)
	at org.springframework.http.client.HttpComponentsClientHttpRequest.executeInternal(HttpComponentsClientHttpRequest.java:95)
	at org.springframework.http.client.AbstractStreamingClientHttpRequest.executeInternal(AbstractStreamingClientHttpRequest.java:70)
	at org.springframework.http.client.AbstractClientHttpRequest.execute(AbstractClientHttpRequest.java:66)
	at org.springframework.http.client.InterceptingClientHttpRequest$InterceptingRequestExecution.execute(InterceptingClientHttpRequest.java:112)
	at org.springframework.cloud.netflix.eureka.http.RestTemplateTransportClientFactory.lambda$restTemplate$0(RestTemplateTransportClientFactory.java:143)
	at org.springframework.http.client.InterceptingClientHttpRequest$InterceptingRequestExecution.execute(InterceptingClientHttpRequest.java:88)
	at org.springframework.http.client.InterceptingClientHttpRequest.executeInternal(InterceptingClientHttpRequest.java:72)
	at org.springframework.http.client.AbstractBufferingClientHttpRequest.executeInternal(AbstractBufferingClientHttpRequest.java:48)
	at org.springframework.http.client.AbstractClientHttpRequest.execute(AbstractClientHttpRequest.java:66)
	at org.springframework.web.client.RestTemplate.doExecute(RestTemplate.java:889)
	at org.springframework.web.client.RestTemplate.execute(RestTemplate.java:790)
	at org.springframework.web.client.RestTemplate.exchange(RestTemplate.java:672)
	at org.springframework.cloud.netflix.eureka.http.RestTemplateEurekaHttpClient.register(RestTemplateEurekaHttpClient.java:77)
	at com.netflix.discovery.shared.transport.decorator.EurekaHttpClientDecorator$1.execute(EurekaHttpClientDecorator.java:59)
	at com.netflix.discovery.shared.transport.decorator.RedirectingEurekaHttpClient.execute(RedirectingEurekaHttpClient.java:91)
	at com.netflix.discovery.shared.transport.decorator.EurekaHttpClientDecorator.register(EurekaHttpClientDecorator.java:56)
	at com.netflix.discovery.shared.transport.decorator.EurekaHttpClientDecorator$1.execute(EurekaHttpClientDecorator.java:59)
	at com.netflix.discovery.shared.transport.decorator.RetryableEurekaHttpClient.execute(RetryableEurekaHttpClient.java:120)
	at com.netflix.discovery.shared.transport.decorator.EurekaHttpClientDecorator.register(EurekaHttpClientDecorator.java:56)
	at com.netflix.discovery.shared.transport.decorator.EurekaHttpClientDecorator$1.execute(EurekaHttpClientDecorator.java:59)
	at com.netflix.discovery.shared.transport.decorator.SessionedEurekaHttpClient.execute(SessionedEurekaHttpClient.java:77)
	at com.netflix.discovery.shared.transport.decorator.EurekaHttpClientDecorator.register(EurekaHttpClientDecorator.java:56)
	at com.netflix.discovery.DiscoveryClient.register(DiscoveryClient.java:820)
	at com.netflix.discovery.DiscoveryClient.renew(DiscoveryClient.java:843)
	at com.netflix.discovery.DiscoveryClient$HeartbeatThread.run(DiscoveryClient.java:1401)
	at java.base/java.util.concurrent.Executors$RunnableAdapter.call(Executors.java:572)
	at java.base/java.util.concurrent.FutureTask.run$$$capture(FutureTask.java:317)
	at java.base/java.util.concurrent.FutureTask.run(FutureTask.java)
	at java.base/java.util.concurrent.ThreadPoolExecutor.runWorker(ThreadPoolExecutor.java:1144)
	at java.base/java.util.concurrent.ThreadPoolExecutor$Worker.run(ThreadPoolExecutor.java:642)
	at java.base/java.lang.Thread.run(Thread.java:1583)

2026-03-25T23:12:25.299+05:30  WARN 18736 --- [product-service] [DiscoveryClient-HeartbeatExecutor-0] c.n.d.s.t.d.RetryableEurekaHttpClient    : Request execution failed with message: null
2026-03-25T23:12:27.347+05:30  WARN 18736 --- [product-service] [http-nio-8082-exec-10] .w.s.m.s.DefaultHandlerExceptionResolver : Resolved [org.springframework.http.converter.HttpMessageNotWritableException: Could not write JSON: Couldn't serialize object createdAt: DESC]
2026-03-25T23:12:30.770+05:30  INFO 18736 --- [product-service] [DiscoveryClient-HeartbeatExecutor-0] c.n.d.s.t.d.RedirectingEurekaHttpClient  : Request execution error. endpoint=DefaultEndpoint{ serviceUrl='http://localhost:8761/eureka/}, exception=null stacktrace=java.util.concurrent.CancellationException
	at org.apache.hc.core5.concurrent.BasicFuture.getResult(BasicFuture.java:75)
	at org.apache.hc.core5.concurrent.BasicFuture.get(BasicFuture.java:96)
	at org.apache.hc.core5.pool.StrictConnPool$1.get(StrictConnPool.java:184)
	at org.apache.hc.core5.pool.StrictConnPool$1.get(StrictConnPool.java:178)
	at org.apache.hc.client5.http.impl.io.PoolingHttpClientConnectionManager$3.get(PoolingHttpClientConnectionManager.java:312)
	at org.apache.hc.client5.http.impl.classic.InternalExecRuntime.acquireEndpoint(InternalExecRuntime.java:109)
	at org.apache.hc.client5.http.impl.classic.ConnectExec.execute(ConnectExec.java:125)
	at org.apache.hc.client5.http.impl.classic.ExecChainElement.execute(ExecChainElement.java:51)
	at org.apache.hc.client5.http.impl.classic.ProtocolExec.execute(ProtocolExec.java:192)
	at org.apache.hc.client5.http.impl.classic.ExecChainElement.execute(ExecChainElement.java:51)
	at org.apache.hc.client5.http.impl.classic.HttpRequestRetryExec.execute(HttpRequestRetryExec.java:96)
	at org.apache.hc.client5.http.impl.classic.ExecChainElement.execute(ExecChainElement.java:51)
	at org.apache.hc.client5.http.impl.classic.ContentCompressionExec.execute(ContentCompressionExec.java:152)
	at org.apache.hc.client5.http.impl.classic.ExecChainElement.execute(ExecChainElement.java:51)
	at org.apache.hc.client5.http.impl.classic.RedirectExec.execute(RedirectExec.java:115)
	at org.apache.hc.client5.http.impl.classic.ExecChainElement.execute(ExecChainElement.java:51)
	at org.apache.hc.client5.http.impl.classic.InternalHttpClient.doExecute(InternalHttpClient.java:170)
	at org.apache.hc.client5.http.impl.classic.CloseableHttpClient.execute(CloseableHttpClient.java:87)
	at org.apache.hc.client5.http.impl.classic.CloseableHttpClient.execute(CloseableHttpClient.java:55)
	at org.apache.hc.client5.http.classic.HttpClient.executeOpen(HttpClient.java:183)
	at org.springframework.http.client.HttpComponentsClientHttpRequest.executeInternal(HttpComponentsClientHttpRequest.java:95)
	at org.springframework.http.client.AbstractStreamingClientHttpRequest.executeInternal(AbstractStreamingClientHttpRequest.java:70)
	at org.springframework.http.client.AbstractClientHttpRequest.execute(AbstractClientHttpRequest.java:66)
	at org.springframework.http.client.InterceptingClientHttpRequest$InterceptingRequestExecution.execute(InterceptingClientHttpRequest.java:112)
	at org.springframework.cloud.netflix.eureka.http.RestTemplateTransportClientFactory.lambda$restTemplate$0(RestTemplateTransportClientFactory.java:143)
	at org.springframework.http.client.InterceptingClientHttpRequest$InterceptingRequestExecution.execute(InterceptingClientHttpRequest.java:88)
	at org.springframework.http.client.InterceptingClientHttpRequest.executeInternal(InterceptingClientHttpRequest.java:72)
	at org.springframework.http.client.AbstractBufferingClientHttpRequest.executeInternal(AbstractBufferingClientHttpRequest.java:48)
	at org.springframework.http.client.AbstractClientHttpRequest.execute(AbstractClientHttpRequest.java:66)
	at org.springframework.web.client.RestTemplate.doExecute(RestTemplate.java:889)
	at org.springframework.web.client.RestTemplate.execute(RestTemplate.java:790)
	at org.springframework.web.client.RestTemplate.exchange(RestTemplate.java:672)
	at org.springframework.cloud.netflix.eureka.http.RestTemplateEurekaHttpClient.register(RestTemplateEurekaHttpClient.java:77)
	at com.netflix.discovery.shared.transport.decorator.EurekaHttpClientDecorator$1.execute(EurekaHttpClientDecorator.java:59)
	at com.netflix.discovery.shared.transport.decorator.RedirectingEurekaHttpClient.executeOnNewServer(RedirectingEurekaHttpClient.java:121)
	at com.netflix.discovery.shared.transport.decorator.RedirectingEurekaHttpClient.execute(RedirectingEurekaHttpClient.java:80)
	at com.netflix.discovery.shared.transport.decorator.EurekaHttpClientDecorator.register(EurekaHttpClientDecorator.java:56)
	at com.netflix.discovery.shared.transport.decorator.EurekaHttpClientDecorator$1.execute(EurekaHttpClientDecorator.java:59)
	at com.netflix.discovery.shared.transport.decorator.RetryableEurekaHttpClient.execute(RetryableEurekaHttpClient.java:120)
	at com.netflix.discovery.shared.transport.decorator.EurekaHttpClientDecorator.register(EurekaHttpClientDecorator.java:56)
	at com.netflix.discovery.shared.transport.decorator.EurekaHttpClientDecorator$1.execute(EurekaHttpClientDecorator.java:59)
	at com.netflix.discovery.shared.transport.decorator.SessionedEurekaHttpClient.execute(SessionedEurekaHttpClient.java:77)
	at com.netflix.discovery.shared.transport.decorator.EurekaHttpClientDecorator.register(EurekaHttpClientDecorator.java:56)
	at com.netflix.discovery.DiscoveryClient.register(DiscoveryClient.java:820)
	at com.netflix.discovery.DiscoveryClient.renew(DiscoveryClient.java:843)
	at com.netflix.discovery.DiscoveryClient$HeartbeatThread.run(DiscoveryClient.java:1401)
	at java.base/java.util.concurrent.Executors$RunnableAdapter.call(Executors.java:572)
	at java.base/java.util.concurrent.FutureTask.run$$$capture(FutureTask.java:317)
	at java.base/java.util.concurrent.FutureTask.run(FutureTask.java)
	at java.base/java.util.concurrent.ThreadPoolExecutor.runWorker(ThreadPoolExecutor.java:1144)
	at java.base/java.util.concurrent.ThreadPoolExecutor$Worker.run(ThreadPoolExecutor.java:642)
	at java.base/java.lang.Thread.run(Thread.java:1583)

2026-03-25T23:12:31.134+05:30  WARN 18736 --- [product-service] [DiscoveryClient-HeartbeatExecutor-0] c.n.d.s.t.d.RetryableEurekaHttpClient    : Request execution failed with message: null
2026-03-25T23:12:31.433+05:30  WARN 18736 --- [product-service] [DiscoveryClient-HeartbeatExecutor-0] com.netflix.discovery.DiscoveryClient    : DiscoveryClient_PRODUCT-SERVICE/product-service:8082 - registration failed Cannot execute request on any known server

com.netflix.discovery.shared.transport.TransportException: Cannot execute request on any known server
	at com.netflix.discovery.shared.transport.decorator.RetryableEurekaHttpClient.execute(RetryableEurekaHttpClient.java:112) ~[eureka-client-2.0.1.jar:2.0.1]
	at com.netflix.discovery.shared.transport.decorator.EurekaHttpClientDecorator.register(EurekaHttpClientDecorator.java:56) ~[eureka-client-2.0.1.jar:2.0.1]
	at com.netflix.discovery.shared.transport.decorator.EurekaHttpClientDecorator$1.execute(EurekaHttpClientDecorator.java:59) ~[eureka-client-2.0.1.jar:2.0.1]
	at com.netflix.discovery.shared.transport.decorator.SessionedEurekaHttpClient.execute(SessionedEurekaHttpClient.java:77) ~[eureka-client-2.0.1.jar:2.0.1]
	at com.netflix.discovery.shared.transport.decorator.EurekaHttpClientDecorator.register(EurekaHttpClientDecorator.java:56) ~[eureka-client-2.0.1.jar:2.0.1]
	at com.netflix.discovery.DiscoveryClient.register(DiscoveryClient.java:820) ~[eureka-client-2.0.1.jar:2.0.1]
	at com.netflix.discovery.DiscoveryClient.renew(DiscoveryClient.java:843) ~[eureka-client-2.0.1.jar:2.0.1]
	at com.netflix.discovery.DiscoveryClient$HeartbeatThread.run(DiscoveryClient.java:1401) ~[eureka-client-2.0.1.jar:2.0.1]
	at java.base/java.util.concurrent.Executors$RunnableAdapter.call(Executors.java:572) ~[na:na]
	at java.base/java.util.concurrent.FutureTask.run$$$capture(FutureTask.java:317) ~[na:na]
	at java.base/java.util.concurrent.FutureTask.run(FutureTask.java) ~[na:na]
	at java.base/java.util.concurrent.ThreadPoolExecutor.runWorker(ThreadPoolExecutor.java:1144) ~[na:na]
	at java.base/java.util.concurrent.ThreadPoolExecutor$Worker.run(ThreadPoolExecutor.java:642) ~[na:na]
	at java.base/java.lang.Thread.run(Thread.java:1583) ~[na:na]

2026-03-25T23:12:32.073+05:30 ERROR 18736 --- [product-service] [DiscoveryClient-HeartbeatExecutor-0] com.netflix.discovery.DiscoveryClient    : DiscoveryClient_PRODUCT-SERVICE/product-service:8082 - was unable to send heartbeat!

com.netflix.discovery.shared.transport.TransportException: Cannot execute request on any known server
	at com.netflix.discovery.shared.transport.decorator.RetryableEurekaHttpClient.execute(RetryableEurekaHttpClient.java:112) ~[eureka-client-2.0.1.jar:2.0.1]
	at com.netflix.discovery.shared.transport.decorator.EurekaHttpClientDecorator.register(EurekaHttpClientDecorator.java:56) ~[eureka-client-2.0.1.jar:2.0.1]
	at com.netflix.discovery.shared.transport.decorator.EurekaHttpClientDecorator$1.execute(EurekaHttpClientDecorator.java:59) ~[eureka-client-2.0.1.jar:2.0.1]
	at com.netflix.discovery.shared.transport.decorator.SessionedEurekaHttpClient.execute(SessionedEurekaHttpClient.java:77) ~[eureka-client-2.0.1.jar:2.0.1]
	at com.netflix.discovery.shared.transport.decorator.EurekaHttpClientDecorator.register(EurekaHttpClientDecorator.java:56) ~[eureka-client-2.0.1.jar:2.0.1]
	at com.netflix.discovery.DiscoveryClient.register(DiscoveryClient.java:820) ~[eureka-client-2.0.1.jar:2.0.1]
	at com.netflix.discovery.DiscoveryClient.renew(DiscoveryClient.java:843) ~[eureka-client-2.0.1.jar:2.0.1]
	at com.netflix.discovery.DiscoveryClient$HeartbeatThread.run(DiscoveryClient.java:1401) ~[eureka-client-2.0.1.jar:2.0.1]
	at java.base/java.util.concurrent.Executors$RunnableAdapter.call(Executors.java:572) ~[na:na]
	at java.base/java.util.concurrent.FutureTask.run$$$capture(FutureTask.java:317) ~[na:na]
	at java.base/java.util.concurrent.FutureTask.run(FutureTask.java) ~[na:na]
	at java.base/java.util.concurrent.ThreadPoolExecutor.runWorker(ThreadPoolExecutor.java:1144) ~[na:na]
	at java.base/java.util.concurrent.ThreadPoolExecutor$Worker.run(ThreadPoolExecutor.java:642) ~[na:na]
	at java.base/java.lang.Thread.run(Thread.java:1583) ~[na:na]

2026-03-25T23:12:41.358+05:30  INFO 18736 --- [product-service] [DiscoveryClient-InstanceInfoReplicator-0] com.netflix.discovery.DiscoveryClient    : DiscoveryClient_PRODUCT-SERVICE/product-service:8082: registering service...
2026-03-25T23:12:47.420+05:30  INFO 18736 --- [product-service] [DiscoveryClient-InstanceInfoReplicator-0] com.netflix.discovery.DiscoveryClient    : DiscoveryClient_PRODUCT-SERVICE/product-service:8082 - registration status: 204
2026-03-25T23:16:17.266+05:30  INFO 18736 --- [product-service] [DiscoveryClient-HeartbeatExecutor-0] com.netflix.discovery.DiscoveryClient    : DiscoveryClient_PRODUCT-SERVICE/product-service:8082 - Re-registering apps/PRODUCT-SERVICE
2026-03-25T23:16:17.294+05:30  INFO 18736 --- [product-service] [DiscoveryClient-HeartbeatExecutor-0] com.netflix.discovery.DiscoveryClient    : DiscoveryClient_PRODUCT-SERVICE/product-service:8082: registering service...
2026-03-25T23:16:17.490+05:30  INFO 18736 --- [product-service] [DiscoveryClient-InstanceInfoReplicator-0] com.netflix.discovery.DiscoveryClient    : DiscoveryClient_PRODUCT-SERVICE/product-service:8082: registering service...
2026-03-25T23:16:17.757+05:30  INFO 18736 --- [product-service] [DiscoveryClient-HeartbeatExecutor-0] com.netflix.discovery.DiscoveryClient    : DiscoveryClient_PRODUCT-SERVICE/product-service:8082 - registration status: 204
2026-03-25T23:16:17.792+05:30  INFO 18736 --- [product-service] [DiscoveryClient-InstanceInfoReplicator-0] com.netflix.discovery.DiscoveryClient    : DiscoveryClient_PRODUCT-SERVICE/product-service:8082 - registration status: 204
2026-03-25T23:22:15.919+05:30  INFO 18736 --- [product-service] [AsyncResolver-bootstrap-executor-0] c.n.d.s.r.aws.ConfigClusterResolver      : Resolving eureka endpoints via configuration
2026-03-25T23:27:15.932+05:30  INFO 18736 --- [product-service] [AsyncResolver-bootstrap-executor-0] c.n.d.s.r.aws.ConfigClusterResolver      : Resolving eureka endpoints via configuration
2026-03-25T23:32:15.942+05:30  INFO 18736 --- [product-service] [AsyncResolver-bootstrap-executor-0] c.n.d.s.r.aws.ConfigClusterResolver      : Resolving eureka endpoints via configuration
2026-03-25T23:37:15.980+05:30  INFO 18736 --- [product-service] [AsyncResolver-bootstrap-executor-0] c.n.d.s.r.aws.ConfigClusterResolver      : Resolving eureka endpoints via configuration
2026-03-25T23:41:17.389+05:30  WARN 18736 --- [product-service] [DiscoveryClient-1] c.netflix.discovery.TimedSupervisorTask  : task supervisor timed out

java.util.concurrent.TimeoutException: null
	at java.base/java.util.concurrent.FutureTask.get(FutureTask.java:204) ~[na:na]
	at com.netflix.discovery.TimedSupervisorTask.run(TimedSupervisorTask.java:68) ~[eureka-client-2.0.1.jar:2.0.1]
	at java.base/java.util.concurrent.Executors$RunnableAdapter.call(Executors.java:572) ~[na:na]
	at java.base/java.util.concurrent.FutureTask.run$$$capture(FutureTask.java:317) ~[na:na]
	at java.base/java.util.concurrent.FutureTask.run(FutureTask.java) ~[na:na]
	at java.base/java.util.concurrent.ScheduledThreadPoolExecutor$ScheduledFutureTask.run(ScheduledThreadPoolExecutor.java:304) ~[na:na]
	at java.base/java.util.concurrent.ThreadPoolExecutor.runWorker(ThreadPoolExecutor.java:1144) ~[na:na]
	at java.base/java.util.concurrent.ThreadPoolExecutor$Worker.run(ThreadPoolExecutor.java:642) ~[na:na]
	at java.base/java.lang.Thread.run(Thread.java:1583) ~[na:na]

2026-03-25T23:41:30.504+05:30  WARN 18736 --- [product-service] [DiscoveryClient-0] c.netflix.discovery.TimedSupervisorTask  : task supervisor timed out

java.util.concurrent.TimeoutException: null
	at java.base/java.util.concurrent.FutureTask.get(FutureTask.java:204) ~[na:na]
	at com.netflix.discovery.TimedSupervisorTask.run(TimedSupervisorTask.java:68) ~[eureka-client-2.0.1.jar:2.0.1]
	at java.base/java.util.concurrent.Executors$RunnableAdapter.call(Executors.java:572) ~[na:na]
	at java.base/java.util.concurrent.FutureTask.run$$$capture(FutureTask.java:317) ~[na:na]
	at java.base/java.util.concurrent.FutureTask.run(FutureTask.java) ~[na:na]
	at java.base/java.util.concurrent.ScheduledThreadPoolExecutor$ScheduledFutureTask.run(ScheduledThreadPoolExecutor.java:304) ~[na:na]
	at java.base/java.util.concurrent.ThreadPoolExecutor.runWorker(ThreadPoolExecutor.java:1144) ~[na:na]
	at java.base/java.util.concurrent.ThreadPoolExecutor$Worker.run(ThreadPoolExecutor.java:642) ~[na:na]
	at java.base/java.lang.Thread.run(Thread.java:1583) ~[na:na]

2026-03-25T23:41:33.708+05:30  INFO 18736 --- [product-service] [SpringApplicationShutdownHook] o.s.c.n.e.s.EurekaServiceRegistry        : Unregistering application PRODUCT-SERVICE with eureka with status DOWN
2026-03-25T23:41:34.136+05:30  INFO 18736 --- [product-service] [SpringApplicationShutdownHook] com.netflix.discovery.DiscoveryClient    : Saw local status change event StatusChangeEvent [timestamp=1774462293979, current=DOWN, previous=UP]
2026-03-25T23:41:34.009+05:30  INFO 18736 --- [product-service] [DiscoveryClient-CacheRefreshExecutor-0] c.n.d.s.t.d.RedirectingEurekaHttpClient  : Request execution error. endpoint=DefaultEndpoint{ serviceUrl='http://localhost:8761/eureka/} exception=I/O error on GET request for "http://localhost:8761/eureka/apps/delta": Connect to http://localhost:8761 [localhost/127.0.0.1, localhost/0:0:0:0:0:0:0:1] failed: Connection refused: getsockopt stacktrace=org.springframework.web.client.ResourceAccessException: I/O error on GET request for "http://localhost:8761/eureka/apps/delta": Connect to http://localhost:8761 [localhost/127.0.0.1, localhost/0:0:0:0:0:0:0:1] failed: Connection refused: getsockopt
	at org.springframework.web.client.RestTemplate.createResourceAccessException(RestTemplate.java:915)
	at org.springframework.web.client.RestTemplate.doExecute(RestTemplate.java:895)
	at org.springframework.web.client.RestTemplate.execute(RestTemplate.java:790)
	at org.springframework.web.client.RestTemplate.exchange(RestTemplate.java:672)
	at org.springframework.cloud.netflix.eureka.http.RestTemplateEurekaHttpClient.getApplicationsInternal(RestTemplateEurekaHttpClient.java:145)
	at org.springframework.cloud.netflix.eureka.http.RestTemplateEurekaHttpClient.getDelta(RestTemplateEurekaHttpClient.java:155)
	at com.netflix.discovery.shared.transport.decorator.EurekaHttpClientDecorator$7.execute(EurekaHttpClientDecorator.java:152)
	at com.netflix.discovery.shared.transport.decorator.RedirectingEurekaHttpClient.execute(RedirectingEurekaHttpClient.java:91)
	at com.netflix.discovery.shared.transport.decorator.EurekaHttpClientDecorator.getDelta(EurekaHttpClientDecorator.java:149)
	at com.netflix.discovery.shared.transport.decorator.EurekaHttpClientDecorator$7.execute(EurekaHttpClientDecorator.java:152)
	at com.netflix.discovery.shared.transport.decorator.RetryableEurekaHttpClient.execute(RetryableEurekaHttpClient.java:120)
	at com.netflix.discovery.shared.transport.decorator.EurekaHttpClientDecorator.getDelta(EurekaHttpClientDecorator.java:149)
	at com.netflix.discovery.shared.transport.decorator.EurekaHttpClientDecorator$7.execute(EurekaHttpClientDecorator.java:152)
	at com.netflix.discovery.shared.transport.decorator.SessionedEurekaHttpClient.execute(SessionedEurekaHttpClient.java:77)
	at com.netflix.discovery.shared.transport.decorator.EurekaHttpClientDecorator.getDelta(EurekaHttpClientDecorator.java:149)
	at com.netflix.discovery.DiscoveryClient.getAndUpdateDelta(DiscoveryClient.java:1079)
	at com.netflix.discovery.DiscoveryClient.fetchRegistry(DiscoveryClient.java:960)
	at com.netflix.discovery.DiscoveryClient.refreshRegistry(DiscoveryClient.java:1475)
	at com.netflix.discovery.DiscoveryClient$CacheRefreshThread.run(DiscoveryClient.java:1442)
	at java.base/java.util.concurrent.Executors$RunnableAdapter.call(Executors.java:572)
	at java.base/java.util.concurrent.FutureTask.run$$$capture(FutureTask.java:317)
	at java.base/java.util.concurrent.FutureTask.run(FutureTask.java)
	at java.base/java.util.concurrent.ThreadPoolExecutor.runWorker(ThreadPoolExecutor.java:1144)
	at java.base/java.util.concurrent.ThreadPoolExecutor$Worker.run(ThreadPoolExecutor.java:642)
	at java.base/java.lang.Thread.run(Thread.java:1583)
Caused by: org.apache.hc.client5.http.HttpHostConnectException: Connect to http://localhost:8761 [localhost/127.0.0.1, localhost/0:0:0:0:0:0:0:1] failed: Connection refused: getsockopt
	at java.base/sun.nio.ch.Net.pollConnect(Native Method)
	at java.base/sun.nio.ch.Net.pollConnectNow(Net.java:682)
	at java.base/sun.nio.ch.NioSocketImpl.timedFinishConnect(NioSocketImpl.java:542)
	at java.base/sun.nio.ch.NioSocketImpl.connect(NioSocketImpl.java:592)
	at java.base/java.net.SocksSocketImpl.connect(SocksSocketImpl.java:327)
	at java.base/java.net.Socket.connect(Socket.java:751)
	at org.apache.hc.client5.http.socket.PlainConnectionSocketFactory.lambda$connectSocket$0(PlainConnectionSocketFactory.java:91)
	at java.base/java.security.AccessController.doPrivileged(AccessController.java:571)
	at org.apache.hc.client5.http.socket.PlainConnectionSocketFactory.connectSocket(PlainConnectionSocketFactory.java:90)
	at org.apache.hc.client5.http.socket.ConnectionSocketFactory.connectSocket(ConnectionSocketFactory.java:123)
	at org.apache.hc.client5.http.impl.io.DefaultHttpClientConnectionOperator.connect(DefaultHttpClientConnectionOperator.java:184)
	at org.apache.hc.client5.http.impl.io.PoolingHttpClientConnectionManager.connect(PoolingHttpClientConnectionManager.java:447)
	at org.apache.hc.client5.http.impl.classic.InternalExecRuntime.connectEndpoint(InternalExecRuntime.java:162)
	at org.apache.hc.client5.http.impl.classic.InternalExecRuntime.connectEndpoint(InternalExecRuntime.java:172)
	at org.apache.hc.client5.http.impl.classic.ConnectExec.execute(ConnectExec.java:142)
	at org.apache.hc.client5.http.impl.classic.ExecChainElement.execute(ExecChainElement.java:51)
	at org.apache.hc.client5.http.impl.classic.ProtocolExec.execute(ProtocolExec.java:192)
	at org.apache.hc.client5.http.impl.classic.ExecChainElement.execute(ExecChainElement.java:51)
	at org.apache.hc.client5.http.impl.classic.HttpRequestRetryExec.execute(HttpRequestRetryExec.java:96)
	at org.apache.hc.client5.http.impl.classic.ExecChainElement.execute(ExecChainElement.java:51)
	at org.apache.hc.client5.http.impl.classic.ContentCompressionExec.execute(ContentCompressionExec.java:152)
	at org.apache.hc.client5.http.impl.classic.ExecChainElement.execute(ExecChainElement.java:51)
	at org.apache.hc.client5.http.impl.classic.RedirectExec.execute(RedirectExec.java:115)
	at org.apache.hc.client5.http.impl.classic.ExecChainElement.execute(ExecChainElement.java:51)
	at org.apache.hc.client5.http.impl.classic.InternalHttpClient.doExecute(InternalHttpClient.java:170)
	at org.apache.hc.client5.http.impl.classic.CloseableHttpClient.execute(CloseableHttpClient.java:87)
	at org.apache.hc.client5.http.impl.classic.CloseableHttpClient.execute(CloseableHttpClient.java:55)
	at org.apache.hc.client5.http.classic.HttpClient.executeOpen(HttpClient.java:183)
	at org.springframework.http.client.HttpComponentsClientHttpRequest.executeInternal(HttpComponentsClientHttpRequest.java:95)
	at org.springframework.http.client.AbstractStreamingClientHttpRequest.executeInternal(AbstractStreamingClientHttpRequest.java:70)
	at org.springframework.http.client.AbstractClientHttpRequest.execute(AbstractClientHttpRequest.java:66)
	at org.springframework.http.client.InterceptingClientHttpRequest$InterceptingRequestExecution.execute(InterceptingClientHttpRequest.java:112)
	at org.springframework.cloud.netflix.eureka.http.RestTemplateTransportClientFactory.lambda$restTemplate$0(RestTemplateTransportClientFactory.java:143)
	at org.springframework.http.client.InterceptingClientHttpRequest$InterceptingRequestExecution.execute(InterceptingClientHttpRequest.java:88)
	at org.springframework.http.client.InterceptingClientHttpRequest.executeInternal(InterceptingClientHttpRequest.java:72)
	at org.springframework.http.client.AbstractBufferingClientHttpRequest.executeInternal(AbstractBufferingClientHttpRequest.java:48)
	at org.springframework.http.client.AbstractClientHttpRequest.execute(AbstractClientHttpRequest.java:66)
	at org.springframework.web.client.RestTemplate.doExecute(RestTemplate.java:889)
	... 23 more

2026-03-25T23:41:34.585+05:30  WARN 18736 --- [product-service] [DiscoveryClient-CacheRefreshExecutor-0] c.n.d.s.t.d.RetryableEurekaHttpClient    : Request execution failed with message: I/O error on GET request for "http://localhost:8761/eureka/apps/delta": Connect to http://localhost:8761 [localhost/127.0.0.1, localhost/0:0:0:0:0:0:0:1] failed: Connection refused: getsockopt
2026-03-25T23:41:34.639+05:30  INFO 18736 --- [product-service] [DiscoveryClient-InstanceInfoReplicator-0] com.netflix.discovery.DiscoveryClient    : DiscoveryClient_PRODUCT-SERVICE/product-service:8082: registering service...
2026-03-25T23:41:34.009+05:30  INFO 18736 --- [product-service] [DiscoveryClient-HeartbeatExecutor-0] c.n.d.s.t.d.RedirectingEurekaHttpClient  : Request execution error. endpoint=DefaultEndpoint{ serviceUrl='http://localhost:8761/eureka/} exception=I/O error on PUT request for "http://localhost:8761/eureka/apps/PRODUCT-SERVICE/product-service:8082": Connect to http://localhost:8761 [localhost/127.0.0.1, localhost/0:0:0:0:0:0:0:1] failed: Connection refused: getsockopt stacktrace=org.springframework.web.client.ResourceAccessException: I/O error on PUT request for "http://localhost:8761/eureka/apps/PRODUCT-SERVICE/product-service:8082": Connect to http://localhost:8761 [localhost/127.0.0.1, localhost/0:0:0:0:0:0:0:1] failed: Connection refused: getsockopt
	at org.springframework.web.client.RestTemplate.createResourceAccessException(RestTemplate.java:915)
	at org.springframework.web.client.RestTemplate.doExecute(RestTemplate.java:895)
	at org.springframework.web.client.RestTemplate.execute(RestTemplate.java:790)
	at org.springframework.web.client.RestTemplate.exchange(RestTemplate.java:672)
	at org.springframework.cloud.netflix.eureka.http.RestTemplateEurekaHttpClient.sendHeartBeat(RestTemplateEurekaHttpClient.java:99)
	at com.netflix.discovery.shared.transport.decorator.EurekaHttpClientDecorator$3.execute(EurekaHttpClientDecorator.java:92)
	at com.netflix.discovery.shared.transport.decorator.RedirectingEurekaHttpClient.execute(RedirectingEurekaHttpClient.java:91)
	at com.netflix.discovery.shared.transport.decorator.EurekaHttpClientDecorator.sendHeartBeat(EurekaHttpClientDecorator.java:89)
	at com.netflix.discovery.shared.transport.decorator.EurekaHttpClientDecorator$3.execute(EurekaHttpClientDecorator.java:92)
	at com.netflix.discovery.shared.transport.decorator.RetryableEurekaHttpClient.execute(RetryableEurekaHttpClient.java:120)
	at com.netflix.discovery.shared.transport.decorator.EurekaHttpClientDecorator.sendHeartBeat(EurekaHttpClientDecorator.java:89)
	at com.netflix.discovery.shared.transport.decorator.EurekaHttpClientDecorator$3.execute(EurekaHttpClientDecorator.java:92)
	at com.netflix.discovery.shared.transport.decorator.SessionedEurekaHttpClient.execute(SessionedEurekaHttpClient.java:77)
	at com.netflix.discovery.shared.transport.decorator.EurekaHttpClientDecorator.sendHeartBeat(EurekaHttpClientDecorator.java:89)
	at com.netflix.discovery.DiscoveryClient.renew(DiscoveryClient.java:837)
	at com.netflix.discovery.DiscoveryClient$HeartbeatThread.run(DiscoveryClient.java:1401)
	at java.base/java.util.concurrent.Executors$RunnableAdapter.call(Executors.java:572)
	at java.base/java.util.concurrent.FutureTask.run$$$capture(FutureTask.java:317)
	at java.base/java.util.concurrent.FutureTask.run(FutureTask.java)
	at java.base/java.util.concurrent.ThreadPoolExecutor.runWorker(ThreadPoolExecutor.java:1144)
	at java.base/java.util.concurrent.ThreadPoolExecutor$Worker.run(ThreadPoolExecutor.java:642)
	at java.base/java.lang.Thread.run(Thread.java:1583)
Caused by: org.apache.hc.client5.http.HttpHostConnectException: Connect to http://localhost:8761 [localhost/127.0.0.1, localhost/0:0:0:0:0:0:0:1] failed: Connection refused: getsockopt
	at java.base/sun.nio.ch.Net.pollConnect(Native Method)
	at java.base/sun.nio.ch.Net.pollConnectNow(Net.java:682)
	at java.base/sun.nio.ch.NioSocketImpl.timedFinishConnect(NioSocketImpl.java:542)
	at java.base/sun.nio.ch.NioSocketImpl.connect(NioSocketImpl.java:592)
	at java.base/java.net.SocksSocketImpl.connect(SocksSocketImpl.java:327)
	at java.base/java.net.Socket.connect(Socket.java:751)
	at org.apache.hc.client5.http.socket.PlainConnectionSocketFactory.lambda$connectSocket$0(PlainConnectionSocketFactory.java:91)
	at java.base/java.security.AccessController.doPrivileged(AccessController.java:571)
	at org.apache.hc.client5.http.socket.PlainConnectionSocketFactory.connectSocket(PlainConnectionSocketFactory.java:90)
	at org.apache.hc.client5.http.socket.ConnectionSocketFactory.connectSocket(ConnectionSocketFactory.java:123)
	at org.apache.hc.client5.http.impl.io.DefaultHttpClientConnectionOperator.connect(DefaultHttpClientConnectionOperator.java:184)
	at org.apache.hc.client5.http.impl.io.PoolingHttpClientConnectionManager.connect(PoolingHttpClientConnectionManager.java:447)
	at org.apache.hc.client5.http.impl.classic.InternalExecRuntime.connectEndpoint(InternalExecRuntime.java:162)
	at org.apache.hc.client5.http.impl.classic.InternalExecRuntime.connectEndpoint(InternalExecRuntime.java:172)
	at org.apache.hc.client5.http.impl.classic.ConnectExec.execute(ConnectExec.java:142)
	at org.apache.hc.client5.http.impl.classic.ExecChainElement.execute(ExecChainElement.java:51)
	at org.apache.hc.client5.http.impl.classic.ProtocolExec.execute(ProtocolExec.java:192)
	at org.apache.hc.client5.http.impl.classic.ExecChainElement.execute(ExecChainElement.java:51)
	at org.apache.hc.client5.http.impl.classic.HttpRequestRetryExec.execute(HttpRequestRetryExec.java:96)
	at org.apache.hc.client5.http.impl.classic.ExecChainElement.execute(ExecChainElement.java:51)
	at org.apache.hc.client5.http.impl.classic.ContentCompressionExec.execute(ContentCompressionExec.java:152)
	at org.apache.hc.client5.http.impl.classic.ExecChainElement.execute(ExecChainElement.java:51)
	at org.apache.hc.client5.http.impl.classic.RedirectExec.execute(RedirectExec.java:115)
	at org.apache.hc.client5.http.impl.classic.ExecChainElement.execute(ExecChainElement.java:51)
	at org.apache.hc.client5.http.impl.classic.InternalHttpClient.doExecute(InternalHttpClient.java:170)
	at org.apache.hc.client5.http.impl.classic.CloseableHttpClient.execute(CloseableHttpClient.java:87)
	at org.apache.hc.client5.http.impl.classic.CloseableHttpClient.execute(CloseableHttpClient.java:55)
	at org.apache.hc.client5.http.classic.HttpClient.executeOpen(HttpClient.java:183)
	at org.springframework.http.client.HttpComponentsClientHttpRequest.executeInternal(HttpComponentsClientHttpRequest.java:95)
	at org.springframework.http.client.AbstractStreamingClientHttpRequest.executeInternal(AbstractStreamingClientHttpRequest.java:70)
	at org.springframework.http.client.AbstractClientHttpRequest.execute(AbstractClientHttpRequest.java:66)
	at org.springframework.http.client.InterceptingClientHttpRequest$InterceptingRequestExecution.execute(InterceptingClientHttpRequest.java:112)
	at org.springframework.cloud.netflix.eureka.http.RestTemplateTransportClientFactory.lambda$restTemplate$0(RestTemplateTransportClientFactory.java:143)
	at org.springframework.http.client.InterceptingClientHttpRequest$InterceptingRequestExecution.execute(InterceptingClientHttpRequest.java:88)
	at org.springframework.http.client.InterceptingClientHttpRequest.executeInternal(InterceptingClientHttpRequest.java:72)
	at org.springframework.http.client.AbstractBufferingClientHttpRequest.executeInternal(AbstractBufferingClientHttpRequest.java:48)
	at org.springframework.http.client.AbstractClientHttpRequest.execute(AbstractClientHttpRequest.java:66)
	at org.springframework.web.client.RestTemplate.doExecute(RestTemplate.java:889)
	... 20 more

2026-03-25T23:41:35.119+05:30  WARN 18736 --- [product-service] [DiscoveryClient-HeartbeatExecutor-0] c.n.d.s.t.d.RetryableEurekaHttpClient    : Request execution failed with message: I/O error on PUT request for "http://localhost:8761/eureka/apps/PRODUCT-SERVICE/product-service:8082": Connect to http://localhost:8761 [localhost/127.0.0.1, localhost/0:0:0:0:0:0:0:1] failed: Connection refused: getsockopt
2026-03-25T23:41:36.946+05:30  INFO 18736 --- [product-service] [DiscoveryClient-HeartbeatExecutor-0] c.n.d.s.t.d.RedirectingEurekaHttpClient  : Request execution error. endpoint=DefaultEndpoint{ serviceUrl='http://localhost:8761/eureka/}, exception=null stacktrace=java.util.concurrent.CancellationException
	at org.apache.hc.core5.concurrent.BasicFuture.getResult(BasicFuture.java:75)
	at org.apache.hc.core5.concurrent.BasicFuture.get(BasicFuture.java:96)
	at org.apache.hc.core5.pool.StrictConnPool$1.get(StrictConnPool.java:184)
	at org.apache.hc.core5.pool.StrictConnPool$1.get(StrictConnPool.java:178)
	at org.apache.hc.client5.http.impl.io.PoolingHttpClientConnectionManager$3.get(PoolingHttpClientConnectionManager.java:312)
	at org.apache.hc.client5.http.impl.classic.InternalExecRuntime.acquireEndpoint(InternalExecRuntime.java:109)
	at org.apache.hc.client5.http.impl.classic.ConnectExec.execute(ConnectExec.java:125)
	at org.apache.hc.client5.http.impl.classic.ExecChainElement.execute(ExecChainElement.java:51)
	at org.apache.hc.client5.http.impl.classic.ProtocolExec.execute(ProtocolExec.java:192)
	at org.apache.hc.client5.http.impl.classic.ExecChainElement.execute(ExecChainElement.java:51)
	at org.apache.hc.client5.http.impl.classic.HttpRequestRetryExec.execute(HttpRequestRetryExec.java:96)
	at org.apache.hc.client5.http.impl.classic.ExecChainElement.execute(ExecChainElement.java:51)
	at org.apache.hc.client5.http.impl.classic.ContentCompressionExec.execute(ContentCompressionExec.java:152)
	at org.apache.hc.client5.http.impl.classic.ExecChainElement.execute(ExecChainElement.java:51)
	at org.apache.hc.client5.http.impl.classic.RedirectExec.execute(RedirectExec.java:115)
	at org.apache.hc.client5.http.impl.classic.ExecChainElement.execute(ExecChainElement.java:51)
	at org.apache.hc.client5.http.impl.classic.InternalHttpClient.doExecute(InternalHttpClient.java:170)
	at org.apache.hc.client5.http.impl.classic.CloseableHttpClient.execute(CloseableHttpClient.java:87)
	at org.apache.hc.client5.http.impl.classic.CloseableHttpClient.execute(CloseableHttpClient.java:55)
	at org.apache.hc.client5.http.classic.HttpClient.executeOpen(HttpClient.java:183)
	at org.springframework.http.client.HttpComponentsClientHttpRequest.executeInternal(HttpComponentsClientHttpRequest.java:95)
	at org.springframework.http.client.AbstractStreamingClientHttpRequest.executeInternal(AbstractStreamingClientHttpRequest.java:70)
	at org.springframework.http.client.AbstractClientHttpRequest.execute(AbstractClientHttpRequest.java:66)
	at org.springframework.http.client.InterceptingClientHttpRequest$InterceptingRequestExecution.execute(InterceptingClientHttpRequest.java:112)
	at org.springframework.cloud.netflix.eureka.http.RestTemplateTransportClientFactory.lambda$restTemplate$0(RestTemplateTransportClientFactory.java:143)
	at org.springframework.http.client.InterceptingClientHttpRequest$InterceptingRequestExecution.execute(InterceptingClientHttpRequest.java:88)
	at org.springframework.http.client.InterceptingClientHttpRequest.executeInternal(InterceptingClientHttpRequest.java:72)
	at org.springframework.http.client.AbstractBufferingClientHttpRequest.executeInternal(AbstractBufferingClientHttpRequest.java:48)
	at org.springframework.http.client.AbstractClientHttpRequest.execute(AbstractClientHttpRequest.java:66)
	at org.springframework.web.client.RestTemplate.doExecute(RestTemplate.java:889)
	at org.springframework.web.client.RestTemplate.execute(RestTemplate.java:790)
	at org.springframework.web.client.RestTemplate.exchange(RestTemplate.java:672)
	at org.springframework.cloud.netflix.eureka.http.RestTemplateEurekaHttpClient.sendHeartBeat(RestTemplateEurekaHttpClient.java:99)
	at com.netflix.discovery.shared.transport.decorator.EurekaHttpClientDecorator$3.execute(EurekaHttpClientDecorator.java:92)
	at com.netflix.discovery.shared.transport.decorator.RedirectingEurekaHttpClient.executeOnNewServer(RedirectingEurekaHttpClient.java:121)
	at com.netflix.discovery.shared.transport.decorator.RedirectingEurekaHttpClient.execute(RedirectingEurekaHttpClient.java:80)
	at com.netflix.discovery.shared.transport.decorator.EurekaHttpClientDecorator.sendHeartBeat(EurekaHttpClientDecorator.java:89)
	at com.netflix.discovery.shared.transport.decorator.EurekaHttpClientDecorator$3.execute(EurekaHttpClientDecorator.java:92)
	at com.netflix.discovery.shared.transport.decorator.RetryableEurekaHttpClient.execute(RetryableEurekaHttpClient.java:120)
	at com.netflix.discovery.shared.transport.decorator.EurekaHttpClientDecorator.sendHeartBeat(EurekaHttpClientDecorator.java:89)
	at com.netflix.discovery.shared.transport.decorator.EurekaHttpClientDecorator$3.execute(EurekaHttpClientDecorator.java:92)
	at com.netflix.discovery.shared.transport.decorator.SessionedEurekaHttpClient.execute(SessionedEurekaHttpClient.java:77)
	at com.netflix.discovery.shared.transport.decorator.EurekaHttpClientDecorator.sendHeartBeat(EurekaHttpClientDecorator.java:89)
	at com.netflix.discovery.DiscoveryClient.renew(DiscoveryClient.java:837)
	at com.netflix.discovery.DiscoveryClient$HeartbeatThread.run(DiscoveryClient.java:1401)
	at java.base/java.util.concurrent.Executors$RunnableAdapter.call(Executors.java:572)
	at java.base/java.util.concurrent.FutureTask.run$$$capture(FutureTask.java:317)
	at java.base/java.util.concurrent.FutureTask.run(FutureTask.java)
	at java.base/java.util.concurrent.ThreadPoolExecutor.runWorker(ThreadPoolExecutor.java:1144)
	at java.base/java.util.concurrent.ThreadPoolExecutor$Worker.run(ThreadPoolExecutor.java:642)
	at java.base/java.lang.Thread.run(Thread.java:1583)

2026-03-25T23:41:36.948+05:30  WARN 18736 --- [product-service] [DiscoveryClient-HeartbeatExecutor-0] c.n.d.s.t.d.RetryableEurekaHttpClient    : Request execution failed with message: null
2026-03-25T23:41:36.949+05:30 ERROR 18736 --- [product-service] [DiscoveryClient-HeartbeatExecutor-0] com.netflix.discovery.DiscoveryClient    : DiscoveryClient_PRODUCT-SERVICE/product-service:8082 - was unable to send heartbeat!

com.netflix.discovery.shared.transport.TransportException: Cannot execute request on any known server
	at com.netflix.discovery.shared.transport.decorator.RetryableEurekaHttpClient.execute(RetryableEurekaHttpClient.java:112) ~[eureka-client-2.0.1.jar:2.0.1]
	at com.netflix.discovery.shared.transport.decorator.EurekaHttpClientDecorator.sendHeartBeat(EurekaHttpClientDecorator.java:89) ~[eureka-client-2.0.1.jar:2.0.1]
	at com.netflix.discovery.shared.transport.decorator.EurekaHttpClientDecorator$3.execute(EurekaHttpClientDecorator.java:92) ~[eureka-client-2.0.1.jar:2.0.1]
	at com.netflix.discovery.shared.transport.decorator.SessionedEurekaHttpClient.execute(SessionedEurekaHttpClient.java:77) ~[eureka-client-2.0.1.jar:2.0.1]
	at com.netflix.discovery.shared.transport.decorator.EurekaHttpClientDecorator.sendHeartBeat(EurekaHttpClientDecorator.java:89) ~[eureka-client-2.0.1.jar:2.0.1]
	at com.netflix.discovery.DiscoveryClient.renew(DiscoveryClient.java:837) ~[eureka-client-2.0.1.jar:2.0.1]
	at com.netflix.discovery.DiscoveryClient$HeartbeatThread.run(DiscoveryClient.java:1401) ~[eureka-client-2.0.1.jar:2.0.1]
	at java.base/java.util.concurrent.Executors$RunnableAdapter.call(Executors.java:572) ~[na:na]
	at java.base/java.util.concurrent.FutureTask.run$$$capture(FutureTask.java:317) ~[na:na]
	at java.base/java.util.concurrent.FutureTask.run(FutureTask.java) ~[na:na]
	at java.base/java.util.concurrent.ThreadPoolExecutor.runWorker(ThreadPoolExecutor.java:1144) ~[na:na]
	at java.base/java.util.concurrent.ThreadPoolExecutor$Worker.run(ThreadPoolExecutor.java:642) ~[na:na]
	at java.base/java.lang.Thread.run(Thread.java:1583) ~[na:na]

2026-03-25T23:41:38.991+05:30  INFO 18736 --- [product-service] [DiscoveryClient-CacheRefreshExecutor-0] c.n.d.s.t.d.RedirectingEurekaHttpClient  : Request execution error. endpoint=DefaultEndpoint{ serviceUrl='http://localhost:8761/eureka/}, exception=null stacktrace=java.util.concurrent.CancellationException
	at org.apache.hc.core5.concurrent.BasicFuture.getResult(BasicFuture.java:75)
	at org.apache.hc.core5.concurrent.BasicFuture.get(BasicFuture.java:96)
	at org.apache.hc.core5.pool.StrictConnPool$1.get(StrictConnPool.java:184)
	at org.apache.hc.core5.pool.StrictConnPool$1.get(StrictConnPool.java:178)
	at org.apache.hc.client5.http.impl.io.PoolingHttpClientConnectionManager$3.get(PoolingHttpClientConnectionManager.java:312)
	at org.apache.hc.client5.http.impl.classic.InternalExecRuntime.acquireEndpoint(InternalExecRuntime.java:109)
	at org.apache.hc.client5.http.impl.classic.ConnectExec.execute(ConnectExec.java:125)
	at org.apache.hc.client5.http.impl.classic.ExecChainElement.execute(ExecChainElement.java:51)
	at org.apache.hc.client5.http.impl.classic.ProtocolExec.execute(ProtocolExec.java:192)
	at org.apache.hc.client5.http.impl.classic.ExecChainElement.execute(ExecChainElement.java:51)
	at org.apache.hc.client5.http.impl.classic.HttpRequestRetryExec.execute(HttpRequestRetryExec.java:96)
	at org.apache.hc.client5.http.impl.classic.ExecChainElement.execute(ExecChainElement.java:51)
	at org.apache.hc.client5.http.impl.classic.ContentCompressionExec.execute(ContentCompressionExec.java:152)
	at org.apache.hc.client5.http.impl.classic.ExecChainElement.execute(ExecChainElement.java:51)
	at org.apache.hc.client5.http.impl.classic.RedirectExec.execute(RedirectExec.java:115)
	at org.apache.hc.client5.http.impl.classic.ExecChainElement.execute(ExecChainElement.java:51)
	at org.apache.hc.client5.http.impl.classic.InternalHttpClient.doExecute(InternalHttpClient.java:170)
	at org.apache.hc.client5.http.impl.classic.CloseableHttpClient.execute(CloseableHttpClient.java:87)
	at org.apache.hc.client5.http.impl.classic.CloseableHttpClient.execute(CloseableHttpClient.java:55)
	at org.apache.hc.client5.http.classic.HttpClient.executeOpen(HttpClient.java:183)
	at org.springframework.http.client.HttpComponentsClientHttpRequest.executeInternal(HttpComponentsClientHttpRequest.java:95)
	at org.springframework.http.client.AbstractStreamingClientHttpRequest.executeInternal(AbstractStreamingClientHttpRequest.java:70)
	at org.springframework.http.client.AbstractClientHttpRequest.execute(AbstractClientHttpRequest.java:66)
	at org.springframework.http.client.InterceptingClientHttpRequest$InterceptingRequestExecution.execute(InterceptingClientHttpRequest.java:112)
	at org.springframework.cloud.netflix.eureka.http.RestTemplateTransportClientFactory.lambda$restTemplate$0(RestTemplateTransportClientFactory.java:143)
	at org.springframework.http.client.InterceptingClientHttpRequest$InterceptingRequestExecution.execute(InterceptingClientHttpRequest.java:88)
	at org.springframework.http.client.InterceptingClientHttpRequest.executeInternal(InterceptingClientHttpRequest.java:72)
	at org.springframework.http.client.AbstractBufferingClientHttpRequest.executeInternal(AbstractBufferingClientHttpRequest.java:48)
	at org.springframework.http.client.AbstractClientHttpRequest.execute(AbstractClientHttpRequest.java:66)
	at org.springframework.web.client.RestTemplate.doExecute(RestTemplate.java:889)
	at org.springframework.web.client.RestTemplate.execute(RestTemplate.java:790)
	at org.springframework.web.client.RestTemplate.exchange(RestTemplate.java:672)
	at org.springframework.cloud.netflix.eureka.http.RestTemplateEurekaHttpClient.getApplicationsInternal(RestTemplateEurekaHttpClient.java:145)
	at org.springframework.cloud.netflix.eureka.http.RestTemplateEurekaHttpClient.getDelta(RestTemplateEurekaHttpClient.java:155)
	at com.netflix.discovery.shared.transport.decorator.EurekaHttpClientDecorator$7.execute(EurekaHttpClientDecorator.java:152)
	at com.netflix.discovery.shared.transport.decorator.RedirectingEurekaHttpClient.executeOnNewServer(RedirectingEurekaHttpClient.java:121)
	at com.netflix.discovery.shared.transport.decorator.RedirectingEurekaHttpClient.execute(RedirectingEurekaHttpClient.java:80)
	at com.netflix.discovery.shared.transport.decorator.EurekaHttpClientDecorator.getDelta(EurekaHttpClientDecorator.java:149)
	at com.netflix.discovery.shared.transport.decorator.EurekaHttpClientDecorator$7.execute(EurekaHttpClientDecorator.java:152)
	at com.netflix.discovery.shared.transport.decorator.RetryableEurekaHttpClient.execute(RetryableEurekaHttpClient.java:120)
	at com.netflix.discovery.shared.transport.decorator.EurekaHttpClientDecorator.getDelta(EurekaHttpClientDecorator.java:149)
	at com.netflix.discovery.shared.transport.decorator.EurekaHttpClientDecorator$7.execute(EurekaHttpClientDecorator.java:152)
	at com.netflix.discovery.shared.transport.decorator.SessionedEurekaHttpClient.execute(SessionedEurekaHttpClient.java:77)
	at com.netflix.discovery.shared.transport.decorator.EurekaHttpClientDecorator.getDelta(EurekaHttpClientDecorator.java:149)
	at com.netflix.discovery.DiscoveryClient.getAndUpdateDelta(DiscoveryClient.java:1079)
	at com.netflix.discovery.DiscoveryClient.fetchRegistry(DiscoveryClient.java:960)
	at com.netflix.discovery.DiscoveryClient.refreshRegistry(DiscoveryClient.java:1475)
	at com.netflix.discovery.DiscoveryClient$CacheRefreshThread.run(DiscoveryClient.java:1442)
	at java.base/java.util.concurrent.Executors$RunnableAdapter.call(Executors.java:572)
	at java.base/java.util.concurrent.FutureTask.run$$$capture(FutureTask.java:317)
	at java.base/java.util.concurrent.FutureTask.run(FutureTask.java)
	at java.base/java.util.concurrent.ThreadPoolExecutor.runWorker(ThreadPoolExecutor.java:1144)
	at java.base/java.util.concurrent.ThreadPoolExecutor$Worker.run(ThreadPoolExecutor.java:642)
	at java.base/java.lang.Thread.run(Thread.java:1583)

2026-03-25T23:41:39.482+05:30  WARN 18736 --- [product-service] [DiscoveryClient-CacheRefreshExecutor-0] c.n.d.s.t.d.RetryableEurekaHttpClient    : Request execution failed with message: null
2026-03-25T23:41:39.483+05:30  INFO 18736 --- [product-service] [DiscoveryClient-CacheRefreshExecutor-0] com.netflix.discovery.DiscoveryClient    : DiscoveryClient_PRODUCT-SERVICE/product-service:8082 - was unable to refresh its cache! This periodic background refresh will be retried in 30 seconds. status = Cannot execute request on any known server stacktrace = com.netflix.discovery.shared.transport.TransportException: Cannot execute request on any known server
	at com.netflix.discovery.shared.transport.decorator.RetryableEurekaHttpClient.execute(RetryableEurekaHttpClient.java:112)
	at com.netflix.discovery.shared.transport.decorator.EurekaHttpClientDecorator.getDelta(EurekaHttpClientDecorator.java:149)
	at com.netflix.discovery.shared.transport.decorator.EurekaHttpClientDecorator$7.execute(EurekaHttpClientDecorator.java:152)
	at com.netflix.discovery.shared.transport.decorator.SessionedEurekaHttpClient.execute(SessionedEurekaHttpClient.java:77)
	at com.netflix.discovery.shared.transport.decorator.EurekaHttpClientDecorator.getDelta(EurekaHttpClientDecorator.java:149)
	at com.netflix.discovery.DiscoveryClient.getAndUpdateDelta(DiscoveryClient.java:1079)
	at com.netflix.discovery.DiscoveryClient.fetchRegistry(DiscoveryClient.java:960)
	at com.netflix.discovery.DiscoveryClient.refreshRegistry(DiscoveryClient.java:1475)
	at com.netflix.discovery.DiscoveryClient$CacheRefreshThread.run(DiscoveryClient.java:1442)
	at java.base/java.util.concurrent.Executors$RunnableAdapter.call(Executors.java:572)
	at java.base/java.util.concurrent.FutureTask.run$$$capture(FutureTask.java:317)
	at java.base/java.util.concurrent.FutureTask.run(FutureTask.java)
	at java.base/java.util.concurrent.ThreadPoolExecutor.runWorker(ThreadPoolExecutor.java:1144)
	at java.base/java.util.concurrent.ThreadPoolExecutor$Worker.run(ThreadPoolExecutor.java:642)
	at java.base/java.lang.Thread.run(Thread.java:1583)

2026-03-25T23:41:39.952+05:30  INFO 18736 --- [product-service] [DiscoveryClient-InstanceInfoReplicator-0] c.n.d.s.t.d.RedirectingEurekaHttpClient  : Request execution error. endpoint=DefaultEndpoint{ serviceUrl='http://localhost:8761/eureka/} exception=I/O error on POST request for "http://localhost:8761/eureka/apps/PRODUCT-SERVICE": Connect to http://localhost:8761 [localhost/127.0.0.1, localhost/0:0:0:0:0:0:0:1] failed: Connection refused: getsockopt stacktrace=org.springframework.web.client.ResourceAccessException: I/O error on POST request for "http://localhost:8761/eureka/apps/PRODUCT-SERVICE": Connect to http://localhost:8761 [localhost/127.0.0.1, localhost/0:0:0:0:0:0:0:1] failed: Connection refused: getsockopt
	at org.springframework.web.client.RestTemplate.createResourceAccessException(RestTemplate.java:915)
	at org.springframework.web.client.RestTemplate.doExecute(RestTemplate.java:895)
	at org.springframework.web.client.RestTemplate.execute(RestTemplate.java:790)
	at org.springframework.web.client.RestTemplate.exchange(RestTemplate.java:672)
	at org.springframework.cloud.netflix.eureka.http.RestTemplateEurekaHttpClient.register(RestTemplateEurekaHttpClient.java:77)
	at com.netflix.discovery.shared.transport.decorator.EurekaHttpClientDecorator$1.execute(EurekaHttpClientDecorator.java:59)
	at com.netflix.discovery.shared.transport.decorator.RedirectingEurekaHttpClient.execute(RedirectingEurekaHttpClient.java:91)
	at com.netflix.discovery.shared.transport.decorator.EurekaHttpClientDecorator.register(EurekaHttpClientDecorator.java:56)
	at com.netflix.discovery.shared.transport.decorator.EurekaHttpClientDecorator$1.execute(EurekaHttpClientDecorator.java:59)
	at com.netflix.discovery.shared.transport.decorator.RetryableEurekaHttpClient.execute(RetryableEurekaHttpClient.java:120)
	at com.netflix.discovery.shared.transport.decorator.EurekaHttpClientDecorator.register(EurekaHttpClientDecorator.java:56)
	at com.netflix.discovery.shared.transport.decorator.EurekaHttpClientDecorator$1.execute(EurekaHttpClientDecorator.java:59)
	at com.netflix.discovery.shared.transport.decorator.SessionedEurekaHttpClient.execute(SessionedEurekaHttpClient.java:77)
	at com.netflix.discovery.shared.transport.decorator.EurekaHttpClientDecorator.register(EurekaHttpClientDecorator.java:56)
	at com.netflix.discovery.DiscoveryClient.register(DiscoveryClient.java:820)
	at com.netflix.discovery.InstanceInfoReplicator.run(InstanceInfoReplicator.java:121)
	at com.netflix.discovery.InstanceInfoReplicator$1.run(InstanceInfoReplicator.java:101)
	at java.base/java.util.concurrent.Executors$RunnableAdapter.call(Executors.java:572)
	at java.base/java.util.concurrent.FutureTask.run$$$capture(FutureTask.java:317)
	at java.base/java.util.concurrent.FutureTask.run(FutureTask.java)
	at java.base/java.util.concurrent.ScheduledThreadPoolExecutor$ScheduledFutureTask.run(ScheduledThreadPoolExecutor.java:304)
	at java.base/java.util.concurrent.ThreadPoolExecutor.runWorker(ThreadPoolExecutor.java:1144)
	at java.base/java.util.concurrent.ThreadPoolExecutor$Worker.run(ThreadPoolExecutor.java:642)
	at java.base/java.lang.Thread.run(Thread.java:1583)
Caused by: org.apache.hc.client5.http.HttpHostConnectException: Connect to http://localhost:8761 [localhost/127.0.0.1, localhost/0:0:0:0:0:0:0:1] failed: Connection refused: getsockopt
	at java.base/sun.nio.ch.Net.pollConnect(Native Method)
	at java.base/sun.nio.ch.Net.pollConnectNow(Net.java:682)
	at java.base/sun.nio.ch.NioSocketImpl.timedFinishConnect(NioSocketImpl.java:542)
	at java.base/sun.nio.ch.NioSocketImpl.connect(NioSocketImpl.java:592)
	at java.base/java.net.SocksSocketImpl.connect(SocksSocketImpl.java:327)
	at java.base/java.net.Socket.connect(Socket.java:751)
	at org.apache.hc.client5.http.socket.PlainConnectionSocketFactory.lambda$connectSocket$0(PlainConnectionSocketFactory.java:91)
	at java.base/java.security.AccessController.doPrivileged(AccessController.java:571)
	at org.apache.hc.client5.http.socket.PlainConnectionSocketFactory.connectSocket(PlainConnectionSocketFactory.java:90)
	at org.apache.hc.client5.http.socket.ConnectionSocketFactory.connectSocket(ConnectionSocketFactory.java:123)
	at org.apache.hc.client5.http.impl.io.DefaultHttpClientConnectionOperator.connect(DefaultHttpClientConnectionOperator.java:184)
	at org.apache.hc.client5.http.impl.io.PoolingHttpClientConnectionManager.connect(PoolingHttpClientConnectionManager.java:447)
	at org.apache.hc.client5.http.impl.classic.InternalExecRuntime.connectEndpoint(InternalExecRuntime.java:162)
	at org.apache.hc.client5.http.impl.classic.InternalExecRuntime.connectEndpoint(InternalExecRuntime.java:172)
	at org.apache.hc.client5.http.impl.classic.ConnectExec.execute(ConnectExec.java:142)
	at org.apache.hc.client5.http.impl.classic.ExecChainElement.execute(ExecChainElement.java:51)
	at org.apache.hc.client5.http.impl.classic.ProtocolExec.execute(ProtocolExec.java:192)
	at org.apache.hc.client5.http.impl.classic.ExecChainElement.execute(ExecChainElement.java:51)
	at org.apache.hc.client5.http.impl.classic.HttpRequestRetryExec.execute(HttpRequestRetryExec.java:96)
	at org.apache.hc.client5.http.impl.classic.ExecChainElement.execute(ExecChainElement.java:51)
	at org.apache.hc.client5.http.impl.classic.ContentCompressionExec.execute(ContentCompressionExec.java:152)
	at org.apache.hc.client5.http.impl.classic.ExecChainElement.execute(ExecChainElement.java:51)
	at org.apache.hc.client5.http.impl.classic.RedirectExec.execute(RedirectExec.java:115)
	at org.apache.hc.client5.http.impl.classic.ExecChainElement.execute(ExecChainElement.java:51)
	at org.apache.hc.client5.http.impl.classic.InternalHttpClient.doExecute(InternalHttpClient.java:170)
	at org.apache.hc.client5.http.impl.classic.CloseableHttpClient.execute(CloseableHttpClient.java:87)
	at org.apache.hc.client5.http.impl.classic.CloseableHttpClient.execute(CloseableHttpClient.java:55)
	at org.apache.hc.client5.http.classic.HttpClient.executeOpen(HttpClient.java:183)
	at org.springframework.http.client.HttpComponentsClientHttpRequest.executeInternal(HttpComponentsClientHttpRequest.java:95)
	at org.springframework.http.client.AbstractStreamingClientHttpRequest.executeInternal(AbstractStreamingClientHttpRequest.java:70)
	at org.springframework.http.client.AbstractClientHttpRequest.execute(AbstractClientHttpRequest.java:66)
	at org.springframework.http.client.InterceptingClientHttpRequest$InterceptingRequestExecution.execute(InterceptingClientHttpRequest.java:112)
	at org.springframework.cloud.netflix.eureka.http.RestTemplateTransportClientFactory.lambda$restTemplate$0(RestTemplateTransportClientFactory.java:143)
	at org.springframework.http.client.InterceptingClientHttpRequest$InterceptingRequestExecution.execute(InterceptingClientHttpRequest.java:88)
	at org.springframework.http.client.InterceptingClientHttpRequest.executeInternal(InterceptingClientHttpRequest.java:72)
	at org.springframework.http.client.AbstractBufferingClientHttpRequest.executeInternal(AbstractBufferingClientHttpRequest.java:48)
	at org.springframework.http.client.AbstractClientHttpRequest.execute(AbstractClientHttpRequest.java:66)
	at org.springframework.web.client.RestTemplate.doExecute(RestTemplate.java:889)
	... 22 more

2026-03-25T23:41:40.106+05:30  WARN 18736 --- [product-service] [DiscoveryClient-InstanceInfoReplicator-0] c.n.d.s.t.d.RetryableEurekaHttpClient    : Request execution failed with message: I/O error on POST request for "http://localhost:8761/eureka/apps/PRODUCT-SERVICE": Connect to http://localhost:8761 [localhost/127.0.0.1, localhost/0:0:0:0:0:0:0:1] failed: Connection refused: getsockopt
2026-03-25T23:41:41.461+05:30  INFO 18736 --- [product-service] [DiscoveryClient-InstanceInfoReplicator-0] c.n.d.s.t.d.RedirectingEurekaHttpClient  : Request execution error. endpoint=DefaultEndpoint{ serviceUrl='http://localhost:8761/eureka/}, exception=I/O error on POST request for "http://localhost:8761/eureka/apps/PRODUCT-SERVICE": Connect to http://localhost:8761 [localhost/127.0.0.1, localhost/0:0:0:0:0:0:0:1] failed: Connection refused: getsockopt stacktrace=org.springframework.web.client.ResourceAccessException: I/O error on POST request for "http://localhost:8761/eureka/apps/PRODUCT-SERVICE": Connect to http://localhost:8761 [localhost/127.0.0.1, localhost/0:0:0:0:0:0:0:1] failed: Connection refused: getsockopt
	at org.springframework.web.client.RestTemplate.createResourceAccessException(RestTemplate.java:915)
	at org.springframework.web.client.RestTemplate.doExecute(RestTemplate.java:895)
	at org.springframework.web.client.RestTemplate.execute(RestTemplate.java:790)
	at org.springframework.web.client.RestTemplate.exchange(RestTemplate.java:672)
	at org.springframework.cloud.netflix.eureka.http.RestTemplateEurekaHttpClient.register(RestTemplateEurekaHttpClient.java:77)
	at com.netflix.discovery.shared.transport.decorator.EurekaHttpClientDecorator$1.execute(EurekaHttpClientDecorator.java:59)
	at com.netflix.discovery.shared.transport.decorator.RedirectingEurekaHttpClient.executeOnNewServer(RedirectingEurekaHttpClient.java:121)
	at com.netflix.discovery.shared.transport.decorator.RedirectingEurekaHttpClient.execute(RedirectingEurekaHttpClient.java:80)
	at com.netflix.discovery.shared.transport.decorator.EurekaHttpClientDecorator.register(EurekaHttpClientDecorator.java:56)
	at com.netflix.discovery.shared.transport.decorator.EurekaHttpClientDecorator$1.execute(EurekaHttpClientDecorator.java:59)
	at com.netflix.discovery.shared.transport.decorator.RetryableEurekaHttpClient.execute(RetryableEurekaHttpClient.java:120)
	at com.netflix.discovery.shared.transport.decorator.EurekaHttpClientDecorator.register(EurekaHttpClientDecorator.java:56)
	at com.netflix.discovery.shared.transport.decorator.EurekaHttpClientDecorator$1.execute(EurekaHttpClientDecorator.java:59)
	at com.netflix.discovery.shared.transport.decorator.SessionedEurekaHttpClient.execute(SessionedEurekaHttpClient.java:77)
	at com.netflix.discovery.shared.transport.decorator.EurekaHttpClientDecorator.register(EurekaHttpClientDecorator.java:56)
	at com.netflix.discovery.DiscoveryClient.register(DiscoveryClient.java:820)
	at com.netflix.discovery.InstanceInfoReplicator.run(InstanceInfoReplicator.java:121)
	at com.netflix.discovery.InstanceInfoReplicator$1.run(InstanceInfoReplicator.java:101)
	at java.base/java.util.concurrent.Executors$RunnableAdapter.call(Executors.java:572)
	at java.base/java.util.concurrent.FutureTask.run$$$capture(FutureTask.java:317)
	at java.base/java.util.concurrent.FutureTask.run(FutureTask.java)
	at java.base/java.util.concurrent.ScheduledThreadPoolExecutor$ScheduledFutureTask.run(ScheduledThreadPoolExecutor.java:304)
	at java.base/java.util.concurrent.ThreadPoolExecutor.runWorker(ThreadPoolExecutor.java:1144)
	at java.base/java.util.concurrent.ThreadPoolExecutor$Worker.run(ThreadPoolExecutor.java:642)
	at java.base/java.lang.Thread.run(Thread.java:1583)
Caused by: org.apache.hc.client5.http.HttpHostConnectException: Connect to http://localhost:8761 [localhost/127.0.0.1, localhost/0:0:0:0:0:0:0:1] failed: Connection refused: getsockopt
	at java.base/sun.nio.ch.Net.pollConnect(Native Method)
	at java.base/sun.nio.ch.Net.pollConnectNow(Net.java:682)
	at java.base/sun.nio.ch.NioSocketImpl.timedFinishConnect(NioSocketImpl.java:542)
	at java.base/sun.nio.ch.NioSocketImpl.connect(NioSocketImpl.java:592)
	at java.base/java.net.SocksSocketImpl.connect(SocksSocketImpl.java:327)
	at java.base/java.net.Socket.connect(Socket.java:751)
	at org.apache.hc.client5.http.socket.PlainConnectionSocketFactory.lambda$connectSocket$0(PlainConnectionSocketFactory.java:91)
	at java.base/java.security.AccessController.doPrivileged(AccessController.java:571)
	at org.apache.hc.client5.http.socket.PlainConnectionSocketFactory.connectSocket(PlainConnectionSocketFactory.java:90)
	at org.apache.hc.client5.http.socket.ConnectionSocketFactory.connectSocket(ConnectionSocketFactory.java:123)
	at org.apache.hc.client5.http.impl.io.DefaultHttpClientConnectionOperator.connect(DefaultHttpClientConnectionOperator.java:184)
	at org.apache.hc.client5.http.impl.io.PoolingHttpClientConnectionManager.connect(PoolingHttpClientConnectionManager.java:447)
	at org.apache.hc.client5.http.impl.classic.InternalExecRuntime.connectEndpoint(InternalExecRuntime.java:162)
	at org.apache.hc.client5.http.impl.classic.InternalExecRuntime.connectEndpoint(InternalExecRuntime.java:172)
	at org.apache.hc.client5.http.impl.classic.ConnectExec.execute(ConnectExec.java:142)
	at org.apache.hc.client5.http.impl.classic.ExecChainElement.execute(ExecChainElement.java:51)
	at org.apache.hc.client5.http.impl.classic.ProtocolExec.execute(ProtocolExec.java:192)
	at org.apache.hc.client5.http.impl.classic.ExecChainElement.execute(ExecChainElement.java:51)
	at org.apache.hc.client5.http.impl.classic.HttpRequestRetryExec.execute(HttpRequestRetryExec.java:96)
	at org.apache.hc.client5.http.impl.classic.ExecChainElement.execute(ExecChainElement.java:51)
	at org.apache.hc.client5.http.impl.classic.ContentCompressionExec.execute(ContentCompressionExec.java:152)
	at org.apache.hc.client5.http.impl.classic.ExecChainElement.execute(ExecChainElement.java:51)
	at org.apache.hc.client5.http.impl.classic.RedirectExec.execute(RedirectExec.java:115)
	at org.apache.hc.client5.http.impl.classic.ExecChainElement.execute(ExecChainElement.java:51)
	at org.apache.hc.client5.http.impl.classic.InternalHttpClient.doExecute(InternalHttpClient.java:170)
	at org.apache.hc.client5.http.impl.classic.CloseableHttpClient.execute(CloseableHttpClient.java:87)
	at org.apache.hc.client5.http.impl.classic.CloseableHttpClient.execute(CloseableHttpClient.java:55)
	at org.apache.hc.client5.http.classic.HttpClient.executeOpen(HttpClient.java:183)
	at org.springframework.http.client.HttpComponentsClientHttpRequest.executeInternal(HttpComponentsClientHttpRequest.java:95)
	at org.springframework.http.client.AbstractStreamingClientHttpRequest.executeInternal(AbstractStreamingClientHttpRequest.java:70)
	at org.springframework.http.client.AbstractClientHttpRequest.execute(AbstractClientHttpRequest.java:66)
	at org.springframework.http.client.InterceptingClientHttpRequest$InterceptingRequestExecution.execute(InterceptingClientHttpRequest.java:112)
	at org.springframework.cloud.netflix.eureka.http.RestTemplateTransportClientFactory.lambda$restTemplate$0(RestTemplateTransportClientFactory.java:143)
	at org.springframework.http.client.InterceptingClientHttpRequest$InterceptingRequestExecution.execute(InterceptingClientHttpRequest.java:88)
	at org.springframework.http.client.InterceptingClientHttpRequest.executeInternal(InterceptingClientHttpRequest.java:72)
	at org.springframework.http.client.AbstractBufferingClientHttpRequest.executeInternal(AbstractBufferingClientHttpRequest.java:48)
	at org.springframework.http.client.AbstractClientHttpRequest.execute(AbstractClientHttpRequest.java:66)
	at org.springframework.web.client.RestTemplate.doExecute(RestTemplate.java:889)
	... 23 more

2026-03-25T23:41:41.516+05:30  WARN 18736 --- [product-service] [DiscoveryClient-InstanceInfoReplicator-0] c.n.d.s.t.d.RetryableEurekaHttpClient    : Request execution failed with message: I/O error on POST request for "http://localhost:8761/eureka/apps/PRODUCT-SERVICE": Connect to http://localhost:8761 [localhost/127.0.0.1, localhost/0:0:0:0:0:0:0:1] failed: Connection refused: getsockopt
2026-03-25T23:41:41.516+05:30  WARN 18736 --- [product-service] [DiscoveryClient-InstanceInfoReplicator-0] com.netflix.discovery.DiscoveryClient    : DiscoveryClient_PRODUCT-SERVICE/product-service:8082 - registration failed Cannot execute request on any known server

com.netflix.discovery.shared.transport.TransportException: Cannot execute request on any known server
	at com.netflix.discovery.shared.transport.decorator.RetryableEurekaHttpClient.execute(RetryableEurekaHttpClient.java:112) ~[eureka-client-2.0.1.jar:2.0.1]
	at com.netflix.discovery.shared.transport.decorator.EurekaHttpClientDecorator.register(EurekaHttpClientDecorator.java:56) ~[eureka-client-2.0.1.jar:2.0.1]
	at com.netflix.discovery.shared.transport.decorator.EurekaHttpClientDecorator$1.execute(EurekaHttpClientDecorator.java:59) ~[eureka-client-2.0.1.jar:2.0.1]
	at com.netflix.discovery.shared.transport.decorator.SessionedEurekaHttpClient.execute(SessionedEurekaHttpClient.java:77) ~[eureka-client-2.0.1.jar:2.0.1]
	at com.netflix.discovery.shared.transport.decorator.EurekaHttpClientDecorator.register(EurekaHttpClientDecorator.java:56) ~[eureka-client-2.0.1.jar:2.0.1]
	at com.netflix.discovery.DiscoveryClient.register(DiscoveryClient.java:820) ~[eureka-client-2.0.1.jar:2.0.1]
	at com.netflix.discovery.InstanceInfoReplicator.run(InstanceInfoReplicator.java:121) ~[eureka-client-2.0.1.jar:2.0.1]
	at com.netflix.discovery.InstanceInfoReplicator$1.run(InstanceInfoReplicator.java:101) ~[eureka-client-2.0.1.jar:2.0.1]
	at java.base/java.util.concurrent.Executors$RunnableAdapter.call(Executors.java:572) ~[na:na]
	at java.base/java.util.concurrent.FutureTask.run$$$capture(FutureTask.java:317) ~[na:na]
	at java.base/java.util.concurrent.FutureTask.run(FutureTask.java) ~[na:na]
	at java.base/java.util.concurrent.ScheduledThreadPoolExecutor$ScheduledFutureTask.run(ScheduledThreadPoolExecutor.java:304) ~[na:na]
	at java.base/java.util.concurrent.ThreadPoolExecutor.runWorker(ThreadPoolExecutor.java:1144) ~[na:na]
	at java.base/java.util.concurrent.ThreadPoolExecutor$Worker.run(ThreadPoolExecutor.java:642) ~[na:na]
	at java.base/java.lang.Thread.run(Thread.java:1583) ~[na:na]

2026-03-25T23:41:42.037+05:30  WARN 18736 --- [product-service] [DiscoveryClient-InstanceInfoReplicator-0] c.n.discovery.InstanceInfoReplicator     : There was a problem with the instance info replicator

com.netflix.discovery.shared.transport.TransportException: Cannot execute request on any known server
	at com.netflix.discovery.shared.transport.decorator.RetryableEurekaHttpClient.execute(RetryableEurekaHttpClient.java:112) ~[eureka-client-2.0.1.jar:2.0.1]
	at com.netflix.discovery.shared.transport.decorator.EurekaHttpClientDecorator.register(EurekaHttpClientDecorator.java:56) ~[eureka-client-2.0.1.jar:2.0.1]
	at com.netflix.discovery.shared.transport.decorator.EurekaHttpClientDecorator$1.execute(EurekaHttpClientDecorator.java:59) ~[eureka-client-2.0.1.jar:2.0.1]
	at com.netflix.discovery.shared.transport.decorator.SessionedEurekaHttpClient.execute(SessionedEurekaHttpClient.java:77) ~[eureka-client-2.0.1.jar:2.0.1]
	at com.netflix.discovery.shared.transport.decorator.EurekaHttpClientDecorator.register(EurekaHttpClientDecorator.java:56) ~[eureka-client-2.0.1.jar:2.0.1]
	at com.netflix.discovery.DiscoveryClient.register(DiscoveryClient.java:820) ~[eureka-client-2.0.1.jar:2.0.1]
	at com.netflix.discovery.InstanceInfoReplicator.run(InstanceInfoReplicator.java:121) ~[eureka-client-2.0.1.jar:2.0.1]
	at com.netflix.discovery.InstanceInfoReplicator$1.run(InstanceInfoReplicator.java:101) ~[eureka-client-2.0.1.jar:2.0.1]
	at java.base/java.util.concurrent.Executors$RunnableAdapter.call(Executors.java:572) ~[na:na]
	at java.base/java.util.concurrent.FutureTask.run$$$capture(FutureTask.java:317) ~[na:na]
	at java.base/java.util.concurrent.FutureTask.run(FutureTask.java) ~[na:na]
	at java.base/java.util.concurrent.ScheduledThreadPoolExecutor$ScheduledFutureTask.run(ScheduledThreadPoolExecutor.java:304) ~[na:na]
	at java.base/java.util.concurrent.ThreadPoolExecutor.runWorker(ThreadPoolExecutor.java:1144) ~[na:na]
	at java.base/java.util.concurrent.ThreadPoolExecutor$Worker.run(ThreadPoolExecutor.java:642) ~[na:na]
	at java.base/java.lang.Thread.run(Thread.java:1583) ~[na:na]

2026-03-25T23:42:12.085+05:30  INFO 18736 --- [product-service] [DiscoveryClient-InstanceInfoReplicator-0] com.netflix.discovery.DiscoveryClient    : DiscoveryClient_PRODUCT-SERVICE/product-service:8082: registering service...
2026-03-25T23:42:12.484+05:30  INFO 18736 --- [product-service] [DiscoveryClient-InstanceInfoReplicator-0] c.n.d.s.t.d.RedirectingEurekaHttpClient  : Request execution error. endpoint=DefaultEndpoint{ serviceUrl='http://localhost:8761/eureka/}, exception=I/O error on POST request for "http://localhost:8761/eureka/apps/PRODUCT-SERVICE": Connect to http://localhost:8761 [localhost/127.0.0.1, localhost/0:0:0:0:0:0:0:1] failed: Connection refused: getsockopt stacktrace=org.springframework.web.client.ResourceAccessException: I/O error on POST request for "http://localhost:8761/eureka/apps/PRODUCT-SERVICE": Connect to http://localhost:8761 [localhost/127.0.0.1, localhost/0:0:0:0:0:0:0:1] failed: Connection refused: getsockopt
	at org.springframework.web.client.RestTemplate.createResourceAccessException(RestTemplate.java:915)
	at org.springframework.web.client.RestTemplate.doExecute(RestTemplate.java:895)
	at org.springframework.web.client.RestTemplate.execute(RestTemplate.java:790)
	at org.springframework.web.client.RestTemplate.exchange(RestTemplate.java:672)
	at org.springframework.cloud.netflix.eureka.http.RestTemplateEurekaHttpClient.register(RestTemplateEurekaHttpClient.java:77)
	at com.netflix.discovery.shared.transport.decorator.EurekaHttpClientDecorator$1.execute(EurekaHttpClientDecorator.java:59)
	at com.netflix.discovery.shared.transport.decorator.RedirectingEurekaHttpClient.executeOnNewServer(RedirectingEurekaHttpClient.java:121)
	at com.netflix.discovery.shared.transport.decorator.RedirectingEurekaHttpClient.execute(RedirectingEurekaHttpClient.java:80)
	at com.netflix.discovery.shared.transport.decorator.EurekaHttpClientDecorator.register(EurekaHttpClientDecorator.java:56)
	at com.netflix.discovery.shared.transport.decorator.EurekaHttpClientDecorator$1.execute(EurekaHttpClientDecorator.java:59)
	at com.netflix.discovery.shared.transport.decorator.RetryableEurekaHttpClient.execute(RetryableEurekaHttpClient.java:120)
	at com.netflix.discovery.shared.transport.decorator.EurekaHttpClientDecorator.register(EurekaHttpClientDecorator.java:56)
	at com.netflix.discovery.shared.transport.decorator.EurekaHttpClientDecorator$1.execute(EurekaHttpClientDecorator.java:59)
	at com.netflix.discovery.shared.transport.decorator.SessionedEurekaHttpClient.execute(SessionedEurekaHttpClient.java:77)
	at com.netflix.discovery.shared.transport.decorator.EurekaHttpClientDecorator.register(EurekaHttpClientDecorator.java:56)
	at com.netflix.discovery.DiscoveryClient.register(DiscoveryClient.java:820)
	at com.netflix.discovery.InstanceInfoReplicator.run(InstanceInfoReplicator.java:121)
	at java.base/java.util.concurrent.Executors$RunnableAdapter.call(Executors.java:572)
	at java.base/java.util.concurrent.FutureTask.run$$$capture(FutureTask.java:317)
	at java.base/java.util.concurrent.FutureTask.run(FutureTask.java)
	at java.base/java.util.concurrent.ScheduledThreadPoolExecutor$ScheduledFutureTask.run(ScheduledThreadPoolExecutor.java:304)
	at java.base/java.util.concurrent.ThreadPoolExecutor.runWorker(ThreadPoolExecutor.java:1144)
	at java.base/java.util.concurrent.ThreadPoolExecutor$Worker.run(ThreadPoolExecutor.java:642)
	at java.base/java.lang.Thread.run(Thread.java:1583)
Caused by: org.apache.hc.client5.http.HttpHostConnectException: Connect to http://localhost:8761 [localhost/127.0.0.1, localhost/0:0:0:0:0:0:0:1] failed: Connection refused: getsockopt
	at java.base/sun.nio.ch.Net.pollConnect(Native Method)
	at java.base/sun.nio.ch.Net.pollConnectNow(Net.java:682)
	at java.base/sun.nio.ch.NioSocketImpl.timedFinishConnect(NioSocketImpl.java:542)
	at java.base/sun.nio.ch.NioSocketImpl.connect(NioSocketImpl.java:592)
	at java.base/java.net.SocksSocketImpl.connect(SocksSocketImpl.java:327)
	at java.base/java.net.Socket.connect(Socket.java:751)
	at org.apache.hc.client5.http.socket.PlainConnectionSocketFactory.lambda$connectSocket$0(PlainConnectionSocketFactory.java:91)
	at java.base/java.security.AccessController.doPrivileged(AccessController.java:571)
	at org.apache.hc.client5.http.socket.PlainConnectionSocketFactory.connectSocket(PlainConnectionSocketFactory.java:90)
	at org.apache.hc.client5.http.socket.ConnectionSocketFactory.connectSocket(ConnectionSocketFactory.java:123)
	at org.apache.hc.client5.http.impl.io.DefaultHttpClientConnectionOperator.connect(DefaultHttpClientConnectionOperator.java:184)
	at org.apache.hc.client5.http.impl.io.PoolingHttpClientConnectionManager.connect(PoolingHttpClientConnectionManager.java:447)
	at org.apache.hc.client5.http.impl.classic.InternalExecRuntime.connectEndpoint(InternalExecRuntime.java:162)
	at org.apache.hc.client5.http.impl.classic.InternalExecRuntime.connectEndpoint(InternalExecRuntime.java:172)
	at org.apache.hc.client5.http.impl.classic.ConnectExec.execute(ConnectExec.java:142)
	at org.apache.hc.client5.http.impl.classic.ExecChainElement.execute(ExecChainElement.java:51)
	at org.apache.hc.client5.http.impl.classic.ProtocolExec.execute(ProtocolExec.java:192)
	at org.apache.hc.client5.http.impl.classic.ExecChainElement.execute(ExecChainElement.java:51)
	at org.apache.hc.client5.http.impl.classic.HttpRequestRetryExec.execute(HttpRequestRetryExec.java:96)
	at org.apache.hc.client5.http.impl.classic.ExecChainElement.execute(ExecChainElement.java:51)
	at org.apache.hc.client5.http.impl.classic.ContentCompressionExec.execute(ContentCompressionExec.java:152)
	at org.apache.hc.client5.http.impl.classic.ExecChainElement.execute(ExecChainElement.java:51)
	at org.apache.hc.client5.http.impl.classic.RedirectExec.execute(RedirectExec.java:115)
	at org.apache.hc.client5.http.impl.classic.ExecChainElement.execute(ExecChainElement.java:51)
	at org.apache.hc.client5.http.impl.classic.InternalHttpClient.doExecute(InternalHttpClient.java:170)
	at org.apache.hc.client5.http.impl.classic.CloseableHttpClient.execute(CloseableHttpClient.java:87)
	at org.apache.hc.client5.http.impl.classic.CloseableHttpClient.execute(CloseableHttpClient.java:55)
	at org.apache.hc.client5.http.classic.HttpClient.executeOpen(HttpClient.java:183)
	at org.springframework.http.client.HttpComponentsClientHttpRequest.executeInternal(HttpComponentsClientHttpRequest.java:95)
	at org.springframework.http.client.AbstractStreamingClientHttpRequest.executeInternal(AbstractStreamingClientHttpRequest.java:70)
	at org.springframework.http.client.AbstractClientHttpRequest.execute(AbstractClientHttpRequest.java:66)
	at org.springframework.http.client.InterceptingClientHttpRequest$InterceptingRequestExecution.execute(InterceptingClientHttpRequest.java:112)
	at org.springframework.cloud.netflix.eureka.http.RestTemplateTransportClientFactory.lambda$restTemplate$0(RestTemplateTransportClientFactory.java:143)
	at org.springframework.http.client.InterceptingClientHttpRequest$InterceptingRequestExecution.execute(InterceptingClientHttpRequest.java:88)
	at org.springframework.http.client.InterceptingClientHttpRequest.executeInternal(InterceptingClientHttpRequest.java:72)
	at org.springframework.http.client.AbstractBufferingClientHttpRequest.executeInternal(AbstractBufferingClientHttpRequest.java:48)
	at org.springframework.http.client.AbstractClientHttpRequest.execute(AbstractClientHttpRequest.java:66)
	at org.springframework.web.client.RestTemplate.doExecute(RestTemplate.java:889)
	... 22 more

2026-03-25T23:42:12.485+05:30  WARN 18736 --- [product-service] [DiscoveryClient-InstanceInfoReplicator-0] c.n.d.s.t.d.RetryableEurekaHttpClient    : Request execution failed with message: I/O error on POST request for "http://localhost:8761/eureka/apps/PRODUCT-SERVICE": Connect to http://localhost:8761 [localhost/127.0.0.1, localhost/0:0:0:0:0:0:0:1] failed: Connection refused: getsockopt
2026-03-25T23:42:12.485+05:30  WARN 18736 --- [product-service] [DiscoveryClient-InstanceInfoReplicator-0] com.netflix.discovery.DiscoveryClient    : DiscoveryClient_PRODUCT-SERVICE/product-service:8082 - registration failed Cannot execute request on any known server

com.netflix.discovery.shared.transport.TransportException: Cannot execute request on any known server
	at com.netflix.discovery.shared.transport.decorator.RetryableEurekaHttpClient.execute(RetryableEurekaHttpClient.java:112) ~[eureka-client-2.0.1.jar:2.0.1]
	at com.netflix.discovery.shared.transport.decorator.EurekaHttpClientDecorator.register(EurekaHttpClientDecorator.java:56) ~[eureka-client-2.0.1.jar:2.0.1]
	at com.netflix.discovery.shared.transport.decorator.EurekaHttpClientDecorator$1.execute(EurekaHttpClientDecorator.java:59) ~[eureka-client-2.0.1.jar:2.0.1]
	at com.netflix.discovery.shared.transport.decorator.SessionedEurekaHttpClient.execute(SessionedEurekaHttpClient.java:77) ~[eureka-client-2.0.1.jar:2.0.1]
	at com.netflix.discovery.shared.transport.decorator.EurekaHttpClientDecorator.register(EurekaHttpClientDecorator.java:56) ~[eureka-client-2.0.1.jar:2.0.1]
	at com.netflix.discovery.DiscoveryClient.register(DiscoveryClient.java:820) ~[eureka-client-2.0.1.jar:2.0.1]
	at com.netflix.discovery.InstanceInfoReplicator.run(InstanceInfoReplicator.java:121) ~[eureka-client-2.0.1.jar:2.0.1]
	at java.base/java.util.concurrent.Executors$RunnableAdapter.call(Executors.java:572) ~[na:na]
	at java.base/java.util.concurrent.FutureTask.run$$$capture(FutureTask.java:317) ~[na:na]
	at java.base/java.util.concurrent.FutureTask.run(FutureTask.java) ~[na:na]
	at java.base/java.util.concurrent.ScheduledThreadPoolExecutor$ScheduledFutureTask.run(ScheduledThreadPoolExecutor.java:304) ~[na:na]
	at java.base/java.util.concurrent.ThreadPoolExecutor.runWorker(ThreadPoolExecutor.java:1144) ~[na:na]
	at java.base/java.util.concurrent.ThreadPoolExecutor$Worker.run(ThreadPoolExecutor.java:642) ~[na:na]
	at java.base/java.lang.Thread.run(Thread.java:1583) ~[na:na]

2026-03-25T23:42:12.485+05:30  WARN 18736 --- [product-service] [DiscoveryClient-InstanceInfoReplicator-0] c.n.discovery.InstanceInfoReplicator     : There was a problem with the instance info replicator

com.netflix.discovery.shared.transport.TransportException: Cannot execute request on any known server
	at com.netflix.discovery.shared.transport.decorator.RetryableEurekaHttpClient.execute(RetryableEurekaHttpClient.java:112) ~[eureka-client-2.0.1.jar:2.0.1]
	at com.netflix.discovery.shared.transport.decorator.EurekaHttpClientDecorator.register(EurekaHttpClientDecorator.java:56) ~[eureka-client-2.0.1.jar:2.0.1]
	at com.netflix.discovery.shared.transport.decorator.EurekaHttpClientDecorator$1.execute(EurekaHttpClientDecorator.java:59) ~[eureka-client-2.0.1.jar:2.0.1]
	at com.netflix.discovery.shared.transport.decorator.SessionedEurekaHttpClient.execute(SessionedEurekaHttpClient.java:77) ~[eureka-client-2.0.1.jar:2.0.1]
	at com.netflix.discovery.shared.transport.decorator.EurekaHttpClientDecorator.register(EurekaHttpClientDecorator.java:56) ~[eureka-client-2.0.1.jar:2.0.1]
	at com.netflix.discovery.DiscoveryClient.register(DiscoveryClient.java:820) ~[eureka-client-2.0.1.jar:2.0.1]
	at com.netflix.discovery.InstanceInfoReplicator.run(InstanceInfoReplicator.java:121) ~[eureka-client-2.0.1.jar:2.0.1]
	at java.base/java.util.concurrent.Executors$RunnableAdapter.call(Executors.java:572) ~[na:na]
	at java.base/java.util.concurrent.FutureTask.run$$$capture(FutureTask.java:317) ~[na:na]
	at java.base/java.util.concurrent.FutureTask.run(FutureTask.java) ~[na:na]
	at java.base/java.util.concurrent.ScheduledThreadPoolExecutor$ScheduledFutureTask.run(ScheduledThreadPoolExecutor.java:304) ~[na:na]
	at java.base/java.util.concurrent.ThreadPoolExecutor.runWorker(ThreadPoolExecutor.java:1144) ~[na:na]
	at java.base/java.util.concurrent.ThreadPoolExecutor$Worker.run(ThreadPoolExecutor.java:642) ~[na:na]
	at java.base/java.lang.Thread.run(Thread.java:1583) ~[na:na]

2026-03-25T23:42:16.013+05:30  INFO 18736 --- [product-service] [AsyncResolver-bootstrap-executor-0] c.n.d.s.r.aws.ConfigClusterResolver      : Resolving eureka endpoints via configuration
2026-03-25T23:42:26.525+05:30  INFO 18736 --- [product-service] [DiscoveryClient-HeartbeatExecutor-0] c.n.d.s.t.d.RedirectingEurekaHttpClient  : Request execution error. endpoint=DefaultEndpoint{ serviceUrl='http://localhost:8761/eureka/}, exception=I/O error on PUT request for "http://localhost:8761/eureka/apps/PRODUCT-SERVICE/product-service:8082": Connect to http://localhost:8761 [localhost/127.0.0.1, localhost/0:0:0:0:0:0:0:1] failed: Connection refused: getsockopt stacktrace=org.springframework.web.client.ResourceAccessException: I/O error on PUT request for "http://localhost:8761/eureka/apps/PRODUCT-SERVICE/product-service:8082": Connect to http://localhost:8761 [localhost/127.0.0.1, localhost/0:0:0:0:0:0:0:1] failed: Connection refused: getsockopt
	at org.springframework.web.client.RestTemplate.createResourceAccessException(RestTemplate.java:915)
	at org.springframework.web.client.RestTemplate.doExecute(RestTemplate.java:895)
	at org.springframework.web.client.RestTemplate.execute(RestTemplate.java:790)
	at org.springframework.web.client.RestTemplate.exchange(RestTemplate.java:672)
	at org.springframework.cloud.netflix.eureka.http.RestTemplateEurekaHttpClient.sendHeartBeat(RestTemplateEurekaHttpClient.java:99)
	at com.netflix.discovery.shared.transport.decorator.EurekaHttpClientDecorator$3.execute(EurekaHttpClientDecorator.java:92)
	at com.netflix.discovery.shared.transport.decorator.RedirectingEurekaHttpClient.executeOnNewServer(RedirectingEurekaHttpClient.java:121)
	at com.netflix.discovery.shared.transport.decorator.RedirectingEurekaHttpClient.execute(RedirectingEurekaHttpClient.java:80)
	at com.netflix.discovery.shared.transport.decorator.EurekaHttpClientDecorator.sendHeartBeat(EurekaHttpClientDecorator.java:89)
	at com.netflix.discovery.shared.transport.decorator.EurekaHttpClientDecorator$3.execute(EurekaHttpClientDecorator.java:92)
	at com.netflix.discovery.shared.transport.decorator.RetryableEurekaHttpClient.execute(RetryableEurekaHttpClient.java:120)
	at com.netflix.discovery.shared.transport.decorator.EurekaHttpClientDecorator.sendHeartBeat(EurekaHttpClientDecorator.java:89)
	at com.netflix.discovery.shared.transport.decorator.EurekaHttpClientDecorator$3.execute(EurekaHttpClientDecorator.java:92)
	at com.netflix.discovery.shared.transport.decorator.SessionedEurekaHttpClient.execute(SessionedEurekaHttpClient.java:77)
	at com.netflix.discovery.shared.transport.decorator.EurekaHttpClientDecorator.sendHeartBeat(EurekaHttpClientDecorator.java:89)
	at com.netflix.discovery.DiscoveryClient.renew(DiscoveryClient.java:837)
	at com.netflix.discovery.DiscoveryClient$HeartbeatThread.run(DiscoveryClient.java:1401)
	at java.base/java.util.concurrent.Executors$RunnableAdapter.call(Executors.java:572)
	at java.base/java.util.concurrent.FutureTask.run$$$capture(FutureTask.java:317)
	at java.base/java.util.concurrent.FutureTask.run(FutureTask.java)
	at java.base/java.util.concurrent.ThreadPoolExecutor.runWorker(ThreadPoolExecutor.java:1144)
	at java.base/java.util.concurrent.ThreadPoolExecutor$Worker.run(ThreadPoolExecutor.java:642)
	at java.base/java.lang.Thread.run(Thread.java:1583)
Caused by: org.apache.hc.client5.http.HttpHostConnectException: Connect to http://localhost:8761 [localhost/127.0.0.1, localhost/0:0:0:0:0:0:0:1] failed: Connection refused: getsockopt
	at java.base/sun.nio.ch.Net.pollConnect(Native Method)
	at java.base/sun.nio.ch.Net.pollConnectNow(Net.java:682)
	at java.base/sun.nio.ch.NioSocketImpl.timedFinishConnect(NioSocketImpl.java:542)
	at java.base/sun.nio.ch.NioSocketImpl.connect(NioSocketImpl.java:592)
	at java.base/java.net.SocksSocketImpl.connect(SocksSocketImpl.java:327)
	at java.base/java.net.Socket.connect(Socket.java:751)
	at org.apache.hc.client5.http.socket.PlainConnectionSocketFactory.lambda$connectSocket$0(PlainConnectionSocketFactory.java:91)
	at java.base/java.security.AccessController.doPrivileged(AccessController.java:571)
	at org.apache.hc.client5.http.socket.PlainConnectionSocketFactory.connectSocket(PlainConnectionSocketFactory.java:90)
	at org.apache.hc.client5.http.socket.ConnectionSocketFactory.connectSocket(ConnectionSocketFactory.java:123)
	at org.apache.hc.client5.http.impl.io.DefaultHttpClientConnectionOperator.connect(DefaultHttpClientConnectionOperator.java:184)
	at org.apache.hc.client5.http.impl.io.PoolingHttpClientConnectionManager.connect(PoolingHttpClientConnectionManager.java:447)
	at org.apache.hc.client5.http.impl.classic.InternalExecRuntime.connectEndpoint(InternalExecRuntime.java:162)
	at org.apache.hc.client5.http.impl.classic.InternalExecRuntime.connectEndpoint(InternalExecRuntime.java:172)
	at org.apache.hc.client5.http.impl.classic.ConnectExec.execute(ConnectExec.java:142)
	at org.apache.hc.client5.http.impl.classic.ExecChainElement.execute(ExecChainElement.java:51)
	at org.apache.hc.client5.http.impl.classic.ProtocolExec.execute(ProtocolExec.java:192)
	at org.apache.hc.client5.http.impl.classic.ExecChainElement.execute(ExecChainElement.java:51)
	at org.apache.hc.client5.http.impl.classic.HttpRequestRetryExec.execute(HttpRequestRetryExec.java:96)
	at org.apache.hc.client5.http.impl.classic.ExecChainElement.execute(ExecChainElement.java:51)
	at org.apache.hc.client5.http.impl.classic.ContentCompressionExec.execute(ContentCompressionExec.java:152)
	at org.apache.hc.client5.http.impl.classic.ExecChainElement.execute(ExecChainElement.java:51)
	at org.apache.hc.client5.http.impl.classic.RedirectExec.execute(RedirectExec.java:115)
	at org.apache.hc.client5.http.impl.classic.ExecChainElement.execute(ExecChainElement.java:51)
	at org.apache.hc.client5.http.impl.classic.InternalHttpClient.doExecute(InternalHttpClient.java:170)
	at org.apache.hc.client5.http.impl.classic.CloseableHttpClient.execute(CloseableHttpClient.java:87)
	at org.apache.hc.client5.http.impl.classic.CloseableHttpClient.execute(CloseableHttpClient.java:55)
	at org.apache.hc.client5.http.classic.HttpClient.executeOpen(HttpClient.java:183)
	at org.springframework.http.client.HttpComponentsClientHttpRequest.executeInternal(HttpComponentsClientHttpRequest.java:95)
	at org.springframework.http.client.AbstractStreamingClientHttpRequest.executeInternal(AbstractStreamingClientHttpRequest.java:70)
	at org.springframework.http.client.AbstractClientHttpRequest.execute(AbstractClientHttpRequest.java:66)
	at org.springframework.http.client.InterceptingClientHttpRequest$InterceptingRequestExecution.execute(InterceptingClientHttpRequest.java:112)
	at org.springframework.cloud.netflix.eureka.http.RestTemplateTransportClientFactory.lambda$restTemplate$0(RestTemplateTransportClientFactory.java:143)
	at org.springframework.http.client.InterceptingClientHttpRequest$InterceptingRequestExecution.execute(InterceptingClientHttpRequest.java:88)
	at org.springframework.http.client.InterceptingClientHttpRequest.executeInternal(InterceptingClientHttpRequest.java:72)
	at org.springframework.http.client.AbstractBufferingClientHttpRequest.executeInternal(AbstractBufferingClientHttpRequest.java:48)
	at org.springframework.http.client.AbstractClientHttpRequest.execute(AbstractClientHttpRequest.java:66)
	at org.springframework.web.client.RestTemplate.doExecute(RestTemplate.java:889)
	... 21 more

2026-03-25T23:42:26.588+05:30  WARN 18736 --- [product-service] [DiscoveryClient-HeartbeatExecutor-0] c.n.d.s.t.d.RetryableEurekaHttpClient    : Request execution failed with message: I/O error on PUT request for "http://localhost:8761/eureka/apps/PRODUCT-SERVICE/product-service:8082": Connect to http://localhost:8761 [localhost/127.0.0.1, localhost/0:0:0:0:0:0:0:1] failed: Connection refused: getsockopt
2026-03-25T23:42:26.588+05:30 ERROR 18736 --- [product-service] [DiscoveryClient-HeartbeatExecutor-0] com.netflix.discovery.DiscoveryClient    : DiscoveryClient_PRODUCT-SERVICE/product-service:8082 - was unable to send heartbeat!

com.netflix.discovery.shared.transport.TransportException: Cannot execute request on any known server
	at com.netflix.discovery.shared.transport.decorator.RetryableEurekaHttpClient.execute(RetryableEurekaHttpClient.java:112) ~[eureka-client-2.0.1.jar:2.0.1]
	at com.netflix.discovery.shared.transport.decorator.EurekaHttpClientDecorator.sendHeartBeat(EurekaHttpClientDecorator.java:89) ~[eureka-client-2.0.1.jar:2.0.1]
	at com.netflix.discovery.shared.transport.decorator.EurekaHttpClientDecorator$3.execute(EurekaHttpClientDecorator.java:92) ~[eureka-client-2.0.1.jar:2.0.1]
	at com.netflix.discovery.shared.transport.decorator.SessionedEurekaHttpClient.execute(SessionedEurekaHttpClient.java:77) ~[eureka-client-2.0.1.jar:2.0.1]
	at com.netflix.discovery.shared.transport.decorator.EurekaHttpClientDecorator.sendHeartBeat(EurekaHttpClientDecorator.java:89) ~[eureka-client-2.0.1.jar:2.0.1]
	at com.netflix.discovery.DiscoveryClient.renew(DiscoveryClient.java:837) ~[eureka-client-2.0.1.jar:2.0.1]
	at com.netflix.discovery.DiscoveryClient$HeartbeatThread.run(DiscoveryClient.java:1401) ~[eureka-client-2.0.1.jar:2.0.1]
	at java.base/java.util.concurrent.Executors$RunnableAdapter.call(Executors.java:572) ~[na:na]
	at java.base/java.util.concurrent.FutureTask.run$$$capture(FutureTask.java:317) ~[na:na]
	at java.base/java.util.concurrent.FutureTask.run(FutureTask.java) ~[na:na]
	at java.base/java.util.concurrent.ThreadPoolExecutor.runWorker(ThreadPoolExecutor.java:1144) ~[na:na]
	at java.base/java.util.concurrent.ThreadPoolExecutor$Worker.run(ThreadPoolExecutor.java:642) ~[na:na]
	at java.base/java.lang.Thread.run(Thread.java:1583) ~[na:na]

2026-03-25T23:42:33.871+05:30  INFO 18736 --- [product-service] [DiscoveryClient-CacheRefreshExecutor-0] c.n.d.s.t.d.RedirectingEurekaHttpClient  : Request execution error. endpoint=DefaultEndpoint{ serviceUrl='http://localhost:8761/eureka/}, exception=I/O error on GET request for "http://localhost:8761/eureka/apps/delta": Connect to http://localhost:8761 [localhost/127.0.0.1, localhost/0:0:0:0:0:0:0:1] failed: Connection refused: getsockopt stacktrace=org.springframework.web.client.ResourceAccessException: I/O error on GET request for "http://localhost:8761/eureka/apps/delta": Connect to http://localhost:8761 [localhost/127.0.0.1, localhost/0:0:0:0:0:0:0:1] failed: Connection refused: getsockopt
	at org.springframework.web.client.RestTemplate.createResourceAccessException(RestTemplate.java:915)
	at org.springframework.web.client.RestTemplate.doExecute(RestTemplate.java:895)
	at org.springframework.web.client.RestTemplate.execute(RestTemplate.java:790)
	at org.springframework.web.client.RestTemplate.exchange(RestTemplate.java:672)
	at org.springframework.cloud.netflix.eureka.http.RestTemplateEurekaHttpClient.getApplicationsInternal(RestTemplateEurekaHttpClient.java:145)
	at org.springframework.cloud.netflix.eureka.http.RestTemplateEurekaHttpClient.getDelta(RestTemplateEurekaHttpClient.java:155)
	at com.netflix.discovery.shared.transport.decorator.EurekaHttpClientDecorator$7.execute(EurekaHttpClientDecorator.java:152)
	at com.netflix.discovery.shared.transport.decorator.RedirectingEurekaHttpClient.executeOnNewServer(RedirectingEurekaHttpClient.java:121)
	at com.netflix.discovery.shared.transport.decorator.RedirectingEurekaHttpClient.execute(RedirectingEurekaHttpClient.java:80)
	at com.netflix.discovery.shared.transport.decorator.EurekaHttpClientDecorator.getDelta(EurekaHttpClientDecorator.java:149)
	at com.netflix.discovery.shared.transport.decorator.EurekaHttpClientDecorator$7.execute(EurekaHttpClientDecorator.java:152)
	at com.netflix.discovery.shared.transport.decorator.RetryableEurekaHttpClient.execute(RetryableEurekaHttpClient.java:120)
	at com.netflix.discovery.shared.transport.decorator.EurekaHttpClientDecorator.getDelta(EurekaHttpClientDecorator.java:149)
	at com.netflix.discovery.shared.transport.decorator.EurekaHttpClientDecorator$7.execute(EurekaHttpClientDecorator.java:152)
	at com.netflix.discovery.shared.transport.decorator.SessionedEurekaHttpClient.execute(SessionedEurekaHttpClient.java:77)
	at com.netflix.discovery.shared.transport.decorator.EurekaHttpClientDecorator.getDelta(EurekaHttpClientDecorator.java:149)
	at com.netflix.discovery.DiscoveryClient.getAndUpdateDelta(DiscoveryClient.java:1079)
	at com.netflix.discovery.DiscoveryClient.fetchRegistry(DiscoveryClient.java:960)
	at com.netflix.discovery.DiscoveryClient.refreshRegistry(DiscoveryClient.java:1475)
	at com.netflix.discovery.DiscoveryClient$CacheRefreshThread.run(DiscoveryClient.java:1442)
	at java.base/java.util.concurrent.Executors$RunnableAdapter.call(Executors.java:572)
	at java.base/java.util.concurrent.FutureTask.run$$$capture(FutureTask.java:317)
	at java.base/java.util.concurrent.FutureTask.run(FutureTask.java)
	at java.base/java.util.concurrent.ThreadPoolExecutor.runWorker(ThreadPoolExecutor.java:1144)
	at java.base/java.util.concurrent.ThreadPoolExecutor$Worker.run(ThreadPoolExecutor.java:642)
	at java.base/java.lang.Thread.run(Thread.java:1583)
Caused by: org.apache.hc.client5.http.HttpHostConnectException: Connect to http://localhost:8761 [localhost/127.0.0.1, localhost/0:0:0:0:0:0:0:1] failed: Connection refused: getsockopt
	at java.base/sun.nio.ch.Net.pollConnect(Native Method)
	at java.base/sun.nio.ch.Net.pollConnectNow(Net.java:682)
	at java.base/sun.nio.ch.NioSocketImpl.timedFinishConnect(NioSocketImpl.java:542)
	at java.base/sun.nio.ch.NioSocketImpl.connect(NioSocketImpl.java:592)
	at java.base/java.net.SocksSocketImpl.connect(SocksSocketImpl.java:327)
	at java.base/java.net.Socket.connect(Socket.java:751)
	at org.apache.hc.client5.http.socket.PlainConnectionSocketFactory.lambda$connectSocket$0(PlainConnectionSocketFactory.java:91)
	at java.base/java.security.AccessController.doPrivileged(AccessController.java:571)
	at org.apache.hc.client5.http.socket.PlainConnectionSocketFactory.connectSocket(PlainConnectionSocketFactory.java:90)
	at org.apache.hc.client5.http.socket.ConnectionSocketFactory.connectSocket(ConnectionSocketFactory.java:123)
	at org.apache.hc.client5.http.impl.io.DefaultHttpClientConnectionOperator.connect(DefaultHttpClientConnectionOperator.java:184)
	at org.apache.hc.client5.http.impl.io.PoolingHttpClientConnectionManager.connect(PoolingHttpClientConnectionManager.java:447)
	at org.apache.hc.client5.http.impl.classic.InternalExecRuntime.connectEndpoint(InternalExecRuntime.java:162)
	at org.apache.hc.client5.http.impl.classic.InternalExecRuntime.connectEndpoint(InternalExecRuntime.java:172)
	at org.apache.hc.client5.http.impl.classic.ConnectExec.execute(ConnectExec.java:142)
	at org.apache.hc.client5.http.impl.classic.ExecChainElement.execute(ExecChainElement.java:51)
	at org.apache.hc.client5.http.impl.classic.ProtocolExec.execute(ProtocolExec.java:192)
	at org.apache.hc.client5.http.impl.classic.ExecChainElement.execute(ExecChainElement.java:51)
	at org.apache.hc.client5.http.impl.classic.HttpRequestRetryExec.execute(HttpRequestRetryExec.java:96)
	at org.apache.hc.client5.http.impl.classic.ExecChainElement.execute(ExecChainElement.java:51)
	at org.apache.hc.client5.http.impl.classic.ContentCompressionExec.execute(ContentCompressionExec.java:152)
	at org.apache.hc.client5.http.impl.classic.ExecChainElement.execute(ExecChainElement.java:51)
	at org.apache.hc.client5.http.impl.classic.RedirectExec.execute(RedirectExec.java:115)
	at org.apache.hc.client5.http.impl.classic.ExecChainElement.execute(ExecChainElement.java:51)
	at org.apache.hc.client5.http.impl.classic.InternalHttpClient.doExecute(InternalHttpClient.java:170)
	at org.apache.hc.client5.http.impl.classic.CloseableHttpClient.execute(CloseableHttpClient.java:87)
	at org.apache.hc.client5.http.impl.classic.CloseableHttpClient.execute(CloseableHttpClient.java:55)
	at org.apache.hc.client5.http.classic.HttpClient.executeOpen(HttpClient.java:183)
	at org.springframework.http.client.HttpComponentsClientHttpRequest.executeInternal(HttpComponentsClientHttpRequest.java:95)
	at org.springframework.http.client.AbstractStreamingClientHttpRequest.executeInternal(AbstractStreamingClientHttpRequest.java:70)
	at org.springframework.http.client.AbstractClientHttpRequest.execute(AbstractClientHttpRequest.java:66)
	at org.springframework.http.client.InterceptingClientHttpRequest$InterceptingRequestExecution.execute(InterceptingClientHttpRequest.java:112)
	at org.springframework.cloud.netflix.eureka.http.RestTemplateTransportClientFactory.lambda$restTemplate$0(RestTemplateTransportClientFactory.java:143)
	at org.springframework.http.client.InterceptingClientHttpRequest$InterceptingRequestExecution.execute(InterceptingClientHttpRequest.java:88)
	at org.springframework.http.client.InterceptingClientHttpRequest.executeInternal(InterceptingClientHttpRequest.java:72)
	at org.springframework.http.client.AbstractBufferingClientHttpRequest.executeInternal(AbstractBufferingClientHttpRequest.java:48)
	at org.springframework.http.client.AbstractClientHttpRequest.execute(AbstractClientHttpRequest.java:66)
	at org.springframework.web.client.RestTemplate.doExecute(RestTemplate.java:889)
	... 24 more

2026-03-25T23:42:33.873+05:30  WARN 18736 --- [product-service] [DiscoveryClient-CacheRefreshExecutor-0] c.n.d.s.t.d.RetryableEurekaHttpClient    : Request execution failed with message: I/O error on GET request for "http://localhost:8761/eureka/apps/delta": Connect to http://localhost:8761 [localhost/127.0.0.1, localhost/0:0:0:0:0:0:0:1] failed: Connection refused: getsockopt
2026-03-25T23:42:33.906+05:30  INFO 18736 --- [product-service] [DiscoveryClient-CacheRefreshExecutor-0] com.netflix.discovery.DiscoveryClient    : DiscoveryClient_PRODUCT-SERVICE/product-service:8082 - was unable to refresh its cache! This periodic background refresh will be retried in 30 seconds. status = Cannot execute request on any known server stacktrace = com.netflix.discovery.shared.transport.TransportException: Cannot execute request on any known server
	at com.netflix.discovery.shared.transport.decorator.RetryableEurekaHttpClient.execute(RetryableEurekaHttpClient.java:112)
	at com.netflix.discovery.shared.transport.decorator.EurekaHttpClientDecorator.getDelta(EurekaHttpClientDecorator.java:149)
	at com.netflix.discovery.shared.transport.decorator.EurekaHttpClientDecorator$7.execute(EurekaHttpClientDecorator.java:152)
	at com.netflix.discovery.shared.transport.decorator.SessionedEurekaHttpClient.execute(SessionedEurekaHttpClient.java:77)
	at com.netflix.discovery.shared.transport.decorator.EurekaHttpClientDecorator.getDelta(EurekaHttpClientDecorator.java:149)
	at com.netflix.discovery.DiscoveryClient.getAndUpdateDelta(DiscoveryClient.java:1079)
	at com.netflix.discovery.DiscoveryClient.fetchRegistry(DiscoveryClient.java:960)
	at com.netflix.discovery.DiscoveryClient.refreshRegistry(DiscoveryClient.java:1475)
	at com.netflix.discovery.DiscoveryClient$CacheRefreshThread.run(DiscoveryClient.java:1442)
	at java.base/java.util.concurrent.Executors$RunnableAdapter.call(Executors.java:572)
	at java.base/java.util.concurrent.FutureTask.run$$$capture(FutureTask.java:317)
	at java.base/java.util.concurrent.FutureTask.run(FutureTask.java)
	at java.base/java.util.concurrent.ThreadPoolExecutor.runWorker(ThreadPoolExecutor.java:1144)
	at java.base/java.util.concurrent.ThreadPoolExecutor$Worker.run(ThreadPoolExecutor.java:642)
	at java.base/java.lang.Thread.run(Thread.java:1583)

2026-03-25T23:42:44.212+05:30  INFO 18736 --- [product-service] [DiscoveryClient-InstanceInfoReplicator-0] com.netflix.discovery.DiscoveryClient    : DiscoveryClient_PRODUCT-SERVICE/product-service:8082: registering service...
2026-03-25T23:42:44.773+05:30  INFO 18736 --- [product-service] [DiscoveryClient-InstanceInfoReplicator-0] c.n.d.s.t.d.RedirectingEurekaHttpClient  : Request execution error. endpoint=DefaultEndpoint{ serviceUrl='http://localhost:8761/eureka/}, exception=I/O error on POST request for "http://localhost:8761/eureka/apps/PRODUCT-SERVICE": Connect to http://localhost:8761 [localhost/127.0.0.1, localhost/0:0:0:0:0:0:0:1] failed: Connection refused: getsockopt stacktrace=org.springframework.web.client.ResourceAccessException: I/O error on POST request for "http://localhost:8761/eureka/apps/PRODUCT-SERVICE": Connect to http://localhost:8761 [localhost/127.0.0.1, localhost/0:0:0:0:0:0:0:1] failed: Connection refused: getsockopt
	at org.springframework.web.client.RestTemplate.createResourceAccessException(RestTemplate.java:915)
	at org.springframework.web.client.RestTemplate.doExecute(RestTemplate.java:895)
	at org.springframework.web.client.RestTemplate.execute(RestTemplate.java:790)
	at org.springframework.web.client.RestTemplate.exchange(RestTemplate.java:672)
	at org.springframework.cloud.netflix.eureka.http.RestTemplateEurekaHttpClient.register(RestTemplateEurekaHttpClient.java:77)
	at com.netflix.discovery.shared.transport.decorator.EurekaHttpClientDecorator$1.execute(EurekaHttpClientDecorator.java:59)
	at com.netflix.discovery.shared.transport.decorator.RedirectingEurekaHttpClient.executeOnNewServer(RedirectingEurekaHttpClient.java:121)
	at com.netflix.discovery.shared.transport.decorator.RedirectingEurekaHttpClient.execute(RedirectingEurekaHttpClient.java:80)
	at com.netflix.discovery.shared.transport.decorator.EurekaHttpClientDecorator.register(EurekaHttpClientDecorator.java:56)
	at com.netflix.discovery.shared.transport.decorator.EurekaHttpClientDecorator$1.execute(EurekaHttpClientDecorator.java:59)
	at com.netflix.discovery.shared.transport.decorator.RetryableEurekaHttpClient.execute(RetryableEurekaHttpClient.java:120)
	at com.netflix.discovery.shared.transport.decorator.EurekaHttpClientDecorator.register(EurekaHttpClientDecorator.java:56)
	at com.netflix.discovery.shared.transport.decorator.EurekaHttpClientDecorator$1.execute(EurekaHttpClientDecorator.java:59)
	at com.netflix.discovery.shared.transport.decorator.SessionedEurekaHttpClient.execute(SessionedEurekaHttpClient.java:77)
	at com.netflix.discovery.shared.transport.decorator.EurekaHttpClientDecorator.register(EurekaHttpClientDecorator.java:56)
	at com.netflix.discovery.DiscoveryClient.register(DiscoveryClient.java:820)
	at com.netflix.discovery.InstanceInfoReplicator.run(InstanceInfoReplicator.java:121)
	at java.base/java.util.concurrent.Executors$RunnableAdapter.call(Executors.java:572)
	at java.base/java.util.concurrent.FutureTask.run$$$capture(FutureTask.java:317)
	at java.base/java.util.concurrent.FutureTask.run(FutureTask.java)
	at java.base/java.util.concurrent.ScheduledThreadPoolExecutor$ScheduledFutureTask.run(ScheduledThreadPoolExecutor.java:304)
	at java.base/java.util.concurrent.ThreadPoolExecutor.runWorker(ThreadPoolExecutor.java:1144)
	at java.base/java.util.concurrent.ThreadPoolExecutor$Worker.run(ThreadPoolExecutor.java:642)
	at java.base/java.lang.Thread.run(Thread.java:1583)
Caused by: org.apache.hc.client5.http.HttpHostConnectException: Connect to http://localhost:8761 [localhost/127.0.0.1, localhost/0:0:0:0:0:0:0:1] failed: Connection refused: getsockopt
	at java.base/sun.nio.ch.Net.pollConnect(Native Method)
	at java.base/sun.nio.ch.Net.pollConnectNow(Net.java:682)
	at java.base/sun.nio.ch.NioSocketImpl.timedFinishConnect(NioSocketImpl.java:542)
	at java.base/sun.nio.ch.NioSocketImpl.connect(NioSocketImpl.java:592)
	at java.base/java.net.SocksSocketImpl.connect(SocksSocketImpl.java:327)
	at java.base/java.net.Socket.connect(Socket.java:751)
	at org.apache.hc.client5.http.socket.PlainConnectionSocketFactory.lambda$connectSocket$0(PlainConnectionSocketFactory.java:91)
	at java.base/java.security.AccessController.doPrivileged(AccessController.java:571)
	at org.apache.hc.client5.http.socket.PlainConnectionSocketFactory.connectSocket(PlainConnectionSocketFactory.java:90)
	at org.apache.hc.client5.http.socket.ConnectionSocketFactory.connectSocket(ConnectionSocketFactory.java:123)
	at org.apache.hc.client5.http.impl.io.DefaultHttpClientConnectionOperator.connect(DefaultHttpClientConnectionOperator.java:184)
	at org.apache.hc.client5.http.impl.io.PoolingHttpClientConnectionManager.connect(PoolingHttpClientConnectionManager.java:447)
	at org.apache.hc.client5.http.impl.classic.InternalExecRuntime.connectEndpoint(InternalExecRuntime.java:162)
	at org.apache.hc.client5.http.impl.classic.InternalExecRuntime.connectEndpoint(InternalExecRuntime.java:172)
	at org.apache.hc.client5.http.impl.classic.ConnectExec.execute(ConnectExec.java:142)
	at org.apache.hc.client5.http.impl.classic.ExecChainElement.execute(ExecChainElement.java:51)
	at org.apache.hc.client5.http.impl.classic.ProtocolExec.execute(ProtocolExec.java:192)
	at org.apache.hc.client5.http.impl.classic.ExecChainElement.execute(ExecChainElement.java:51)
	at org.apache.hc.client5.http.impl.classic.HttpRequestRetryExec.execute(HttpRequestRetryExec.java:96)
	at org.apache.hc.client5.http.impl.classic.ExecChainElement.execute(ExecChainElement.java:51)
	at org.apache.hc.client5.http.impl.classic.ContentCompressionExec.execute(ContentCompressionExec.java:152)
	at org.apache.hc.client5.http.impl.classic.ExecChainElement.execute(ExecChainElement.java:51)
	at org.apache.hc.client5.http.impl.classic.RedirectExec.execute(RedirectExec.java:115)
	at org.apache.hc.client5.http.impl.classic.ExecChainElement.execute(ExecChainElement.java:51)
	at org.apache.hc.client5.http.impl.classic.InternalHttpClient.doExecute(InternalHttpClient.java:170)
	at org.apache.hc.client5.http.impl.classic.CloseableHttpClient.execute(CloseableHttpClient.java:87)
	at org.apache.hc.client5.http.impl.classic.CloseableHttpClient.execute(CloseableHttpClient.java:55)
	at org.apache.hc.client5.http.classic.HttpClient.executeOpen(HttpClient.java:183)
	at org.springframework.http.client.HttpComponentsClientHttpRequest.executeInternal(HttpComponentsClientHttpRequest.java:95)
	at org.springframework.http.client.AbstractStreamingClientHttpRequest.executeInternal(AbstractStreamingClientHttpRequest.java:70)
	at org.springframework.http.client.AbstractClientHttpRequest.execute(AbstractClientHttpRequest.java:66)
	at org.springframework.http.client.InterceptingClientHttpRequest$InterceptingRequestExecution.execute(InterceptingClientHttpRequest.java:112)
	at org.springframework.cloud.netflix.eureka.http.RestTemplateTransportClientFactory.lambda$restTemplate$0(RestTemplateTransportClientFactory.java:143)
	at org.springframework.http.client.InterceptingClientHttpRequest$InterceptingRequestExecution.execute(InterceptingClientHttpRequest.java:88)
	at org.springframework.http.client.InterceptingClientHttpRequest.executeInternal(InterceptingClientHttpRequest.java:72)
	at org.springframework.http.client.AbstractBufferingClientHttpRequest.executeInternal(AbstractBufferingClientHttpRequest.java:48)
	at org.springframework.http.client.AbstractClientHttpRequest.execute(AbstractClientHttpRequest.java:66)
	at org.springframework.web.client.RestTemplate.doExecute(RestTemplate.java:889)
	... 22 more

2026-03-25T23:42:44.785+05:30  WARN 18736 --- [product-service] [DiscoveryClient-InstanceInfoReplicator-0] c.n.d.s.t.d.RetryableEurekaHttpClient    : Request execution failed with message: I/O error on POST request for "http://localhost:8761/eureka/apps/PRODUCT-SERVICE": Connect to http://localhost:8761 [localhost/127.0.0.1, localhost/0:0:0:0:0:0:0:1] failed: Connection refused: getsockopt
2026-03-25T23:42:44.785+05:30  WARN 18736 --- [product-service] [DiscoveryClient-InstanceInfoReplicator-0] com.netflix.discovery.DiscoveryClient    : DiscoveryClient_PRODUCT-SERVICE/product-service:8082 - registration failed Cannot execute request on any known server

com.netflix.discovery.shared.transport.TransportException: Cannot execute request on any known server
	at com.netflix.discovery.shared.transport.decorator.RetryableEurekaHttpClient.execute(RetryableEurekaHttpClient.java:112) ~[eureka-client-2.0.1.jar:2.0.1]
	at com.netflix.discovery.shared.transport.decorator.EurekaHttpClientDecorator.register(EurekaHttpClientDecorator.java:56) ~[eureka-client-2.0.1.jar:2.0.1]
	at com.netflix.discovery.shared.transport.decorator.EurekaHttpClientDecorator$1.execute(EurekaHttpClientDecorator.java:59) ~[eureka-client-2.0.1.jar:2.0.1]
	at com.netflix.discovery.shared.transport.decorator.SessionedEurekaHttpClient.execute(SessionedEurekaHttpClient.java:77) ~[eureka-client-2.0.1.jar:2.0.1]
	at com.netflix.discovery.shared.transport.decorator.EurekaHttpClientDecorator.register(EurekaHttpClientDecorator.java:56) ~[eureka-client-2.0.1.jar:2.0.1]
	at com.netflix.discovery.DiscoveryClient.register(DiscoveryClient.java:820) ~[eureka-client-2.0.1.jar:2.0.1]
	at com.netflix.discovery.InstanceInfoReplicator.run(InstanceInfoReplicator.java:121) ~[eureka-client-2.0.1.jar:2.0.1]
	at java.base/java.util.concurrent.Executors$RunnableAdapter.call(Executors.java:572) ~[na:na]
	at java.base/java.util.concurrent.FutureTask.run$$$capture(FutureTask.java:317) ~[na:na]
	at java.base/java.util.concurrent.FutureTask.run(FutureTask.java) ~[na:na]
	at java.base/java.util.concurrent.ScheduledThreadPoolExecutor$ScheduledFutureTask.run(ScheduledThreadPoolExecutor.java:304) ~[na:na]
	at java.base/java.util.concurrent.ThreadPoolExecutor.runWorker(ThreadPoolExecutor.java:1144) ~[na:na]
	at java.base/java.util.concurrent.ThreadPoolExecutor$Worker.run(ThreadPoolExecutor.java:642) ~[na:na]
	at java.base/java.lang.Thread.run(Thread.java:1583) ~[na:na]

2026-03-25T23:42:44.785+05:30  WARN 18736 --- [product-service] [DiscoveryClient-InstanceInfoReplicator-0] c.n.discovery.InstanceInfoReplicator     : There was a problem with the instance info replicator

com.netflix.discovery.shared.transport.TransportException: Cannot execute request on any known server
	at com.netflix.discovery.shared.transport.decorator.RetryableEurekaHttpClient.execute(RetryableEurekaHttpClient.java:112) ~[eureka-client-2.0.1.jar:2.0.1]
	at com.netflix.discovery.shared.transport.decorator.EurekaHttpClientDecorator.register(EurekaHttpClientDecorator.java:56) ~[eureka-client-2.0.1.jar:2.0.1]
	at com.netflix.discovery.shared.transport.decorator.EurekaHttpClientDecorator$1.execute(EurekaHttpClientDecorator.java:59) ~[eureka-client-2.0.1.jar:2.0.1]
	at com.netflix.discovery.shared.transport.decorator.SessionedEurekaHttpClient.execute(SessionedEurekaHttpClient.java:77) ~[eureka-client-2.0.1.jar:2.0.1]
	at com.netflix.discovery.shared.transport.decorator.EurekaHttpClientDecorator.register(EurekaHttpClientDecorator.java:56) ~[eureka-client-2.0.1.jar:2.0.1]
	at com.netflix.discovery.DiscoveryClient.register(DiscoveryClient.java:820) ~[eureka-client-2.0.1.jar:2.0.1]
	at com.netflix.discovery.InstanceInfoReplicator.run(InstanceInfoReplicator.java:121) ~[eureka-client-2.0.1.jar:2.0.1]
	at java.base/java.util.concurrent.Executors$RunnableAdapter.call(Executors.java:572) ~[na:na]
	at java.base/java.util.concurrent.FutureTask.run$$$capture(FutureTask.java:317) ~[na:na]
	at java.base/java.util.concurrent.FutureTask.run(FutureTask.java) ~[na:na]
	at java.base/java.util.concurrent.ScheduledThreadPoolExecutor$ScheduledFutureTask.run(ScheduledThreadPoolExecutor.java:304) ~[na:na]
	at java.base/java.util.concurrent.ThreadPoolExecutor.runWorker(ThreadPoolExecutor.java:1144) ~[na:na]
	at java.base/java.util.concurrent.ThreadPoolExecutor$Worker.run(ThreadPoolExecutor.java:642) ~[na:na]
	at java.base/java.lang.Thread.run(Thread.java:1583) ~[na:na]

2026-03-25T23:42:57.471+05:30  INFO 18736 --- [product-service] [DiscoveryClient-HeartbeatExecutor-0] c.n.d.s.t.d.RedirectingEurekaHttpClient  : Request execution error. endpoint=DefaultEndpoint{ serviceUrl='http://localhost:8761/eureka/}, exception=I/O error on PUT request for "http://localhost:8761/eureka/apps/PRODUCT-SERVICE/product-service:8082": Connect to http://localhost:8761 [localhost/127.0.0.1, localhost/0:0:0:0:0:0:0:1] failed: Connection refused: getsockopt stacktrace=org.springframework.web.client.ResourceAccessException: I/O error on PUT request for "http://localhost:8761/eureka/apps/PRODUCT-SERVICE/product-service:8082": Connect to http://localhost:8761 [localhost/127.0.0.1, localhost/0:0:0:0:0:0:0:1] failed: Connection refused: getsockopt
	at org.springframework.web.client.RestTemplate.createResourceAccessException(RestTemplate.java:915)
	at org.springframework.web.client.RestTemplate.doExecute(RestTemplate.java:895)
	at org.springframework.web.client.RestTemplate.execute(RestTemplate.java:790)
	at org.springframework.web.client.RestTemplate.exchange(RestTemplate.java:672)
	at org.springframework.cloud.netflix.eureka.http.RestTemplateEurekaHttpClient.sendHeartBeat(RestTemplateEurekaHttpClient.java:99)
	at com.netflix.discovery.shared.transport.decorator.EurekaHttpClientDecorator$3.execute(EurekaHttpClientDecorator.java:92)
	at com.netflix.discovery.shared.transport.decorator.RedirectingEurekaHttpClient.executeOnNewServer(RedirectingEurekaHttpClient.java:121)
	at com.netflix.discovery.shared.transport.decorator.RedirectingEurekaHttpClient.execute(RedirectingEurekaHttpClient.java:80)
	at com.netflix.discovery.shared.transport.decorator.EurekaHttpClientDecorator.sendHeartBeat(EurekaHttpClientDecorator.java:89)
	at com.netflix.discovery.shared.transport.decorator.EurekaHttpClientDecorator$3.execute(EurekaHttpClientDecorator.java:92)
	at com.netflix.discovery.shared.transport.decorator.RetryableEurekaHttpClient.execute(RetryableEurekaHttpClient.java:120)
	at com.netflix.discovery.shared.transport.decorator.EurekaHttpClientDecorator.sendHeartBeat(EurekaHttpClientDecorator.java:89)
	at com.netflix.discovery.shared.transport.decorator.EurekaHttpClientDecorator$3.execute(EurekaHttpClientDecorator.java:92)
	at com.netflix.discovery.shared.transport.decorator.SessionedEurekaHttpClient.execute(SessionedEurekaHttpClient.java:77)
	at com.netflix.discovery.shared.transport.decorator.EurekaHttpClientDecorator.sendHeartBeat(EurekaHttpClientDecorator.java:89)
	at com.netflix.discovery.DiscoveryClient.renew(DiscoveryClient.java:837)
	at com.netflix.discovery.DiscoveryClient$HeartbeatThread.run(DiscoveryClient.java:1401)
	at java.base/java.util.concurrent.Executors$RunnableAdapter.call(Executors.java:572)
	at java.base/java.util.concurrent.FutureTask.run$$$capture(FutureTask.java:317)
	at java.base/java.util.concurrent.FutureTask.run(FutureTask.java)
	at java.base/java.util.concurrent.ThreadPoolExecutor.runWorker(ThreadPoolExecutor.java:1144)
	at java.base/java.util.concurrent.ThreadPoolExecutor$Worker.run(ThreadPoolExecutor.java:642)
	at java.base/java.lang.Thread.run(Thread.java:1583)
Caused by: org.apache.hc.client5.http.HttpHostConnectException: Connect to http://localhost:8761 [localhost/127.0.0.1, localhost/0:0:0:0:0:0:0:1] failed: Connection refused: getsockopt
	at java.base/sun.nio.ch.Net.pollConnect(Native Method)
	at java.base/sun.nio.ch.Net.pollConnectNow(Net.java:682)
	at java.base/sun.nio.ch.NioSocketImpl.timedFinishConnect(NioSocketImpl.java:542)
	at java.base/sun.nio.ch.NioSocketImpl.connect(NioSocketImpl.java:592)
	at java.base/java.net.SocksSocketImpl.connect(SocksSocketImpl.java:327)
	at java.base/java.net.Socket.connect(Socket.java:751)
	at org.apache.hc.client5.http.socket.PlainConnectionSocketFactory.lambda$connectSocket$0(PlainConnectionSocketFactory.java:91)
	at java.base/java.security.AccessController.doPrivileged(AccessController.java:571)
	at org.apache.hc.client5.http.socket.PlainConnectionSocketFactory.connectSocket(PlainConnectionSocketFactory.java:90)
	at org.apache.hc.client5.http.socket.ConnectionSocketFactory.connectSocket(ConnectionSocketFactory.java:123)
	at org.apache.hc.client5.http.impl.io.DefaultHttpClientConnectionOperator.connect(DefaultHttpClientConnectionOperator.java:184)
	at org.apache.hc.client5.http.impl.io.PoolingHttpClientConnectionManager.connect(PoolingHttpClientConnectionManager.java:447)
	at org.apache.hc.client5.http.impl.classic.InternalExecRuntime.connectEndpoint(InternalExecRuntime.java:162)
	at org.apache.hc.client5.http.impl.classic.InternalExecRuntime.connectEndpoint(InternalExecRuntime.java:172)
	at org.apache.hc.client5.http.impl.classic.ConnectExec.execute(ConnectExec.java:142)
	at org.apache.hc.client5.http.impl.classic.ExecChainElement.execute(ExecChainElement.java:51)
	at org.apache.hc.client5.http.impl.classic.ProtocolExec.execute(ProtocolExec.java:192)
	at org.apache.hc.client5.http.impl.classic.ExecChainElement.execute(ExecChainElement.java:51)
	at org.apache.hc.client5.http.impl.classic.HttpRequestRetryExec.execute(HttpRequestRetryExec.java:96)
	at org.apache.hc.client5.http.impl.classic.ExecChainElement.execute(ExecChainElement.java:51)
	at org.apache.hc.client5.http.impl.classic.ContentCompressionExec.execute(ContentCompressionExec.java:152)
	at org.apache.hc.client5.http.impl.classic.ExecChainElement.execute(ExecChainElement.java:51)
	at org.apache.hc.client5.http.impl.classic.RedirectExec.execute(RedirectExec.java:115)
	at org.apache.hc.client5.http.impl.classic.ExecChainElement.execute(ExecChainElement.java:51)
	at org.apache.hc.client5.http.impl.classic.InternalHttpClient.doExecute(InternalHttpClient.java:170)
	at org.apache.hc.client5.http.impl.classic.CloseableHttpClient.execute(CloseableHttpClient.java:87)
	at org.apache.hc.client5.http.impl.classic.CloseableHttpClient.execute(CloseableHttpClient.java:55)
	at org.apache.hc.client5.http.classic.HttpClient.executeOpen(HttpClient.java:183)
	at org.springframework.http.client.HttpComponentsClientHttpRequest.executeInternal(HttpComponentsClientHttpRequest.java:95)
	at org.springframework.http.client.AbstractStreamingClientHttpRequest.executeInternal(AbstractStreamingClientHttpRequest.java:70)
	at org.springframework.http.client.AbstractClientHttpRequest.execute(AbstractClientHttpRequest.java:66)
	at org.springframework.http.client.InterceptingClientHttpRequest$InterceptingRequestExecution.execute(InterceptingClientHttpRequest.java:112)
	at org.springframework.cloud.netflix.eureka.http.RestTemplateTransportClientFactory.lambda$restTemplate$0(RestTemplateTransportClientFactory.java:143)
	at org.springframework.http.client.InterceptingClientHttpRequest$InterceptingRequestExecution.execute(InterceptingClientHttpRequest.java:88)
	at org.springframework.http.client.InterceptingClientHttpRequest.executeInternal(InterceptingClientHttpRequest.java:72)
	at org.springframework.http.client.AbstractBufferingClientHttpRequest.executeInternal(AbstractBufferingClientHttpRequest.java:48)
	at org.springframework.http.client.AbstractClientHttpRequest.execute(AbstractClientHttpRequest.java:66)
	at org.springframework.web.client.RestTemplate.doExecute(RestTemplate.java:889)
	... 21 more

2026-03-25T23:42:57.477+05:30  WARN 18736 --- [product-service] [DiscoveryClient-HeartbeatExecutor-0] c.n.d.s.t.d.RetryableEurekaHttpClient    : Request execution failed with message: I/O error on PUT request for "http://localhost:8761/eureka/apps/PRODUCT-SERVICE/product-service:8082": Connect to http://localhost:8761 [localhost/127.0.0.1, localhost/0:0:0:0:0:0:0:1] failed: Connection refused: getsockopt
2026-03-25T23:42:57.477+05:30 ERROR 18736 --- [product-service] [DiscoveryClient-HeartbeatExecutor-0] com.netflix.discovery.DiscoveryClient    : DiscoveryClient_PRODUCT-SERVICE/product-service:8082 - was unable to send heartbeat!

com.netflix.discovery.shared.transport.TransportException: Cannot execute request on any known server
	at com.netflix.discovery.shared.transport.decorator.RetryableEurekaHttpClient.execute(RetryableEurekaHttpClient.java:112) ~[eureka-client-2.0.1.jar:2.0.1]
	at com.netflix.discovery.shared.transport.decorator.EurekaHttpClientDecorator.sendHeartBeat(EurekaHttpClientDecorator.java:89) ~[eureka-client-2.0.1.jar:2.0.1]
	at com.netflix.discovery.shared.transport.decorator.EurekaHttpClientDecorator$3.execute(EurekaHttpClientDecorator.java:92) ~[eureka-client-2.0.1.jar:2.0.1]
	at com.netflix.discovery.shared.transport.decorator.SessionedEurekaHttpClient.execute(SessionedEurekaHttpClient.java:77) ~[eureka-client-2.0.1.jar:2.0.1]
	at com.netflix.discovery.shared.transport.decorator.EurekaHttpClientDecorator.sendHeartBeat(EurekaHttpClientDecorator.java:89) ~[eureka-client-2.0.1.jar:2.0.1]
	at com.netflix.discovery.DiscoveryClient.renew(DiscoveryClient.java:837) ~[eureka-client-2.0.1.jar:2.0.1]
	at com.netflix.discovery.DiscoveryClient$HeartbeatThread.run(DiscoveryClient.java:1401) ~[eureka-client-2.0.1.jar:2.0.1]
	at java.base/java.util.concurrent.Executors$RunnableAdapter.call(Executors.java:572) ~[na:na]
	at java.base/java.util.concurrent.FutureTask.run$$$capture(FutureTask.java:317) ~[na:na]
	at java.base/java.util.concurrent.FutureTask.run(FutureTask.java) ~[na:na]
	at java.base/java.util.concurrent.ThreadPoolExecutor.runWorker(ThreadPoolExecutor.java:1144) ~[na:na]
	at java.base/java.util.concurrent.ThreadPoolExecutor$Worker.run(ThreadPoolExecutor.java:642) ~[na:na]
	at java.base/java.lang.Thread.run(Thread.java:1583) ~[na:na]

2026-03-25T23:43:13.471+05:30  INFO 18736 --- [product-service] [SpringApplicationShutdownHook] j.LocalContainerEntityManagerFactoryBean : Closing JPA EntityManagerFactory for persistence unit 'default'
2026-03-25T23:43:14.672+05:30  INFO 18736 --- [product-service] [DiscoveryClient-CacheRefreshExecutor-0] c.n.d.s.t.d.RedirectingEurekaHttpClient  : Request execution error. endpoint=DefaultEndpoint{ serviceUrl='http://localhost:8761/eureka/}, exception=I/O error on GET request for "http://localhost:8761/eureka/apps/delta": Connect to http://localhost:8761 [localhost/127.0.0.1, localhost/0:0:0:0:0:0:0:1] failed: Connection refused: getsockopt stacktrace=org.springframework.web.client.ResourceAccessException: I/O error on GET request for "http://localhost:8761/eureka/apps/delta": Connect to http://localhost:8761 [localhost/127.0.0.1, localhost/0:0:0:0:0:0:0:1] failed: Connection refused: getsockopt
	at org.springframework.web.client.RestTemplate.createResourceAccessException(RestTemplate.java:915)
	at org.springframework.web.client.RestTemplate.doExecute(RestTemplate.java:895)
	at org.springframework.web.client.RestTemplate.execute(RestTemplate.java:790)
	at org.springframework.web.client.RestTemplate.exchange(RestTemplate.java:672)
	at org.springframework.cloud.netflix.eureka.http.RestTemplateEurekaHttpClient.getApplicationsInternal(RestTemplateEurekaHttpClient.java:145)
	at org.springframework.cloud.netflix.eureka.http.RestTemplateEurekaHttpClient.getDelta(RestTemplateEurekaHttpClient.java:155)
	at com.netflix.discovery.shared.transport.decorator.EurekaHttpClientDecorator$7.execute(EurekaHttpClientDecorator.java:152)
	at com.netflix.discovery.shared.transport.decorator.RedirectingEurekaHttpClient.executeOnNewServer(RedirectingEurekaHttpClient.java:121)
	at com.netflix.discovery.shared.transport.decorator.RedirectingEurekaHttpClient.execute(RedirectingEurekaHttpClient.java:80)
	at com.netflix.discovery.shared.transport.decorator.EurekaHttpClientDecorator.getDelta(EurekaHttpClientDecorator.java:149)
	at com.netflix.discovery.shared.transport.decorator.EurekaHttpClientDecorator$7.execute(EurekaHttpClientDecorator.java:152)
	at com.netflix.discovery.shared.transport.decorator.RetryableEurekaHttpClient.execute(RetryableEurekaHttpClient.java:120)
	at com.netflix.discovery.shared.transport.decorator.EurekaHttpClientDecorator.getDelta(EurekaHttpClientDecorator.java:149)
	at com.netflix.discovery.shared.transport.decorator.EurekaHttpClientDecorator$7.execute(EurekaHttpClientDecorator.java:152)
	at com.netflix.discovery.shared.transport.decorator.SessionedEurekaHttpClient.execute(SessionedEurekaHttpClient.java:77)
	at com.netflix.discovery.shared.transport.decorator.EurekaHttpClientDecorator.getDelta(EurekaHttpClientDecorator.java:149)
	at com.netflix.discovery.DiscoveryClient.getAndUpdateDelta(DiscoveryClient.java:1079)
	at com.netflix.discovery.DiscoveryClient.fetchRegistry(DiscoveryClient.java:960)
	at com.netflix.discovery.DiscoveryClient.refreshRegistry(DiscoveryClient.java:1475)
	at com.netflix.discovery.DiscoveryClient$CacheRefreshThread.run(DiscoveryClient.java:1442)
	at java.base/java.util.concurrent.Executors$RunnableAdapter.call(Executors.java:572)
	at java.base/java.util.concurrent.FutureTask.run$$$capture(FutureTask.java:317)
	at java.base/java.util.concurrent.FutureTask.run(FutureTask.java)
	at java.base/java.util.concurrent.ThreadPoolExecutor.runWorker(ThreadPoolExecutor.java:1144)
	at java.base/java.util.concurrent.ThreadPoolExecutor$Worker.run(ThreadPoolExecutor.java:642)
	at java.base/java.lang.Thread.run(Thread.java:1583)
Caused by: org.apache.hc.client5.http.HttpHostConnectException: Connect to http://localhost:8761 [localhost/127.0.0.1, localhost/0:0:0:0:0:0:0:1] failed: Connection refused: getsockopt
	at java.base/sun.nio.ch.Net.pollConnect(Native Method)
	at java.base/sun.nio.ch.Net.pollConnectNow(Net.java:682)
	at java.base/sun.nio.ch.NioSocketImpl.timedFinishConnect(NioSocketImpl.java:542)
	at java.base/sun.nio.ch.NioSocketImpl.connect(NioSocketImpl.java:592)
	at java.base/java.net.SocksSocketImpl.connect(SocksSocketImpl.java:327)
	at java.base/java.net.Socket.connect(Socket.java:751)
	at org.apache.hc.client5.http.socket.PlainConnectionSocketFactory.lambda$connectSocket$0(PlainConnectionSocketFactory.java:91)
	at java.base/java.security.AccessController.doPrivileged(AccessController.java:571)
	at org.apache.hc.client5.http.socket.PlainConnectionSocketFactory.connectSocket(PlainConnectionSocketFactory.java:90)
	at org.apache.hc.client5.http.socket.ConnectionSocketFactory.connectSocket(ConnectionSocketFactory.java:123)
	at org.apache.hc.client5.http.impl.io.DefaultHttpClientConnectionOperator.connect(DefaultHttpClientConnectionOperator.java:184)
	at org.apache.hc.client5.http.impl.io.PoolingHttpClientConnectionManager.connect(PoolingHttpClientConnectionManager.java:447)
	at org.apache.hc.client5.http.impl.classic.InternalExecRuntime.connectEndpoint(InternalExecRuntime.java:162)
	at org.apache.hc.client5.http.impl.classic.InternalExecRuntime.connectEndpoint(InternalExecRuntime.java:172)
	at org.apache.hc.client5.http.impl.classic.ConnectExec.execute(ConnectExec.java:142)
	at org.apache.hc.client5.http.impl.classic.ExecChainElement.execute(ExecChainElement.java:51)
	at org.apache.hc.client5.http.impl.classic.ProtocolExec.execute(ProtocolExec.java:192)
	at org.apache.hc.client5.http.impl.classic.ExecChainElement.execute(ExecChainElement.java:51)
	at org.apache.hc.client5.http.impl.classic.HttpRequestRetryExec.execute(HttpRequestRetryExec.java:96)
	at org.apache.hc.client5.http.impl.classic.ExecChainElement.execute(ExecChainElement.java:51)
	at org.apache.hc.client5.http.impl.classic.ContentCompressionExec.execute(ContentCompressionExec.java:152)
	at org.apache.hc.client5.http.impl.classic.ExecChainElement.execute(ExecChainElement.java:51)
	at org.apache.hc.client5.http.impl.classic.RedirectExec.execute(RedirectExec.java:115)
	at org.apache.hc.client5.http.impl.classic.ExecChainElement.execute(ExecChainElement.java:51)
	at org.apache.hc.client5.http.impl.classic.InternalHttpClient.doExecute(InternalHttpClient.java:170)
	at org.apache.hc.client5.http.impl.classic.CloseableHttpClient.execute(CloseableHttpClient.java:87)
	at org.apache.hc.client5.http.impl.classic.CloseableHttpClient.execute(CloseableHttpClient.java:55)
	at org.apache.hc.client5.http.classic.HttpClient.executeOpen(HttpClient.java:183)
	at org.springframework.http.client.HttpComponentsClientHttpRequest.executeInternal(HttpComponentsClientHttpRequest.java:95)
	at org.springframework.http.client.AbstractStreamingClientHttpRequest.executeInternal(AbstractStreamingClientHttpRequest.java:70)
	at org.springframework.http.client.AbstractClientHttpRequest.execute(AbstractClientHttpRequest.java:66)
	at org.springframework.http.client.InterceptingClientHttpRequest$InterceptingRequestExecution.execute(InterceptingClientHttpRequest.java:112)
	at org.springframework.cloud.netflix.eureka.http.RestTemplateTransportClientFactory.lambda$restTemplate$0(RestTemplateTransportClientFactory.java:143)
	at org.springframework.http.client.InterceptingClientHttpRequest$InterceptingRequestExecution.execute(InterceptingClientHttpRequest.java:88)
	at org.springframework.http.client.InterceptingClientHttpRequest.executeInternal(InterceptingClientHttpRequest.java:72)
	at org.springframework.http.client.AbstractBufferingClientHttpRequest.executeInternal(AbstractBufferingClientHttpRequest.java:48)
	at org.springframework.http.client.AbstractClientHttpRequest.execute(AbstractClientHttpRequest.java:66)
	at org.springframework.web.client.RestTemplate.doExecute(RestTemplate.java:889)
	... 24 more

2026-03-25T23:43:14.672+05:30  WARN 18736 --- [product-service] [DiscoveryClient-CacheRefreshExecutor-0] c.n.d.s.t.d.RetryableEurekaHttpClient    : Request execution failed with message: I/O error on GET request for "http://localhost:8761/eureka/apps/delta": Connect to http://localhost:8761 [localhost/127.0.0.1, localhost/0:0:0:0:0:0:0:1] failed: Connection refused: getsockopt
2026-03-25T23:43:14.672+05:30  INFO 18736 --- [product-service] [DiscoveryClient-CacheRefreshExecutor-0] com.netflix.discovery.DiscoveryClient    : DiscoveryClient_PRODUCT-SERVICE/product-service:8082 - was unable to refresh its cache! This periodic background refresh will be retried in 30 seconds. status = Cannot execute request on any known server stacktrace = com.netflix.discovery.shared.transport.TransportException: Cannot execute request on any known server
	at com.netflix.discovery.shared.transport.decorator.RetryableEurekaHttpClient.execute(RetryableEurekaHttpClient.java:112)
	at com.netflix.discovery.shared.transport.decorator.EurekaHttpClientDecorator.getDelta(EurekaHttpClientDecorator.java:149)
	at com.netflix.discovery.shared.transport.decorator.EurekaHttpClientDecorator$7.execute(EurekaHttpClientDecorator.java:152)
	at com.netflix.discovery.shared.transport.decorator.SessionedEurekaHttpClient.execute(SessionedEurekaHttpClient.java:77)
	at com.netflix.discovery.shared.transport.decorator.EurekaHttpClientDecorator.getDelta(EurekaHttpClientDecorator.java:149)
	at com.netflix.discovery.DiscoveryClient.getAndUpdateDelta(DiscoveryClient.java:1079)
	at com.netflix.discovery.DiscoveryClient.fetchRegistry(DiscoveryClient.java:960)
	at com.netflix.discovery.DiscoveryClient.refreshRegistry(DiscoveryClient.java:1475)
	at com.netflix.discovery.DiscoveryClient$CacheRefreshThread.run(DiscoveryClient.java:1442)
	at java.base/java.util.concurrent.Executors$RunnableAdapter.call(Executors.java:572)
	at java.base/java.util.concurrent.FutureTask.run$$$capture(FutureTask.java:317)
	at java.base/java.util.concurrent.FutureTask.run(FutureTask.java)
	at java.base/java.util.concurrent.ThreadPoolExecutor.runWorker(ThreadPoolExecutor.java:1144)
	at java.base/java.util.concurrent.ThreadPoolExecutor$Worker.run(ThreadPoolExecutor.java:642)
	at java.base/java.lang.Thread.run(Thread.java:1583)

2026-03-25T23:43:14.800+05:30  INFO 18736 --- [product-service] [DiscoveryClient-InstanceInfoReplicator-0] com.netflix.discovery.DiscoveryClient    : DiscoveryClient_PRODUCT-SERVICE/product-service:8082: registering service...
2026-03-25T23:43:15.004+05:30  INFO 18736 --- [product-service] [DiscoveryClient-InstanceInfoReplicator-0] c.n.d.s.t.d.RedirectingEurekaHttpClient  : Request execution error. endpoint=DefaultEndpoint{ serviceUrl='http://localhost:8761/eureka/}, exception=I/O error on POST request for "http://localhost:8761/eureka/apps/PRODUCT-SERVICE": Connect to http://localhost:8761 [localhost/127.0.0.1, localhost/0:0:0:0:0:0:0:1] failed: Connection refused: getsockopt stacktrace=org.springframework.web.client.ResourceAccessException: I/O error on POST request for "http://localhost:8761/eureka/apps/PRODUCT-SERVICE": Connect to http://localhost:8761 [localhost/127.0.0.1, localhost/0:0:0:0:0:0:0:1] failed: Connection refused: getsockopt
	at org.springframework.web.client.RestTemplate.createResourceAccessException(RestTemplate.java:915)
	at org.springframework.web.client.RestTemplate.doExecute(RestTemplate.java:895)
	at org.springframework.web.client.RestTemplate.execute(RestTemplate.java:790)
	at org.springframework.web.client.RestTemplate.exchange(RestTemplate.java:672)
	at org.springframework.cloud.netflix.eureka.http.RestTemplateEurekaHttpClient.register(RestTemplateEurekaHttpClient.java:77)
	at com.netflix.discovery.shared.transport.decorator.EurekaHttpClientDecorator$1.execute(EurekaHttpClientDecorator.java:59)
	at com.netflix.discovery.shared.transport.decorator.RedirectingEurekaHttpClient.executeOnNewServer(RedirectingEurekaHttpClient.java:121)
	at com.netflix.discovery.shared.transport.decorator.RedirectingEurekaHttpClient.execute(RedirectingEurekaHttpClient.java:80)
	at com.netflix.discovery.shared.transport.decorator.EurekaHttpClientDecorator.register(EurekaHttpClientDecorator.java:56)
	at com.netflix.discovery.shared.transport.decorator.EurekaHttpClientDecorator$1.execute(EurekaHttpClientDecorator.java:59)
	at com.netflix.discovery.shared.transport.decorator.RetryableEurekaHttpClient.execute(RetryableEurekaHttpClient.java:120)
	at com.netflix.discovery.shared.transport.decorator.EurekaHttpClientDecorator.register(EurekaHttpClientDecorator.java:56)
	at com.netflix.discovery.shared.transport.decorator.EurekaHttpClientDecorator$1.execute(EurekaHttpClientDecorator.java:59)
	at com.netflix.discovery.shared.transport.decorator.SessionedEurekaHttpClient.execute(SessionedEurekaHttpClient.java:77)
	at com.netflix.discovery.shared.transport.decorator.EurekaHttpClientDecorator.register(EurekaHttpClientDecorator.java:56)
	at com.netflix.discovery.DiscoveryClient.register(DiscoveryClient.java:820)
	at com.netflix.discovery.InstanceInfoReplicator.run(InstanceInfoReplicator.java:121)
	at java.base/java.util.concurrent.Executors$RunnableAdapter.call(Executors.java:572)
	at java.base/java.util.concurrent.FutureTask.run$$$capture(FutureTask.java:317)
	at java.base/java.util.concurrent.FutureTask.run(FutureTask.java)
	at java.base/java.util.concurrent.ScheduledThreadPoolExecutor$ScheduledFutureTask.run(ScheduledThreadPoolExecutor.java:304)
	at java.base/java.util.concurrent.ThreadPoolExecutor.runWorker(ThreadPoolExecutor.java:1144)
	at java.base/java.util.concurrent.ThreadPoolExecutor$Worker.run(ThreadPoolExecutor.java:642)
	at java.base/java.lang.Thread.run(Thread.java:1583)
Caused by: org.apache.hc.client5.http.HttpHostConnectException: Connect to http://localhost:8761 [localhost/127.0.0.1, localhost/0:0:0:0:0:0:0:1] failed: Connection refused: getsockopt
	at java.base/sun.nio.ch.Net.pollConnect(Native Method)
	at java.base/sun.nio.ch.Net.pollConnectNow(Net.java:682)
	at java.base/sun.nio.ch.NioSocketImpl.timedFinishConnect(NioSocketImpl.java:542)
	at java.base/sun.nio.ch.NioSocketImpl.connect(NioSocketImpl.java:592)
	at java.base/java.net.SocksSocketImpl.connect(SocksSocketImpl.java:327)
	at java.base/java.net.Socket.connect(Socket.java:751)
	at org.apache.hc.client5.http.socket.PlainConnectionSocketFactory.lambda$connectSocket$0(PlainConnectionSocketFactory.java:91)
	at java.base/java.security.AccessController.doPrivileged(AccessController.java:571)
	at org.apache.hc.client5.http.socket.PlainConnectionSocketFactory.connectSocket(PlainConnectionSocketFactory.java:90)
	at org.apache.hc.client5.http.socket.ConnectionSocketFactory.connectSocket(ConnectionSocketFactory.java:123)
	at org.apache.hc.client5.http.impl.io.DefaultHttpClientConnectionOperator.connect(DefaultHttpClientConnectionOperator.java:184)
	at org.apache.hc.client5.http.impl.io.PoolingHttpClientConnectionManager.connect(PoolingHttpClientConnectionManager.java:447)
	at org.apache.hc.client5.http.impl.classic.InternalExecRuntime.connectEndpoint(InternalExecRuntime.java:162)
	at org.apache.hc.client5.http.impl.classic.InternalExecRuntime.connectEndpoint(InternalExecRuntime.java:172)
	at org.apache.hc.client5.http.impl.classic.ConnectExec.execute(ConnectExec.java:142)
	at org.apache.hc.client5.http.impl.classic.ExecChainElement.execute(ExecChainElement.java:51)
	at org.apache.hc.client5.http.impl.classic.ProtocolExec.execute(ProtocolExec.java:192)
	at org.apache.hc.client5.http.impl.classic.ExecChainElement.execute(ExecChainElement.java:51)
	at org.apache.hc.client5.http.impl.classic.HttpRequestRetryExec.execute(HttpRequestRetryExec.java:96)
	at org.apache.hc.client5.http.impl.classic.ExecChainElement.execute(ExecChainElement.java:51)
	at org.apache.hc.client5.http.impl.classic.ContentCompressionExec.execute(ContentCompressionExec.java:152)
	at org.apache.hc.client5.http.impl.classic.ExecChainElement.execute(ExecChainElement.java:51)
	at org.apache.hc.client5.http.impl.classic.RedirectExec.execute(RedirectExec.java:115)
	at org.apache.hc.client5.http.impl.classic.ExecChainElement.execute(ExecChainElement.java:51)
	at org.apache.hc.client5.http.impl.classic.InternalHttpClient.doExecute(InternalHttpClient.java:170)
	at org.apache.hc.client5.http.impl.classic.CloseableHttpClient.execute(CloseableHttpClient.java:87)
	at org.apache.hc.client5.http.impl.classic.CloseableHttpClient.execute(CloseableHttpClient.java:55)
	at org.apache.hc.client5.http.classic.HttpClient.executeOpen(HttpClient.java:183)
	at org.springframework.http.client.HttpComponentsClientHttpRequest.executeInternal(HttpComponentsClientHttpRequest.java:95)
	at org.springframework.http.client.AbstractStreamingClientHttpRequest.executeInternal(AbstractStreamingClientHttpRequest.java:70)
	at org.springframework.http.client.AbstractClientHttpRequest.execute(AbstractClientHttpRequest.java:66)
	at org.springframework.http.client.InterceptingClientHttpRequest$InterceptingRequestExecution.execute(InterceptingClientHttpRequest.java:112)
	at org.springframework.cloud.netflix.eureka.http.RestTemplateTransportClientFactory.lambda$restTemplate$0(RestTemplateTransportClientFactory.java:143)
	at org.springframework.http.client.InterceptingClientHttpRequest$InterceptingRequestExecution.execute(InterceptingClientHttpRequest.java:88)
	at org.springframework.http.client.InterceptingClientHttpRequest.executeInternal(InterceptingClientHttpRequest.java:72)
	at org.springframework.http.client.AbstractBufferingClientHttpRequest.executeInternal(AbstractBufferingClientHttpRequest.java:48)
	at org.springframework.http.client.AbstractClientHttpRequest.execute(AbstractClientHttpRequest.java:66)
	at org.springframework.web.client.RestTemplate.doExecute(RestTemplate.java:889)
	... 22 more

2026-03-25T23:43:15.020+05:30  WARN 18736 --- [product-service] [DiscoveryClient-InstanceInfoReplicator-0] c.n.d.s.t.d.RetryableEurekaHttpClient    : Request execution failed with message: I/O error on POST request for "http://localhost:8761/eureka/apps/PRODUCT-SERVICE": Connect to http://localhost:8761 [localhost/127.0.0.1, localhost/0:0:0:0:0:0:0:1] failed: Connection refused: getsockopt
2026-03-25T23:43:15.020+05:30  WARN 18736 --- [product-service] [DiscoveryClient-InstanceInfoReplicator-0] com.netflix.discovery.DiscoveryClient    : DiscoveryClient_PRODUCT-SERVICE/product-service:8082 - registration failed Cannot execute request on any known server

com.netflix.discovery.shared.transport.TransportException: Cannot execute request on any known server
	at com.netflix.discovery.shared.transport.decorator.RetryableEurekaHttpClient.execute(RetryableEurekaHttpClient.java:112) ~[eureka-client-2.0.1.jar:2.0.1]
	at com.netflix.discovery.shared.transport.decorator.EurekaHttpClientDecorator.register(EurekaHttpClientDecorator.java:56) ~[eureka-client-2.0.1.jar:2.0.1]
	at com.netflix.discovery.shared.transport.decorator.EurekaHttpClientDecorator$1.execute(EurekaHttpClientDecorator.java:59) ~[eureka-client-2.0.1.jar:2.0.1]
	at com.netflix.discovery.shared.transport.decorator.SessionedEurekaHttpClient.execute(SessionedEurekaHttpClient.java:77) ~[eureka-client-2.0.1.jar:2.0.1]
	at com.netflix.discovery.shared.transport.decorator.EurekaHttpClientDecorator.register(EurekaHttpClientDecorator.java:56) ~[eureka-client-2.0.1.jar:2.0.1]
	at com.netflix.discovery.DiscoveryClient.register(DiscoveryClient.java:820) ~[eureka-client-2.0.1.jar:2.0.1]
	at com.netflix.discovery.InstanceInfoReplicator.run(InstanceInfoReplicator.java:121) ~[eureka-client-2.0.1.jar:2.0.1]
	at java.base/java.util.concurrent.Executors$RunnableAdapter.call(Executors.java:572) ~[na:na]
	at java.base/java.util.concurrent.FutureTask.run$$$capture(FutureTask.java:317) ~[na:na]
	at java.base/java.util.concurrent.FutureTask.run(FutureTask.java) ~[na:na]
	at java.base/java.util.concurrent.ScheduledThreadPoolExecutor$ScheduledFutureTask.run(ScheduledThreadPoolExecutor.java:304) ~[na:na]
	at java.base/java.util.concurrent.ThreadPoolExecutor.runWorker(ThreadPoolExecutor.java:1144) ~[na:na]
	at java.base/java.util.concurrent.ThreadPoolExecutor$Worker.run(ThreadPoolExecutor.java:642) ~[na:na]
	at java.base/java.lang.Thread.run(Thread.java:1583) ~[na:na]

2026-03-25T23:43:15.020+05:30  WARN 18736 --- [product-service] [DiscoveryClient-InstanceInfoReplicator-0] c.n.discovery.InstanceInfoReplicator     : There was a problem with the instance info replicator

com.netflix.discovery.shared.transport.TransportException: Cannot execute request on any known server
	at com.netflix.discovery.shared.transport.decorator.RetryableEurekaHttpClient.execute(RetryableEurekaHttpClient.java:112) ~[eureka-client-2.0.1.jar:2.0.1]
	at com.netflix.discovery.shared.transport.decorator.EurekaHttpClientDecorator.register(EurekaHttpClientDecorator.java:56) ~[eureka-client-2.0.1.jar:2.0.1]
	at com.netflix.discovery.shared.transport.decorator.EurekaHttpClientDecorator$1.execute(EurekaHttpClientDecorator.java:59) ~[eureka-client-2.0.1.jar:2.0.1]
	at com.netflix.discovery.shared.transport.decorator.SessionedEurekaHttpClient.execute(SessionedEurekaHttpClient.java:77) ~[eureka-client-2.0.1.jar:2.0.1]
	at com.netflix.discovery.shared.transport.decorator.EurekaHttpClientDecorator.register(EurekaHttpClientDecorator.java:56) ~[eureka-client-2.0.1.jar:2.0.1]
	at com.netflix.discovery.DiscoveryClient.register(DiscoveryClient.java:820) ~[eureka-client-2.0.1.jar:2.0.1]
	at com.netflix.discovery.InstanceInfoReplicator.run(InstanceInfoReplicator.java:121) ~[eureka-client-2.0.1.jar:2.0.1]
	at java.base/java.util.concurrent.Executors$RunnableAdapter.call(Executors.java:572) ~[na:na]
	at java.base/java.util.concurrent.FutureTask.run$$$capture(FutureTask.java:317) ~[na:na]
	at java.base/java.util.concurrent.FutureTask.run(FutureTask.java) ~[na:na]
	at java.base/java.util.concurrent.ScheduledThreadPoolExecutor$ScheduledFutureTask.run(ScheduledThreadPoolExecutor.java:304) ~[na:na]
	at java.base/java.util.concurrent.ThreadPoolExecutor.runWorker(ThreadPoolExecutor.java:1144) ~[na:na]
	at java.base/java.util.concurrent.ThreadPoolExecutor$Worker.run(ThreadPoolExecutor.java:642) ~[na:na]
	at java.base/java.lang.Thread.run(Thread.java:1583) ~[na:na]

2026-03-25T23:43:17.385+05:30  INFO 18736 --- [product-service] [SpringApplicationShutdownHook] com.zaxxer.hikari.HikariDataSource       : ProductServicePool - Shutdown initiated...
2026-03-25T23:43:18.943+05:30  INFO 18736 --- [product-service] [SpringApplicationShutdownHook] com.zaxxer.hikari.HikariDataSource       : ProductServicePool - Shutdown completed.
2026-03-25T23:43:19.463+05:30  INFO 18736 --- [product-service] [SpringApplicationShutdownHook] com.netflix.discovery.DiscoveryClient    : Shutting down DiscoveryClient ...
2026-03-25T23:43:22.826+05:30  INFO 18736 --- [product-service] [SpringApplicationShutdownHook] com.netflix.discovery.DiscoveryClient    : Unregistering ...
2026-03-25T23:43:24.060+05:30  INFO 18736 --- [product-service] [SpringApplicationShutdownHook] c.n.d.s.t.d.RedirectingEurekaHttpClient  : Request execution error. endpoint=DefaultEndpoint{ serviceUrl='http://localhost:8761/eureka/}, exception=I/O error on DELETE request for "http://localhost:8761/eureka/apps/PRODUCT-SERVICE/product-service:8082": Connect to http://localhost:8761 [localhost/127.0.0.1, localhost/0:0:0:0:0:0:0:1] failed: Connection refused: getsockopt stacktrace=org.springframework.web.client.ResourceAccessException: I/O error on DELETE request for "http://localhost:8761/eureka/apps/PRODUCT-SERVICE/product-service:8082": Connect to http://localhost:8761 [localhost/127.0.0.1, localhost/0:0:0:0:0:0:0:1] failed: Connection refused: getsockopt
	at org.springframework.web.client.RestTemplate.createResourceAccessException(RestTemplate.java:915)
	at org.springframework.web.client.RestTemplate.doExecute(RestTemplate.java:895)
	at org.springframework.web.client.RestTemplate.execute(RestTemplate.java:790)
	at org.springframework.web.client.RestTemplate.exchange(RestTemplate.java:672)
	at org.springframework.cloud.netflix.eureka.http.RestTemplateEurekaHttpClient.cancel(RestTemplateEurekaHttpClient.java:87)
	at com.netflix.discovery.shared.transport.decorator.EurekaHttpClientDecorator$2.execute(EurekaHttpClientDecorator.java:74)
	at com.netflix.discovery.shared.transport.decorator.RedirectingEurekaHttpClient.executeOnNewServer(RedirectingEurekaHttpClient.java:121)
	at com.netflix.discovery.shared.transport.decorator.RedirectingEurekaHttpClient.execute(RedirectingEurekaHttpClient.java:80)
	at com.netflix.discovery.shared.transport.decorator.EurekaHttpClientDecorator.cancel(EurekaHttpClientDecorator.java:71)
	at com.netflix.discovery.shared.transport.decorator.EurekaHttpClientDecorator$2.execute(EurekaHttpClientDecorator.java:74)
	at com.netflix.discovery.shared.transport.decorator.RetryableEurekaHttpClient.execute(RetryableEurekaHttpClient.java:120)
	at com.netflix.discovery.shared.transport.decorator.EurekaHttpClientDecorator.cancel(EurekaHttpClientDecorator.java:71)
	at com.netflix.discovery.shared.transport.decorator.EurekaHttpClientDecorator$2.execute(EurekaHttpClientDecorator.java:74)
	at com.netflix.discovery.shared.transport.decorator.SessionedEurekaHttpClient.execute(SessionedEurekaHttpClient.java:77)
	at com.netflix.discovery.shared.transport.decorator.EurekaHttpClientDecorator.cancel(EurekaHttpClientDecorator.java:71)
	at com.netflix.discovery.DiscoveryClient.unregister(DiscoveryClient.java:916)
	at com.netflix.discovery.DiscoveryClient.shutdown(DiscoveryClient.java:892)
	at java.base/jdk.internal.reflect.DirectMethodHandleAccessor.invoke(DirectMethodHandleAccessor.java:103)
	at java.base/java.lang.reflect.Method.invoke(Method.java:580)
	at org.springframework.beans.factory.annotation.InitDestroyAnnotationBeanPostProcessor$LifecycleMethod.invoke(InitDestroyAnnotationBeanPostProcessor.java:457)
	at org.springframework.beans.factory.annotation.InitDestroyAnnotationBeanPostProcessor$LifecycleMetadata.invokeDestroyMethods(InitDestroyAnnotationBeanPostProcessor.java:415)
	at org.springframework.beans.factory.annotation.InitDestroyAnnotationBeanPostProcessor.postProcessBeforeDestruction(InitDestroyAnnotationBeanPostProcessor.java:239)
	at org.springframework.beans.factory.support.DisposableBeanAdapter.destroy(DisposableBeanAdapter.java:202)
	at org.springframework.beans.factory.support.DisposableBeanAdapter.run(DisposableBeanAdapter.java:195)
	at org.springframework.cloud.context.scope.GenericScope$BeanLifecycleWrapper.destroy(GenericScope.java:389)
	at org.springframework.cloud.context.scope.GenericScope.destroy(GenericScope.java:136)
	at org.springframework.beans.factory.support.DisposableBeanAdapter.destroy(DisposableBeanAdapter.java:211)
	at org.springframework.beans.factory.support.DefaultSingletonBeanRegistry.destroyBean(DefaultSingletonBeanRegistry.java:587)
	at org.springframework.beans.factory.support.DefaultSingletonBeanRegistry.destroySingleton(DefaultSingletonBeanRegistry.java:559)
	at org.springframework.beans.factory.support.DefaultListableBeanFactory.destroySingleton(DefaultListableBeanFactory.java:1202)
	at org.springframework.beans.factory.support.DefaultSingletonBeanRegistry.destroySingletons(DefaultSingletonBeanRegistry.java:520)
	at org.springframework.beans.factory.support.DefaultListableBeanFactory.destroySingletons(DefaultListableBeanFactory.java:1195)
	at org.springframework.context.support.AbstractApplicationContext.destroyBeans(AbstractApplicationContext.java:1183)
	at org.springframework.context.support.AbstractApplicationContext.doClose(AbstractApplicationContext.java:1144)
	at org.springframework.boot.web.servlet.context.ServletWebServerApplicationContext.doClose(ServletWebServerApplicationContext.java:174)
	at org.springframework.context.support.AbstractApplicationContext.close(AbstractApplicationContext.java:1090)
	at org.springframework.boot.SpringApplicationShutdownHook.closeAndWait(SpringApplicationShutdownHook.java:145)
	at java.base/java.lang.Iterable.forEach(Iterable.java:75)
	at org.springframework.boot.SpringApplicationShutdownHook.run(SpringApplicationShutdownHook.java:114)
	at java.base/java.lang.Thread.run(Thread.java:1583)
Caused by: org.apache.hc.client5.http.HttpHostConnectException: Connect to http://localhost:8761 [localhost/127.0.0.1, localhost/0:0:0:0:0:0:0:1] failed: Connection refused: getsockopt
	at java.base/sun.nio.ch.Net.pollConnect(Native Method)
	at java.base/sun.nio.ch.Net.pollConnectNow(Net.java:682)
	at java.base/sun.nio.ch.NioSocketImpl.timedFinishConnect(NioSocketImpl.java:542)
	at java.base/sun.nio.ch.NioSocketImpl.connect(NioSocketImpl.java:592)
	at java.base/java.net.SocksSocketImpl.connect(SocksSocketImpl.java:327)
	at java.base/java.net.Socket.connect(Socket.java:751)
	at org.apache.hc.client5.http.socket.PlainConnectionSocketFactory.lambda$connectSocket$0(PlainConnectionSocketFactory.java:91)
	at java.base/java.security.AccessController.doPrivileged(AccessController.java:571)
	at org.apache.hc.client5.http.socket.PlainConnectionSocketFactory.connectSocket(PlainConnectionSocketFactory.java:90)
	at org.apache.hc.client5.http.socket.ConnectionSocketFactory.connectSocket(ConnectionSocketFactory.java:123)
	at org.apache.hc.client5.http.impl.io.DefaultHttpClientConnectionOperator.connect(DefaultHttpClientConnectionOperator.java:184)
	at org.apache.hc.client5.http.impl.io.PoolingHttpClientConnectionManager.connect(PoolingHttpClientConnectionManager.java:447)
	at org.apache.hc.client5.http.impl.classic.InternalExecRuntime.connectEndpoint(InternalExecRuntime.java:162)
	at org.apache.hc.client5.http.impl.classic.InternalExecRuntime.connectEndpoint(InternalExecRuntime.java:172)
	at org.apache.hc.client5.http.impl.classic.ConnectExec.execute(ConnectExec.java:142)
	at org.apache.hc.client5.http.impl.classic.ExecChainElement.execute(ExecChainElement.java:51)
	at org.apache.hc.client5.http.impl.classic.ProtocolExec.execute(ProtocolExec.java:192)
	at org.apache.hc.client5.http.impl.classic.ExecChainElement.execute(ExecChainElement.java:51)
	at org.apache.hc.client5.http.impl.classic.HttpRequestRetryExec.execute(HttpRequestRetryExec.java:96)
	at org.apache.hc.client5.http.impl.classic.ExecChainElement.execute(ExecChainElement.java:51)
	at org.apache.hc.client5.http.impl.classic.ContentCompressionExec.execute(ContentCompressionExec.java:152)
	at org.apache.hc.client5.http.impl.classic.ExecChainElement.execute(ExecChainElement.java:51)
	at org.apache.hc.client5.http.impl.classic.RedirectExec.execute(RedirectExec.java:115)
	at org.apache.hc.client5.http.impl.classic.ExecChainElement.execute(ExecChainElement.java:51)
	at org.apache.hc.client5.http.impl.classic.InternalHttpClient.doExecute(InternalHttpClient.java:170)
	at org.apache.hc.client5.http.impl.classic.CloseableHttpClient.execute(CloseableHttpClient.java:87)
	at org.apache.hc.client5.http.impl.classic.CloseableHttpClient.execute(CloseableHttpClient.java:55)
	at org.apache.hc.client5.http.classic.HttpClient.executeOpen(HttpClient.java:183)
	at org.springframework.http.client.HttpComponentsClientHttpRequest.executeInternal(HttpComponentsClientHttpRequest.java:95)
	at org.springframework.http.client.AbstractStreamingClientHttpRequest.executeInternal(AbstractStreamingClientHttpRequest.java:70)
	at org.springframework.http.client.AbstractClientHttpRequest.execute(AbstractClientHttpRequest.java:66)
	at org.springframework.http.client.InterceptingClientHttpRequest$InterceptingRequestExecution.execute(InterceptingClientHttpRequest.java:112)
	at org.springframework.cloud.netflix.eureka.http.RestTemplateTransportClientFactory.lambda$restTemplate$0(RestTemplateTransportClientFactory.java:143)
	at org.springframework.http.client.InterceptingClientHttpRequest$InterceptingRequestExecution.execute(InterceptingClientHttpRequest.java:88)
	at org.springframework.http.client.InterceptingClientHttpRequest.executeInternal(InterceptingClientHttpRequest.java:72)
	at org.springframework.http.client.AbstractBufferingClientHttpRequest.executeInternal(AbstractBufferingClientHttpRequest.java:48)
	at org.springframework.http.client.AbstractClientHttpRequest.execute(AbstractClientHttpRequest.java:66)
	at org.springframework.web.client.RestTemplate.doExecute(RestTemplate.java:889)
	... 38 more

2026-03-25T23:43:24.083+05:30  WARN 18736 --- [product-service] [SpringApplicationShutdownHook] c.n.d.s.t.d.RetryableEurekaHttpClient    : Request execution failed with message: I/O error on DELETE request for "http://localhost:8761/eureka/apps/PRODUCT-SERVICE/product-service:8082": Connect to http://localhost:8761 [localhost/127.0.0.1, localhost/0:0:0:0:0:0:0:1] failed: Connection refused: getsockopt
2026-03-25T23:43:24.097+05:30 ERROR 18736 --- [product-service] [SpringApplicationShutdownHook] com.netflix.discovery.DiscoveryClient    : DiscoveryClient_PRODUCT-SERVICE/product-service:8082 - de-registration failedCannot execute request on any known server

com.netflix.discovery.shared.transport.TransportException: Cannot execute request on any known server
	at com.netflix.discovery.shared.transport.decorator.RetryableEurekaHttpClient.execute(RetryableEurekaHttpClient.java:112) ~[eureka-client-2.0.1.jar:2.0.1]
	at com.netflix.discovery.shared.transport.decorator.EurekaHttpClientDecorator.cancel(EurekaHttpClientDecorator.java:71) ~[eureka-client-2.0.1.jar:2.0.1]
	at com.netflix.discovery.shared.transport.decorator.EurekaHttpClientDecorator$2.execute(EurekaHttpClientDecorator.java:74) ~[eureka-client-2.0.1.jar:2.0.1]
	at com.netflix.discovery.shared.transport.decorator.SessionedEurekaHttpClient.execute(SessionedEurekaHttpClient.java:77) ~[eureka-client-2.0.1.jar:2.0.1]
	at com.netflix.discovery.shared.transport.decorator.EurekaHttpClientDecorator.cancel(EurekaHttpClientDecorator.java:71) ~[eureka-client-2.0.1.jar:2.0.1]
	at com.netflix.discovery.DiscoveryClient.unregister(DiscoveryClient.java:916) ~[eureka-client-2.0.1.jar:2.0.1]
	at com.netflix.discovery.DiscoveryClient.shutdown(DiscoveryClient.java:892) ~[eureka-client-2.0.1.jar:2.0.1]
	at java.base/jdk.internal.reflect.DirectMethodHandleAccessor.invoke(DirectMethodHandleAccessor.java:103) ~[na:na]
	at java.base/java.lang.reflect.Method.invoke(Method.java:580) ~[na:na]
	at org.springframework.beans.factory.annotation.InitDestroyAnnotationBeanPostProcessor$LifecycleMethod.invoke(InitDestroyAnnotationBeanPostProcessor.java:457) ~[spring-beans-6.1.4.jar:6.1.4]
	at org.springframework.beans.factory.annotation.InitDestroyAnnotationBeanPostProcessor$LifecycleMetadata.invokeDestroyMethods(InitDestroyAnnotationBeanPostProcessor.java:415) ~[spring-beans-6.1.4.jar:6.1.4]
	at org.springframework.beans.factory.annotation.InitDestroyAnnotationBeanPostProcessor.postProcessBeforeDestruction(InitDestroyAnnotationBeanPostProcessor.java:239) ~[spring-beans-6.1.4.jar:6.1.4]
	at org.springframework.beans.factory.support.DisposableBeanAdapter.destroy(DisposableBeanAdapter.java:202) ~[spring-beans-6.1.4.jar:6.1.4]
	at org.springframework.beans.factory.support.DisposableBeanAdapter.run(DisposableBeanAdapter.java:195) ~[spring-beans-6.1.4.jar:6.1.4]
	at org.springframework.cloud.context.scope.GenericScope$BeanLifecycleWrapper.destroy(GenericScope.java:389) ~[spring-cloud-context-4.1.0.jar:4.1.0]
	at org.springframework.cloud.context.scope.GenericScope.destroy(GenericScope.java:136) ~[spring-cloud-context-4.1.0.jar:4.1.0]
	at org.springframework.beans.factory.support.DisposableBeanAdapter.destroy(DisposableBeanAdapter.java:211) ~[spring-beans-6.1.4.jar:6.1.4]
	at org.springframework.beans.factory.support.DefaultSingletonBeanRegistry.destroyBean(DefaultSingletonBeanRegistry.java:587) ~[spring-beans-6.1.4.jar:6.1.4]
	at org.springframework.beans.factory.support.DefaultSingletonBeanRegistry.destroySingleton(DefaultSingletonBeanRegistry.java:559) ~[spring-beans-6.1.4.jar:6.1.4]
	at org.springframework.beans.factory.support.DefaultListableBeanFactory.destroySingleton(DefaultListableBeanFactory.java:1202) ~[spring-beans-6.1.4.jar:6.1.4]
	at org.springframework.beans.factory.support.DefaultSingletonBeanRegistry.destroySingletons(DefaultSingletonBeanRegistry.java:520) ~[spring-beans-6.1.4.jar:6.1.4]
	at org.springframework.beans.factory.support.DefaultListableBeanFactory.destroySingletons(DefaultListableBeanFactory.java:1195) ~[spring-beans-6.1.4.jar:6.1.4]
	at org.springframework.context.support.AbstractApplicationContext.destroyBeans(AbstractApplicationContext.java:1183) ~[spring-context-6.1.4.jar:6.1.4]
	at org.springframework.context.support.AbstractApplicationContext.doClose(AbstractApplicationContext.java:1144) ~[spring-context-6.1.4.jar:6.1.4]
	at org.springframework.boot.web.servlet.context.ServletWebServerApplicationContext.doClose(ServletWebServerApplicationContext.java:174) ~[spring-boot-3.2.3.jar:3.2.3]
	at org.springframework.context.support.AbstractApplicationContext.close(AbstractApplicationContext.java:1090) ~[spring-context-6.1.4.jar:6.1.4]
	at org.springframework.boot.SpringApplicationShutdownHook.closeAndWait(SpringApplicationShutdownHook.java:145) ~[spring-boot-3.2.3.jar:3.2.3]
	at java.base/java.lang.Iterable.forEach(Iterable.java:75) ~[na:na]
	at org.springframework.boot.SpringApplicationShutdownHook.run(SpringApplicationShutdownHook.java:114) ~[spring-boot-3.2.3.jar:3.2.3]
	at java.base/java.lang.Thread.run(Thread.java:1583) ~[na:na]

2026-03-25T23:43:24.894+05:30  INFO 18736 --- [product-service] [SpringApplicationShutdownHook] com.netflix.discovery.DiscoveryClient    : Completed shut down of DiscoveryClient
