2026-03-25T14:28:24.014+05:30  INFO 19068 --- [order-service] [main] c.e.o.OrderServiceApplication            : Starting OrderServiceApplication using Java 21.0.2 with PID 19068 (F:\Ecommerce Production Level Application\order-service\target\classes started by nanda royality in F:\Ecommerce Production Level Application\user-service)
2026-03-25T14:28:24.059+05:30 DEBUG 19068 --- [order-service] [main] c.e.o.OrderServiceApplication            : Running with Spring Boot v3.2.3, Spring v6.1.4
2026-03-25T14:28:24.062+05:30  INFO 19068 --- [order-service] [main] c.e.o.OrderServiceApplication            : No active profile set, falling back to 1 default profile: "default"
2026-03-25T14:29:20.596+05:30  INFO 19068 --- [order-service] [main] .s.d.r.c.RepositoryConfigurationDelegate : Multiple Spring Data modules found, entering strict repository configuration mode
2026-03-25T14:29:20.599+05:30  INFO 19068 --- [order-service] [main] .s.d.r.c.RepositoryConfigurationDelegate : Bootstrapping Spring Data JPA repositories in DEFAULT mode.
2026-03-25T14:29:20.809+05:30  INFO 19068 --- [order-service] [main] .s.d.r.c.RepositoryConfigurationDelegate : Finished Spring Data repository scanning in 186 ms. Found 3 JPA repository interfaces.
2026-03-25T14:29:21.312+05:30  INFO 19068 --- [order-service] [main] o.s.cloud.context.scope.GenericScope     : BeanFactory id=050aadc7-4625-3da1-8ca2-406a49b73d0d
2026-03-25T14:29:21.956+05:30  WARN 19068 --- [order-service] [main] trationDelegate$BeanPostProcessorChecker : Bean 'org.springframework.cloud.client.loadbalancer.LoadBalancerAutoConfiguration$DeferringLoadBalancerInterceptorConfig' of type [org.springframework.cloud.client.loadbalancer.LoadBalancerAutoConfiguration$DeferringLoadBalancerInterceptorConfig] is not eligible for getting processed by all BeanPostProcessors (for example: not eligible for auto-proxying). The currently created BeanPostProcessor [lbRestClientPostProcessor] is declared through a non-static factory method on that class; consider declaring it as static instead.
2026-03-25T14:29:21.963+05:30  WARN 19068 --- [order-service] [main] trationDelegate$BeanPostProcessorChecker : Bean 'deferringLoadBalancerInterceptor' of type [org.springframework.cloud.client.loadbalancer.DeferringLoadBalancerInterceptor] is not eligible for getting processed by all BeanPostProcessors (for example: not eligible for auto-proxying). Is this bean getting eagerly injected into a currently created BeanPostProcessor [lbRestClientPostProcessor]? Check the corresponding BeanPostProcessor declaration and its dependencies.
2026-03-25T14:29:22.650+05:30  INFO 19068 --- [order-service] [main] o.s.b.w.embedded.tomcat.TomcatWebServer  : Tomcat initialized with port 8083 (http)
2026-03-25T14:29:22.673+05:30  INFO 19068 --- [order-service] [main] o.apache.catalina.core.StandardService   : Starting service [Tomcat]
2026-03-25T14:29:22.674+05:30  INFO 19068 --- [order-service] [main] o.apache.catalina.core.StandardEngine    : Starting Servlet engine: [Apache Tomcat/10.1.19]
2026-03-25T14:29:22.868+05:30  INFO 19068 --- [order-service] [main] o.a.c.c.C.[Tomcat].[localhost].[/]       : Initializing Spring embedded WebApplicationContext
2026-03-25T14:29:22.869+05:30  INFO 19068 --- [order-service] [main] w.s.c.ServletWebServerApplicationContext : Root WebApplicationContext: initialization completed in 58621 ms
2026-03-25T14:29:23.395+05:30 DEBUG 19068 --- [order-service] [main] c.e.o.security.JwtAuthenticationFilter   : Filter 'jwtAuthenticationFilter' configured for use
2026-03-25T14:29:23.644+05:30  INFO 19068 --- [order-service] [main] o.hibernate.jpa.internal.util.LogHelper  : HHH000204: Processing PersistenceUnitInfo [name: default]
2026-03-25T14:29:23.809+05:30  INFO 19068 --- [order-service] [main] org.hibernate.Version                    : HHH000412: Hibernate ORM core version 6.4.4.Final
2026-03-25T14:29:23.891+05:30  INFO 19068 --- [order-service] [main] o.h.c.internal.RegionFactoryInitiator    : HHH000026: Second-level cache disabled
2026-03-25T14:29:24.271+05:30  INFO 19068 --- [order-service] [main] o.s.o.j.p.SpringPersistenceUnitInfo      : No LoadTimeWeaver setup: ignoring JPA class transformer
2026-03-25T14:29:24.310+05:30  INFO 19068 --- [order-service] [main] com.zaxxer.hikari.HikariDataSource       : OrderServicePool - Starting...
2026-03-25T14:29:26.669+05:30  INFO 19068 --- [order-service] [main] com.zaxxer.hikari.pool.HikariPool        : OrderServicePool - Added connection com.mysql.cj.jdbc.ConnectionImpl@1ee52741
2026-03-25T14:29:26.673+05:30  INFO 19068 --- [order-service] [main] com.zaxxer.hikari.HikariDataSource       : OrderServicePool - Start completed.
2026-03-25T14:29:27.178+05:30  WARN 19068 --- [order-service] [main] org.hibernate.orm.deprecation            : HHH90000025: MySQLDialect does not need to be specified explicitly using 'hibernate.dialect' (remove the property setting and it will be selected by default)
2026-03-25T14:29:28.599+05:30  INFO 19068 --- [order-service] [main] o.h.e.t.j.p.i.JtaPlatformInitiator       : HHH000489: No JTA platform available (set 'hibernate.transaction.jta.platform' to enable JTA platform integration)
2026-03-25T14:29:37.163+05:30  INFO 19068 --- [order-service] [main] j.LocalContainerEntityManagerFactoryBean : Initialized JPA EntityManagerFactory for persistence unit 'default'
2026-03-25T14:29:37.758+05:30  INFO 19068 --- [order-service] [main] o.s.d.j.r.query.QueryEnhancerFactory     : Hibernate is in classpath; If applicable, HQL parser will be used.
2026-03-25T14:29:38.993+05:30  INFO 19068 --- [order-service] [main] o.s.c.openfeign.FeignClientFactoryBean   : For 'product-service' URL not provided. Will try picking an instance via load-balancing.
2026-03-25T14:29:40.137+05:30  WARN 19068 --- [order-service] [main] .s.s.UserDetailsServiceAutoConfiguration : 

Using generated security password: 652baf5e-1744-4217-84c7-9b2baad3d348

This generated password is for development use only. Your security configuration must be updated before running your application in production.

2026-03-25T14:29:40.944+05:30  INFO 19068 --- [order-service] [main] o.s.b.a.e.web.EndpointLinksResolver      : Exposing 1 endpoint(s) beneath base path '/actuator'
2026-03-25T14:29:41.088+05:30  INFO 19068 --- [order-service] [main] o.s.s.web.DefaultSecurityFilterChain     : Will secure any request with [org.springframework.security.web.session.DisableEncodeUrlFilter@b49c85f, org.springframework.security.web.context.request.async.WebAsyncManagerIntegrationFilter@129df247, org.springframework.security.web.context.SecurityContextHolderFilter@385dae6a, org.springframework.security.web.header.HeaderWriterFilter@4a595315, org.springframework.web.filter.CorsFilter@17c60995, org.springframework.security.web.authentication.logout.LogoutFilter@25a93e0f, com.ecommerce.order_service.security.JwtAuthenticationFilter@86bf90b, org.springframework.security.web.savedrequest.RequestCacheAwareFilter@4bcb5415, org.springframework.security.web.servletapi.SecurityContextHolderAwareRequestFilter@7be9e5fb, org.springframework.security.web.authentication.AnonymousAuthenticationFilter@552cd6ad, org.springframework.security.web.session.SessionManagementFilter@21775abc, org.springframework.security.web.access.ExceptionTranslationFilter@79611f57, org.springframework.security.web.access.intercept.AuthorizationFilter@70366fb5]
2026-03-25T14:29:42.375+05:30  INFO 19068 --- [order-service] [main] DiscoveryClientOptionalArgsConfiguration : Eureka HTTP Client uses RestTemplate.
2026-03-25T14:29:42.454+05:30  WARN 19068 --- [order-service] [main] iguration$LoadBalancerCaffeineWarnLogger : Spring Cloud LoadBalancer is currently working with the default cache. While this cache implementation is useful for development and tests, it's recommended to use Caffeine cache in production.You can switch to using Caffeine cache, by adding it and org.springframework.cache.caffeine.CaffeineCacheManager to the classpath.
2026-03-25T14:29:42.599+05:30  INFO 19068 --- [order-service] [main] o.a.k.clients.admin.AdminClientConfig    : AdminClientConfig values: 
	auto.include.jmx.reporter = true
	bootstrap.servers = [localhost:9092]
	client.dns.lookup = use_all_dns_ips
	client.id = 
	connections.max.idle.ms = 300000
	default.api.timeout.ms = 60000
	metadata.max.age.ms = 300000
	metric.reporters = []
	metrics.num.samples = 2
	metrics.recording.level = INFO
	metrics.sample.window.ms = 30000
	receive.buffer.bytes = 65536
	reconnect.backoff.max.ms = 1000
	reconnect.backoff.ms = 50
	request.timeout.ms = 30000
	retries = 2147483647
	retry.backoff.ms = 100
	sasl.client.callback.handler.class = null
	sasl.jaas.config = null
	sasl.kerberos.kinit.cmd = /usr/bin/kinit
	sasl.kerberos.min.time.before.relogin = 60000
	sasl.kerberos.service.name = null
	sasl.kerberos.ticket.renew.jitter = 0.05
	sasl.kerberos.ticket.renew.window.factor = 0.8
	sasl.login.callback.handler.class = null
	sasl.login.class = null
	sasl.login.connect.timeout.ms = null
	sasl.login.read.timeout.ms = null
	sasl.login.refresh.buffer.seconds = 300
	sasl.login.refresh.min.period.seconds = 60
	sasl.login.refresh.window.factor = 0.8
	sasl.login.refresh.window.jitter = 0.05
	sasl.login.retry.backoff.max.ms = 10000
	sasl.login.retry.backoff.ms = 100
	sasl.mechanism = GSSAPI
	sasl.oauthbearer.clock.skew.seconds = 30
	sasl.oauthbearer.expected.audience = null
	sasl.oauthbearer.expected.issuer = null
	sasl.oauthbearer.jwks.endpoint.refresh.ms = 3600000
	sasl.oauthbearer.jwks.endpoint.retry.backoff.max.ms = 10000
	sasl.oauthbearer.jwks.endpoint.retry.backoff.ms = 100
	sasl.oauthbearer.jwks.endpoint.url = null
	sasl.oauthbearer.scope.claim.name = scope
	sasl.oauthbearer.sub.claim.name = sub
	sasl.oauthbearer.token.endpoint.url = null
	security.protocol = PLAINTEXT
	security.providers = null
	send.buffer.bytes = 131072
	socket.connection.setup.timeout.max.ms = 30000
	socket.connection.setup.timeout.ms = 10000
	ssl.cipher.suites = null
	ssl.enabled.protocols = [TLSv1.2, TLSv1.3]
	ssl.endpoint.identification.algorithm = https
	ssl.engine.factory.class = null
	ssl.key.password = null
	ssl.keymanager.algorithm = SunX509
	ssl.keystore.certificate.chain = null
	ssl.keystore.key = null
	ssl.keystore.location = null
	ssl.keystore.password = null
	ssl.keystore.type = JKS
	ssl.protocol = TLSv1.3
	ssl.provider = null
	ssl.secure.random.implementation = null
	ssl.trustmanager.algorithm = PKIX
	ssl.truststore.certificates = null
	ssl.truststore.location = null
	ssl.truststore.password = null
	ssl.truststore.type = JKS

2026-03-25T14:29:42.875+05:30  INFO 19068 --- [order-service] [main] o.a.kafka.common.utils.AppInfoParser     : Kafka version: 3.6.1
2026-03-25T14:29:42.875+05:30  INFO 19068 --- [order-service] [main] o.a.kafka.common.utils.AppInfoParser     : Kafka commitId: 5e3c2b738d253ff5
2026-03-25T14:29:42.875+05:30  INFO 19068 --- [order-service] [main] o.a.kafka.common.utils.AppInfoParser     : Kafka startTimeMs: 1774429182872
2026-03-25T14:29:44.212+05:30  INFO 19068 --- [order-service] [kafka-admin-client-thread | adminclient-1] o.a.kafka.common.utils.AppInfoParser     : App info kafka.admin.client for adminclient-1 unregistered
2026-03-25T14:29:44.217+05:30  INFO 19068 --- [order-service] [kafka-admin-client-thread | adminclient-1] o.apache.kafka.common.metrics.Metrics    : Metrics scheduler closed
2026-03-25T14:29:44.217+05:30  INFO 19068 --- [order-service] [kafka-admin-client-thread | adminclient-1] o.apache.kafka.common.metrics.Metrics    : Closing reporter org.apache.kafka.common.metrics.JmxReporter
2026-03-25T14:29:44.217+05:30  INFO 19068 --- [order-service] [kafka-admin-client-thread | adminclient-1] o.apache.kafka.common.metrics.Metrics    : Metrics reporters closed
2026-03-25T14:29:44.237+05:30  INFO 19068 --- [order-service] [main] o.s.c.n.eureka.InstanceInfoFactory       : Setting initial instance status as: STARTING
2026-03-25T14:29:44.299+05:30  INFO 19068 --- [order-service] [main] com.netflix.discovery.DiscoveryClient    : Initializing Eureka in region us-east-1
2026-03-25T14:29:44.306+05:30  INFO 19068 --- [order-service] [main] c.n.d.s.r.aws.ConfigClusterResolver      : Resolving eureka endpoints via configuration
2026-03-25T14:29:44.347+05:30  INFO 19068 --- [order-service] [main] com.netflix.discovery.DiscoveryClient    : Disable delta property : false
2026-03-25T14:29:44.347+05:30  INFO 19068 --- [order-service] [main] com.netflix.discovery.DiscoveryClient    : Single vip registry refresh property : null
2026-03-25T14:29:44.347+05:30  INFO 19068 --- [order-service] [main] com.netflix.discovery.DiscoveryClient    : Force full registry fetch : false
2026-03-25T14:29:44.347+05:30  INFO 19068 --- [order-service] [main] com.netflix.discovery.DiscoveryClient    : Application is null : false
2026-03-25T14:29:44.347+05:30  INFO 19068 --- [order-service] [main] com.netflix.discovery.DiscoveryClient    : Registered Applications size is zero : true
2026-03-25T14:29:44.347+05:30  INFO 19068 --- [order-service] [main] com.netflix.discovery.DiscoveryClient    : Application version is -1: true
2026-03-25T14:29:44.347+05:30  INFO 19068 --- [order-service] [main] com.netflix.discovery.DiscoveryClient    : Getting all instance registry info from the eureka server
2026-03-25T14:29:44.857+05:30  INFO 19068 --- [order-service] [main] com.netflix.discovery.DiscoveryClient    : The response status is 200
2026-03-25T14:29:44.862+05:30  INFO 19068 --- [order-service] [main] com.netflix.discovery.DiscoveryClient    : Starting heartbeat executor: renew interval is: 30
2026-03-25T14:29:44.866+05:30  INFO 19068 --- [order-service] [main] c.n.discovery.InstanceInfoReplicator     : InstanceInfoReplicator onDemand update allowed rate per min is 4
2026-03-25T14:29:44.872+05:30  INFO 19068 --- [order-service] [main] com.netflix.discovery.DiscoveryClient    : Discovery Client initialized at timestamp 1774429184870 with initial instances count: 2
2026-03-25T14:29:44.880+05:30  INFO 19068 --- [order-service] [main] o.s.c.n.e.s.EurekaServiceRegistry        : Registering application ORDER-SERVICE with eureka with status UP
2026-03-25T14:29:44.881+05:30  INFO 19068 --- [order-service] [main] com.netflix.discovery.DiscoveryClient    : Saw local status change event StatusChangeEvent [timestamp=1774429184881, current=UP, previous=STARTING]
2026-03-25T14:29:44.883+05:30  INFO 19068 --- [order-service] [DiscoveryClient-InstanceInfoReplicator-0] com.netflix.discovery.DiscoveryClient    : DiscoveryClient_ORDER-SERVICE/order-service:8083: registering service...
2026-03-25T14:29:44.902+05:30  INFO 19068 --- [order-service] [main] o.s.b.w.embedded.tomcat.TomcatWebServer  : Tomcat started on port 8083 (http) with context path ''
2026-03-25T14:29:44.903+05:30  INFO 19068 --- [order-service] [main] .s.c.n.e.s.EurekaAutoServiceRegistration : Updating port to 8083
2026-03-25T14:29:44.937+05:30  INFO 19068 --- [order-service] [main] c.e.o.OrderServiceApplication            : Started OrderServiceApplication in 92.107 seconds (process running for 98.23)
2026-03-25T14:29:44.945+05:30  INFO 19068 --- [order-service] [DiscoveryClient-InstanceInfoReplicator-0] com.netflix.discovery.DiscoveryClient    : DiscoveryClient_ORDER-SERVICE/order-service:8083 - registration status: 204
2026-03-25T14:34:56.771+05:30  INFO 19068 --- [order-service] [AsyncResolver-bootstrap-executor-0] c.n.d.s.r.aws.ConfigClusterResolver      : Resolving eureka endpoints via configuration
2026-03-25T14:34:46.137+05:30  WARN 19068 --- [order-service] [DiscoveryClient-1] c.netflix.discovery.TimedSupervisorTask  : task supervisor timed out

java.util.concurrent.TimeoutException: null
	at java.base/java.util.concurrent.FutureTask.get(FutureTask.java:204) ~[na:na]
	at com.netflix.discovery.TimedSupervisorTask.run(TimedSupervisorTask.java:68) ~[eureka-client-2.0.2.jar:2.0.2]
	at java.base/java.util.concurrent.Executors$RunnableAdapter.call(Executors.java:572) ~[na:na]
	at java.base/java.util.concurrent.FutureTask.run$$$capture(FutureTask.java:317) ~[na:na]
	at java.base/java.util.concurrent.FutureTask.run(FutureTask.java) ~[na:na]
	at java.base/java.util.concurrent.ScheduledThreadPoolExecutor$ScheduledFutureTask.run(ScheduledThreadPoolExecutor.java:304) ~[na:na]
	at java.base/java.util.concurrent.ThreadPoolExecutor.runWorker(ThreadPoolExecutor.java:1144) ~[na:na]
	at java.base/java.util.concurrent.ThreadPoolExecutor$Worker.run(ThreadPoolExecutor.java:642) ~[na:na]
	at java.base/java.lang.Thread.run(Thread.java:1583) ~[na:na]

2026-03-25T14:34:46.137+05:30  WARN 19068 --- [order-service] [DiscoveryClient-0] c.netflix.discovery.TimedSupervisorTask  : task supervisor timed out

java.util.concurrent.TimeoutException: null
	at java.base/java.util.concurrent.FutureTask.get(FutureTask.java:204) ~[na:na]
	at com.netflix.discovery.TimedSupervisorTask.run(TimedSupervisorTask.java:68) ~[eureka-client-2.0.2.jar:2.0.2]
	at java.base/java.util.concurrent.Executors$RunnableAdapter.call(Executors.java:572) ~[na:na]
	at java.base/java.util.concurrent.FutureTask.run$$$capture(FutureTask.java:317) ~[na:na]
	at java.base/java.util.concurrent.FutureTask.run(FutureTask.java) ~[na:na]
	at java.base/java.util.concurrent.ScheduledThreadPoolExecutor$ScheduledFutureTask.run(ScheduledThreadPoolExecutor.java:304) ~[na:na]
	at java.base/java.util.concurrent.ThreadPoolExecutor.runWorker(ThreadPoolExecutor.java:1144) ~[na:na]
	at java.base/java.util.concurrent.ThreadPoolExecutor$Worker.run(ThreadPoolExecutor.java:642) ~[na:na]
	at java.base/java.lang.Thread.run(Thread.java:1583) ~[na:na]

2026-03-25T14:40:13.945+05:30  INFO 19068 --- [order-service] [AsyncResolver-bootstrap-executor-0] c.n.d.s.r.aws.ConfigClusterResolver      : Resolving eureka endpoints via configuration
2026-03-25T14:40:15.359+05:30  WARN 19068 --- [order-service] [DiscoveryClient-1] c.netflix.discovery.TimedSupervisorTask  : task supervisor timed out

java.util.concurrent.TimeoutException: null
	at java.base/java.util.concurrent.FutureTask.get(FutureTask.java:204) ~[na:na]
	at com.netflix.discovery.TimedSupervisorTask.run(TimedSupervisorTask.java:68) ~[eureka-client-2.0.2.jar:2.0.2]
	at java.base/java.util.concurrent.Executors$RunnableAdapter.call(Executors.java:572) ~[na:na]
	at java.base/java.util.concurrent.FutureTask.run$$$capture(FutureTask.java:317) ~[na:na]
	at java.base/java.util.concurrent.FutureTask.run(FutureTask.java) ~[na:na]
	at java.base/java.util.concurrent.ScheduledThreadPoolExecutor$ScheduledFutureTask.run(ScheduledThreadPoolExecutor.java:304) ~[na:na]
	at java.base/java.util.concurrent.ThreadPoolExecutor.runWorker(ThreadPoolExecutor.java:1144) ~[na:na]
	at java.base/java.util.concurrent.ThreadPoolExecutor$Worker.run(ThreadPoolExecutor.java:642) ~[na:na]
	at java.base/java.lang.Thread.run(Thread.java:1583) ~[na:na]

2026-03-25T14:40:17.911+05:30  WARN 19068 --- [order-service] [DiscoveryClient-0] c.netflix.discovery.TimedSupervisorTask  : task supervisor timed out

java.util.concurrent.TimeoutException: null
	at java.base/java.util.concurrent.FutureTask.get(FutureTask.java:204) ~[na:na]
	at com.netflix.discovery.TimedSupervisorTask.run(TimedSupervisorTask.java:68) ~[eureka-client-2.0.2.jar:2.0.2]
	at java.base/java.util.concurrent.Executors$RunnableAdapter.call(Executors.java:572) ~[na:na]
	at java.base/java.util.concurrent.FutureTask.run$$$capture(FutureTask.java:317) ~[na:na]
	at java.base/java.util.concurrent.FutureTask.run(FutureTask.java) ~[na:na]
	at java.base/java.util.concurrent.ScheduledThreadPoolExecutor$ScheduledFutureTask.run(ScheduledThreadPoolExecutor.java:304) ~[na:na]
	at java.base/java.util.concurrent.ThreadPoolExecutor.runWorker(ThreadPoolExecutor.java:1144) ~[na:na]
	at java.base/java.util.concurrent.ThreadPoolExecutor$Worker.run(ThreadPoolExecutor.java:642) ~[na:na]
	at java.base/java.lang.Thread.run(Thread.java:1583) ~[na:na]

2026-03-25T14:41:10.978+05:30  INFO 19068 --- [order-service] [DiscoveryClient-HeartbeatExecutor-0] o.a.h.c.h.i.c.HttpRequestRetryExec       : Recoverable I/O exception (org.apache.hc.core5.http.NoHttpResponseException) caught when processing request to {}->http://localhost:8761
2026-03-25T14:41:11.654+05:30  INFO 19068 --- [order-service] [DiscoveryClient-CacheRefreshExecutor-0] o.a.h.c.h.i.c.HttpRequestRetryExec       : Recoverable I/O exception (org.apache.hc.core5.http.NoHttpResponseException) caught when processing request to {}->http://localhost:8761
2026-03-25T15:14:19.873+05:30  INFO 16696 --- [order-service] [main] c.e.o.OrderServiceApplication            : Starting OrderServiceApplication using Java 21.0.2 with PID 16696 (F:\Ecommerce Production Level Application\order-service\target\classes started by nanda royality in F:\Ecommerce Production Level Application\user-service)
2026-03-25T15:14:19.901+05:30 DEBUG 16696 --- [order-service] [main] c.e.o.OrderServiceApplication            : Running with Spring Boot v3.2.3, Spring v6.1.4
2026-03-25T15:14:19.902+05:30  INFO 16696 --- [order-service] [main] c.e.o.OrderServiceApplication            : No active profile set, falling back to 1 default profile: "default"
2026-03-25T15:14:31.523+05:30  INFO 16696 --- [order-service] [main] .s.d.r.c.RepositoryConfigurationDelegate : Multiple Spring Data modules found, entering strict repository configuration mode
2026-03-25T15:14:31.524+05:30  INFO 16696 --- [order-service] [main] .s.d.r.c.RepositoryConfigurationDelegate : Bootstrapping Spring Data JPA repositories in DEFAULT mode.
2026-03-25T15:14:31.668+05:30  INFO 16696 --- [order-service] [main] .s.d.r.c.RepositoryConfigurationDelegate : Finished Spring Data repository scanning in 133 ms. Found 3 JPA repository interfaces.
2026-03-25T15:14:32.083+05:30  INFO 16696 --- [order-service] [main] o.s.cloud.context.scope.GenericScope     : BeanFactory id=050aadc7-4625-3da1-8ca2-406a49b73d0d
2026-03-25T15:14:32.504+05:30  WARN 16696 --- [order-service] [main] trationDelegate$BeanPostProcessorChecker : Bean 'org.springframework.cloud.client.loadbalancer.LoadBalancerAutoConfiguration$DeferringLoadBalancerInterceptorConfig' of type [org.springframework.cloud.client.loadbalancer.LoadBalancerAutoConfiguration$DeferringLoadBalancerInterceptorConfig] is not eligible for getting processed by all BeanPostProcessors (for example: not eligible for auto-proxying). The currently created BeanPostProcessor [lbRestClientPostProcessor] is declared through a non-static factory method on that class; consider declaring it as static instead.
2026-03-25T15:14:32.509+05:30  WARN 16696 --- [order-service] [main] trationDelegate$BeanPostProcessorChecker : Bean 'deferringLoadBalancerInterceptor' of type [org.springframework.cloud.client.loadbalancer.DeferringLoadBalancerInterceptor] is not eligible for getting processed by all BeanPostProcessors (for example: not eligible for auto-proxying). Is this bean getting eagerly injected into a currently created BeanPostProcessor [lbRestClientPostProcessor]? Check the corresponding BeanPostProcessor declaration and its dependencies.
2026-03-25T15:14:32.852+05:30  INFO 16696 --- [order-service] [main] o.s.b.w.embedded.tomcat.TomcatWebServer  : Tomcat initialized with port 8083 (http)
2026-03-25T15:14:32.864+05:30  INFO 16696 --- [order-service] [main] o.apache.catalina.core.StandardService   : Starting service [Tomcat]
2026-03-25T15:14:32.864+05:30  INFO 16696 --- [order-service] [main] o.apache.catalina.core.StandardEngine    : Starting Servlet engine: [Apache Tomcat/10.1.19]
2026-03-25T15:14:32.983+05:30  INFO 16696 --- [order-service] [main] o.a.c.c.C.[Tomcat].[localhost].[/]       : Initializing Spring embedded WebApplicationContext
2026-03-25T15:14:32.984+05:30  INFO 16696 --- [order-service] [main] w.s.c.ServletWebServerApplicationContext : Root WebApplicationContext: initialization completed in 13016 ms
2026-03-25T15:14:33.264+05:30 DEBUG 16696 --- [order-service] [main] c.e.o.security.JwtAuthenticationFilter   : Filter 'jwtAuthenticationFilter' configured for use
2026-03-25T15:14:33.413+05:30  INFO 16696 --- [order-service] [main] o.hibernate.jpa.internal.util.LogHelper  : HHH000204: Processing PersistenceUnitInfo [name: default]
2026-03-25T15:14:33.469+05:30  INFO 16696 --- [order-service] [main] org.hibernate.Version                    : HHH000412: Hibernate ORM core version 6.4.4.Final
2026-03-25T15:14:33.506+05:30  INFO 16696 --- [order-service] [main] o.h.c.internal.RegionFactoryInitiator    : HHH000026: Second-level cache disabled
2026-03-25T15:14:33.759+05:30  INFO 16696 --- [order-service] [main] o.s.o.j.p.SpringPersistenceUnitInfo      : No LoadTimeWeaver setup: ignoring JPA class transformer
2026-03-25T15:14:34.205+05:30  INFO 16696 --- [order-service] [main] com.zaxxer.hikari.HikariDataSource       : OrderServicePool - Starting...
2026-03-25T15:14:35.767+05:30  INFO 16696 --- [order-service] [main] com.zaxxer.hikari.pool.HikariPool        : OrderServicePool - Added connection com.mysql.cj.jdbc.ConnectionImpl@4acdf6e7
2026-03-25T15:14:35.769+05:30  INFO 16696 --- [order-service] [main] com.zaxxer.hikari.HikariDataSource       : OrderServicePool - Start completed.
2026-03-25T15:14:35.845+05:30  WARN 16696 --- [order-service] [main] org.hibernate.orm.deprecation            : HHH90000025: MySQLDialect does not need to be specified explicitly using 'hibernate.dialect' (remove the property setting and it will be selected by default)
2026-03-25T15:14:36.718+05:30  INFO 16696 --- [order-service] [main] o.h.e.t.j.p.i.JtaPlatformInitiator       : HHH000489: No JTA platform available (set 'hibernate.transaction.jta.platform' to enable JTA platform integration)
2026-03-25T15:14:37.254+05:30  INFO 16696 --- [order-service] [main] j.LocalContainerEntityManagerFactoryBean : Initialized JPA EntityManagerFactory for persistence unit 'default'
2026-03-25T15:14:37.674+05:30  INFO 16696 --- [order-service] [main] o.s.d.j.r.query.QueryEnhancerFactory     : Hibernate is in classpath; If applicable, HQL parser will be used.
2026-03-25T15:14:38.456+05:30  INFO 16696 --- [order-service] [main] o.s.c.openfeign.FeignClientFactoryBean   : For 'product-service' URL not provided. Will try picking an instance via load-balancing.
2026-03-25T15:14:39.172+05:30  WARN 16696 --- [order-service] [main] .s.s.UserDetailsServiceAutoConfiguration : 

Using generated security password: 10f1afb8-268a-4cd7-b34f-925fc8ed2a8a

This generated password is for development use only. Your security configuration must be updated before running your application in production.

2026-03-25T15:14:39.787+05:30  INFO 16696 --- [order-service] [main] o.s.b.a.e.web.EndpointLinksResolver      : Exposing 1 endpoint(s) beneath base path '/actuator'
2026-03-25T15:14:39.896+05:30  INFO 16696 --- [order-service] [main] o.s.s.web.DefaultSecurityFilterChain     : Will secure any request with [org.springframework.security.web.session.DisableEncodeUrlFilter@25a93e0f, org.springframework.security.web.context.request.async.WebAsyncManagerIntegrationFilter@4c829699, org.springframework.security.web.context.SecurityContextHolderFilter@55b991e0, org.springframework.security.web.header.HeaderWriterFilter@5e5616f2, org.springframework.web.filter.CorsFilter@656d078b, org.springframework.security.web.authentication.logout.LogoutFilter@441fd20d, com.ecommerce.order_service.security.JwtAuthenticationFilter@17332039, org.springframework.security.web.savedrequest.RequestCacheAwareFilter@7ef7f6d5, org.springframework.security.web.servletapi.SecurityContextHolderAwareRequestFilter@79611f57, org.springframework.security.web.authentication.AnonymousAuthenticationFilter@46710018, org.springframework.security.web.session.SessionManagementFilter@19106753, org.springframework.security.web.access.ExceptionTranslationFilter@5766f830, org.springframework.security.web.access.intercept.AuthorizationFilter@a1a7e28]
2026-03-25T15:14:40.641+05:30  INFO 16696 --- [order-service] [main] DiscoveryClientOptionalArgsConfiguration : Eureka HTTP Client uses RestTemplate.
2026-03-25T15:14:40.701+05:30  WARN 16696 --- [order-service] [main] iguration$LoadBalancerCaffeineWarnLogger : Spring Cloud LoadBalancer is currently working with the default cache. While this cache implementation is useful for development and tests, it's recommended to use Caffeine cache in production.You can switch to using Caffeine cache, by adding it and org.springframework.cache.caffeine.CaffeineCacheManager to the classpath.
2026-03-25T15:14:40.791+05:30  INFO 16696 --- [order-service] [main] o.a.k.clients.admin.AdminClientConfig    : AdminClientConfig values: 
	auto.include.jmx.reporter = true
	bootstrap.servers = [localhost:9092]
	client.dns.lookup = use_all_dns_ips
	client.id = 
	connections.max.idle.ms = 300000
	default.api.timeout.ms = 60000
	metadata.max.age.ms = 300000
	metric.reporters = []
	metrics.num.samples = 2
	metrics.recording.level = INFO
	metrics.sample.window.ms = 30000
	receive.buffer.bytes = 65536
	reconnect.backoff.max.ms = 1000
	reconnect.backoff.ms = 50
	request.timeout.ms = 30000
	retries = 2147483647
	retry.backoff.ms = 100
	sasl.client.callback.handler.class = null
	sasl.jaas.config = null
	sasl.kerberos.kinit.cmd = /usr/bin/kinit
	sasl.kerberos.min.time.before.relogin = 60000
	sasl.kerberos.service.name = null
	sasl.kerberos.ticket.renew.jitter = 0.05
	sasl.kerberos.ticket.renew.window.factor = 0.8
	sasl.login.callback.handler.class = null
	sasl.login.class = null
	sasl.login.connect.timeout.ms = null
	sasl.login.read.timeout.ms = null
	sasl.login.refresh.buffer.seconds = 300
	sasl.login.refresh.min.period.seconds = 60
	sasl.login.refresh.window.factor = 0.8
	sasl.login.refresh.window.jitter = 0.05
	sasl.login.retry.backoff.max.ms = 10000
	sasl.login.retry.backoff.ms = 100
	sasl.mechanism = GSSAPI
	sasl.oauthbearer.clock.skew.seconds = 30
	sasl.oauthbearer.expected.audience = null
	sasl.oauthbearer.expected.issuer = null
	sasl.oauthbearer.jwks.endpoint.refresh.ms = 3600000
	sasl.oauthbearer.jwks.endpoint.retry.backoff.max.ms = 10000
	sasl.oauthbearer.jwks.endpoint.retry.backoff.ms = 100
	sasl.oauthbearer.jwks.endpoint.url = null
	sasl.oauthbearer.scope.claim.name = scope
	sasl.oauthbearer.sub.claim.name = sub
	sasl.oauthbearer.token.endpoint.url = null
	security.protocol = PLAINTEXT
	security.providers = null
	send.buffer.bytes = 131072
	socket.connection.setup.timeout.max.ms = 30000
	socket.connection.setup.timeout.ms = 10000
	ssl.cipher.suites = null
	ssl.enabled.protocols = [TLSv1.2, TLSv1.3]
	ssl.endpoint.identification.algorithm = https
	ssl.engine.factory.class = null
	ssl.key.password = null
	ssl.keymanager.algorithm = SunX509
	ssl.keystore.certificate.chain = null
	ssl.keystore.key = null
	ssl.keystore.location = null
	ssl.keystore.password = null
	ssl.keystore.type = JKS
	ssl.protocol = TLSv1.3
	ssl.provider = null
	ssl.secure.random.implementation = null
	ssl.trustmanager.algorithm = PKIX
	ssl.truststore.certificates = null
	ssl.truststore.location = null
	ssl.truststore.password = null
	ssl.truststore.type = JKS

2026-03-25T15:14:40.941+05:30  INFO 16696 --- [order-service] [main] o.a.kafka.common.utils.AppInfoParser     : Kafka version: 3.6.1
2026-03-25T15:14:40.941+05:30  INFO 16696 --- [order-service] [main] o.a.kafka.common.utils.AppInfoParser     : Kafka commitId: 5e3c2b738d253ff5
2026-03-25T15:14:40.941+05:30  INFO 16696 --- [order-service] [main] o.a.kafka.common.utils.AppInfoParser     : Kafka startTimeMs: 1774431880940
2026-03-25T15:15:10.955+05:30  INFO 16696 --- [order-service] [kafka-admin-client-thread | adminclient-1] org.apache.kafka.clients.NetworkClient   : [AdminClient clientId=adminclient-1] Disconnecting from node -1 due to request timeout.
2026-03-25T15:15:10.959+05:30  INFO 16696 --- [order-service] [kafka-admin-client-thread | adminclient-1] org.apache.kafka.clients.NetworkClient   : [AdminClient clientId=adminclient-1] Cancelled in-flight METADATA request with correlation id 1 due to node -1 being disconnected (elapsed time since creation: 18941ms, elapsed time since send: 18941ms, request timeout: 18929ms)
2026-03-25T15:15:10.961+05:30  INFO 16696 --- [order-service] [kafka-admin-client-thread | adminclient-1] o.a.k.c.a.i.AdminMetadataManager         : [AdminClient clientId=adminclient-1] Metadata update failed

org.apache.kafka.common.errors.TimeoutException: Call(callName=fetchMetadata, deadlineMs=1774431910943, tries=1, nextAllowedTryMs=1774431911060) timed out at 1774431910960 after 1 attempt(s)
Caused by: org.apache.kafka.common.errors.DisconnectException: Cancelled fetchMetadata request with correlation id 1 due to node -1 being disconnected

2026-03-25T15:15:10.955+05:30 ERROR 16696 --- [order-service] [main] o.springframework.kafka.core.KafkaAdmin  : Could not configure topics

org.springframework.kafka.KafkaException: Timed out waiting to get existing topics
	at org.springframework.kafka.core.KafkaAdmin.lambda$checkPartitions$11(KafkaAdmin.java:520) ~[spring-kafka-3.1.2.jar:3.1.2]
	at java.base/java.util.HashMap.forEach(HashMap.java:1429) ~[na:na]
	at org.springframework.kafka.core.KafkaAdmin.checkPartitions(KafkaAdmin.java:499) ~[spring-kafka-3.1.2.jar:3.1.2]
	at org.springframework.kafka.core.KafkaAdmin.addOrModifyTopicsIfNeeded(KafkaAdmin.java:392) ~[spring-kafka-3.1.2.jar:3.1.2]
	at org.springframework.kafka.core.KafkaAdmin.initialize(KafkaAdmin.java:258) ~[spring-kafka-3.1.2.jar:3.1.2]
	at org.springframework.kafka.core.KafkaAdmin.afterSingletonsInstantiated(KafkaAdmin.java:222) ~[spring-kafka-3.1.2.jar:3.1.2]
	at org.springframework.beans.factory.support.DefaultListableBeanFactory.preInstantiateSingletons(DefaultListableBeanFactory.java:986) ~[spring-beans-6.1.4.jar:6.1.4]
	at org.springframework.context.support.AbstractApplicationContext.finishBeanFactoryInitialization(AbstractApplicationContext.java:959) ~[spring-context-6.1.4.jar:6.1.4]
	at org.springframework.context.support.AbstractApplicationContext.refresh(AbstractApplicationContext.java:624) ~[spring-context-6.1.4.jar:6.1.4]
	at org.springframework.boot.web.servlet.context.ServletWebServerApplicationContext.refresh(ServletWebServerApplicationContext.java:146) ~[spring-boot-3.2.3.jar:3.2.3]
	at org.springframework.boot.SpringApplication.refresh(SpringApplication.java:754) ~[spring-boot-3.2.3.jar:3.2.3]
	at org.springframework.boot.SpringApplication.refreshContext(SpringApplication.java:456) ~[spring-boot-3.2.3.jar:3.2.3]
	at org.springframework.boot.SpringApplication.run(SpringApplication.java:334) ~[spring-boot-3.2.3.jar:3.2.3]
	at org.springframework.boot.SpringApplication.run(SpringApplication.java:1354) ~[spring-boot-3.2.3.jar:3.2.3]
	at org.springframework.boot.SpringApplication.run(SpringApplication.java:1343) ~[spring-boot-3.2.3.jar:3.2.3]
	at com.ecommerce.order_service.OrderServiceApplication.main(OrderServiceApplication.java:14) ~[classes/:na]
Caused by: java.util.concurrent.TimeoutException: null
	at java.base/java.util.concurrent.CompletableFuture.timedGet(CompletableFuture.java:1960) ~[na:na]
	at java.base/java.util.concurrent.CompletableFuture.get(CompletableFuture.java:2095) ~[na:na]
	at org.apache.kafka.common.internals.KafkaFutureImpl.get(KafkaFutureImpl.java:180) ~[kafka-clients-3.6.1.jar:na]
	at org.springframework.kafka.core.KafkaAdmin.lambda$checkPartitions$11(KafkaAdmin.java:502) ~[spring-kafka-3.1.2.jar:3.1.2]
	... 15 common frames omitted

2026-03-25T15:15:20.968+05:30  INFO 16696 --- [order-service] [kafka-admin-client-thread | adminclient-1] o.a.k.clients.admin.KafkaAdminClient     : [AdminClient clientId=adminclient-1] Forcing a hard I/O thread shutdown. Requests in progress will be aborted.
2026-03-25T15:15:20.968+05:30  INFO 16696 --- [order-service] [kafka-admin-client-thread | adminclient-1] o.a.kafka.common.utils.AppInfoParser     : App info kafka.admin.client for adminclient-1 unregistered
2026-03-25T15:15:20.968+05:30  INFO 16696 --- [order-service] [kafka-admin-client-thread | adminclient-1] o.a.k.clients.admin.KafkaAdminClient     : [AdminClient clientId=adminclient-1] Timed out 1 remaining operation(s) during close.
2026-03-25T15:15:20.986+05:30  INFO 16696 --- [order-service] [main] o.s.c.n.eureka.InstanceInfoFactory       : Setting initial instance status as: STARTING
2026-03-25T15:15:21.256+05:30  INFO 16696 --- [order-service] [kafka-admin-client-thread | adminclient-1] o.apache.kafka.common.metrics.Metrics    : Metrics scheduler closed
2026-03-25T15:15:21.257+05:30  INFO 16696 --- [order-service] [kafka-admin-client-thread | adminclient-1] o.apache.kafka.common.metrics.Metrics    : Closing reporter org.apache.kafka.common.metrics.JmxReporter
2026-03-25T15:15:21.257+05:30  INFO 16696 --- [order-service] [kafka-admin-client-thread | adminclient-1] o.apache.kafka.common.metrics.Metrics    : Metrics reporters closed
2026-03-25T15:15:21.304+05:30  INFO 16696 --- [order-service] [main] com.netflix.discovery.DiscoveryClient    : Initializing Eureka in region us-east-1
2026-03-25T15:15:21.314+05:30  INFO 16696 --- [order-service] [main] c.n.d.s.r.aws.ConfigClusterResolver      : Resolving eureka endpoints via configuration
2026-03-25T15:15:21.339+05:30  INFO 16696 --- [order-service] [main] com.netflix.discovery.DiscoveryClient    : Disable delta property : false
2026-03-25T15:15:21.340+05:30  INFO 16696 --- [order-service] [main] com.netflix.discovery.DiscoveryClient    : Single vip registry refresh property : null
2026-03-25T15:15:21.340+05:30  INFO 16696 --- [order-service] [main] com.netflix.discovery.DiscoveryClient    : Force full registry fetch : false
2026-03-25T15:15:21.340+05:30  INFO 16696 --- [order-service] [main] com.netflix.discovery.DiscoveryClient    : Application is null : false
2026-03-25T15:15:21.340+05:30  INFO 16696 --- [order-service] [main] com.netflix.discovery.DiscoveryClient    : Registered Applications size is zero : true
2026-03-25T15:15:21.340+05:30  INFO 16696 --- [order-service] [main] com.netflix.discovery.DiscoveryClient    : Application version is -1: true
2026-03-25T15:15:21.340+05:30  INFO 16696 --- [order-service] [main] com.netflix.discovery.DiscoveryClient    : Getting all instance registry info from the eureka server
2026-03-25T15:15:40.493+05:30  INFO 16696 --- [order-service] [main] com.netflix.discovery.DiscoveryClient    : The response status is 200
2026-03-25T15:15:40.495+05:30  INFO 16696 --- [order-service] [main] com.netflix.discovery.DiscoveryClient    : Starting heartbeat executor: renew interval is: 30
2026-03-25T15:15:40.497+05:30  INFO 16696 --- [order-service] [main] c.n.discovery.InstanceInfoReplicator     : InstanceInfoReplicator onDemand update allowed rate per min is 4
2026-03-25T15:15:40.503+05:30  INFO 16696 --- [order-service] [main] com.netflix.discovery.DiscoveryClient    : Discovery Client initialized at timestamp 1774431940501 with initial instances count: 0
2026-03-25T15:15:40.509+05:30  INFO 16696 --- [order-service] [main] o.s.c.n.e.s.EurekaServiceRegistry        : Registering application ORDER-SERVICE with eureka with status UP
2026-03-25T15:15:40.510+05:30  INFO 16696 --- [order-service] [main] com.netflix.discovery.DiscoveryClient    : Saw local status change event StatusChangeEvent [timestamp=1774431940510, current=UP, previous=STARTING]
2026-03-25T15:15:40.513+05:30  INFO 16696 --- [order-service] [DiscoveryClient-InstanceInfoReplicator-0] com.netflix.discovery.DiscoveryClient    : DiscoveryClient_ORDER-SERVICE/order-service:8083: registering service...
2026-03-25T15:15:40.532+05:30  INFO 16696 --- [order-service] [main] o.s.b.w.embedded.tomcat.TomcatWebServer  : Tomcat started on port 8083 (http) with context path ''
2026-03-25T15:15:40.534+05:30  INFO 16696 --- [order-service] [main] .s.c.n.e.s.EurekaAutoServiceRegistration : Updating port to 8083
2026-03-25T15:15:40.595+05:30  INFO 16696 --- [order-service] [main] c.e.o.OrderServiceApplication            : Started OrderServiceApplication in 81.491 seconds (process running for 82.678)
2026-03-25T15:15:42.973+05:30  INFO 16696 --- [order-service] [DiscoveryClient-InstanceInfoReplicator-0] com.netflix.discovery.DiscoveryClient    : DiscoveryClient_ORDER-SERVICE/order-service:8083 - registration status: 204
2026-03-25T15:16:10.499+05:30  INFO 16696 --- [order-service] [DiscoveryClient-CacheRefreshExecutor-0] com.netflix.discovery.DiscoveryClient    : Disable delta property : false
2026-03-25T15:16:10.499+05:30  INFO 16696 --- [order-service] [DiscoveryClient-CacheRefreshExecutor-0] com.netflix.discovery.DiscoveryClient    : Single vip registry refresh property : null
2026-03-25T15:16:10.499+05:30  INFO 16696 --- [order-service] [DiscoveryClient-CacheRefreshExecutor-0] com.netflix.discovery.DiscoveryClient    : Force full registry fetch : false
2026-03-25T15:16:10.499+05:30  INFO 16696 --- [order-service] [DiscoveryClient-CacheRefreshExecutor-0] com.netflix.discovery.DiscoveryClient    : Application is null : false
2026-03-25T15:16:10.499+05:30  INFO 16696 --- [order-service] [DiscoveryClient-CacheRefreshExecutor-0] com.netflix.discovery.DiscoveryClient    : Registered Applications size is zero : true
2026-03-25T15:16:10.499+05:30  INFO 16696 --- [order-service] [DiscoveryClient-CacheRefreshExecutor-0] com.netflix.discovery.DiscoveryClient    : Application version is -1: false
2026-03-25T15:16:10.499+05:30  INFO 16696 --- [order-service] [DiscoveryClient-CacheRefreshExecutor-0] com.netflix.discovery.DiscoveryClient    : Getting all instance registry info from the eureka server
2026-03-25T15:16:10.537+05:30  INFO 16696 --- [order-service] [DiscoveryClient-CacheRefreshExecutor-0] com.netflix.discovery.DiscoveryClient    : The response status is 200
2026-03-25T15:20:21.346+05:30  INFO 16696 --- [order-service] [AsyncResolver-bootstrap-executor-0] c.n.d.s.r.aws.ConfigClusterResolver      : Resolving eureka endpoints via configuration
2026-03-25T15:25:21.367+05:30  INFO 16696 --- [order-service] [AsyncResolver-bootstrap-executor-0] c.n.d.s.r.aws.ConfigClusterResolver      : Resolving eureka endpoints via configuration
2026-03-25T15:30:21.392+05:30  INFO 16696 --- [order-service] [AsyncResolver-bootstrap-executor-0] c.n.d.s.r.aws.ConfigClusterResolver      : Resolving eureka endpoints via configuration
2026-03-25T15:44:17.000+05:30  WARN 16696 --- [order-service] [OrderServicePool housekeeper] com.zaxxer.hikari.pool.HikariPool        : OrderServicePool - Thread starvation or clock leap detected (housekeeper delta=12m49s958ms250µs300ns).
2026-03-25T15:45:19.986+05:30  WARN 16696 --- [order-service] [OrderServicePool housekeeper] com.zaxxer.hikari.pool.HikariPool        : OrderServicePool - Thread starvation or clock leap detected (housekeeper delta=1m50s638ms984µs100ns).
2026-03-25T15:44:33.016+05:30  WARN 16696 --- [order-service] [DiscoveryClient-1] c.netflix.discovery.TimedSupervisorTask  : task supervisor timed out

java.util.concurrent.TimeoutException: null
	at java.base/java.util.concurrent.FutureTask.get(FutureTask.java:204) ~[na:na]
	at com.netflix.discovery.TimedSupervisorTask.run(TimedSupervisorTask.java:68) ~[eureka-client-2.0.2.jar:2.0.2]
	at java.base/java.util.concurrent.Executors$RunnableAdapter.call(Executors.java:572) ~[na:na]
	at java.base/java.util.concurrent.FutureTask.run$$$capture(FutureTask.java:317) ~[na:na]
	at java.base/java.util.concurrent.FutureTask.run(FutureTask.java) ~[na:na]
	at java.base/java.util.concurrent.ScheduledThreadPoolExecutor$ScheduledFutureTask.run(ScheduledThreadPoolExecutor.java:304) ~[na:na]
	at java.base/java.util.concurrent.ThreadPoolExecutor.runWorker(ThreadPoolExecutor.java:1144) ~[na:na]
	at java.base/java.util.concurrent.ThreadPoolExecutor$Worker.run(ThreadPoolExecutor.java:642) ~[na:na]
	at java.base/java.lang.Thread.run(Thread.java:1583) ~[na:na]

2026-03-25T15:45:49.799+05:30  WARN 16696 --- [order-service] [DiscoveryClient-0] c.netflix.discovery.TimedSupervisorTask  : task supervisor timed out

java.util.concurrent.TimeoutException: null
	at java.base/java.util.concurrent.FutureTask.get(FutureTask.java:204) ~[na:na]
	at com.netflix.discovery.TimedSupervisorTask.run(TimedSupervisorTask.java:68) ~[eureka-client-2.0.2.jar:2.0.2]
	at java.base/java.util.concurrent.Executors$RunnableAdapter.call(Executors.java:572) ~[na:na]
	at java.base/java.util.concurrent.FutureTask.run$$$capture(FutureTask.java:317) ~[na:na]
	at java.base/java.util.concurrent.FutureTask.run(FutureTask.java) ~[na:na]
	at java.base/java.util.concurrent.ScheduledThreadPoolExecutor$ScheduledFutureTask.run(ScheduledThreadPoolExecutor.java:304) ~[na:na]
	at java.base/java.util.concurrent.ThreadPoolExecutor.runWorker(ThreadPoolExecutor.java:1144) ~[na:na]
	at java.base/java.util.concurrent.ThreadPoolExecutor$Worker.run(ThreadPoolExecutor.java:642) ~[na:na]
	at java.base/java.lang.Thread.run(Thread.java:1583) ~[na:na]

2026-03-25T15:49:03.174+05:30  WARN 16696 --- [order-service] [OrderServicePool housekeeper] com.zaxxer.hikari.pool.HikariPool        : OrderServicePool - Thread starvation or clock leap detected (housekeeper delta=3m12s749ms112µs400ns).
2026-03-25T15:49:03.184+05:30  INFO 16696 --- [order-service] [AsyncResolver-bootstrap-executor-0] c.n.d.s.r.aws.ConfigClusterResolver      : Resolving eureka endpoints via configuration
2026-03-25T15:50:15.465+05:30  WARN 16696 --- [order-service] [OrderServicePool housekeeper] com.zaxxer.hikari.pool.HikariPool        : OrderServicePool - Thread starvation or clock leap detected (housekeeper delta=1m12s290ms618µs100ns).
2026-03-25T15:50:15.465+05:30  WARN 16696 --- [order-service] [DiscoveryClient-1] c.netflix.discovery.TimedSupervisorTask  : task supervisor timed out

java.util.concurrent.TimeoutException: null
	at java.base/java.util.concurrent.FutureTask.get(FutureTask.java:204) ~[na:na]
	at com.netflix.discovery.TimedSupervisorTask.run(TimedSupervisorTask.java:68) ~[eureka-client-2.0.2.jar:2.0.2]
	at java.base/java.util.concurrent.Executors$RunnableAdapter.call(Executors.java:572) ~[na:na]
	at java.base/java.util.concurrent.FutureTask.run$$$capture(FutureTask.java:317) ~[na:na]
	at java.base/java.util.concurrent.FutureTask.run(FutureTask.java) ~[na:na]
	at java.base/java.util.concurrent.ScheduledThreadPoolExecutor$ScheduledFutureTask.run(ScheduledThreadPoolExecutor.java:304) ~[na:na]
	at java.base/java.util.concurrent.ThreadPoolExecutor.runWorker(ThreadPoolExecutor.java:1144) ~[na:na]
	at java.base/java.util.concurrent.ThreadPoolExecutor$Worker.run(ThreadPoolExecutor.java:642) ~[na:na]
	at java.base/java.lang.Thread.run(Thread.java:1583) ~[na:na]

2026-03-25T15:59:31.071+05:30  INFO 14408 --- [order-service] [main] c.e.o.OrderServiceApplication            : Starting OrderServiceApplication using Java 21.0.2 with PID 14408 (F:\Ecommerce Production Level Application\order-service\target\classes started by nanda royality in F:\Ecommerce Production Level Application\user-service)
2026-03-25T15:59:31.075+05:30 DEBUG 14408 --- [order-service] [main] c.e.o.OrderServiceApplication            : Running with Spring Boot v3.2.3, Spring v6.1.4
2026-03-25T15:59:31.079+05:30  INFO 14408 --- [order-service] [main] c.e.o.OrderServiceApplication            : No active profile set, falling back to 1 default profile: "default"
2026-03-25T15:59:46.814+05:30  INFO 14408 --- [order-service] [main] .s.d.r.c.RepositoryConfigurationDelegate : Multiple Spring Data modules found, entering strict repository configuration mode
2026-03-25T15:59:46.815+05:30  INFO 14408 --- [order-service] [main] .s.d.r.c.RepositoryConfigurationDelegate : Bootstrapping Spring Data JPA repositories in DEFAULT mode.
2026-03-25T15:59:47.015+05:30  INFO 14408 --- [order-service] [main] .s.d.r.c.RepositoryConfigurationDelegate : Finished Spring Data repository scanning in 191 ms. Found 3 JPA repository interfaces.
2026-03-25T15:59:47.414+05:30  INFO 14408 --- [order-service] [main] o.s.cloud.context.scope.GenericScope     : BeanFactory id=050aadc7-4625-3da1-8ca2-406a49b73d0d
2026-03-25T15:59:47.911+05:30  WARN 14408 --- [order-service] [main] trationDelegate$BeanPostProcessorChecker : Bean 'org.springframework.cloud.client.loadbalancer.LoadBalancerAutoConfiguration$DeferringLoadBalancerInterceptorConfig' of type [org.springframework.cloud.client.loadbalancer.LoadBalancerAutoConfiguration$DeferringLoadBalancerInterceptorConfig] is not eligible for getting processed by all BeanPostProcessors (for example: not eligible for auto-proxying). The currently created BeanPostProcessor [lbRestClientPostProcessor] is declared through a non-static factory method on that class; consider declaring it as static instead.
2026-03-25T15:59:47.915+05:30  WARN 14408 --- [order-service] [main] trationDelegate$BeanPostProcessorChecker : Bean 'deferringLoadBalancerInterceptor' of type [org.springframework.cloud.client.loadbalancer.DeferringLoadBalancerInterceptor] is not eligible for getting processed by all BeanPostProcessors (for example: not eligible for auto-proxying). Is this bean getting eagerly injected into a currently created BeanPostProcessor [lbRestClientPostProcessor]? Check the corresponding BeanPostProcessor declaration and its dependencies.
2026-03-25T15:59:48.538+05:30  INFO 14408 --- [order-service] [main] o.s.b.w.embedded.tomcat.TomcatWebServer  : Tomcat initialized with port 8083 (http)
2026-03-25T15:59:48.554+05:30  INFO 14408 --- [order-service] [main] o.apache.catalina.core.StandardService   : Starting service [Tomcat]
2026-03-25T15:59:48.555+05:30  INFO 14408 --- [order-service] [main] o.apache.catalina.core.StandardEngine    : Starting Servlet engine: [Apache Tomcat/10.1.19]
2026-03-25T15:59:48.668+05:30  INFO 14408 --- [order-service] [main] o.a.c.c.C.[Tomcat].[localhost].[/]       : Initializing Spring embedded WebApplicationContext
2026-03-25T15:59:48.891+05:30  INFO 14408 --- [order-service] [main] w.s.c.ServletWebServerApplicationContext : Root WebApplicationContext: initialization completed in 17726 ms
2026-03-25T15:59:49.230+05:30 DEBUG 14408 --- [order-service] [main] c.e.o.security.JwtAuthenticationFilter   : Filter 'jwtAuthenticationFilter' configured for use
2026-03-25T15:59:49.377+05:30  INFO 14408 --- [order-service] [main] o.hibernate.jpa.internal.util.LogHelper  : HHH000204: Processing PersistenceUnitInfo [name: default]
2026-03-25T15:59:49.469+05:30  INFO 14408 --- [order-service] [main] org.hibernate.Version                    : HHH000412: Hibernate ORM core version 6.4.4.Final
2026-03-25T15:59:49.516+05:30  INFO 14408 --- [order-service] [main] o.h.c.internal.RegionFactoryInitiator    : HHH000026: Second-level cache disabled
2026-03-25T15:59:49.829+05:30  INFO 14408 --- [order-service] [main] o.s.o.j.p.SpringPersistenceUnitInfo      : No LoadTimeWeaver setup: ignoring JPA class transformer
2026-03-25T15:59:49.874+05:30  INFO 14408 --- [order-service] [main] com.zaxxer.hikari.HikariDataSource       : OrderServicePool - Starting...
2026-03-25T15:59:54.793+05:30  INFO 14408 --- [order-service] [main] com.zaxxer.hikari.pool.HikariPool        : OrderServicePool - Added connection com.mysql.cj.jdbc.ConnectionImpl@7bf94e91
2026-03-25T15:59:54.796+05:30  INFO 14408 --- [order-service] [main] com.zaxxer.hikari.HikariDataSource       : OrderServicePool - Start completed.
2026-03-25T15:59:54.956+05:30  WARN 14408 --- [order-service] [main] org.hibernate.orm.deprecation            : HHH90000025: MySQLDialect does not need to be specified explicitly using 'hibernate.dialect' (remove the property setting and it will be selected by default)
2026-03-25T15:59:56.836+05:30  INFO 14408 --- [order-service] [main] o.h.e.t.j.p.i.JtaPlatformInitiator       : HHH000489: No JTA platform available (set 'hibernate.transaction.jta.platform' to enable JTA platform integration)
2026-03-25T15:59:57.283+05:30  INFO 14408 --- [order-service] [main] j.LocalContainerEntityManagerFactoryBean : Initialized JPA EntityManagerFactory for persistence unit 'default'
2026-03-25T15:59:58.979+05:30  INFO 14408 --- [order-service] [main] o.s.d.j.r.query.QueryEnhancerFactory     : Hibernate is in classpath; If applicable, HQL parser will be used.
2026-03-25T16:00:00.655+05:30  INFO 14408 --- [order-service] [main] o.s.c.openfeign.FeignClientFactoryBean   : For 'product-service' URL not provided. Will try picking an instance via load-balancing.
2026-03-25T16:00:05.106+05:30  WARN 14408 --- [order-service] [main] .s.s.UserDetailsServiceAutoConfiguration : 

Using generated security password: 2677c4e8-3dc1-4c17-a31e-ecf9ac3dadad

This generated password is for development use only. Your security configuration must be updated before running your application in production.

2026-03-25T16:00:08.007+05:30  INFO 14408 --- [order-service] [main] o.s.b.a.e.web.EndpointLinksResolver      : Exposing 1 endpoint(s) beneath base path '/actuator'
2026-03-25T16:00:08.296+05:30  INFO 14408 --- [order-service] [main] o.s.s.web.DefaultSecurityFilterChain     : Will secure any request with [org.springframework.security.web.session.DisableEncodeUrlFilter@14e215b, org.springframework.security.web.context.request.async.WebAsyncManagerIntegrationFilter@15093d14, org.springframework.security.web.context.SecurityContextHolderFilter@21032dfd, org.springframework.security.web.header.HeaderWriterFilter@3086155a, org.springframework.web.filter.CorsFilter@6f9329f3, org.springframework.security.web.authentication.logout.LogoutFilter@5a8dfd2e, com.ecommerce.order_service.security.JwtAuthenticationFilter@e3c36d, org.springframework.security.web.savedrequest.RequestCacheAwareFilter@5b751bab, org.springframework.security.web.servletapi.SecurityContextHolderAwareRequestFilter@5bfef676, org.springframework.security.web.authentication.AnonymousAuthenticationFilter@2f7aab02, org.springframework.security.web.session.SessionManagementFilter@42c5d861, org.springframework.security.web.access.ExceptionTranslationFilter@3a9d88ca, org.springframework.security.web.access.intercept.AuthorizationFilter@7145469]
2026-03-25T16:00:09.697+05:30  INFO 14408 --- [order-service] [main] DiscoveryClientOptionalArgsConfiguration : Eureka HTTP Client uses RestTemplate.
2026-03-25T16:00:09.812+05:30  WARN 14408 --- [order-service] [main] iguration$LoadBalancerCaffeineWarnLogger : Spring Cloud LoadBalancer is currently working with the default cache. While this cache implementation is useful for development and tests, it's recommended to use Caffeine cache in production.You can switch to using Caffeine cache, by adding it and org.springframework.cache.caffeine.CaffeineCacheManager to the classpath.
2026-03-25T16:00:10.022+05:30  INFO 14408 --- [order-service] [main] o.a.k.clients.admin.AdminClientConfig    : AdminClientConfig values: 
	auto.include.jmx.reporter = true
	bootstrap.servers = [localhost:9092]
	client.dns.lookup = use_all_dns_ips
	client.id = 
	connections.max.idle.ms = 300000
	default.api.timeout.ms = 60000
	metadata.max.age.ms = 300000
	metric.reporters = []
	metrics.num.samples = 2
	metrics.recording.level = INFO
	metrics.sample.window.ms = 30000
	receive.buffer.bytes = 65536
	reconnect.backoff.max.ms = 1000
	reconnect.backoff.ms = 50
	request.timeout.ms = 30000
	retries = 2147483647
	retry.backoff.ms = 100
	sasl.client.callback.handler.class = null
	sasl.jaas.config = null
	sasl.kerberos.kinit.cmd = /usr/bin/kinit
	sasl.kerberos.min.time.before.relogin = 60000
	sasl.kerberos.service.name = null
	sasl.kerberos.ticket.renew.jitter = 0.05
	sasl.kerberos.ticket.renew.window.factor = 0.8
	sasl.login.callback.handler.class = null
	sasl.login.class = null
	sasl.login.connect.timeout.ms = null
	sasl.login.read.timeout.ms = null
	sasl.login.refresh.buffer.seconds = 300
	sasl.login.refresh.min.period.seconds = 60
	sasl.login.refresh.window.factor = 0.8
	sasl.login.refresh.window.jitter = 0.05
	sasl.login.retry.backoff.max.ms = 10000
	sasl.login.retry.backoff.ms = 100
	sasl.mechanism = GSSAPI
	sasl.oauthbearer.clock.skew.seconds = 30
	sasl.oauthbearer.expected.audience = null
	sasl.oauthbearer.expected.issuer = null
	sasl.oauthbearer.jwks.endpoint.refresh.ms = 3600000
	sasl.oauthbearer.jwks.endpoint.retry.backoff.max.ms = 10000
	sasl.oauthbearer.jwks.endpoint.retry.backoff.ms = 100
	sasl.oauthbearer.jwks.endpoint.url = null
	sasl.oauthbearer.scope.claim.name = scope
	sasl.oauthbearer.sub.claim.name = sub
	sasl.oauthbearer.token.endpoint.url = null
	security.protocol = PLAINTEXT
	security.providers = null
	send.buffer.bytes = 131072
	socket.connection.setup.timeout.max.ms = 30000
	socket.connection.setup.timeout.ms = 10000
	ssl.cipher.suites = null
	ssl.enabled.protocols = [TLSv1.2, TLSv1.3]
	ssl.endpoint.identification.algorithm = https
	ssl.engine.factory.class = null
	ssl.key.password = null
	ssl.keymanager.algorithm = SunX509
	ssl.keystore.certificate.chain = null
	ssl.keystore.key = null
	ssl.keystore.location = null
	ssl.keystore.password = null
	ssl.keystore.type = JKS
	ssl.protocol = TLSv1.3
	ssl.provider = null
	ssl.secure.random.implementation = null
	ssl.trustmanager.algorithm = PKIX
	ssl.truststore.certificates = null
	ssl.truststore.location = null
	ssl.truststore.password = null
	ssl.truststore.type = JKS

2026-03-25T16:00:10.793+05:30  INFO 14408 --- [order-service] [main] o.a.kafka.common.utils.AppInfoParser     : Kafka version: 3.6.1
2026-03-25T16:00:10.794+05:30  INFO 14408 --- [order-service] [main] o.a.kafka.common.utils.AppInfoParser     : Kafka commitId: 5e3c2b738d253ff5
2026-03-25T16:00:10.798+05:30  INFO 14408 --- [order-service] [main] o.a.kafka.common.utils.AppInfoParser     : Kafka startTimeMs: 1774434610783
2026-03-25T16:00:12.339+05:30  INFO 14408 --- [order-service] [kafka-admin-client-thread | adminclient-1] o.a.kafka.common.utils.AppInfoParser     : App info kafka.admin.client for adminclient-1 unregistered
2026-03-25T16:00:12.369+05:30  INFO 14408 --- [order-service] [kafka-admin-client-thread | adminclient-1] o.apache.kafka.common.metrics.Metrics    : Metrics scheduler closed
2026-03-25T16:00:12.370+05:30  INFO 14408 --- [order-service] [kafka-admin-client-thread | adminclient-1] o.apache.kafka.common.metrics.Metrics    : Closing reporter org.apache.kafka.common.metrics.JmxReporter
2026-03-25T16:00:12.372+05:30  INFO 14408 --- [order-service] [kafka-admin-client-thread | adminclient-1] o.apache.kafka.common.metrics.Metrics    : Metrics reporters closed
2026-03-25T16:00:12.437+05:30  INFO 14408 --- [order-service] [main] o.s.c.n.eureka.InstanceInfoFactory       : Setting initial instance status as: STARTING
2026-03-25T16:00:12.679+05:30  INFO 14408 --- [order-service] [main] com.netflix.discovery.DiscoveryClient    : Initializing Eureka in region us-east-1
2026-03-25T16:00:12.705+05:30  INFO 14408 --- [order-service] [main] c.n.d.s.r.aws.ConfigClusterResolver      : Resolving eureka endpoints via configuration
2026-03-25T16:00:12.849+05:30  INFO 14408 --- [order-service] [main] com.netflix.discovery.DiscoveryClient    : Disable delta property : false
2026-03-25T16:00:12.850+05:30  INFO 14408 --- [order-service] [main] com.netflix.discovery.DiscoveryClient    : Single vip registry refresh property : null
2026-03-25T16:00:12.852+05:30  INFO 14408 --- [order-service] [main] com.netflix.discovery.DiscoveryClient    : Force full registry fetch : false
2026-03-25T16:00:12.852+05:30  INFO 14408 --- [order-service] [main] com.netflix.discovery.DiscoveryClient    : Application is null : false
2026-03-25T16:00:12.852+05:30  INFO 14408 --- [order-service] [main] com.netflix.discovery.DiscoveryClient    : Registered Applications size is zero : true
2026-03-25T16:00:12.852+05:30  INFO 14408 --- [order-service] [main] com.netflix.discovery.DiscoveryClient    : Application version is -1: true
2026-03-25T16:00:12.853+05:30  INFO 14408 --- [order-service] [main] com.netflix.discovery.DiscoveryClient    : Getting all instance registry info from the eureka server
2026-03-25T16:00:14.158+05:30  INFO 14408 --- [order-service] [main] c.n.d.s.t.d.RedirectingEurekaHttpClient  : Request execution error. endpoint=DefaultEndpoint{ serviceUrl='http://localhost:8761/eureka/}, exception=I/O error on GET request for "http://localhost:8761/eureka/apps/": Connect to http://localhost:8761 [localhost/127.0.0.1, localhost/0:0:0:0:0:0:0:1] failed: Connection refused: getsockopt stacktrace=org.springframework.web.client.ResourceAccessException: I/O error on GET request for "http://localhost:8761/eureka/apps/": Connect to http://localhost:8761 [localhost/127.0.0.1, localhost/0:0:0:0:0:0:0:1] failed: Connection refused: getsockopt
	at org.springframework.web.client.RestTemplate.createResourceAccessException(RestTemplate.java:915)
	at org.springframework.web.client.RestTemplate.doExecute(RestTemplate.java:895)
	at org.springframework.web.client.RestTemplate.execute(RestTemplate.java:790)
	at org.springframework.web.client.RestTemplate.exchange(RestTemplate.java:672)
	at org.springframework.cloud.netflix.eureka.http.RestTemplateEurekaHttpClient.getApplicationsInternal(RestTemplateEurekaHttpClient.java:145)
	at org.springframework.cloud.netflix.eureka.http.RestTemplateEurekaHttpClient.getApplications(RestTemplateEurekaHttpClient.java:135)
	at com.netflix.discovery.shared.transport.decorator.EurekaHttpClientDecorator$6.execute(EurekaHttpClientDecorator.java:137)
	at com.netflix.discovery.shared.transport.decorator.RedirectingEurekaHttpClient.executeOnNewServer(RedirectingEurekaHttpClient.java:121)
	at com.netflix.discovery.shared.transport.decorator.RedirectingEurekaHttpClient.execute(RedirectingEurekaHttpClient.java:80)
	at com.netflix.discovery.shared.transport.decorator.EurekaHttpClientDecorator.getApplications(EurekaHttpClientDecorator.java:134)
	at com.netflix.discovery.shared.transport.decorator.EurekaHttpClientDecorator$6.execute(EurekaHttpClientDecorator.java:137)
	at com.netflix.discovery.shared.transport.decorator.RetryableEurekaHttpClient.execute(RetryableEurekaHttpClient.java:120)
	at com.netflix.discovery.shared.transport.decorator.EurekaHttpClientDecorator.getApplications(EurekaHttpClientDecorator.java:134)
	at com.netflix.discovery.shared.transport.decorator.EurekaHttpClientDecorator$6.execute(EurekaHttpClientDecorator.java:137)
	at com.netflix.discovery.shared.transport.decorator.SessionedEurekaHttpClient.execute(SessionedEurekaHttpClient.java:77)
	at com.netflix.discovery.shared.transport.decorator.EurekaHttpClientDecorator.getApplications(EurekaHttpClientDecorator.java:134)
	at com.netflix.discovery.DiscoveryClient.getAndStoreFullRegistry(DiscoveryClient.java:1045)
	at com.netflix.discovery.DiscoveryClient.fetchRegistry(DiscoveryClient.java:958)
	at com.netflix.discovery.DiscoveryClient.<init>(DiscoveryClient.java:396)
	at com.netflix.discovery.DiscoveryClient.<init>(DiscoveryClient.java:247)
	at com.netflix.discovery.DiscoveryClient.<init>(DiscoveryClient.java:242)
	at org.springframework.cloud.netflix.eureka.CloudEurekaClient.<init>(CloudEurekaClient.java:68)
	at org.springframework.cloud.netflix.eureka.EurekaClientAutoConfiguration$RefreshableEurekaClientConfiguration.eurekaClient(EurekaClientAutoConfiguration.java:321)
	at java.base/jdk.internal.reflect.DirectMethodHandleAccessor.invoke(DirectMethodHandleAccessor.java:103)
	at java.base/java.lang.reflect.Method.invoke(Method.java:580)
	at org.springframework.beans.factory.support.SimpleInstantiationStrategy.instantiate(SimpleInstantiationStrategy.java:140)
	at org.springframework.beans.factory.support.ConstructorResolver.instantiate(ConstructorResolver.java:647)
	at org.springframework.beans.factory.support.ConstructorResolver.instantiateUsingFactoryMethod(ConstructorResolver.java:639)
	at org.springframework.beans.factory.support.AbstractAutowireCapableBeanFactory.instantiateUsingFactoryMethod(AbstractAutowireCapableBeanFactory.java:1335)
	at org.springframework.beans.factory.support.AbstractAutowireCapableBeanFactory.createBeanInstance(AbstractAutowireCapableBeanFactory.java:1165)
	at org.springframework.beans.factory.support.AbstractAutowireCapableBeanFactory.doCreateBean(AbstractAutowireCapableBeanFactory.java:562)
	at org.springframework.beans.factory.support.AbstractAutowireCapableBeanFactory.createBean(AbstractAutowireCapableBeanFactory.java:522)
	at org.springframework.beans.factory.support.AbstractBeanFactory.lambda$doGetBean$1(AbstractBeanFactory.java:364)
	at org.springframework.cloud.context.scope.GenericScope$BeanLifecycleWrapper.getBean(GenericScope.java:375)
	at org.springframework.cloud.context.scope.GenericScope.get(GenericScope.java:179)
	at org.springframework.beans.factory.support.AbstractBeanFactory.doGetBean(AbstractBeanFactory.java:361)
	at org.springframework.beans.factory.support.AbstractBeanFactory.getBean(AbstractBeanFactory.java:199)
	at org.springframework.aop.target.SimpleBeanTargetSource.getTarget(SimpleBeanTargetSource.java:35)
	at org.springframework.cloud.netflix.eureka.serviceregistry.EurekaRegistration.getTargetObject(EurekaRegistration.java:128)
	at org.springframework.cloud.netflix.eureka.serviceregistry.EurekaRegistration.getEurekaClient(EurekaRegistration.java:116)
	at java.base/jdk.internal.reflect.DirectMethodHandleAccessor.invoke(DirectMethodHandleAccessor.java:103)
	at java.base/java.lang.reflect.Method.invoke(Method.java:580)
	at org.springframework.util.ReflectionUtils.invokeMethod(ReflectionUtils.java:281)
	at org.springframework.cloud.context.scope.GenericScope$LockedScopedProxyFactoryBean.invoke(GenericScope.java:482)
	at org.springframework.aop.framework.ReflectiveMethodInvocation.proceed(ReflectiveMethodInvocation.java:184)
	at org.springframework.aop.framework.CglibAopProxy$CglibMethodInvocation.proceed(CglibAopProxy.java:765)
	at org.springframework.aop.framework.CglibAopProxy$DynamicAdvisedInterceptor.intercept(CglibAopProxy.java:717)
	at org.springframework.cloud.netflix.eureka.serviceregistry.EurekaRegistration$$SpringCGLIB$$0.getEurekaClient(<generated>)
	at org.springframework.cloud.netflix.eureka.serviceregistry.EurekaServiceRegistry.maybeInitializeClient(EurekaServiceRegistry.java:83)
	at org.springframework.cloud.netflix.eureka.serviceregistry.EurekaServiceRegistry.register(EurekaServiceRegistry.java:66)
	at org.springframework.cloud.netflix.eureka.serviceregistry.EurekaAutoServiceRegistration.start(EurekaAutoServiceRegistration.java:89)
	at org.springframework.context.support.DefaultLifecycleProcessor.doStart(DefaultLifecycleProcessor.java:288)
	at org.springframework.context.support.DefaultLifecycleProcessor$LifecycleGroup.start(DefaultLifecycleProcessor.java:471)
	at java.base/java.lang.Iterable.forEach(Iterable.java:75)
	at org.springframework.context.support.DefaultLifecycleProcessor.startBeans(DefaultLifecycleProcessor.java:260)
	at org.springframework.context.support.DefaultLifecycleProcessor.onRefresh(DefaultLifecycleProcessor.java:205)
	at org.springframework.context.support.AbstractApplicationContext.finishRefresh(AbstractApplicationContext.java:978)
	at org.springframework.context.support.AbstractApplicationContext.refresh(AbstractApplicationContext.java:627)
	at org.springframework.boot.web.servlet.context.ServletWebServerApplicationContext.refresh(ServletWebServerApplicationContext.java:146)
	at org.springframework.boot.SpringApplication.refresh(SpringApplication.java:754)
	at org.springframework.boot.SpringApplication.refreshContext(SpringApplication.java:456)
	at org.springframework.boot.SpringApplication.run(SpringApplication.java:334)
	at org.springframework.boot.SpringApplication.run(SpringApplication.java:1354)
	at org.springframework.boot.SpringApplication.run(SpringApplication.java:1343)
	at com.ecommerce.order_service.OrderServiceApplication.main(OrderServiceApplication.java:14)
Caused by: org.apache.hc.client5.http.HttpHostConnectException: Connect to http://localhost:8761 [localhost/127.0.0.1, localhost/0:0:0:0:0:0:0:1] failed: Connection refused: getsockopt
	at java.base/sun.nio.ch.Net.pollConnect(Native Method)
	at java.base/sun.nio.ch.Net.pollConnectNow(Net.java:682)
	at java.base/sun.nio.ch.NioSocketImpl.timedFinishConnect(NioSocketImpl.java:542)
	at java.base/sun.nio.ch.NioSocketImpl.connect(NioSocketImpl.java:592)
	at java.base/java.net.SocksSocketImpl.connect(SocksSocketImpl.java:327)
	at java.base/java.net.Socket.connect(Socket.java:751)
	at org.apache.hc.client5.http.socket.PlainConnectionSocketFactory.lambda$connectSocket$0(PlainConnectionSocketFactory.java:91)
	at java.base/java.security.AccessController.doPrivileged(AccessController.java:571)
	at org.apache.hc.client5.http.socket.PlainConnectionSocketFactory.connectSocket(PlainConnectionSocketFactory.java:90)
	at org.apache.hc.client5.http.socket.ConnectionSocketFactory.connectSocket(ConnectionSocketFactory.java:123)
	at org.apache.hc.client5.http.impl.io.DefaultHttpClientConnectionOperator.connect(DefaultHttpClientConnectionOperator.java:184)
	at org.apache.hc.client5.http.impl.io.PoolingHttpClientConnectionManager.connect(PoolingHttpClientConnectionManager.java:447)
	at org.apache.hc.client5.http.impl.classic.InternalExecRuntime.connectEndpoint(InternalExecRuntime.java:162)
	at org.apache.hc.client5.http.impl.classic.InternalExecRuntime.connectEndpoint(InternalExecRuntime.java:172)
	at org.apache.hc.client5.http.impl.classic.ConnectExec.execute(ConnectExec.java:142)
	at org.apache.hc.client5.http.impl.classic.ExecChainElement.execute(ExecChainElement.java:51)
	at org.apache.hc.client5.http.impl.classic.ProtocolExec.execute(ProtocolExec.java:192)
	at org.apache.hc.client5.http.impl.classic.ExecChainElement.execute(ExecChainElement.java:51)
	at org.apache.hc.client5.http.impl.classic.HttpRequestRetryExec.execute(HttpRequestRetryExec.java:96)
	at org.apache.hc.client5.http.impl.classic.ExecChainElement.execute(ExecChainElement.java:51)
	at org.apache.hc.client5.http.impl.classic.ContentCompressionExec.execute(ContentCompressionExec.java:152)
	at org.apache.hc.client5.http.impl.classic.ExecChainElement.execute(ExecChainElement.java:51)
	at org.apache.hc.client5.http.impl.classic.RedirectExec.execute(RedirectExec.java:115)
	at org.apache.hc.client5.http.impl.classic.ExecChainElement.execute(ExecChainElement.java:51)
	at org.apache.hc.client5.http.impl.classic.InternalHttpClient.doExecute(InternalHttpClient.java:170)
	at org.apache.hc.client5.http.impl.classic.CloseableHttpClient.execute(CloseableHttpClient.java:87)
	at org.apache.hc.client5.http.impl.classic.CloseableHttpClient.execute(CloseableHttpClient.java:55)
	at org.apache.hc.client5.http.classic.HttpClient.executeOpen(HttpClient.java:183)
	at org.springframework.http.client.HttpComponentsClientHttpRequest.executeInternal(HttpComponentsClientHttpRequest.java:95)
	at org.springframework.http.client.AbstractStreamingClientHttpRequest.executeInternal(AbstractStreamingClientHttpRequest.java:70)
	at org.springframework.http.client.AbstractClientHttpRequest.execute(AbstractClientHttpRequest.java:66)
	at org.springframework.http.client.InterceptingClientHttpRequest$InterceptingRequestExecution.execute(InterceptingClientHttpRequest.java:112)
	at org.springframework.cloud.netflix.eureka.http.RestTemplateTransportClientFactory.lambda$restTemplate$0(RestTemplateTransportClientFactory.java:143)
	at org.springframework.http.client.InterceptingClientHttpRequest$InterceptingRequestExecution.execute(InterceptingClientHttpRequest.java:88)
	at org.springframework.http.client.InterceptingClientHttpRequest.executeInternal(InterceptingClientHttpRequest.java:72)
	at org.springframework.http.client.AbstractBufferingClientHttpRequest.executeInternal(AbstractBufferingClientHttpRequest.java:48)
	at org.springframework.http.client.AbstractClientHttpRequest.execute(AbstractClientHttpRequest.java:66)
	at org.springframework.web.client.RestTemplate.doExecute(RestTemplate.java:889)
	... 63 more

2026-03-25T16:00:14.159+05:30  WARN 14408 --- [order-service] [main] c.n.d.s.t.d.RetryableEurekaHttpClient    : Request execution failed with message: I/O error on GET request for "http://localhost:8761/eureka/apps/": Connect to http://localhost:8761 [localhost/127.0.0.1, localhost/0:0:0:0:0:0:0:1] failed: Connection refused: getsockopt
2026-03-25T16:00:14.162+05:30  INFO 14408 --- [order-service] [main] com.netflix.discovery.DiscoveryClient    : DiscoveryClient_ORDER-SERVICE/order-service:8083 - was unable to refresh its cache! This periodic background refresh will be retried in 30 seconds. status = Cannot execute request on any known server stacktrace = com.netflix.discovery.shared.transport.TransportException: Cannot execute request on any known server
	at com.netflix.discovery.shared.transport.decorator.RetryableEurekaHttpClient.execute(RetryableEurekaHttpClient.java:112)
	at com.netflix.discovery.shared.transport.decorator.EurekaHttpClientDecorator.getApplications(EurekaHttpClientDecorator.java:134)
	at com.netflix.discovery.shared.transport.decorator.EurekaHttpClientDecorator$6.execute(EurekaHttpClientDecorator.java:137)
	at com.netflix.discovery.shared.transport.decorator.SessionedEurekaHttpClient.execute(SessionedEurekaHttpClient.java:77)
	at com.netflix.discovery.shared.transport.decorator.EurekaHttpClientDecorator.getApplications(EurekaHttpClientDecorator.java:134)
	at com.netflix.discovery.DiscoveryClient.getAndStoreFullRegistry(DiscoveryClient.java:1045)
	at com.netflix.discovery.DiscoveryClient.fetchRegistry(DiscoveryClient.java:958)
	at com.netflix.discovery.DiscoveryClient.<init>(DiscoveryClient.java:396)
	at com.netflix.discovery.DiscoveryClient.<init>(DiscoveryClient.java:247)
	at com.netflix.discovery.DiscoveryClient.<init>(DiscoveryClient.java:242)
	at org.springframework.cloud.netflix.eureka.CloudEurekaClient.<init>(CloudEurekaClient.java:68)
	at org.springframework.cloud.netflix.eureka.EurekaClientAutoConfiguration$RefreshableEurekaClientConfiguration.eurekaClient(EurekaClientAutoConfiguration.java:321)
	at java.base/jdk.internal.reflect.DirectMethodHandleAccessor.invoke(DirectMethodHandleAccessor.java:103)
	at java.base/java.lang.reflect.Method.invoke(Method.java:580)
	at org.springframework.beans.factory.support.SimpleInstantiationStrategy.instantiate(SimpleInstantiationStrategy.java:140)
	at org.springframework.beans.factory.support.ConstructorResolver.instantiate(ConstructorResolver.java:647)
	at org.springframework.beans.factory.support.ConstructorResolver.instantiateUsingFactoryMethod(ConstructorResolver.java:639)
	at org.springframework.beans.factory.support.AbstractAutowireCapableBeanFactory.instantiateUsingFactoryMethod(AbstractAutowireCapableBeanFactory.java:1335)
	at org.springframework.beans.factory.support.AbstractAutowireCapableBeanFactory.createBeanInstance(AbstractAutowireCapableBeanFactory.java:1165)
	at org.springframework.beans.factory.support.AbstractAutowireCapableBeanFactory.doCreateBean(AbstractAutowireCapableBeanFactory.java:562)
	at org.springframework.beans.factory.support.AbstractAutowireCapableBeanFactory.createBean(AbstractAutowireCapableBeanFactory.java:522)
	at org.springframework.beans.factory.support.AbstractBeanFactory.lambda$doGetBean$1(AbstractBeanFactory.java:364)
	at org.springframework.cloud.context.scope.GenericScope$BeanLifecycleWrapper.getBean(GenericScope.java:375)
	at org.springframework.cloud.context.scope.GenericScope.get(GenericScope.java:179)
	at org.springframework.beans.factory.support.AbstractBeanFactory.doGetBean(AbstractBeanFactory.java:361)
	at org.springframework.beans.factory.support.AbstractBeanFactory.getBean(AbstractBeanFactory.java:199)
	at org.springframework.aop.target.SimpleBeanTargetSource.getTarget(SimpleBeanTargetSource.java:35)
	at org.springframework.cloud.netflix.eureka.serviceregistry.EurekaRegistration.getTargetObject(EurekaRegistration.java:128)
	at org.springframework.cloud.netflix.eureka.serviceregistry.EurekaRegistration.getEurekaClient(EurekaRegistration.java:116)
	at java.base/jdk.internal.reflect.DirectMethodHandleAccessor.invoke(DirectMethodHandleAccessor.java:103)
	at java.base/java.lang.reflect.Method.invoke(Method.java:580)
	at org.springframework.util.ReflectionUtils.invokeMethod(ReflectionUtils.java:281)
	at org.springframework.cloud.context.scope.GenericScope$LockedScopedProxyFactoryBean.invoke(GenericScope.java:482)
	at org.springframework.aop.framework.ReflectiveMethodInvocation.proceed(ReflectiveMethodInvocation.java:184)
	at org.springframework.aop.framework.CglibAopProxy$CglibMethodInvocation.proceed(CglibAopProxy.java:765)
	at org.springframework.aop.framework.CglibAopProxy$DynamicAdvisedInterceptor.intercept(CglibAopProxy.java:717)
	at org.springframework.cloud.netflix.eureka.serviceregistry.EurekaRegistration$$SpringCGLIB$$0.getEurekaClient(<generated>)
	at org.springframework.cloud.netflix.eureka.serviceregistry.EurekaServiceRegistry.maybeInitializeClient(EurekaServiceRegistry.java:83)
	at org.springframework.cloud.netflix.eureka.serviceregistry.EurekaServiceRegistry.register(EurekaServiceRegistry.java:66)
	at org.springframework.cloud.netflix.eureka.serviceregistry.EurekaAutoServiceRegistration.start(EurekaAutoServiceRegistration.java:89)
	at org.springframework.context.support.DefaultLifecycleProcessor.doStart(DefaultLifecycleProcessor.java:288)
	at org.springframework.context.support.DefaultLifecycleProcessor$LifecycleGroup.start(DefaultLifecycleProcessor.java:471)
	at java.base/java.lang.Iterable.forEach(Iterable.java:75)
	at org.springframework.context.support.DefaultLifecycleProcessor.startBeans(DefaultLifecycleProcessor.java:260)
	at org.springframework.context.support.DefaultLifecycleProcessor.onRefresh(DefaultLifecycleProcessor.java:205)
	at org.springframework.context.support.AbstractApplicationContext.finishRefresh(AbstractApplicationContext.java:978)
	at org.springframework.context.support.AbstractApplicationContext.refresh(AbstractApplicationContext.java:627)
	at org.springframework.boot.web.servlet.context.ServletWebServerApplicationContext.refresh(ServletWebServerApplicationContext.java:146)
	at org.springframework.boot.SpringApplication.refresh(SpringApplication.java:754)
	at org.springframework.boot.SpringApplication.refreshContext(SpringApplication.java:456)
	at org.springframework.boot.SpringApplication.run(SpringApplication.java:334)
	at org.springframework.boot.SpringApplication.run(SpringApplication.java:1354)
	at org.springframework.boot.SpringApplication.run(SpringApplication.java:1343)
	at com.ecommerce.order_service.OrderServiceApplication.main(OrderServiceApplication.java:14)

2026-03-25T16:00:14.165+05:30  INFO 14408 --- [order-service] [main] com.netflix.discovery.DiscoveryClient    : Initial registry fetch from primary servers failed
2026-03-25T16:00:14.166+05:30  WARN 14408 --- [order-service] [main] com.netflix.discovery.DiscoveryClient    : Using default backup registry implementation which does not do anything.
2026-03-25T16:00:14.167+05:30  INFO 14408 --- [order-service] [main] com.netflix.discovery.DiscoveryClient    : Initial registry fetch from backup servers failed
2026-03-25T16:00:14.190+05:30  INFO 14408 --- [order-service] [main] com.netflix.discovery.DiscoveryClient    : Starting heartbeat executor: renew interval is: 30
2026-03-25T16:00:14.197+05:30  INFO 14408 --- [order-service] [main] c.n.discovery.InstanceInfoReplicator     : InstanceInfoReplicator onDemand update allowed rate per min is 4
2026-03-25T16:00:14.229+05:30  INFO 14408 --- [order-service] [main] com.netflix.discovery.DiscoveryClient    : Discovery Client initialized at timestamp 1774434614226 with initial instances count: 0
2026-03-25T16:00:14.255+05:30  INFO 14408 --- [order-service] [main] o.s.c.n.e.s.EurekaServiceRegistry        : Registering application ORDER-SERVICE with eureka with status UP
2026-03-25T16:00:14.257+05:30  INFO 14408 --- [order-service] [main] com.netflix.discovery.DiscoveryClient    : Saw local status change event StatusChangeEvent [timestamp=1774434614257, current=UP, previous=STARTING]
2026-03-25T16:00:14.282+05:30  INFO 14408 --- [order-service] [DiscoveryClient-InstanceInfoReplicator-0] com.netflix.discovery.DiscoveryClient    : DiscoveryClient_ORDER-SERVICE/order-service:8083: registering service...
2026-03-25T16:00:14.374+05:30  INFO 14408 --- [order-service] [main] o.s.b.w.embedded.tomcat.TomcatWebServer  : Tomcat started on port 8083 (http) with context path ''
2026-03-25T16:00:14.377+05:30  INFO 14408 --- [order-service] [main] .s.c.n.e.s.EurekaAutoServiceRegistration : Updating port to 8083
2026-03-25T16:00:14.451+05:30  INFO 14408 --- [order-service] [main] c.e.o.OrderServiceApplication            : Started OrderServiceApplication in 44.812 seconds (process running for 48.418)
2026-03-25T16:00:14.533+05:30  INFO 14408 --- [order-service] [DiscoveryClient-InstanceInfoReplicator-0] c.n.d.s.t.d.RedirectingEurekaHttpClient  : Request execution error. endpoint=DefaultEndpoint{ serviceUrl='http://localhost:8761/eureka/}, exception=I/O error on POST request for "http://localhost:8761/eureka/apps/ORDER-SERVICE": Connect to http://localhost:8761 [localhost/127.0.0.1, localhost/0:0:0:0:0:0:0:1] failed: Connection refused: getsockopt stacktrace=org.springframework.web.client.ResourceAccessException: I/O error on POST request for "http://localhost:8761/eureka/apps/ORDER-SERVICE": Connect to http://localhost:8761 [localhost/127.0.0.1, localhost/0:0:0:0:0:0:0:1] failed: Connection refused: getsockopt
	at org.springframework.web.client.RestTemplate.createResourceAccessException(RestTemplate.java:915)
	at org.springframework.web.client.RestTemplate.doExecute(RestTemplate.java:895)
	at org.springframework.web.client.RestTemplate.execute(RestTemplate.java:790)
	at org.springframework.web.client.RestTemplate.exchange(RestTemplate.java:672)
	at org.springframework.cloud.netflix.eureka.http.RestTemplateEurekaHttpClient.register(RestTemplateEurekaHttpClient.java:77)
	at com.netflix.discovery.shared.transport.decorator.EurekaHttpClientDecorator$1.execute(EurekaHttpClientDecorator.java:59)
	at com.netflix.discovery.shared.transport.decorator.RedirectingEurekaHttpClient.executeOnNewServer(RedirectingEurekaHttpClient.java:121)
	at com.netflix.discovery.shared.transport.decorator.RedirectingEurekaHttpClient.execute(RedirectingEurekaHttpClient.java:80)
	at com.netflix.discovery.shared.transport.decorator.EurekaHttpClientDecorator.register(EurekaHttpClientDecorator.java:56)
	at com.netflix.discovery.shared.transport.decorator.EurekaHttpClientDecorator$1.execute(EurekaHttpClientDecorator.java:59)
	at com.netflix.discovery.shared.transport.decorator.RetryableEurekaHttpClient.execute(RetryableEurekaHttpClient.java:120)
	at com.netflix.discovery.shared.transport.decorator.EurekaHttpClientDecorator.register(EurekaHttpClientDecorator.java:56)
	at com.netflix.discovery.shared.transport.decorator.EurekaHttpClientDecorator$1.execute(EurekaHttpClientDecorator.java:59)
	at com.netflix.discovery.shared.transport.decorator.SessionedEurekaHttpClient.execute(SessionedEurekaHttpClient.java:77)
	at com.netflix.discovery.shared.transport.decorator.EurekaHttpClientDecorator.register(EurekaHttpClientDecorator.java:56)
	at com.netflix.discovery.DiscoveryClient.register(DiscoveryClient.java:820)
	at com.netflix.discovery.InstanceInfoReplicator.run(InstanceInfoReplicator.java:121)
	at com.netflix.discovery.InstanceInfoReplicator$1.run(InstanceInfoReplicator.java:101)
	at java.base/java.util.concurrent.Executors$RunnableAdapter.call(Executors.java:572)
	at java.base/java.util.concurrent.FutureTask.run(FutureTask.java:317)
	at java.base/java.util.concurrent.ScheduledThreadPoolExecutor$ScheduledFutureTask.run(ScheduledThreadPoolExecutor.java:304)
	at java.base/java.util.concurrent.ThreadPoolExecutor.runWorker(ThreadPoolExecutor.java:1144)
	at java.base/java.util.concurrent.ThreadPoolExecutor$Worker.run(ThreadPoolExecutor.java:642)
	at java.base/java.lang.Thread.run(Thread.java:1583)
Caused by: org.apache.hc.client5.http.HttpHostConnectException: Connect to http://localhost:8761 [localhost/127.0.0.1, localhost/0:0:0:0:0:0:0:1] failed: Connection refused: getsockopt
	at java.base/sun.nio.ch.Net.pollConnect(Native Method)
	at java.base/sun.nio.ch.Net.pollConnectNow(Net.java:682)
	at java.base/sun.nio.ch.NioSocketImpl.timedFinishConnect(NioSocketImpl.java:542)
	at java.base/sun.nio.ch.NioSocketImpl.connect(NioSocketImpl.java:592)
	at java.base/java.net.SocksSocketImpl.connect(SocksSocketImpl.java:327)
	at java.base/java.net.Socket.connect(Socket.java:751)
	at org.apache.hc.client5.http.socket.PlainConnectionSocketFactory.lambda$connectSocket$0(PlainConnectionSocketFactory.java:91)
	at java.base/java.security.AccessController.doPrivileged(AccessController.java:571)
	at org.apache.hc.client5.http.socket.PlainConnectionSocketFactory.connectSocket(PlainConnectionSocketFactory.java:90)
	at org.apache.hc.client5.http.socket.ConnectionSocketFactory.connectSocket(ConnectionSocketFactory.java:123)
	at org.apache.hc.client5.http.impl.io.DefaultHttpClientConnectionOperator.connect(DefaultHttpClientConnectionOperator.java:184)
	at org.apache.hc.client5.http.impl.io.PoolingHttpClientConnectionManager.connect(PoolingHttpClientConnectionManager.java:447)
	at org.apache.hc.client5.http.impl.classic.InternalExecRuntime.connectEndpoint(InternalExecRuntime.java:162)
	at org.apache.hc.client5.http.impl.classic.InternalExecRuntime.connectEndpoint(InternalExecRuntime.java:172)
	at org.apache.hc.client5.http.impl.classic.ConnectExec.execute(ConnectExec.java:142)
	at org.apache.hc.client5.http.impl.classic.ExecChainElement.execute(ExecChainElement.java:51)
	at org.apache.hc.client5.http.impl.classic.ProtocolExec.execute(ProtocolExec.java:192)
	at org.apache.hc.client5.http.impl.classic.ExecChainElement.execute(ExecChainElement.java:51)
	at org.apache.hc.client5.http.impl.classic.HttpRequestRetryExec.execute(HttpRequestRetryExec.java:96)
	at org.apache.hc.client5.http.impl.classic.ExecChainElement.execute(ExecChainElement.java:51)
	at org.apache.hc.client5.http.impl.classic.ContentCompressionExec.execute(ContentCompressionExec.java:152)
	at org.apache.hc.client5.http.impl.classic.ExecChainElement.execute(ExecChainElement.java:51)
	at org.apache.hc.client5.http.impl.classic.RedirectExec.execute(RedirectExec.java:115)
	at org.apache.hc.client5.http.impl.classic.ExecChainElement.execute(ExecChainElement.java:51)
	at org.apache.hc.client5.http.impl.classic.InternalHttpClient.doExecute(InternalHttpClient.java:170)
	at org.apache.hc.client5.http.impl.classic.CloseableHttpClient.execute(CloseableHttpClient.java:87)
	at org.apache.hc.client5.http.impl.classic.CloseableHttpClient.execute(CloseableHttpClient.java:55)
	at org.apache.hc.client5.http.classic.HttpClient.executeOpen(HttpClient.java:183)
	at org.springframework.http.client.HttpComponentsClientHttpRequest.executeInternal(HttpComponentsClientHttpRequest.java:95)
	at org.springframework.http.client.AbstractStreamingClientHttpRequest.executeInternal(AbstractStreamingClientHttpRequest.java:70)
	at org.springframework.http.client.AbstractClientHttpRequest.execute(AbstractClientHttpRequest.java:66)
	at org.springframework.http.client.InterceptingClientHttpRequest$InterceptingRequestExecution.execute(InterceptingClientHttpRequest.java:112)
	at org.springframework.cloud.netflix.eureka.http.RestTemplateTransportClientFactory.lambda$restTemplate$0(RestTemplateTransportClientFactory.java:143)
	at org.springframework.http.client.InterceptingClientHttpRequest$InterceptingRequestExecution.execute(InterceptingClientHttpRequest.java:88)
	at org.springframework.http.client.InterceptingClientHttpRequest.executeInternal(InterceptingClientHttpRequest.java:72)
	at org.springframework.http.client.AbstractBufferingClientHttpRequest.executeInternal(AbstractBufferingClientHttpRequest.java:48)
	at org.springframework.http.client.AbstractClientHttpRequest.execute(AbstractClientHttpRequest.java:66)
	at org.springframework.web.client.RestTemplate.doExecute(RestTemplate.java:889)
	... 22 more

2026-03-25T16:00:14.537+05:30  WARN 14408 --- [order-service] [DiscoveryClient-InstanceInfoReplicator-0] c.n.d.s.t.d.RetryableEurekaHttpClient    : Request execution failed with message: I/O error on POST request for "http://localhost:8761/eureka/apps/ORDER-SERVICE": Connect to http://localhost:8761 [localhost/127.0.0.1, localhost/0:0:0:0:0:0:0:1] failed: Connection refused: getsockopt
2026-03-25T16:00:14.537+05:30  WARN 14408 --- [order-service] [DiscoveryClient-InstanceInfoReplicator-0] com.netflix.discovery.DiscoveryClient    : DiscoveryClient_ORDER-SERVICE/order-service:8083 - registration failed Cannot execute request on any known server

com.netflix.discovery.shared.transport.TransportException: Cannot execute request on any known server
	at com.netflix.discovery.shared.transport.decorator.RetryableEurekaHttpClient.execute(RetryableEurekaHttpClient.java:112) ~[eureka-client-2.0.2.jar:2.0.2]
	at com.netflix.discovery.shared.transport.decorator.EurekaHttpClientDecorator.register(EurekaHttpClientDecorator.java:56) ~[eureka-client-2.0.2.jar:2.0.2]
	at com.netflix.discovery.shared.transport.decorator.EurekaHttpClientDecorator$1.execute(EurekaHttpClientDecorator.java:59) ~[eureka-client-2.0.2.jar:2.0.2]
	at com.netflix.discovery.shared.transport.decorator.SessionedEurekaHttpClient.execute(SessionedEurekaHttpClient.java:77) ~[eureka-client-2.0.2.jar:2.0.2]
	at com.netflix.discovery.shared.transport.decorator.EurekaHttpClientDecorator.register(EurekaHttpClientDecorator.java:56) ~[eureka-client-2.0.2.jar:2.0.2]
	at com.netflix.discovery.DiscoveryClient.register(DiscoveryClient.java:820) ~[eureka-client-2.0.2.jar:2.0.2]
	at com.netflix.discovery.InstanceInfoReplicator.run(InstanceInfoReplicator.java:121) ~[eureka-client-2.0.2.jar:2.0.2]
	at com.netflix.discovery.InstanceInfoReplicator$1.run(InstanceInfoReplicator.java:101) ~[eureka-client-2.0.2.jar:2.0.2]
	at java.base/java.util.concurrent.Executors$RunnableAdapter.call(Executors.java:572) ~[na:na]
	at java.base/java.util.concurrent.FutureTask.run(FutureTask.java:317) ~[na:na]
	at java.base/java.util.concurrent.ScheduledThreadPoolExecutor$ScheduledFutureTask.run(ScheduledThreadPoolExecutor.java:304) ~[na:na]
	at java.base/java.util.concurrent.ThreadPoolExecutor.runWorker(ThreadPoolExecutor.java:1144) ~[na:na]
	at java.base/java.util.concurrent.ThreadPoolExecutor$Worker.run(ThreadPoolExecutor.java:642) ~[na:na]
	at java.base/java.lang.Thread.run(Thread.java:1583) ~[na:na]

2026-03-25T16:00:14.544+05:30  WARN 14408 --- [order-service] [DiscoveryClient-InstanceInfoReplicator-0] c.n.discovery.InstanceInfoReplicator     : There was a problem with the instance info replicator

com.netflix.discovery.shared.transport.TransportException: Cannot execute request on any known server
	at com.netflix.discovery.shared.transport.decorator.RetryableEurekaHttpClient.execute(RetryableEurekaHttpClient.java:112) ~[eureka-client-2.0.2.jar:2.0.2]
	at com.netflix.discovery.shared.transport.decorator.EurekaHttpClientDecorator.register(EurekaHttpClientDecorator.java:56) ~[eureka-client-2.0.2.jar:2.0.2]
	at com.netflix.discovery.shared.transport.decorator.EurekaHttpClientDecorator$1.execute(EurekaHttpClientDecorator.java:59) ~[eureka-client-2.0.2.jar:2.0.2]
	at com.netflix.discovery.shared.transport.decorator.SessionedEurekaHttpClient.execute(SessionedEurekaHttpClient.java:77) ~[eureka-client-2.0.2.jar:2.0.2]
	at com.netflix.discovery.shared.transport.decorator.EurekaHttpClientDecorator.register(EurekaHttpClientDecorator.java:56) ~[eureka-client-2.0.2.jar:2.0.2]
	at com.netflix.discovery.DiscoveryClient.register(DiscoveryClient.java:820) ~[eureka-client-2.0.2.jar:2.0.2]
	at com.netflix.discovery.InstanceInfoReplicator.run(InstanceInfoReplicator.java:121) ~[eureka-client-2.0.2.jar:2.0.2]
	at com.netflix.discovery.InstanceInfoReplicator$1.run(InstanceInfoReplicator.java:101) ~[eureka-client-2.0.2.jar:2.0.2]
	at java.base/java.util.concurrent.Executors$RunnableAdapter.call(Executors.java:572) ~[na:na]
	at java.base/java.util.concurrent.FutureTask.run(FutureTask.java:317) ~[na:na]
	at java.base/java.util.concurrent.ScheduledThreadPoolExecutor$ScheduledFutureTask.run(ScheduledThreadPoolExecutor.java:304) ~[na:na]
	at java.base/java.util.concurrent.ThreadPoolExecutor.runWorker(ThreadPoolExecutor.java:1144) ~[na:na]
	at java.base/java.util.concurrent.ThreadPoolExecutor$Worker.run(ThreadPoolExecutor.java:642) ~[na:na]
	at java.base/java.lang.Thread.run(Thread.java:1583) ~[na:na]

2026-03-25T16:00:44.196+05:30  INFO 14408 --- [order-service] [DiscoveryClient-CacheRefreshExecutor-0] com.netflix.discovery.DiscoveryClient    : Disable delta property : false
2026-03-25T16:00:44.197+05:30  INFO 14408 --- [order-service] [DiscoveryClient-CacheRefreshExecutor-0] com.netflix.discovery.DiscoveryClient    : Single vip registry refresh property : null
2026-03-25T16:00:44.197+05:30  INFO 14408 --- [order-service] [DiscoveryClient-CacheRefreshExecutor-0] com.netflix.discovery.DiscoveryClient    : Force full registry fetch : false
2026-03-25T16:00:44.197+05:30  INFO 14408 --- [order-service] [DiscoveryClient-CacheRefreshExecutor-0] com.netflix.discovery.DiscoveryClient    : Application is null : false
2026-03-25T16:00:44.197+05:30  INFO 14408 --- [order-service] [DiscoveryClient-CacheRefreshExecutor-0] com.netflix.discovery.DiscoveryClient    : Registered Applications size is zero : true
2026-03-25T16:00:44.197+05:30  INFO 14408 --- [order-service] [DiscoveryClient-CacheRefreshExecutor-0] com.netflix.discovery.DiscoveryClient    : Application version is -1: true
2026-03-25T16:00:44.197+05:30  INFO 14408 --- [order-service] [DiscoveryClient-CacheRefreshExecutor-0] com.netflix.discovery.DiscoveryClient    : Getting all instance registry info from the eureka server
2026-03-25T16:00:44.255+05:30  INFO 14408 --- [order-service] [DiscoveryClient-CacheRefreshExecutor-0] com.netflix.discovery.DiscoveryClient    : The response status is 200
2026-03-25T16:00:44.297+05:30  INFO 14408 --- [order-service] [DiscoveryClient-HeartbeatExecutor-0] com.netflix.discovery.DiscoveryClient    : DiscoveryClient_ORDER-SERVICE/order-service:8083 - Re-registering apps/ORDER-SERVICE
2026-03-25T16:00:44.298+05:30  INFO 14408 --- [order-service] [DiscoveryClient-HeartbeatExecutor-0] com.netflix.discovery.DiscoveryClient    : DiscoveryClient_ORDER-SERVICE/order-service:8083: registering service...
2026-03-25T16:00:44.305+05:30  INFO 14408 --- [order-service] [DiscoveryClient-HeartbeatExecutor-0] com.netflix.discovery.DiscoveryClient    : DiscoveryClient_ORDER-SERVICE/order-service:8083 - registration status: 204
2026-03-25T16:01:14.262+05:30  INFO 14408 --- [order-service] [DiscoveryClient-CacheRefreshExecutor-0] com.netflix.discovery.DiscoveryClient    : Disable delta property : false
2026-03-25T16:01:14.262+05:30  INFO 14408 --- [order-service] [DiscoveryClient-CacheRefreshExecutor-0] com.netflix.discovery.DiscoveryClient    : Single vip registry refresh property : null
2026-03-25T16:01:14.263+05:30  INFO 14408 --- [order-service] [DiscoveryClient-CacheRefreshExecutor-0] com.netflix.discovery.DiscoveryClient    : Force full registry fetch : false
2026-03-25T16:01:14.263+05:30  INFO 14408 --- [order-service] [DiscoveryClient-CacheRefreshExecutor-0] com.netflix.discovery.DiscoveryClient    : Application is null : false
2026-03-25T16:01:14.263+05:30  INFO 14408 --- [order-service] [DiscoveryClient-CacheRefreshExecutor-0] com.netflix.discovery.DiscoveryClient    : Registered Applications size is zero : true
2026-03-25T16:01:14.263+05:30  INFO 14408 --- [order-service] [DiscoveryClient-CacheRefreshExecutor-0] com.netflix.discovery.DiscoveryClient    : Application version is -1: false
2026-03-25T16:01:14.263+05:30  INFO 14408 --- [order-service] [DiscoveryClient-CacheRefreshExecutor-0] com.netflix.discovery.DiscoveryClient    : Getting all instance registry info from the eureka server
2026-03-25T16:01:14.293+05:30  INFO 14408 --- [order-service] [DiscoveryClient-CacheRefreshExecutor-0] com.netflix.discovery.DiscoveryClient    : The response status is 200
2026-03-25T16:05:12.867+05:30  INFO 14408 --- [order-service] [AsyncResolver-bootstrap-executor-0] c.n.d.s.r.aws.ConfigClusterResolver      : Resolving eureka endpoints via configuration
2026-03-25T16:10:12.882+05:30  INFO 14408 --- [order-service] [AsyncResolver-bootstrap-executor-0] c.n.d.s.r.aws.ConfigClusterResolver      : Resolving eureka endpoints via configuration
2026-03-25T16:15:12.914+05:30  INFO 14408 --- [order-service] [AsyncResolver-bootstrap-executor-0] c.n.d.s.r.aws.ConfigClusterResolver      : Resolving eureka endpoints via configuration
2026-03-25T16:20:13.071+05:30  INFO 14408 --- [order-service] [AsyncResolver-bootstrap-executor-0] c.n.d.s.r.aws.ConfigClusterResolver      : Resolving eureka endpoints via configuration
2026-03-25T16:25:13.179+05:30  INFO 14408 --- [order-service] [AsyncResolver-bootstrap-executor-0] c.n.d.s.r.aws.ConfigClusterResolver      : Resolving eureka endpoints via configuration
2026-03-25T16:28:25.727+05:30  WARN 14408 --- [order-service] [DiscoveryClient-0] c.netflix.discovery.TimedSupervisorTask  : task supervisor timed out

java.util.concurrent.TimeoutException: null
	at java.base/java.util.concurrent.FutureTask.get(FutureTask.java:204) ~[na:na]
	at com.netflix.discovery.TimedSupervisorTask.run(TimedSupervisorTask.java:68) ~[eureka-client-2.0.2.jar:2.0.2]
	at java.base/java.util.concurrent.Executors$RunnableAdapter.call(Executors.java:572) ~[na:na]
	at java.base/java.util.concurrent.FutureTask.run(FutureTask.java:317) ~[na:na]
	at java.base/java.util.concurrent.ScheduledThreadPoolExecutor$ScheduledFutureTask.run(ScheduledThreadPoolExecutor.java:304) ~[na:na]
	at java.base/java.util.concurrent.ThreadPoolExecutor.runWorker(ThreadPoolExecutor.java:1144) ~[na:na]
	at java.base/java.util.concurrent.ThreadPoolExecutor$Worker.run(ThreadPoolExecutor.java:642) ~[na:na]
	at java.base/java.lang.Thread.run(Thread.java:1583) ~[na:na]

2026-03-25T16:28:25.727+05:30  WARN 14408 --- [order-service] [DiscoveryClient-1] c.netflix.discovery.TimedSupervisorTask  : task supervisor timed out

java.util.concurrent.TimeoutException: null
	at java.base/java.util.concurrent.FutureTask.get(FutureTask.java:204) ~[na:na]
	at com.netflix.discovery.TimedSupervisorTask.run(TimedSupervisorTask.java:68) ~[eureka-client-2.0.2.jar:2.0.2]
	at java.base/java.util.concurrent.Executors$RunnableAdapter.call(Executors.java:572) ~[na:na]
	at java.base/java.util.concurrent.FutureTask.run(FutureTask.java:317) ~[na:na]
	at java.base/java.util.concurrent.ScheduledThreadPoolExecutor$ScheduledFutureTask.run(ScheduledThreadPoolExecutor.java:304) ~[na:na]
	at java.base/java.util.concurrent.ThreadPoolExecutor.runWorker(ThreadPoolExecutor.java:1144) ~[na:na]
	at java.base/java.util.concurrent.ThreadPoolExecutor$Worker.run(ThreadPoolExecutor.java:642) ~[na:na]
	at java.base/java.lang.Thread.run(Thread.java:1583) ~[na:na]

2026-03-25T16:28:46.525+05:30  INFO 14408 --- [order-service] [DiscoveryClient-CacheRefreshExecutor-0] o.a.h.c.h.i.c.HttpRequestRetryExec       : Recoverable I/O exception (org.apache.hc.core5.http.NoHttpResponseException) caught when processing request to {}->http://localhost:8761
2026-03-25T16:28:55.706+05:30  INFO 14408 --- [order-service] [DiscoveryClient-HeartbeatExecutor-0] c.n.d.s.t.d.RedirectingEurekaHttpClient  : Request execution error. endpoint=DefaultEndpoint{ serviceUrl='http://localhost:8761/eureka/}, exception=null stacktrace=java.util.concurrent.CancellationException
	at org.apache.hc.core5.concurrent.BasicFuture.getResult(BasicFuture.java:75)
	at org.apache.hc.core5.concurrent.BasicFuture.get(BasicFuture.java:96)
	at org.apache.hc.core5.pool.StrictConnPool$1.get(StrictConnPool.java:184)
	at org.apache.hc.core5.pool.StrictConnPool$1.get(StrictConnPool.java:178)
	at org.apache.hc.client5.http.impl.io.PoolingHttpClientConnectionManager$3.get(PoolingHttpClientConnectionManager.java:312)
	at org.apache.hc.client5.http.impl.classic.InternalExecRuntime.acquireEndpoint(InternalExecRuntime.java:109)
	at org.apache.hc.client5.http.impl.classic.ConnectExec.execute(ConnectExec.java:125)
	at org.apache.hc.client5.http.impl.classic.ExecChainElement.execute(ExecChainElement.java:51)
	at org.apache.hc.client5.http.impl.classic.ProtocolExec.execute(ProtocolExec.java:192)
	at org.apache.hc.client5.http.impl.classic.ExecChainElement.execute(ExecChainElement.java:51)
	at org.apache.hc.client5.http.impl.classic.HttpRequestRetryExec.execute(HttpRequestRetryExec.java:96)
	at org.apache.hc.client5.http.impl.classic.ExecChainElement.execute(ExecChainElement.java:51)
	at org.apache.hc.client5.http.impl.classic.ContentCompressionExec.execute(ContentCompressionExec.java:152)
	at org.apache.hc.client5.http.impl.classic.ExecChainElement.execute(ExecChainElement.java:51)
	at org.apache.hc.client5.http.impl.classic.RedirectExec.execute(RedirectExec.java:115)
	at org.apache.hc.client5.http.impl.classic.ExecChainElement.execute(ExecChainElement.java:51)
	at org.apache.hc.client5.http.impl.classic.InternalHttpClient.doExecute(InternalHttpClient.java:170)
	at org.apache.hc.client5.http.impl.classic.CloseableHttpClient.execute(CloseableHttpClient.java:87)
	at org.apache.hc.client5.http.impl.classic.CloseableHttpClient.execute(CloseableHttpClient.java:55)
	at org.apache.hc.client5.http.classic.HttpClient.executeOpen(HttpClient.java:183)
	at org.springframework.http.client.HttpComponentsClientHttpRequest.executeInternal(HttpComponentsClientHttpRequest.java:95)
	at org.springframework.http.client.AbstractStreamingClientHttpRequest.executeInternal(AbstractStreamingClientHttpRequest.java:70)
	at org.springframework.http.client.AbstractClientHttpRequest.execute(AbstractClientHttpRequest.java:66)
	at org.springframework.http.client.InterceptingClientHttpRequest$InterceptingRequestExecution.execute(InterceptingClientHttpRequest.java:112)
	at org.springframework.cloud.netflix.eureka.http.RestTemplateTransportClientFactory.lambda$restTemplate$0(RestTemplateTransportClientFactory.java:143)
	at org.springframework.http.client.InterceptingClientHttpRequest$InterceptingRequestExecution.execute(InterceptingClientHttpRequest.java:88)
	at org.springframework.http.client.InterceptingClientHttpRequest.executeInternal(InterceptingClientHttpRequest.java:72)
	at org.springframework.http.client.AbstractBufferingClientHttpRequest.executeInternal(AbstractBufferingClientHttpRequest.java:48)
	at org.springframework.http.client.AbstractClientHttpRequest.execute(AbstractClientHttpRequest.java:66)
	at org.springframework.web.client.RestTemplate.doExecute(RestTemplate.java:889)
	at org.springframework.web.client.RestTemplate.execute(RestTemplate.java:790)
	at org.springframework.web.client.RestTemplate.exchange(RestTemplate.java:672)
	at org.springframework.cloud.netflix.eureka.http.RestTemplateEurekaHttpClient.sendHeartBeat(RestTemplateEurekaHttpClient.java:99)
	at com.netflix.discovery.shared.transport.decorator.EurekaHttpClientDecorator$3.execute(EurekaHttpClientDecorator.java:92)
	at com.netflix.discovery.shared.transport.decorator.RedirectingEurekaHttpClient.executeOnNewServer(RedirectingEurekaHttpClient.java:121)
	at com.netflix.discovery.shared.transport.decorator.RedirectingEurekaHttpClient.execute(RedirectingEurekaHttpClient.java:80)
	at com.netflix.discovery.shared.transport.decorator.EurekaHttpClientDecorator.sendHeartBeat(EurekaHttpClientDecorator.java:89)
	at com.netflix.discovery.shared.transport.decorator.EurekaHttpClientDecorator$3.execute(EurekaHttpClientDecorator.java:92)
	at com.netflix.discovery.shared.transport.decorator.RetryableEurekaHttpClient.execute(RetryableEurekaHttpClient.java:120)
	at com.netflix.discovery.shared.transport.decorator.EurekaHttpClientDecorator.sendHeartBeat(EurekaHttpClientDecorator.java:89)
	at com.netflix.discovery.shared.transport.decorator.EurekaHttpClientDecorator$3.execute(EurekaHttpClientDecorator.java:92)
	at com.netflix.discovery.shared.transport.decorator.SessionedEurekaHttpClient.execute(SessionedEurekaHttpClient.java:77)
	at com.netflix.discovery.shared.transport.decorator.EurekaHttpClientDecorator.sendHeartBeat(EurekaHttpClientDecorator.java:89)
	at com.netflix.discovery.DiscoveryClient.renew(DiscoveryClient.java:837)
	at com.netflix.discovery.DiscoveryClient$HeartbeatThread.run(DiscoveryClient.java:1401)
	at java.base/java.util.concurrent.Executors$RunnableAdapter.call(Executors.java:572)
	at java.base/java.util.concurrent.FutureTask.run(FutureTask.java:317)
	at java.base/java.util.concurrent.ThreadPoolExecutor.runWorker(ThreadPoolExecutor.java:1144)
	at java.base/java.util.concurrent.ThreadPoolExecutor$Worker.run(ThreadPoolExecutor.java:642)
	at java.base/java.lang.Thread.run(Thread.java:1583)

2026-03-25T16:28:56.049+05:30  WARN 14408 --- [order-service] [DiscoveryClient-HeartbeatExecutor-0] c.n.d.s.t.d.RetryableEurekaHttpClient    : Request execution failed with message: null
2026-03-25T16:28:56.532+05:30  INFO 14408 --- [order-service] [DiscoveryClient-CacheRefreshExecutor-0] c.n.d.s.t.d.RedirectingEurekaHttpClient  : Request execution error. endpoint=DefaultEndpoint{ serviceUrl='http://localhost:8761/eureka/} exception=null stacktrace=java.util.concurrent.CancellationException
	at org.apache.hc.core5.concurrent.BasicFuture.getResult(BasicFuture.java:75)
	at org.apache.hc.core5.concurrent.BasicFuture.get(BasicFuture.java:96)
	at org.apache.hc.core5.pool.StrictConnPool$1.get(StrictConnPool.java:184)
	at org.apache.hc.core5.pool.StrictConnPool$1.get(StrictConnPool.java:178)
	at org.apache.hc.client5.http.impl.io.PoolingHttpClientConnectionManager$3.get(PoolingHttpClientConnectionManager.java:312)
	at org.apache.hc.client5.http.impl.classic.InternalExecRuntime.acquireEndpoint(InternalExecRuntime.java:109)
	at org.apache.hc.client5.http.impl.classic.ConnectExec.execute(ConnectExec.java:125)
	at org.apache.hc.client5.http.impl.classic.ExecChainElement.execute(ExecChainElement.java:51)
	at org.apache.hc.client5.http.impl.classic.ProtocolExec.execute(ProtocolExec.java:192)
	at org.apache.hc.client5.http.impl.classic.ExecChainElement.execute(ExecChainElement.java:51)
	at org.apache.hc.client5.http.impl.classic.HttpRequestRetryExec.execute(HttpRequestRetryExec.java:96)
	at org.apache.hc.client5.http.impl.classic.ExecChainElement.execute(ExecChainElement.java:51)
	at org.apache.hc.client5.http.impl.classic.ContentCompressionExec.execute(ContentCompressionExec.java:152)
	at org.apache.hc.client5.http.impl.classic.ExecChainElement.execute(ExecChainElement.java:51)
	at org.apache.hc.client5.http.impl.classic.RedirectExec.execute(RedirectExec.java:115)
	at org.apache.hc.client5.http.impl.classic.ExecChainElement.execute(ExecChainElement.java:51)
	at org.apache.hc.client5.http.impl.classic.InternalHttpClient.doExecute(InternalHttpClient.java:170)
	at org.apache.hc.client5.http.impl.classic.CloseableHttpClient.execute(CloseableHttpClient.java:87)
	at org.apache.hc.client5.http.impl.classic.CloseableHttpClient.execute(CloseableHttpClient.java:55)
	at org.apache.hc.client5.http.classic.HttpClient.executeOpen(HttpClient.java:183)
	at org.springframework.http.client.HttpComponentsClientHttpRequest.executeInternal(HttpComponentsClientHttpRequest.java:95)
	at org.springframework.http.client.AbstractStreamingClientHttpRequest.executeInternal(AbstractStreamingClientHttpRequest.java:70)
	at org.springframework.http.client.AbstractClientHttpRequest.execute(AbstractClientHttpRequest.java:66)
	at org.springframework.http.client.InterceptingClientHttpRequest$InterceptingRequestExecution.execute(InterceptingClientHttpRequest.java:112)
	at org.springframework.cloud.netflix.eureka.http.RestTemplateTransportClientFactory.lambda$restTemplate$0(RestTemplateTransportClientFactory.java:143)
	at org.springframework.http.client.InterceptingClientHttpRequest$InterceptingRequestExecution.execute(InterceptingClientHttpRequest.java:88)
	at org.springframework.http.client.InterceptingClientHttpRequest.executeInternal(InterceptingClientHttpRequest.java:72)
	at org.springframework.http.client.AbstractBufferingClientHttpRequest.executeInternal(AbstractBufferingClientHttpRequest.java:48)
	at org.springframework.http.client.AbstractClientHttpRequest.execute(AbstractClientHttpRequest.java:66)
	at org.springframework.web.client.RestTemplate.doExecute(RestTemplate.java:889)
	at org.springframework.web.client.RestTemplate.execute(RestTemplate.java:790)
	at org.springframework.web.client.RestTemplate.exchange(RestTemplate.java:672)
	at org.springframework.cloud.netflix.eureka.http.RestTemplateEurekaHttpClient.getApplicationsInternal(RestTemplateEurekaHttpClient.java:145)
	at org.springframework.cloud.netflix.eureka.http.RestTemplateEurekaHttpClient.getDelta(RestTemplateEurekaHttpClient.java:155)
	at com.netflix.discovery.shared.transport.decorator.EurekaHttpClientDecorator$7.execute(EurekaHttpClientDecorator.java:152)
	at com.netflix.discovery.shared.transport.decorator.RedirectingEurekaHttpClient.execute(RedirectingEurekaHttpClient.java:91)
	at com.netflix.discovery.shared.transport.decorator.EurekaHttpClientDecorator.getDelta(EurekaHttpClientDecorator.java:149)
	at com.netflix.discovery.shared.transport.decorator.EurekaHttpClientDecorator$7.execute(EurekaHttpClientDecorator.java:152)
	at com.netflix.discovery.shared.transport.decorator.RetryableEurekaHttpClient.execute(RetryableEurekaHttpClient.java:120)
	at com.netflix.discovery.shared.transport.decorator.EurekaHttpClientDecorator.getDelta(EurekaHttpClientDecorator.java:149)
	at com.netflix.discovery.shared.transport.decorator.EurekaHttpClientDecorator$7.execute(EurekaHttpClientDecorator.java:152)
	at com.netflix.discovery.shared.transport.decorator.SessionedEurekaHttpClient.execute(SessionedEurekaHttpClient.java:77)
	at com.netflix.discovery.shared.transport.decorator.EurekaHttpClientDecorator.getDelta(EurekaHttpClientDecorator.java:149)
	at com.netflix.discovery.DiscoveryClient.getAndUpdateDelta(DiscoveryClient.java:1079)
	at com.netflix.discovery.DiscoveryClient.fetchRegistry(DiscoveryClient.java:960)
	at com.netflix.discovery.DiscoveryClient.refreshRegistry(DiscoveryClient.java:1475)
	at com.netflix.discovery.DiscoveryClient$CacheRefreshThread.run(DiscoveryClient.java:1442)
	at java.base/java.util.concurrent.Executors$RunnableAdapter.call(Executors.java:572)
	at java.base/java.util.concurrent.FutureTask.run(FutureTask.java:317)
	at java.base/java.util.concurrent.ThreadPoolExecutor.runWorker(ThreadPoolExecutor.java:1144)
	at java.base/java.util.concurrent.ThreadPoolExecutor$Worker.run(ThreadPoolExecutor.java:642)
	at java.base/java.lang.Thread.run(Thread.java:1583)

2026-03-25T16:28:56.566+05:30  WARN 14408 --- [order-service] [DiscoveryClient-CacheRefreshExecutor-0] c.n.d.s.t.d.RetryableEurekaHttpClient    : Request execution failed with message: null
2026-03-25T16:28:56.615+05:30 ERROR 14408 --- [order-service] [DiscoveryClient-HeartbeatExecutor-0] com.netflix.discovery.DiscoveryClient    : DiscoveryClient_ORDER-SERVICE/order-service:8083 - was unable to send heartbeat!

com.netflix.discovery.shared.transport.TransportException: Cannot execute request on any known server
	at com.netflix.discovery.shared.transport.decorator.RetryableEurekaHttpClient.execute(RetryableEurekaHttpClient.java:112) ~[eureka-client-2.0.2.jar:2.0.2]
	at com.netflix.discovery.shared.transport.decorator.EurekaHttpClientDecorator.sendHeartBeat(EurekaHttpClientDecorator.java:89) ~[eureka-client-2.0.2.jar:2.0.2]
	at com.netflix.discovery.shared.transport.decorator.EurekaHttpClientDecorator$3.execute(EurekaHttpClientDecorator.java:92) ~[eureka-client-2.0.2.jar:2.0.2]
	at com.netflix.discovery.shared.transport.decorator.SessionedEurekaHttpClient.execute(SessionedEurekaHttpClient.java:77) ~[eureka-client-2.0.2.jar:2.0.2]
	at com.netflix.discovery.shared.transport.decorator.EurekaHttpClientDecorator.sendHeartBeat(EurekaHttpClientDecorator.java:89) ~[eureka-client-2.0.2.jar:2.0.2]
	at com.netflix.discovery.DiscoveryClient.renew(DiscoveryClient.java:837) ~[eureka-client-2.0.2.jar:2.0.2]
	at com.netflix.discovery.DiscoveryClient$HeartbeatThread.run(DiscoveryClient.java:1401) ~[eureka-client-2.0.2.jar:2.0.2]
	at java.base/java.util.concurrent.Executors$RunnableAdapter.call(Executors.java:572) ~[na:na]
	at java.base/java.util.concurrent.FutureTask.run(FutureTask.java:317) ~[na:na]
	at java.base/java.util.concurrent.ThreadPoolExecutor.runWorker(ThreadPoolExecutor.java:1144) ~[na:na]
	at java.base/java.util.concurrent.ThreadPoolExecutor$Worker.run(ThreadPoolExecutor.java:642) ~[na:na]
	at java.base/java.lang.Thread.run(Thread.java:1583) ~[na:na]

2026-03-25T16:29:05.212+05:30  INFO 14408 --- [order-service] [DiscoveryClient-CacheRefreshExecutor-0] c.n.d.s.t.d.RedirectingEurekaHttpClient  : Request execution error. endpoint=DefaultEndpoint{ serviceUrl='http://localhost:8761/eureka/}, exception=null stacktrace=java.util.concurrent.CancellationException
	at org.apache.hc.core5.concurrent.BasicFuture.getResult(BasicFuture.java:75)
	at org.apache.hc.core5.concurrent.BasicFuture.get(BasicFuture.java:96)
	at org.apache.hc.core5.pool.StrictConnPool$1.get(StrictConnPool.java:184)
	at org.apache.hc.core5.pool.StrictConnPool$1.get(StrictConnPool.java:178)
	at org.apache.hc.client5.http.impl.io.PoolingHttpClientConnectionManager$3.get(PoolingHttpClientConnectionManager.java:312)
	at org.apache.hc.client5.http.impl.classic.InternalExecRuntime.acquireEndpoint(InternalExecRuntime.java:109)
	at org.apache.hc.client5.http.impl.classic.ConnectExec.execute(ConnectExec.java:125)
	at org.apache.hc.client5.http.impl.classic.ExecChainElement.execute(ExecChainElement.java:51)
	at org.apache.hc.client5.http.impl.classic.ProtocolExec.execute(ProtocolExec.java:192)
	at org.apache.hc.client5.http.impl.classic.ExecChainElement.execute(ExecChainElement.java:51)
	at org.apache.hc.client5.http.impl.classic.HttpRequestRetryExec.execute(HttpRequestRetryExec.java:96)
	at org.apache.hc.client5.http.impl.classic.ExecChainElement.execute(ExecChainElement.java:51)
	at org.apache.hc.client5.http.impl.classic.ContentCompressionExec.execute(ContentCompressionExec.java:152)
	at org.apache.hc.client5.http.impl.classic.ExecChainElement.execute(ExecChainElement.java:51)
	at org.apache.hc.client5.http.impl.classic.RedirectExec.execute(RedirectExec.java:115)
	at org.apache.hc.client5.http.impl.classic.ExecChainElement.execute(ExecChainElement.java:51)
	at org.apache.hc.client5.http.impl.classic.InternalHttpClient.doExecute(InternalHttpClient.java:170)
	at org.apache.hc.client5.http.impl.classic.CloseableHttpClient.execute(CloseableHttpClient.java:87)
	at org.apache.hc.client5.http.impl.classic.CloseableHttpClient.execute(CloseableHttpClient.java:55)
	at org.apache.hc.client5.http.classic.HttpClient.executeOpen(HttpClient.java:183)
	at org.springframework.http.client.HttpComponentsClientHttpRequest.executeInternal(HttpComponentsClientHttpRequest.java:95)
	at org.springframework.http.client.AbstractStreamingClientHttpRequest.executeInternal(AbstractStreamingClientHttpRequest.java:70)
	at org.springframework.http.client.AbstractClientHttpRequest.execute(AbstractClientHttpRequest.java:66)
	at org.springframework.http.client.InterceptingClientHttpRequest$InterceptingRequestExecution.execute(InterceptingClientHttpRequest.java:112)
	at org.springframework.cloud.netflix.eureka.http.RestTemplateTransportClientFactory.lambda$restTemplate$0(RestTemplateTransportClientFactory.java:143)
	at org.springframework.http.client.InterceptingClientHttpRequest$InterceptingRequestExecution.execute(InterceptingClientHttpRequest.java:88)
	at org.springframework.http.client.InterceptingClientHttpRequest.executeInternal(InterceptingClientHttpRequest.java:72)
	at org.springframework.http.client.AbstractBufferingClientHttpRequest.executeInternal(AbstractBufferingClientHttpRequest.java:48)
	at org.springframework.http.client.AbstractClientHttpRequest.execute(AbstractClientHttpRequest.java:66)
	at org.springframework.web.client.RestTemplate.doExecute(RestTemplate.java:889)
	at org.springframework.web.client.RestTemplate.execute(RestTemplate.java:790)
	at org.springframework.web.client.RestTemplate.exchange(RestTemplate.java:672)
	at org.springframework.cloud.netflix.eureka.http.RestTemplateEurekaHttpClient.getApplicationsInternal(RestTemplateEurekaHttpClient.java:145)
	at org.springframework.cloud.netflix.eureka.http.RestTemplateEurekaHttpClient.getDelta(RestTemplateEurekaHttpClient.java:155)
	at com.netflix.discovery.shared.transport.decorator.EurekaHttpClientDecorator$7.execute(EurekaHttpClientDecorator.java:152)
	at com.netflix.discovery.shared.transport.decorator.RedirectingEurekaHttpClient.executeOnNewServer(RedirectingEurekaHttpClient.java:121)
	at com.netflix.discovery.shared.transport.decorator.RedirectingEurekaHttpClient.execute(RedirectingEurekaHttpClient.java:80)
	at com.netflix.discovery.shared.transport.decorator.EurekaHttpClientDecorator.getDelta(EurekaHttpClientDecorator.java:149)
	at com.netflix.discovery.shared.transport.decorator.EurekaHttpClientDecorator$7.execute(EurekaHttpClientDecorator.java:152)
	at com.netflix.discovery.shared.transport.decorator.RetryableEurekaHttpClient.execute(RetryableEurekaHttpClient.java:120)
	at com.netflix.discovery.shared.transport.decorator.EurekaHttpClientDecorator.getDelta(EurekaHttpClientDecorator.java:149)
	at com.netflix.discovery.shared.transport.decorator.EurekaHttpClientDecorator$7.execute(EurekaHttpClientDecorator.java:152)
	at com.netflix.discovery.shared.transport.decorator.SessionedEurekaHttpClient.execute(SessionedEurekaHttpClient.java:77)
	at com.netflix.discovery.shared.transport.decorator.EurekaHttpClientDecorator.getDelta(EurekaHttpClientDecorator.java:149)
	at com.netflix.discovery.DiscoveryClient.getAndUpdateDelta(DiscoveryClient.java:1079)
	at com.netflix.discovery.DiscoveryClient.fetchRegistry(DiscoveryClient.java:960)
	at com.netflix.discovery.DiscoveryClient.refreshRegistry(DiscoveryClient.java:1475)
	at com.netflix.discovery.DiscoveryClient$CacheRefreshThread.run(DiscoveryClient.java:1442)
	at java.base/java.util.concurrent.Executors$RunnableAdapter.call(Executors.java:572)
	at java.base/java.util.concurrent.FutureTask.run(FutureTask.java:317)
	at java.base/java.util.concurrent.ThreadPoolExecutor.runWorker(ThreadPoolExecutor.java:1144)
	at java.base/java.util.concurrent.ThreadPoolExecutor$Worker.run(ThreadPoolExecutor.java:642)
	at java.base/java.lang.Thread.run(Thread.java:1583)

2026-03-25T16:29:05.213+05:30  WARN 14408 --- [order-service] [DiscoveryClient-CacheRefreshExecutor-0] c.n.d.s.t.d.RetryableEurekaHttpClient    : Request execution failed with message: null
2026-03-25T16:29:05.764+05:30  INFO 14408 --- [order-service] [DiscoveryClient-CacheRefreshExecutor-0] com.netflix.discovery.DiscoveryClient    : DiscoveryClient_ORDER-SERVICE/order-service:8083 - was unable to refresh its cache! This periodic background refresh will be retried in 30 seconds. status = Cannot execute request on any known server stacktrace = com.netflix.discovery.shared.transport.TransportException: Cannot execute request on any known server
	at com.netflix.discovery.shared.transport.decorator.RetryableEurekaHttpClient.execute(RetryableEurekaHttpClient.java:112)
	at com.netflix.discovery.shared.transport.decorator.EurekaHttpClientDecorator.getDelta(EurekaHttpClientDecorator.java:149)
	at com.netflix.discovery.shared.transport.decorator.EurekaHttpClientDecorator$7.execute(EurekaHttpClientDecorator.java:152)
	at com.netflix.discovery.shared.transport.decorator.SessionedEurekaHttpClient.execute(SessionedEurekaHttpClient.java:77)
	at com.netflix.discovery.shared.transport.decorator.EurekaHttpClientDecorator.getDelta(EurekaHttpClientDecorator.java:149)
	at com.netflix.discovery.DiscoveryClient.getAndUpdateDelta(DiscoveryClient.java:1079)
	at com.netflix.discovery.DiscoveryClient.fetchRegistry(DiscoveryClient.java:960)
	at com.netflix.discovery.DiscoveryClient.refreshRegistry(DiscoveryClient.java:1475)
	at com.netflix.discovery.DiscoveryClient$CacheRefreshThread.run(DiscoveryClient.java:1442)
	at java.base/java.util.concurrent.Executors$RunnableAdapter.call(Executors.java:572)
	at java.base/java.util.concurrent.FutureTask.run(FutureTask.java:317)
	at java.base/java.util.concurrent.ThreadPoolExecutor.runWorker(ThreadPoolExecutor.java:1144)
	at java.base/java.util.concurrent.ThreadPoolExecutor$Worker.run(ThreadPoolExecutor.java:642)
	at java.base/java.lang.Thread.run(Thread.java:1583)

2026-03-25T16:30:13.205+05:30  INFO 14408 --- [order-service] [AsyncResolver-bootstrap-executor-0] c.n.d.s.r.aws.ConfigClusterResolver      : Resolving eureka endpoints via configuration
2026-03-25T16:35:13.324+05:30  INFO 14408 --- [order-service] [AsyncResolver-bootstrap-executor-0] c.n.d.s.r.aws.ConfigClusterResolver      : Resolving eureka endpoints via configuration
2026-03-25T16:40:13.359+05:30  INFO 14408 --- [order-service] [AsyncResolver-bootstrap-executor-0] c.n.d.s.r.aws.ConfigClusterResolver      : Resolving eureka endpoints via configuration
2026-03-25T16:45:13.540+05:30  INFO 14408 --- [order-service] [AsyncResolver-bootstrap-executor-0] c.n.d.s.r.aws.ConfigClusterResolver      : Resolving eureka endpoints via configuration
2026-03-25T16:50:13.549+05:30  INFO 14408 --- [order-service] [AsyncResolver-bootstrap-executor-0] c.n.d.s.r.aws.ConfigClusterResolver      : Resolving eureka endpoints via configuration
2026-03-25T17:05:37.832+05:30  WARN 14408 --- [order-service] [OrderServicePool housekeeper] com.zaxxer.hikari.pool.HikariPool        : OrderServicePool - Thread starvation or clock leap detected (housekeeper delta=15m26s749ms316µs199ns).
2026-03-25T20:09:25.980+05:30  WARN 14408 --- [order-service] [OrderServicePool housekeeper] com.zaxxer.hikari.pool.HikariPool        : OrderServicePool - Thread starvation or clock leap detected (housekeeper delta=3h3m57s868ms803µs801ns).
2026-03-25T20:09:55.479+05:30  WARN 14408 --- [order-service] [DiscoveryClient-1] c.netflix.discovery.TimedSupervisorTask  : task supervisor timed out

java.util.concurrent.TimeoutException: null
	at java.base/java.util.concurrent.FutureTask.get(FutureTask.java:204) ~[na:na]
	at com.netflix.discovery.TimedSupervisorTask.run(TimedSupervisorTask.java:68) ~[eureka-client-2.0.2.jar:2.0.2]
	at java.base/java.util.concurrent.Executors$RunnableAdapter.call(Executors.java:572) ~[na:na]
	at java.base/java.util.concurrent.FutureTask.run(FutureTask.java:317) ~[na:na]
	at java.base/java.util.concurrent.ScheduledThreadPoolExecutor$ScheduledFutureTask.run(ScheduledThreadPoolExecutor.java:304) ~[na:na]
	at java.base/java.util.concurrent.ThreadPoolExecutor.runWorker(ThreadPoolExecutor.java:1144) ~[na:na]
	at java.base/java.util.concurrent.ThreadPoolExecutor$Worker.run(ThreadPoolExecutor.java:642) ~[na:na]
	at java.base/java.lang.Thread.run(Thread.java:1583) ~[na:na]

2026-03-25T17:05:57.731+05:30  WARN 14408 --- [order-service] [DiscoveryClient-0] c.netflix.discovery.TimedSupervisorTask  : task supervisor timed out

java.util.concurrent.TimeoutException: null
	at java.base/java.util.concurrent.FutureTask.get(FutureTask.java:204) ~[na:na]
	at com.netflix.discovery.TimedSupervisorTask.run(TimedSupervisorTask.java:68) ~[eureka-client-2.0.2.jar:2.0.2]
	at java.base/java.util.concurrent.Executors$RunnableAdapter.call(Executors.java:572) ~[na:na]
	at java.base/java.util.concurrent.FutureTask.run(FutureTask.java:317) ~[na:na]
	at java.base/java.util.concurrent.ScheduledThreadPoolExecutor$ScheduledFutureTask.run(ScheduledThreadPoolExecutor.java:304) ~[na:na]
	at java.base/java.util.concurrent.ThreadPoolExecutor.runWorker(ThreadPoolExecutor.java:1144) ~[na:na]
	at java.base/java.util.concurrent.ThreadPoolExecutor$Worker.run(ThreadPoolExecutor.java:642) ~[na:na]
	at java.base/java.lang.Thread.run(Thread.java:1583) ~[na:na]

2026-03-25T20:11:43.449+05:30  WARN 14408 --- [order-service] [DiscoveryClient-0] c.netflix.discovery.TimedSupervisorTask  : task supervisor timed out

java.util.concurrent.TimeoutException: null
	at java.base/java.util.concurrent.FutureTask.get(FutureTask.java:204) ~[na:na]
	at com.netflix.discovery.TimedSupervisorTask.run(TimedSupervisorTask.java:68) ~[eureka-client-2.0.2.jar:2.0.2]
	at java.base/java.util.concurrent.Executors$RunnableAdapter.call(Executors.java:572) ~[na:na]
	at java.base/java.util.concurrent.FutureTask.run(FutureTask.java:317) ~[na:na]
	at java.base/java.util.concurrent.ScheduledThreadPoolExecutor$ScheduledFutureTask.run(ScheduledThreadPoolExecutor.java:304) ~[na:na]
	at java.base/java.util.concurrent.ThreadPoolExecutor.runWorker(ThreadPoolExecutor.java:1144) ~[na:na]
	at java.base/java.util.concurrent.ThreadPoolExecutor$Worker.run(ThreadPoolExecutor.java:642) ~[na:na]
	at java.base/java.lang.Thread.run(Thread.java:1583) ~[na:na]

2026-03-25T20:11:51.559+05:30  INFO 14408 --- [order-service] [DiscoveryClient-HeartbeatExecutor-0] com.netflix.discovery.DiscoveryClient    : DiscoveryClient_ORDER-SERVICE/order-service:8083 - Re-registering apps/ORDER-SERVICE
2026-03-25T20:11:51.631+05:30  INFO 14408 --- [order-service] [DiscoveryClient-HeartbeatExecutor-0] com.netflix.discovery.DiscoveryClient    : DiscoveryClient_ORDER-SERVICE/order-service:8083: registering service...
2026-03-25T20:12:10.189+05:30  INFO 14408 --- [order-service] [DiscoveryClient-HeartbeatExecutor-0] c.n.d.s.t.d.RedirectingEurekaHttpClient  : Request execution error. endpoint=DefaultEndpoint{ serviceUrl='http://localhost:8761/eureka/} exception=null stacktrace=java.util.concurrent.CancellationException
	at org.apache.hc.core5.concurrent.BasicFuture.getResult(BasicFuture.java:75)
	at org.apache.hc.core5.concurrent.BasicFuture.get(BasicFuture.java:96)
	at org.apache.hc.core5.pool.StrictConnPool$1.get(StrictConnPool.java:184)
	at org.apache.hc.core5.pool.StrictConnPool$1.get(StrictConnPool.java:178)
	at org.apache.hc.client5.http.impl.io.PoolingHttpClientConnectionManager$3.get(PoolingHttpClientConnectionManager.java:312)
	at org.apache.hc.client5.http.impl.classic.InternalExecRuntime.acquireEndpoint(InternalExecRuntime.java:109)
	at org.apache.hc.client5.http.impl.classic.ConnectExec.execute(ConnectExec.java:125)
	at org.apache.hc.client5.http.impl.classic.ExecChainElement.execute(ExecChainElement.java:51)
	at org.apache.hc.client5.http.impl.classic.ProtocolExec.execute(ProtocolExec.java:192)
	at org.apache.hc.client5.http.impl.classic.ExecChainElement.execute(ExecChainElement.java:51)
	at org.apache.hc.client5.http.impl.classic.HttpRequestRetryExec.execute(HttpRequestRetryExec.java:96)
	at org.apache.hc.client5.http.impl.classic.ExecChainElement.execute(ExecChainElement.java:51)
	at org.apache.hc.client5.http.impl.classic.ContentCompressionExec.execute(ContentCompressionExec.java:152)
	at org.apache.hc.client5.http.impl.classic.ExecChainElement.execute(ExecChainElement.java:51)
	at org.apache.hc.client5.http.impl.classic.RedirectExec.execute(RedirectExec.java:115)
	at org.apache.hc.client5.http.impl.classic.ExecChainElement.execute(ExecChainElement.java:51)
	at org.apache.hc.client5.http.impl.classic.InternalHttpClient.doExecute(InternalHttpClient.java:170)
	at org.apache.hc.client5.http.impl.classic.CloseableHttpClient.execute(CloseableHttpClient.java:87)
	at org.apache.hc.client5.http.impl.classic.CloseableHttpClient.execute(CloseableHttpClient.java:55)
	at org.apache.hc.client5.http.classic.HttpClient.executeOpen(HttpClient.java:183)
	at org.springframework.http.client.HttpComponentsClientHttpRequest.executeInternal(HttpComponentsClientHttpRequest.java:95)
	at org.springframework.http.client.AbstractStreamingClientHttpRequest.executeInternal(AbstractStreamingClientHttpRequest.java:70)
	at org.springframework.http.client.AbstractClientHttpRequest.execute(AbstractClientHttpRequest.java:66)
	at org.springframework.http.client.InterceptingClientHttpRequest$InterceptingRequestExecution.execute(InterceptingClientHttpRequest.java:112)
	at org.springframework.cloud.netflix.eureka.http.RestTemplateTransportClientFactory.lambda$restTemplate$0(RestTemplateTransportClientFactory.java:143)
	at org.springframework.http.client.InterceptingClientHttpRequest$InterceptingRequestExecution.execute(InterceptingClientHttpRequest.java:88)
	at org.springframework.http.client.InterceptingClientHttpRequest.executeInternal(InterceptingClientHttpRequest.java:72)
	at org.springframework.http.client.AbstractBufferingClientHttpRequest.executeInternal(AbstractBufferingClientHttpRequest.java:48)
	at org.springframework.http.client.AbstractClientHttpRequest.execute(AbstractClientHttpRequest.java:66)
	at org.springframework.web.client.RestTemplate.doExecute(RestTemplate.java:889)
	at org.springframework.web.client.RestTemplate.execute(RestTemplate.java:790)
	at org.springframework.web.client.RestTemplate.exchange(RestTemplate.java:672)
	at org.springframework.cloud.netflix.eureka.http.RestTemplateEurekaHttpClient.register(RestTemplateEurekaHttpClient.java:77)
	at com.netflix.discovery.shared.transport.decorator.EurekaHttpClientDecorator$1.execute(EurekaHttpClientDecorator.java:59)
	at com.netflix.discovery.shared.transport.decorator.RedirectingEurekaHttpClient.execute(RedirectingEurekaHttpClient.java:91)
	at com.netflix.discovery.shared.transport.decorator.EurekaHttpClientDecorator.register(EurekaHttpClientDecorator.java:56)
	at com.netflix.discovery.shared.transport.decorator.EurekaHttpClientDecorator$1.execute(EurekaHttpClientDecorator.java:59)
	at com.netflix.discovery.shared.transport.decorator.RetryableEurekaHttpClient.execute(RetryableEurekaHttpClient.java:120)
	at com.netflix.discovery.shared.transport.decorator.EurekaHttpClientDecorator.register(EurekaHttpClientDecorator.java:56)
	at com.netflix.discovery.shared.transport.decorator.EurekaHttpClientDecorator$1.execute(EurekaHttpClientDecorator.java:59)
	at com.netflix.discovery.shared.transport.decorator.SessionedEurekaHttpClient.execute(SessionedEurekaHttpClient.java:77)
	at com.netflix.discovery.shared.transport.decorator.EurekaHttpClientDecorator.register(EurekaHttpClientDecorator.java:56)
	at com.netflix.discovery.DiscoveryClient.register(DiscoveryClient.java:820)
	at com.netflix.discovery.DiscoveryClient.renew(DiscoveryClient.java:843)
	at com.netflix.discovery.DiscoveryClient$HeartbeatThread.run(DiscoveryClient.java:1401)
	at java.base/java.util.concurrent.Executors$RunnableAdapter.call(Executors.java:572)
	at java.base/java.util.concurrent.FutureTask.run(FutureTask.java:317)
	at java.base/java.util.concurrent.ThreadPoolExecutor.runWorker(ThreadPoolExecutor.java:1144)
	at java.base/java.util.concurrent.ThreadPoolExecutor$Worker.run(ThreadPoolExecutor.java:642)
	at java.base/java.lang.Thread.run(Thread.java:1583)

2026-03-25T20:12:11.115+05:30  WARN 14408 --- [order-service] [DiscoveryClient-HeartbeatExecutor-0] c.n.d.s.t.d.RetryableEurekaHttpClient    : Request execution failed with message: null
2026-03-25T20:12:13.395+05:30  INFO 14408 --- [order-service] [DiscoveryClient-HeartbeatExecutor-0] c.n.d.s.t.d.RedirectingEurekaHttpClient  : Request execution error. endpoint=DefaultEndpoint{ serviceUrl='http://localhost:8761/eureka/}, exception=null stacktrace=java.util.concurrent.CancellationException
	at org.apache.hc.core5.concurrent.BasicFuture.getResult(BasicFuture.java:75)
	at org.apache.hc.core5.concurrent.BasicFuture.get(BasicFuture.java:96)
	at org.apache.hc.core5.pool.StrictConnPool$1.get(StrictConnPool.java:184)
	at org.apache.hc.core5.pool.StrictConnPool$1.get(StrictConnPool.java:178)
	at org.apache.hc.client5.http.impl.io.PoolingHttpClientConnectionManager$3.get(PoolingHttpClientConnectionManager.java:312)
	at org.apache.hc.client5.http.impl.classic.InternalExecRuntime.acquireEndpoint(InternalExecRuntime.java:109)
	at org.apache.hc.client5.http.impl.classic.ConnectExec.execute(ConnectExec.java:125)
	at org.apache.hc.client5.http.impl.classic.ExecChainElement.execute(ExecChainElement.java:51)
	at org.apache.hc.client5.http.impl.classic.ProtocolExec.execute(ProtocolExec.java:192)
	at org.apache.hc.client5.http.impl.classic.ExecChainElement.execute(ExecChainElement.java:51)
	at org.apache.hc.client5.http.impl.classic.HttpRequestRetryExec.execute(HttpRequestRetryExec.java:96)
	at org.apache.hc.client5.http.impl.classic.ExecChainElement.execute(ExecChainElement.java:51)
	at org.apache.hc.client5.http.impl.classic.ContentCompressionExec.execute(ContentCompressionExec.java:152)
	at org.apache.hc.client5.http.impl.classic.ExecChainElement.execute(ExecChainElement.java:51)
	at org.apache.hc.client5.http.impl.classic.RedirectExec.execute(RedirectExec.java:115)
	at org.apache.hc.client5.http.impl.classic.ExecChainElement.execute(ExecChainElement.java:51)
	at org.apache.hc.client5.http.impl.classic.InternalHttpClient.doExecute(InternalHttpClient.java:170)
	at org.apache.hc.client5.http.impl.classic.CloseableHttpClient.execute(CloseableHttpClient.java:87)
	at org.apache.hc.client5.http.impl.classic.CloseableHttpClient.execute(CloseableHttpClient.java:55)
	at org.apache.hc.client5.http.classic.HttpClient.executeOpen(HttpClient.java:183)
	at org.springframework.http.client.HttpComponentsClientHttpRequest.executeInternal(HttpComponentsClientHttpRequest.java:95)
	at org.springframework.http.client.AbstractStreamingClientHttpRequest.executeInternal(AbstractStreamingClientHttpRequest.java:70)
	at org.springframework.http.client.AbstractClientHttpRequest.execute(AbstractClientHttpRequest.java:66)
	at org.springframework.http.client.InterceptingClientHttpRequest$InterceptingRequestExecution.execute(InterceptingClientHttpRequest.java:112)
	at org.springframework.cloud.netflix.eureka.http.RestTemplateTransportClientFactory.lambda$restTemplate$0(RestTemplateTransportClientFactory.java:143)
	at org.springframework.http.client.InterceptingClientHttpRequest$InterceptingRequestExecution.execute(InterceptingClientHttpRequest.java:88)
	at org.springframework.http.client.InterceptingClientHttpRequest.executeInternal(InterceptingClientHttpRequest.java:72)
	at org.springframework.http.client.AbstractBufferingClientHttpRequest.executeInternal(AbstractBufferingClientHttpRequest.java:48)
	at org.springframework.http.client.AbstractClientHttpRequest.execute(AbstractClientHttpRequest.java:66)
	at org.springframework.web.client.RestTemplate.doExecute(RestTemplate.java:889)
	at org.springframework.web.client.RestTemplate.execute(RestTemplate.java:790)
	at org.springframework.web.client.RestTemplate.exchange(RestTemplate.java:672)
	at org.springframework.cloud.netflix.eureka.http.RestTemplateEurekaHttpClient.register(RestTemplateEurekaHttpClient.java:77)
	at com.netflix.discovery.shared.transport.decorator.EurekaHttpClientDecorator$1.execute(EurekaHttpClientDecorator.java:59)
	at com.netflix.discovery.shared.transport.decorator.RedirectingEurekaHttpClient.executeOnNewServer(RedirectingEurekaHttpClient.java:121)
	at com.netflix.discovery.shared.transport.decorator.RedirectingEurekaHttpClient.execute(RedirectingEurekaHttpClient.java:80)
	at com.netflix.discovery.shared.transport.decorator.EurekaHttpClientDecorator.register(EurekaHttpClientDecorator.java:56)
	at com.netflix.discovery.shared.transport.decorator.EurekaHttpClientDecorator$1.execute(EurekaHttpClientDecorator.java:59)
	at com.netflix.discovery.shared.transport.decorator.RetryableEurekaHttpClient.execute(RetryableEurekaHttpClient.java:120)
	at com.netflix.discovery.shared.transport.decorator.EurekaHttpClientDecorator.register(EurekaHttpClientDecorator.java:56)
	at com.netflix.discovery.shared.transport.decorator.EurekaHttpClientDecorator$1.execute(EurekaHttpClientDecorator.java:59)
	at com.netflix.discovery.shared.transport.decorator.SessionedEurekaHttpClient.execute(SessionedEurekaHttpClient.java:77)
	at com.netflix.discovery.shared.transport.decorator.EurekaHttpClientDecorator.register(EurekaHttpClientDecorator.java:56)
	at com.netflix.discovery.DiscoveryClient.register(DiscoveryClient.java:820)
	at com.netflix.discovery.DiscoveryClient.renew(DiscoveryClient.java:843)
	at com.netflix.discovery.DiscoveryClient$HeartbeatThread.run(DiscoveryClient.java:1401)
	at java.base/java.util.concurrent.Executors$RunnableAdapter.call(Executors.java:572)
	at java.base/java.util.concurrent.FutureTask.run(FutureTask.java:317)
	at java.base/java.util.concurrent.ThreadPoolExecutor.runWorker(ThreadPoolExecutor.java:1144)
	at java.base/java.util.concurrent.ThreadPoolExecutor$Worker.run(ThreadPoolExecutor.java:642)
	at java.base/java.lang.Thread.run(Thread.java:1583)

2026-03-25T20:12:13.432+05:30  WARN 14408 --- [order-service] [DiscoveryClient-HeartbeatExecutor-0] c.n.d.s.t.d.RetryableEurekaHttpClient    : Request execution failed with message: null
2026-03-25T20:12:13.432+05:30  WARN 14408 --- [order-service] [DiscoveryClient-HeartbeatExecutor-0] com.netflix.discovery.DiscoveryClient    : DiscoveryClient_ORDER-SERVICE/order-service:8083 - registration failed Cannot execute request on any known server

com.netflix.discovery.shared.transport.TransportException: Cannot execute request on any known server
	at com.netflix.discovery.shared.transport.decorator.RetryableEurekaHttpClient.execute(RetryableEurekaHttpClient.java:112) ~[eureka-client-2.0.2.jar:2.0.2]
	at com.netflix.discovery.shared.transport.decorator.EurekaHttpClientDecorator.register(EurekaHttpClientDecorator.java:56) ~[eureka-client-2.0.2.jar:2.0.2]
	at com.netflix.discovery.shared.transport.decorator.EurekaHttpClientDecorator$1.execute(EurekaHttpClientDecorator.java:59) ~[eureka-client-2.0.2.jar:2.0.2]
	at com.netflix.discovery.shared.transport.decorator.SessionedEurekaHttpClient.execute(SessionedEurekaHttpClient.java:77) ~[eureka-client-2.0.2.jar:2.0.2]
	at com.netflix.discovery.shared.transport.decorator.EurekaHttpClientDecorator.register(EurekaHttpClientDecorator.java:56) ~[eureka-client-2.0.2.jar:2.0.2]
	at com.netflix.discovery.DiscoveryClient.register(DiscoveryClient.java:820) ~[eureka-client-2.0.2.jar:2.0.2]
	at com.netflix.discovery.DiscoveryClient.renew(DiscoveryClient.java:843) ~[eureka-client-2.0.2.jar:2.0.2]
	at com.netflix.discovery.DiscoveryClient$HeartbeatThread.run(DiscoveryClient.java:1401) ~[eureka-client-2.0.2.jar:2.0.2]
	at java.base/java.util.concurrent.Executors$RunnableAdapter.call(Executors.java:572) ~[na:na]
	at java.base/java.util.concurrent.FutureTask.run(FutureTask.java:317) ~[na:na]
	at java.base/java.util.concurrent.ThreadPoolExecutor.runWorker(ThreadPoolExecutor.java:1144) ~[na:na]
	at java.base/java.util.concurrent.ThreadPoolExecutor$Worker.run(ThreadPoolExecutor.java:642) ~[na:na]
	at java.base/java.lang.Thread.run(Thread.java:1583) ~[na:na]

2026-03-25T20:12:15.634+05:30 ERROR 14408 --- [order-service] [DiscoveryClient-HeartbeatExecutor-0] com.netflix.discovery.DiscoveryClient    : DiscoveryClient_ORDER-SERVICE/order-service:8083 - was unable to send heartbeat!

com.netflix.discovery.shared.transport.TransportException: Cannot execute request on any known server
	at com.netflix.discovery.shared.transport.decorator.RetryableEurekaHttpClient.execute(RetryableEurekaHttpClient.java:112) ~[eureka-client-2.0.2.jar:2.0.2]
	at com.netflix.discovery.shared.transport.decorator.EurekaHttpClientDecorator.register(EurekaHttpClientDecorator.java:56) ~[eureka-client-2.0.2.jar:2.0.2]
	at com.netflix.discovery.shared.transport.decorator.EurekaHttpClientDecorator$1.execute(EurekaHttpClientDecorator.java:59) ~[eureka-client-2.0.2.jar:2.0.2]
	at com.netflix.discovery.shared.transport.decorator.SessionedEurekaHttpClient.execute(SessionedEurekaHttpClient.java:77) ~[eureka-client-2.0.2.jar:2.0.2]
	at com.netflix.discovery.shared.transport.decorator.EurekaHttpClientDecorator.register(EurekaHttpClientDecorator.java:56) ~[eureka-client-2.0.2.jar:2.0.2]
	at com.netflix.discovery.DiscoveryClient.register(DiscoveryClient.java:820) ~[eureka-client-2.0.2.jar:2.0.2]
	at com.netflix.discovery.DiscoveryClient.renew(DiscoveryClient.java:843) ~[eureka-client-2.0.2.jar:2.0.2]
	at com.netflix.discovery.DiscoveryClient$HeartbeatThread.run(DiscoveryClient.java:1401) ~[eureka-client-2.0.2.jar:2.0.2]
	at java.base/java.util.concurrent.Executors$RunnableAdapter.call(Executors.java:572) ~[na:na]
	at java.base/java.util.concurrent.FutureTask.run(FutureTask.java:317) ~[na:na]
	at java.base/java.util.concurrent.ThreadPoolExecutor.runWorker(ThreadPoolExecutor.java:1144) ~[na:na]
	at java.base/java.util.concurrent.ThreadPoolExecutor$Worker.run(ThreadPoolExecutor.java:642) ~[na:na]
	at java.base/java.lang.Thread.run(Thread.java:1583) ~[na:na]

2026-03-25T20:12:18.121+05:30  INFO 14408 --- [order-service] [DiscoveryClient-InstanceInfoReplicator-0] com.netflix.discovery.DiscoveryClient    : DiscoveryClient_ORDER-SERVICE/order-service:8083: registering service...
2026-03-25T20:12:26.011+05:30  INFO 14408 --- [order-service] [DiscoveryClient-InstanceInfoReplicator-0] com.netflix.discovery.DiscoveryClient    : DiscoveryClient_ORDER-SERVICE/order-service:8083 - registration status: 204
2026-03-25T22:08:49.544+05:30  INFO 24164 --- [order-service] [main] c.e.o.OrderServiceApplication            : Starting OrderServiceApplication using Java 21.0.2 with PID 24164 (F:\Ecommerce Production Level Application\order-service\target\classes started by nanda royality in F:\Ecommerce Production Level Application\user-service)
2026-03-25T22:08:49.554+05:30 DEBUG 24164 --- [order-service] [main] c.e.o.OrderServiceApplication            : Running with Spring Boot v3.2.3, Spring v6.1.4
2026-03-25T22:08:49.555+05:30  INFO 24164 --- [order-service] [main] c.e.o.OrderServiceApplication            : No active profile set, falling back to 1 default profile: "default"
2026-03-25T22:08:51.144+05:30  INFO 24164 --- [order-service] [main] .s.d.r.c.RepositoryConfigurationDelegate : Multiple Spring Data modules found, entering strict repository configuration mode
2026-03-25T22:08:51.146+05:30  INFO 24164 --- [order-service] [main] .s.d.r.c.RepositoryConfigurationDelegate : Bootstrapping Spring Data JPA repositories in DEFAULT mode.
2026-03-25T22:08:51.319+05:30  INFO 24164 --- [order-service] [main] .s.d.r.c.RepositoryConfigurationDelegate : Finished Spring Data repository scanning in 157 ms. Found 3 JPA repository interfaces.
2026-03-25T22:08:51.736+05:30  INFO 24164 --- [order-service] [main] o.s.cloud.context.scope.GenericScope     : BeanFactory id=050aadc7-4625-3da1-8ca2-406a49b73d0d
2026-03-25T22:08:52.171+05:30  WARN 24164 --- [order-service] [main] trationDelegate$BeanPostProcessorChecker : Bean 'org.springframework.cloud.client.loadbalancer.LoadBalancerAutoConfiguration$DeferringLoadBalancerInterceptorConfig' of type [org.springframework.cloud.client.loadbalancer.LoadBalancerAutoConfiguration$DeferringLoadBalancerInterceptorConfig] is not eligible for getting processed by all BeanPostProcessors (for example: not eligible for auto-proxying). The currently created BeanPostProcessor [lbRestClientPostProcessor] is declared through a non-static factory method on that class; consider declaring it as static instead.
2026-03-25T22:08:52.175+05:30  WARN 24164 --- [order-service] [main] trationDelegate$BeanPostProcessorChecker : Bean 'deferringLoadBalancerInterceptor' of type [org.springframework.cloud.client.loadbalancer.DeferringLoadBalancerInterceptor] is not eligible for getting processed by all BeanPostProcessors (for example: not eligible for auto-proxying). Is this bean getting eagerly injected into a currently created BeanPostProcessor [lbRestClientPostProcessor]? Check the corresponding BeanPostProcessor declaration and its dependencies.
2026-03-25T22:08:52.501+05:30  INFO 24164 --- [order-service] [main] o.s.b.w.embedded.tomcat.TomcatWebServer  : Tomcat initialized with port 8083 (http)
2026-03-25T22:08:52.516+05:30  INFO 24164 --- [order-service] [main] o.apache.catalina.core.StandardService   : Starting service [Tomcat]
2026-03-25T22:08:52.517+05:30  INFO 24164 --- [order-service] [main] o.apache.catalina.core.StandardEngine    : Starting Servlet engine: [Apache Tomcat/10.1.19]
2026-03-25T22:08:52.618+05:30  INFO 24164 --- [order-service] [main] o.a.c.c.C.[Tomcat].[localhost].[/]       : Initializing Spring embedded WebApplicationContext
2026-03-25T22:08:52.619+05:30  INFO 24164 --- [order-service] [main] w.s.c.ServletWebServerApplicationContext : Root WebApplicationContext: initialization completed in 2992 ms
2026-03-25T22:08:52.896+05:30 DEBUG 24164 --- [order-service] [main] c.e.o.security.JwtAuthenticationFilter   : Filter 'jwtAuthenticationFilter' configured for use
2026-03-25T22:08:53.041+05:30  INFO 24164 --- [order-service] [main] o.hibernate.jpa.internal.util.LogHelper  : HHH000204: Processing PersistenceUnitInfo [name: default]
2026-03-25T22:08:53.110+05:30  INFO 24164 --- [order-service] [main] org.hibernate.Version                    : HHH000412: Hibernate ORM core version 6.4.4.Final
2026-03-25T22:08:53.168+05:30  INFO 24164 --- [order-service] [main] o.h.c.internal.RegionFactoryInitiator    : HHH000026: Second-level cache disabled
2026-03-25T22:08:53.397+05:30  INFO 24164 --- [order-service] [main] o.s.o.j.p.SpringPersistenceUnitInfo      : No LoadTimeWeaver setup: ignoring JPA class transformer
2026-03-25T22:08:53.422+05:30  INFO 24164 --- [order-service] [main] com.zaxxer.hikari.HikariDataSource       : OrderServicePool - Starting...
2026-03-25T22:08:54.087+05:30  INFO 24164 --- [order-service] [main] com.zaxxer.hikari.pool.HikariPool        : OrderServicePool - Added connection com.mysql.cj.jdbc.ConnectionImpl@7804a783
2026-03-25T22:08:54.090+05:30  INFO 24164 --- [order-service] [main] com.zaxxer.hikari.HikariDataSource       : OrderServicePool - Start completed.
2026-03-25T22:08:54.415+05:30  WARN 24164 --- [order-service] [main] org.hibernate.orm.deprecation            : HHH90000025: MySQLDialect does not need to be specified explicitly using 'hibernate.dialect' (remove the property setting and it will be selected by default)
2026-03-25T22:08:55.280+05:30  INFO 24164 --- [order-service] [main] o.h.e.t.j.p.i.JtaPlatformInitiator       : HHH000489: No JTA platform available (set 'hibernate.transaction.jta.platform' to enable JTA platform integration)
2026-03-25T22:08:56.697+05:30  INFO 24164 --- [order-service] [main] j.LocalContainerEntityManagerFactoryBean : Initialized JPA EntityManagerFactory for persistence unit 'default'
2026-03-25T22:08:57.163+05:30  INFO 24164 --- [order-service] [main] o.s.d.j.r.query.QueryEnhancerFactory     : Hibernate is in classpath; If applicable, HQL parser will be used.
2026-03-25T22:08:57.879+05:30  INFO 24164 --- [order-service] [main] o.s.c.openfeign.FeignClientFactoryBean   : For 'product-service' URL not provided. Will try picking an instance via load-balancing.
2026-03-25T22:08:58.467+05:30  WARN 24164 --- [order-service] [main] .s.s.UserDetailsServiceAutoConfiguration : 

Using generated security password: 2da9dc1a-e9be-4c30-a35a-a547654ad671

This generated password is for development use only. Your security configuration must be updated before running your application in production.

2026-03-25T22:08:58.997+05:30  INFO 24164 --- [order-service] [main] o.s.b.a.e.web.EndpointLinksResolver      : Exposing 1 endpoint(s) beneath base path '/actuator'
2026-03-25T22:08:59.078+05:30  INFO 24164 --- [order-service] [main] o.s.s.web.DefaultSecurityFilterChain     : Will secure any request with [org.springframework.security.web.session.DisableEncodeUrlFilter@3cab74d2, org.springframework.security.web.context.request.async.WebAsyncManagerIntegrationFilter@6e65fc8b, org.springframework.security.web.context.SecurityContextHolderFilter@1b33bbbe, org.springframework.security.web.header.HeaderWriterFilter@5766f830, org.springframework.web.filter.CorsFilter@30dc14e4, org.springframework.security.web.authentication.logout.LogoutFilter@177aef4f, com.ecommerce.order_service.security.JwtAuthenticationFilter@6badb08c, org.springframework.security.web.savedrequest.RequestCacheAwareFilter@c444506, org.springframework.security.web.servletapi.SecurityContextHolderAwareRequestFilter@55b991e0, org.springframework.security.web.authentication.AnonymousAuthenticationFilter@a1a7e28, org.springframework.security.web.session.SessionManagementFilter@10a8bfac, org.springframework.security.web.access.ExceptionTranslationFilter@726d34de, org.springframework.security.web.access.intercept.AuthorizationFilter@12bc2b41]
2026-03-25T22:08:59.768+05:30  INFO 24164 --- [order-service] [main] DiscoveryClientOptionalArgsConfiguration : Eureka HTTP Client uses RestTemplate.
2026-03-25T22:08:59.818+05:30  WARN 24164 --- [order-service] [main] iguration$LoadBalancerCaffeineWarnLogger : Spring Cloud LoadBalancer is currently working with the default cache. While this cache implementation is useful for development and tests, it's recommended to use Caffeine cache in production.You can switch to using Caffeine cache, by adding it and org.springframework.cache.caffeine.CaffeineCacheManager to the classpath.
2026-03-25T22:08:59.902+05:30  INFO 24164 --- [order-service] [main] o.a.k.clients.admin.AdminClientConfig    : AdminClientConfig values: 
	auto.include.jmx.reporter = true
	bootstrap.servers = [localhost:9092]
	client.dns.lookup = use_all_dns_ips
	client.id = 
	connections.max.idle.ms = 300000
	default.api.timeout.ms = 60000
	metadata.max.age.ms = 300000
	metric.reporters = []
	metrics.num.samples = 2
	metrics.recording.level = INFO
	metrics.sample.window.ms = 30000
	receive.buffer.bytes = 65536
	reconnect.backoff.max.ms = 1000
	reconnect.backoff.ms = 50
	request.timeout.ms = 30000
	retries = 2147483647
	retry.backoff.ms = 100
	sasl.client.callback.handler.class = null
	sasl.jaas.config = null
	sasl.kerberos.kinit.cmd = /usr/bin/kinit
	sasl.kerberos.min.time.before.relogin = 60000
	sasl.kerberos.service.name = null
	sasl.kerberos.ticket.renew.jitter = 0.05
	sasl.kerberos.ticket.renew.window.factor = 0.8
	sasl.login.callback.handler.class = null
	sasl.login.class = null
	sasl.login.connect.timeout.ms = null
	sasl.login.read.timeout.ms = null
	sasl.login.refresh.buffer.seconds = 300
	sasl.login.refresh.min.period.seconds = 60
	sasl.login.refresh.window.factor = 0.8
	sasl.login.refresh.window.jitter = 0.05
	sasl.login.retry.backoff.max.ms = 10000
	sasl.login.retry.backoff.ms = 100
	sasl.mechanism = GSSAPI
	sasl.oauthbearer.clock.skew.seconds = 30
	sasl.oauthbearer.expected.audience = null
	sasl.oauthbearer.expected.issuer = null
	sasl.oauthbearer.jwks.endpoint.refresh.ms = 3600000
	sasl.oauthbearer.jwks.endpoint.retry.backoff.max.ms = 10000
	sasl.oauthbearer.jwks.endpoint.retry.backoff.ms = 100
	sasl.oauthbearer.jwks.endpoint.url = null
	sasl.oauthbearer.scope.claim.name = scope
	sasl.oauthbearer.sub.claim.name = sub
	sasl.oauthbearer.token.endpoint.url = null
	security.protocol = PLAINTEXT
	security.providers = null
	send.buffer.bytes = 131072
	socket.connection.setup.timeout.max.ms = 30000
	socket.connection.setup.timeout.ms = 10000
	ssl.cipher.suites = null
	ssl.enabled.protocols = [TLSv1.2, TLSv1.3]
	ssl.endpoint.identification.algorithm = https
	ssl.engine.factory.class = null
	ssl.key.password = null
	ssl.keymanager.algorithm = SunX509
	ssl.keystore.certificate.chain = null
	ssl.keystore.key = null
	ssl.keystore.location = null
	ssl.keystore.password = null
	ssl.keystore.type = JKS
	ssl.protocol = TLSv1.3
	ssl.provider = null
	ssl.secure.random.implementation = null
	ssl.trustmanager.algorithm = PKIX
	ssl.truststore.certificates = null
	ssl.truststore.location = null
	ssl.truststore.password = null
	ssl.truststore.type = JKS

2026-03-25T22:09:00.060+05:30  INFO 24164 --- [order-service] [main] o.a.kafka.common.utils.AppInfoParser     : Kafka version: 3.6.1
2026-03-25T22:09:00.060+05:30  INFO 24164 --- [order-service] [main] o.a.kafka.common.utils.AppInfoParser     : Kafka commitId: 5e3c2b738d253ff5
2026-03-25T22:09:00.060+05:30  INFO 24164 --- [order-service] [main] o.a.kafka.common.utils.AppInfoParser     : Kafka startTimeMs: 1774456740058
2026-03-25T22:09:00.396+05:30  INFO 24164 --- [order-service] [kafka-admin-client-thread | adminclient-1] o.a.kafka.common.utils.AppInfoParser     : App info kafka.admin.client for adminclient-1 unregistered
2026-03-25T22:09:00.400+05:30  INFO 24164 --- [order-service] [kafka-admin-client-thread | adminclient-1] o.apache.kafka.common.metrics.Metrics    : Metrics scheduler closed
2026-03-25T22:09:00.400+05:30  INFO 24164 --- [order-service] [kafka-admin-client-thread | adminclient-1] o.apache.kafka.common.metrics.Metrics    : Closing reporter org.apache.kafka.common.metrics.JmxReporter
2026-03-25T22:09:00.400+05:30  INFO 24164 --- [order-service] [kafka-admin-client-thread | adminclient-1] o.apache.kafka.common.metrics.Metrics    : Metrics reporters closed
2026-03-25T22:09:00.420+05:30  INFO 24164 --- [order-service] [main] o.s.c.n.eureka.InstanceInfoFactory       : Setting initial instance status as: STARTING
2026-03-25T22:09:00.462+05:30  INFO 24164 --- [order-service] [main] com.netflix.discovery.DiscoveryClient    : Initializing Eureka in region us-east-1
2026-03-25T22:09:00.466+05:30  INFO 24164 --- [order-service] [main] c.n.d.s.r.aws.ConfigClusterResolver      : Resolving eureka endpoints via configuration
2026-03-25T22:09:00.488+05:30  INFO 24164 --- [order-service] [main] com.netflix.discovery.DiscoveryClient    : Disable delta property : false
2026-03-25T22:09:00.488+05:30  INFO 24164 --- [order-service] [main] com.netflix.discovery.DiscoveryClient    : Single vip registry refresh property : null
2026-03-25T22:09:00.488+05:30  INFO 24164 --- [order-service] [main] com.netflix.discovery.DiscoveryClient    : Force full registry fetch : false
2026-03-25T22:09:00.488+05:30  INFO 24164 --- [order-service] [main] com.netflix.discovery.DiscoveryClient    : Application is null : false
2026-03-25T22:09:00.489+05:30  INFO 24164 --- [order-service] [main] com.netflix.discovery.DiscoveryClient    : Registered Applications size is zero : true
2026-03-25T22:09:00.489+05:30  INFO 24164 --- [order-service] [main] com.netflix.discovery.DiscoveryClient    : Application version is -1: true
2026-03-25T22:09:00.489+05:30  INFO 24164 --- [order-service] [main] com.netflix.discovery.DiscoveryClient    : Getting all instance registry info from the eureka server
2026-03-25T22:09:00.820+05:30  INFO 24164 --- [order-service] [main] com.netflix.discovery.DiscoveryClient    : The response status is 200
2026-03-25T22:09:00.823+05:30  INFO 24164 --- [order-service] [main] com.netflix.discovery.DiscoveryClient    : Starting heartbeat executor: renew interval is: 30
2026-03-25T22:09:00.824+05:30  INFO 24164 --- [order-service] [main] c.n.discovery.InstanceInfoReplicator     : InstanceInfoReplicator onDemand update allowed rate per min is 4
2026-03-25T22:09:00.828+05:30  INFO 24164 --- [order-service] [main] com.netflix.discovery.DiscoveryClient    : Discovery Client initialized at timestamp 1774456740827 with initial instances count: 2
2026-03-25T22:09:00.833+05:30  INFO 24164 --- [order-service] [main] o.s.c.n.e.s.EurekaServiceRegistry        : Registering application ORDER-SERVICE with eureka with status UP
2026-03-25T22:09:00.834+05:30  INFO 24164 --- [order-service] [main] com.netflix.discovery.DiscoveryClient    : Saw local status change event StatusChangeEvent [timestamp=1774456740834, current=UP, previous=STARTING]
2026-03-25T22:09:00.837+05:30  INFO 24164 --- [order-service] [DiscoveryClient-InstanceInfoReplicator-0] com.netflix.discovery.DiscoveryClient    : DiscoveryClient_ORDER-SERVICE/order-service:8083: registering service...
2026-03-25T22:09:00.851+05:30  INFO 24164 --- [order-service] [main] o.s.b.w.embedded.tomcat.TomcatWebServer  : Tomcat started on port 8083 (http) with context path ''
2026-03-25T22:09:00.852+05:30  INFO 24164 --- [order-service] [main] .s.c.n.e.s.EurekaAutoServiceRegistration : Updating port to 8083
2026-03-25T22:09:00.875+05:30  INFO 24164 --- [order-service] [main] c.e.o.OrderServiceApplication            : Started OrderServiceApplication in 11.916 seconds (process running for 12.63)
2026-03-25T22:09:00.884+05:30  INFO 24164 --- [order-service] [DiscoveryClient-InstanceInfoReplicator-0] com.netflix.discovery.DiscoveryClient    : DiscoveryClient_ORDER-SERVICE/order-service:8083 - registration status: 204
2026-03-25T22:14:00.502+05:30  INFO 24164 --- [order-service] [AsyncResolver-bootstrap-executor-0] c.n.d.s.r.aws.ConfigClusterResolver      : Resolving eureka endpoints via configuration
2026-03-25T22:19:00.903+05:30  INFO 24164 --- [order-service] [AsyncResolver-bootstrap-executor-0] c.n.d.s.r.aws.ConfigClusterResolver      : Resolving eureka endpoints via configuration
2026-03-25T22:24:01.348+05:30  INFO 24164 --- [order-service] [AsyncResolver-bootstrap-executor-0] c.n.d.s.r.aws.ConfigClusterResolver      : Resolving eureka endpoints via configuration
2026-03-25T22:29:02.420+05:30  INFO 24164 --- [order-service] [AsyncResolver-bootstrap-executor-0] c.n.d.s.r.aws.ConfigClusterResolver      : Resolving eureka endpoints via configuration
2026-03-25T22:34:02.550+05:30  INFO 24164 --- [order-service] [AsyncResolver-bootstrap-executor-0] c.n.d.s.r.aws.ConfigClusterResolver      : Resolving eureka endpoints via configuration
2026-03-25T22:39:04.536+05:30  INFO 24164 --- [order-service] [AsyncResolver-bootstrap-executor-0] c.n.d.s.r.aws.ConfigClusterResolver      : Resolving eureka endpoints via configuration
2026-03-25T22:40:28.215+05:30  WARN 24164 --- [order-service] [OrderServicePool housekeeper] com.zaxxer.hikari.pool.HikariPool        : OrderServicePool - Thread starvation or clock leap detected (housekeeper delta=2m16s346ms76µs300ns).
2026-03-25T22:45:16.619+05:30  WARN 24164 --- [order-service] [OrderServicePool housekeeper] com.zaxxer.hikari.pool.HikariPool        : OrderServicePool - Thread starvation or clock leap detected (housekeeper delta=2m44s725ms810µs100ns).
2026-03-25T22:45:16.619+05:30  INFO 24164 --- [order-service] [AsyncResolver-bootstrap-executor-0] c.n.d.s.r.aws.ConfigClusterResolver      : Resolving eureka endpoints via configuration
2026-03-25T22:45:51.199+05:30  INFO 24164 --- [order-service] [DiscoveryClient-HeartbeatExecutor-0] o.a.h.c.h.i.c.HttpRequestRetryExec       : Recoverable I/O exception (java.net.SocketException) caught when processing request to {}->http://localhost:8761
2026-03-25T22:38:47.771+05:30  WARN 24164 --- [order-service] [DiscoveryClient-1] c.netflix.discovery.TimedSupervisorTask  : task supervisor timed out

java.util.concurrent.TimeoutException: null
	at java.base/java.util.concurrent.FutureTask.get(FutureTask.java:204) ~[na:na]
	at com.netflix.discovery.TimedSupervisorTask.run(TimedSupervisorTask.java:68) ~[eureka-client-2.0.2.jar:2.0.2]
	at java.base/java.util.concurrent.Executors$RunnableAdapter.call(Executors.java:572) ~[na:na]
	at java.base/java.util.concurrent.FutureTask.run$$$capture(FutureTask.java:317) ~[na:na]
	at java.base/java.util.concurrent.FutureTask.run(FutureTask.java) ~[na:na]
	at java.base/java.util.concurrent.ScheduledThreadPoolExecutor$ScheduledFutureTask.run(ScheduledThreadPoolExecutor.java:304) ~[na:na]
	at java.base/java.util.concurrent.ThreadPoolExecutor.runWorker(ThreadPoolExecutor.java:1144) ~[na:na]
	at java.base/java.util.concurrent.ThreadPoolExecutor$Worker.run(ThreadPoolExecutor.java:642) ~[na:na]
	at java.base/java.lang.Thread.run(Thread.java:1583) ~[na:na]

2026-03-25T22:40:50.335+05:30  WARN 24164 --- [order-service] [DiscoveryClient-0] c.netflix.discovery.TimedSupervisorTask  : task supervisor timed out

java.util.concurrent.TimeoutException: null
	at java.base/java.util.concurrent.FutureTask.get(FutureTask.java:204) ~[na:na]
	at com.netflix.discovery.TimedSupervisorTask.run(TimedSupervisorTask.java:68) ~[eureka-client-2.0.2.jar:2.0.2]
	at java.base/java.util.concurrent.Executors$RunnableAdapter.call(Executors.java:572) ~[na:na]
	at java.base/java.util.concurrent.FutureTask.run$$$capture(FutureTask.java:317) ~[na:na]
	at java.base/java.util.concurrent.FutureTask.run(FutureTask.java) ~[na:na]
	at java.base/java.util.concurrent.ScheduledThreadPoolExecutor$ScheduledFutureTask.run(ScheduledThreadPoolExecutor.java:304) ~[na:na]
	at java.base/java.util.concurrent.ThreadPoolExecutor.runWorker(ThreadPoolExecutor.java:1144) ~[na:na]
	at java.base/java.util.concurrent.ThreadPoolExecutor$Worker.run(ThreadPoolExecutor.java:642) ~[na:na]
	at java.base/java.lang.Thread.run(Thread.java:1583) ~[na:na]

2026-03-25T22:49:26.360+05:30  WARN 24164 --- [order-service] [DiscoveryClient-1] c.netflix.discovery.TimedSupervisorTask  : task supervisor timed out

java.util.concurrent.TimeoutException: null
	at java.base/java.util.concurrent.FutureTask.get(FutureTask.java:204) ~[na:na]
	at com.netflix.discovery.TimedSupervisorTask.run(TimedSupervisorTask.java:68) ~[eureka-client-2.0.2.jar:2.0.2]
	at java.base/java.util.concurrent.Executors$RunnableAdapter.call(Executors.java:572) ~[na:na]
	at java.base/java.util.concurrent.FutureTask.run$$$capture(FutureTask.java:317) ~[na:na]
	at java.base/java.util.concurrent.FutureTask.run(FutureTask.java) ~[na:na]
	at java.base/java.util.concurrent.ScheduledThreadPoolExecutor$ScheduledFutureTask.run(ScheduledThreadPoolExecutor.java:304) ~[na:na]
	at java.base/java.util.concurrent.ThreadPoolExecutor.runWorker(ThreadPoolExecutor.java:1144) ~[na:na]
	at java.base/java.util.concurrent.ThreadPoolExecutor$Worker.run(ThreadPoolExecutor.java:642) ~[na:na]
	at java.base/java.lang.Thread.run(Thread.java:1583) ~[na:na]

2026-03-25T22:50:01.360+05:30  INFO 24164 --- [order-service] [DiscoveryClient-CacheRefreshExecutor-0] o.a.h.c.h.i.c.HttpRequestRetryExec       : Recoverable I/O exception (org.apache.hc.core5.http.NoHttpResponseException) caught when processing request to {}->http://localhost:8761
2026-03-25T22:50:18.688+05:30  INFO 24164 --- [order-service] [AsyncResolver-bootstrap-executor-0] c.n.d.s.r.aws.ConfigClusterResolver      : Resolving eureka endpoints via configuration
2026-03-25T22:50:21.644+05:30  INFO 24164 --- [order-service] [DiscoveryClient-HeartbeatExecutor-0] c.n.d.s.t.d.RedirectingEurekaHttpClient  : Request execution error. endpoint=DefaultEndpoint{ serviceUrl='http://localhost:8761/eureka/}, exception=I/O error on PUT request for "http://localhost:8761/eureka/apps/ORDER-SERVICE/order-service:8083": Read timed out stacktrace=org.springframework.web.client.ResourceAccessException: I/O error on PUT request for "http://localhost:8761/eureka/apps/ORDER-SERVICE/order-service:8083": Read timed out
	at org.springframework.web.client.RestTemplate.createResourceAccessException(RestTemplate.java:915)
	at org.springframework.web.client.RestTemplate.doExecute(RestTemplate.java:895)
	at org.springframework.web.client.RestTemplate.execute(RestTemplate.java:790)
	at org.springframework.web.client.RestTemplate.exchange(RestTemplate.java:672)
	at org.springframework.cloud.netflix.eureka.http.RestTemplateEurekaHttpClient.sendHeartBeat(RestTemplateEurekaHttpClient.java:99)
	at com.netflix.discovery.shared.transport.decorator.EurekaHttpClientDecorator$3.execute(EurekaHttpClientDecorator.java:92)
	at com.netflix.discovery.shared.transport.decorator.RedirectingEurekaHttpClient.executeOnNewServer(RedirectingEurekaHttpClient.java:121)
	at com.netflix.discovery.shared.transport.decorator.RedirectingEurekaHttpClient.execute(RedirectingEurekaHttpClient.java:80)
	at com.netflix.discovery.shared.transport.decorator.EurekaHttpClientDecorator.sendHeartBeat(EurekaHttpClientDecorator.java:89)
	at com.netflix.discovery.shared.transport.decorator.EurekaHttpClientDecorator$3.execute(EurekaHttpClientDecorator.java:92)
	at com.netflix.discovery.shared.transport.decorator.RetryableEurekaHttpClient.execute(RetryableEurekaHttpClient.java:120)
	at com.netflix.discovery.shared.transport.decorator.EurekaHttpClientDecorator.sendHeartBeat(EurekaHttpClientDecorator.java:89)
	at com.netflix.discovery.shared.transport.decorator.EurekaHttpClientDecorator$3.execute(EurekaHttpClientDecorator.java:92)
	at com.netflix.discovery.shared.transport.decorator.SessionedEurekaHttpClient.execute(SessionedEurekaHttpClient.java:77)
	at com.netflix.discovery.shared.transport.decorator.EurekaHttpClientDecorator.sendHeartBeat(EurekaHttpClientDecorator.java:89)
	at com.netflix.discovery.DiscoveryClient.renew(DiscoveryClient.java:837)
	at com.netflix.discovery.DiscoveryClient$HeartbeatThread.run(DiscoveryClient.java:1401)
	at java.base/java.util.concurrent.Executors$RunnableAdapter.call(Executors.java:572)
	at java.base/java.util.concurrent.FutureTask.run$$$capture(FutureTask.java:317)
	at java.base/java.util.concurrent.FutureTask.run(FutureTask.java)
	at java.base/java.util.concurrent.ThreadPoolExecutor.runWorker(ThreadPoolExecutor.java:1144)
	at java.base/java.util.concurrent.ThreadPoolExecutor$Worker.run(ThreadPoolExecutor.java:642)
	at java.base/java.lang.Thread.run(Thread.java:1583)
Caused by: java.net.SocketTimeoutException: Read timed out
	at java.base/sun.nio.ch.NioSocketImpl.timedRead(NioSocketImpl.java:278)
	at java.base/sun.nio.ch.NioSocketImpl.implRead(NioSocketImpl.java:304)
	at java.base/sun.nio.ch.NioSocketImpl.read(NioSocketImpl.java:346)
	at java.base/sun.nio.ch.NioSocketImpl$1.read(NioSocketImpl.java:796)
	at java.base/java.net.Socket$SocketInputStream.read(Socket.java:1099)
	at org.apache.hc.core5.http.impl.io.SessionInputBufferImpl.fillBuffer(SessionInputBufferImpl.java:149)
	at org.apache.hc.core5.http.impl.io.SessionInputBufferImpl.readLine(SessionInputBufferImpl.java:280)
	at org.apache.hc.core5.http.impl.io.AbstractMessageParser.parse(AbstractMessageParser.java:247)
	at org.apache.hc.core5.http.impl.io.AbstractMessageParser.parse(AbstractMessageParser.java:54)
	at org.apache.hc.core5.http.impl.io.DefaultBHttpClientConnection.receiveResponseHeader(DefaultBHttpClientConnection.java:299)
	at org.apache.hc.core5.http.impl.io.HttpRequestExecutor.execute(HttpRequestExecutor.java:175)
	at org.apache.hc.core5.http.impl.io.HttpRequestExecutor.execute(HttpRequestExecutor.java:218)
	at org.apache.hc.client5.http.impl.io.PoolingHttpClientConnectionManager$InternalConnectionEndpoint.execute(PoolingHttpClientConnectionManager.java:712)
	at org.apache.hc.client5.http.impl.classic.InternalExecRuntime.execute(InternalExecRuntime.java:216)
	at org.apache.hc.client5.http.impl.classic.MainClientExec.execute(MainClientExec.java:116)
	at org.apache.hc.client5.http.impl.classic.ExecChainElement.execute(ExecChainElement.java:51)
	at org.apache.hc.client5.http.impl.classic.ConnectExec.execute(ConnectExec.java:188)
	at org.apache.hc.client5.http.impl.classic.ExecChainElement.execute(ExecChainElement.java:51)
	at org.apache.hc.client5.http.impl.classic.ProtocolExec.execute(ProtocolExec.java:192)
	at org.apache.hc.client5.http.impl.classic.ExecChainElement.execute(ExecChainElement.java:51)
	at org.apache.hc.client5.http.impl.classic.HttpRequestRetryExec.execute(HttpRequestRetryExec.java:96)
	at org.apache.hc.client5.http.impl.classic.ExecChainElement.execute(ExecChainElement.java:51)
	at org.apache.hc.client5.http.impl.classic.ContentCompressionExec.execute(ContentCompressionExec.java:152)
	at org.apache.hc.client5.http.impl.classic.ExecChainElement.execute(ExecChainElement.java:51)
	at org.apache.hc.client5.http.impl.classic.RedirectExec.execute(RedirectExec.java:115)
	at org.apache.hc.client5.http.impl.classic.ExecChainElement.execute(ExecChainElement.java:51)
	at org.apache.hc.client5.http.impl.classic.InternalHttpClient.doExecute(InternalHttpClient.java:170)
	at org.apache.hc.client5.http.impl.classic.CloseableHttpClient.execute(CloseableHttpClient.java:87)
	at org.apache.hc.client5.http.impl.classic.CloseableHttpClient.execute(CloseableHttpClient.java:55)
	at org.apache.hc.client5.http.classic.HttpClient.executeOpen(HttpClient.java:183)
	at org.springframework.http.client.HttpComponentsClientHttpRequest.executeInternal(HttpComponentsClientHttpRequest.java:95)
	at org.springframework.http.client.AbstractStreamingClientHttpRequest.executeInternal(AbstractStreamingClientHttpRequest.java:70)
	at org.springframework.http.client.AbstractClientHttpRequest.execute(AbstractClientHttpRequest.java:66)
	at org.springframework.http.client.InterceptingClientHttpRequest$InterceptingRequestExecution.execute(InterceptingClientHttpRequest.java:112)
	at org.springframework.cloud.netflix.eureka.http.RestTemplateTransportClientFactory.lambda$restTemplate$0(RestTemplateTransportClientFactory.java:143)
	at org.springframework.http.client.InterceptingClientHttpRequest$InterceptingRequestExecution.execute(InterceptingClientHttpRequest.java:88)
	at org.springframework.http.client.InterceptingClientHttpRequest.executeInternal(InterceptingClientHttpRequest.java:72)
	at org.springframework.http.client.AbstractBufferingClientHttpRequest.executeInternal(AbstractBufferingClientHttpRequest.java:48)
	at org.springframework.http.client.AbstractClientHttpRequest.execute(AbstractClientHttpRequest.java:66)
	at org.springframework.web.client.RestTemplate.doExecute(RestTemplate.java:889)
	... 21 more

2026-03-25T22:50:21.842+05:30  WARN 24164 --- [order-service] [DiscoveryClient-HeartbeatExecutor-0] c.n.d.s.t.d.RetryableEurekaHttpClient    : Request execution failed with message: I/O error on PUT request for "http://localhost:8761/eureka/apps/ORDER-SERVICE/order-service:8083": Read timed out
2026-03-25T22:50:22.382+05:30 ERROR 24164 --- [order-service] [DiscoveryClient-HeartbeatExecutor-0] com.netflix.discovery.DiscoveryClient    : DiscoveryClient_ORDER-SERVICE/order-service:8083 - was unable to send heartbeat!

com.netflix.discovery.shared.transport.TransportException: Cannot execute request on any known server
	at com.netflix.discovery.shared.transport.decorator.RetryableEurekaHttpClient.execute(RetryableEurekaHttpClient.java:112) ~[eureka-client-2.0.2.jar:2.0.2]
	at com.netflix.discovery.shared.transport.decorator.EurekaHttpClientDecorator.sendHeartBeat(EurekaHttpClientDecorator.java:89) ~[eureka-client-2.0.2.jar:2.0.2]
	at com.netflix.discovery.shared.transport.decorator.EurekaHttpClientDecorator$3.execute(EurekaHttpClientDecorator.java:92) ~[eureka-client-2.0.2.jar:2.0.2]
	at com.netflix.discovery.shared.transport.decorator.SessionedEurekaHttpClient.execute(SessionedEurekaHttpClient.java:77) ~[eureka-client-2.0.2.jar:2.0.2]
	at com.netflix.discovery.shared.transport.decorator.EurekaHttpClientDecorator.sendHeartBeat(EurekaHttpClientDecorator.java:89) ~[eureka-client-2.0.2.jar:2.0.2]
	at com.netflix.discovery.DiscoveryClient.renew(DiscoveryClient.java:837) ~[eureka-client-2.0.2.jar:2.0.2]
	at com.netflix.discovery.DiscoveryClient$HeartbeatThread.run(DiscoveryClient.java:1401) ~[eureka-client-2.0.2.jar:2.0.2]
	at java.base/java.util.concurrent.Executors$RunnableAdapter.call(Executors.java:572) ~[na:na]
	at java.base/java.util.concurrent.FutureTask.run$$$capture(FutureTask.java:317) ~[na:na]
	at java.base/java.util.concurrent.FutureTask.run(FutureTask.java) ~[na:na]
	at java.base/java.util.concurrent.ThreadPoolExecutor.runWorker(ThreadPoolExecutor.java:1144) ~[na:na]
	at java.base/java.util.concurrent.ThreadPoolExecutor$Worker.run(ThreadPoolExecutor.java:642) ~[na:na]
	at java.base/java.lang.Thread.run(Thread.java:1583) ~[na:na]

2026-03-25T22:51:57.531+05:30  WARN 24164 --- [order-service] [DiscoveryClient-1] c.netflix.discovery.TimedSupervisorTask  : task supervisor timed out

java.util.concurrent.TimeoutException: null
	at java.base/java.util.concurrent.FutureTask.get(FutureTask.java:204) ~[na:na]
	at com.netflix.discovery.TimedSupervisorTask.run(TimedSupervisorTask.java:68) ~[eureka-client-2.0.2.jar:2.0.2]
	at java.base/java.util.concurrent.Executors$RunnableAdapter.call(Executors.java:572) ~[na:na]
	at java.base/java.util.concurrent.FutureTask.run$$$capture(FutureTask.java:317) ~[na:na]
	at java.base/java.util.concurrent.FutureTask.run(FutureTask.java) ~[na:na]
	at java.base/java.util.concurrent.ScheduledThreadPoolExecutor$ScheduledFutureTask.run(ScheduledThreadPoolExecutor.java:304) ~[na:na]
	at java.base/java.util.concurrent.ThreadPoolExecutor.runWorker(ThreadPoolExecutor.java:1144) ~[na:na]
	at java.base/java.util.concurrent.ThreadPoolExecutor$Worker.run(ThreadPoolExecutor.java:642) ~[na:na]
	at java.base/java.lang.Thread.run(Thread.java:1583) ~[na:na]

2026-03-25T22:52:09.153+05:30  INFO 24164 --- [order-service] [DiscoveryClient-HeartbeatExecutor-1] c.n.d.s.t.d.RedirectingEurekaHttpClient  : Request execution error. endpoint=DefaultEndpoint{ serviceUrl='http://localhost:8761/eureka/}, exception=I/O error on PUT request for "http://localhost:8761/eureka/apps/ORDER-SERVICE/order-service:8083": Read timed out stacktrace=org.springframework.web.client.ResourceAccessException: I/O error on PUT request for "http://localhost:8761/eureka/apps/ORDER-SERVICE/order-service:8083": Read timed out
	at org.springframework.web.client.RestTemplate.createResourceAccessException(RestTemplate.java:915)
	at org.springframework.web.client.RestTemplate.doExecute(RestTemplate.java:895)
	at org.springframework.web.client.RestTemplate.execute(RestTemplate.java:790)
	at org.springframework.web.client.RestTemplate.exchange(RestTemplate.java:672)
	at org.springframework.cloud.netflix.eureka.http.RestTemplateEurekaHttpClient.sendHeartBeat(RestTemplateEurekaHttpClient.java:99)
	at com.netflix.discovery.shared.transport.decorator.EurekaHttpClientDecorator$3.execute(EurekaHttpClientDecorator.java:92)
	at com.netflix.discovery.shared.transport.decorator.RedirectingEurekaHttpClient.executeOnNewServer(RedirectingEurekaHttpClient.java:121)
	at com.netflix.discovery.shared.transport.decorator.RedirectingEurekaHttpClient.execute(RedirectingEurekaHttpClient.java:80)
	at com.netflix.discovery.shared.transport.decorator.EurekaHttpClientDecorator.sendHeartBeat(EurekaHttpClientDecorator.java:89)
	at com.netflix.discovery.shared.transport.decorator.EurekaHttpClientDecorator$3.execute(EurekaHttpClientDecorator.java:92)
	at com.netflix.discovery.shared.transport.decorator.RetryableEurekaHttpClient.execute(RetryableEurekaHttpClient.java:120)
	at com.netflix.discovery.shared.transport.decorator.EurekaHttpClientDecorator.sendHeartBeat(EurekaHttpClientDecorator.java:89)
	at com.netflix.discovery.shared.transport.decorator.EurekaHttpClientDecorator$3.execute(EurekaHttpClientDecorator.java:92)
	at com.netflix.discovery.shared.transport.decorator.SessionedEurekaHttpClient.execute(SessionedEurekaHttpClient.java:77)
	at com.netflix.discovery.shared.transport.decorator.EurekaHttpClientDecorator.sendHeartBeat(EurekaHttpClientDecorator.java:89)
	at com.netflix.discovery.DiscoveryClient.renew(DiscoveryClient.java:837)
	at com.netflix.discovery.DiscoveryClient$HeartbeatThread.run(DiscoveryClient.java:1401)
	at java.base/java.util.concurrent.Executors$RunnableAdapter.call(Executors.java:572)
	at java.base/java.util.concurrent.FutureTask.run$$$capture(FutureTask.java:317)
	at java.base/java.util.concurrent.FutureTask.run(FutureTask.java)
	at java.base/java.util.concurrent.ThreadPoolExecutor.runWorker(ThreadPoolExecutor.java:1144)
	at java.base/java.util.concurrent.ThreadPoolExecutor$Worker.run(ThreadPoolExecutor.java:642)
	at java.base/java.lang.Thread.run(Thread.java:1583)
Caused by: java.net.SocketTimeoutException: Read timed out
	at java.base/sun.nio.ch.NioSocketImpl.timedRead(NioSocketImpl.java:278)
	at java.base/sun.nio.ch.NioSocketImpl.implRead(NioSocketImpl.java:304)
	at java.base/sun.nio.ch.NioSocketImpl.read(NioSocketImpl.java:346)
	at java.base/sun.nio.ch.NioSocketImpl$1.read(NioSocketImpl.java:796)
	at java.base/java.net.Socket$SocketInputStream.read(Socket.java:1099)
	at org.apache.hc.core5.http.impl.io.SessionInputBufferImpl.fillBuffer(SessionInputBufferImpl.java:149)
	at org.apache.hc.core5.http.impl.io.SessionInputBufferImpl.readLine(SessionInputBufferImpl.java:280)
	at org.apache.hc.core5.http.impl.io.AbstractMessageParser.parse(AbstractMessageParser.java:247)
	at org.apache.hc.core5.http.impl.io.AbstractMessageParser.parse(AbstractMessageParser.java:54)
	at org.apache.hc.core5.http.impl.io.DefaultBHttpClientConnection.receiveResponseHeader(DefaultBHttpClientConnection.java:299)
	at org.apache.hc.core5.http.impl.io.HttpRequestExecutor.execute(HttpRequestExecutor.java:175)
	at org.apache.hc.core5.http.impl.io.HttpRequestExecutor.execute(HttpRequestExecutor.java:218)
	at org.apache.hc.client5.http.impl.io.PoolingHttpClientConnectionManager$InternalConnectionEndpoint.execute(PoolingHttpClientConnectionManager.java:712)
	at org.apache.hc.client5.http.impl.classic.InternalExecRuntime.execute(InternalExecRuntime.java:216)
	at org.apache.hc.client5.http.impl.classic.MainClientExec.execute(MainClientExec.java:116)
	at org.apache.hc.client5.http.impl.classic.ExecChainElement.execute(ExecChainElement.java:51)
	at org.apache.hc.client5.http.impl.classic.ConnectExec.execute(ConnectExec.java:188)
	at org.apache.hc.client5.http.impl.classic.ExecChainElement.execute(ExecChainElement.java:51)
	at org.apache.hc.client5.http.impl.classic.ProtocolExec.execute(ProtocolExec.java:192)
	at org.apache.hc.client5.http.impl.classic.ExecChainElement.execute(ExecChainElement.java:51)
	at org.apache.hc.client5.http.impl.classic.HttpRequestRetryExec.execute(HttpRequestRetryExec.java:96)
	at org.apache.hc.client5.http.impl.classic.ExecChainElement.execute(ExecChainElement.java:51)
	at org.apache.hc.client5.http.impl.classic.ContentCompressionExec.execute(ContentCompressionExec.java:152)
	at org.apache.hc.client5.http.impl.classic.ExecChainElement.execute(ExecChainElement.java:51)
	at org.apache.hc.client5.http.impl.classic.RedirectExec.execute(RedirectExec.java:115)
	at org.apache.hc.client5.http.impl.classic.ExecChainElement.execute(ExecChainElement.java:51)
	at org.apache.hc.client5.http.impl.classic.InternalHttpClient.doExecute(InternalHttpClient.java:170)
	at org.apache.hc.client5.http.impl.classic.CloseableHttpClient.execute(CloseableHttpClient.java:87)
	at org.apache.hc.client5.http.impl.classic.CloseableHttpClient.execute(CloseableHttpClient.java:55)
	at org.apache.hc.client5.http.classic.HttpClient.executeOpen(HttpClient.java:183)
	at org.springframework.http.client.HttpComponentsClientHttpRequest.executeInternal(HttpComponentsClientHttpRequest.java:95)
	at org.springframework.http.client.AbstractStreamingClientHttpRequest.executeInternal(AbstractStreamingClientHttpRequest.java:70)
	at org.springframework.http.client.AbstractClientHttpRequest.execute(AbstractClientHttpRequest.java:66)
	at org.springframework.http.client.InterceptingClientHttpRequest$InterceptingRequestExecution.execute(InterceptingClientHttpRequest.java:112)
	at org.springframework.cloud.netflix.eureka.http.RestTemplateTransportClientFactory.lambda$restTemplate$0(RestTemplateTransportClientFactory.java:143)
	at org.springframework.http.client.InterceptingClientHttpRequest$InterceptingRequestExecution.execute(InterceptingClientHttpRequest.java:88)
	at org.springframework.http.client.InterceptingClientHttpRequest.executeInternal(InterceptingClientHttpRequest.java:72)
	at org.springframework.http.client.AbstractBufferingClientHttpRequest.executeInternal(AbstractBufferingClientHttpRequest.java:48)
	at org.springframework.http.client.AbstractClientHttpRequest.execute(AbstractClientHttpRequest.java:66)
	at org.springframework.web.client.RestTemplate.doExecute(RestTemplate.java:889)
	... 21 more

2026-03-25T22:52:09.226+05:30  WARN 24164 --- [order-service] [DiscoveryClient-HeartbeatExecutor-1] c.n.d.s.t.d.RetryableEurekaHttpClient    : Request execution failed with message: I/O error on PUT request for "http://localhost:8761/eureka/apps/ORDER-SERVICE/order-service:8083": Read timed out
2026-03-25T22:52:09.227+05:30 ERROR 24164 --- [order-service] [DiscoveryClient-HeartbeatExecutor-1] com.netflix.discovery.DiscoveryClient    : DiscoveryClient_ORDER-SERVICE/order-service:8083 - was unable to send heartbeat!

com.netflix.discovery.shared.transport.TransportException: Cannot execute request on any known server
	at com.netflix.discovery.shared.transport.decorator.RetryableEurekaHttpClient.execute(RetryableEurekaHttpClient.java:112) ~[eureka-client-2.0.2.jar:2.0.2]
	at com.netflix.discovery.shared.transport.decorator.EurekaHttpClientDecorator.sendHeartBeat(EurekaHttpClientDecorator.java:89) ~[eureka-client-2.0.2.jar:2.0.2]
	at com.netflix.discovery.shared.transport.decorator.EurekaHttpClientDecorator$3.execute(EurekaHttpClientDecorator.java:92) ~[eureka-client-2.0.2.jar:2.0.2]
	at com.netflix.discovery.shared.transport.decorator.SessionedEurekaHttpClient.execute(SessionedEurekaHttpClient.java:77) ~[eureka-client-2.0.2.jar:2.0.2]
	at com.netflix.discovery.shared.transport.decorator.EurekaHttpClientDecorator.sendHeartBeat(EurekaHttpClientDecorator.java:89) ~[eureka-client-2.0.2.jar:2.0.2]
	at com.netflix.discovery.DiscoveryClient.renew(DiscoveryClient.java:837) ~[eureka-client-2.0.2.jar:2.0.2]
	at com.netflix.discovery.DiscoveryClient$HeartbeatThread.run(DiscoveryClient.java:1401) ~[eureka-client-2.0.2.jar:2.0.2]
	at java.base/java.util.concurrent.Executors$RunnableAdapter.call(Executors.java:572) ~[na:na]
	at java.base/java.util.concurrent.FutureTask.run$$$capture(FutureTask.java:317) ~[na:na]
	at java.base/java.util.concurrent.FutureTask.run(FutureTask.java) ~[na:na]
	at java.base/java.util.concurrent.ThreadPoolExecutor.runWorker(ThreadPoolExecutor.java:1144) ~[na:na]
	at java.base/java.util.concurrent.ThreadPoolExecutor$Worker.run(ThreadPoolExecutor.java:642) ~[na:na]
	at java.base/java.lang.Thread.run(Thread.java:1583) ~[na:na]

2026-03-25T22:54:10.675+05:30  INFO 24164 --- [order-service] [DiscoveryClient-HeartbeatExecutor-2] com.netflix.discovery.DiscoveryClient    : DiscoveryClient_ORDER-SERVICE/order-service:8083 - Re-registering apps/ORDER-SERVICE
2026-03-25T22:54:11.512+05:30  INFO 24164 --- [order-service] [DiscoveryClient-HeartbeatExecutor-2] com.netflix.discovery.DiscoveryClient    : DiscoveryClient_ORDER-SERVICE/order-service:8083: registering service...
2026-03-25T22:54:30.532+05:30  INFO 24164 --- [order-service] [DiscoveryClient-InstanceInfoReplicator-0] com.netflix.discovery.DiscoveryClient    : DiscoveryClient_ORDER-SERVICE/order-service:8083: registering service...
2026-03-25T22:54:44.992+05:30  INFO 24164 --- [order-service] [DiscoveryClient-InstanceInfoReplicator-0] com.netflix.discovery.DiscoveryClient    : DiscoveryClient_ORDER-SERVICE/order-service:8083 - registration status: 204
2026-03-25T22:54:42.215+05:30  INFO 24164 --- [order-service] [DiscoveryClient-HeartbeatExecutor-2] c.n.d.s.t.d.RedirectingEurekaHttpClient  : Request execution error. endpoint=DefaultEndpoint{ serviceUrl='http://localhost:8761/eureka/} exception=null stacktrace=java.util.concurrent.CancellationException
	at org.apache.hc.core5.concurrent.BasicFuture.getResult(BasicFuture.java:75)
	at org.apache.hc.core5.concurrent.BasicFuture.get(BasicFuture.java:96)
	at org.apache.hc.core5.pool.StrictConnPool$1.get(StrictConnPool.java:184)
	at org.apache.hc.core5.pool.StrictConnPool$1.get(StrictConnPool.java:178)
	at org.apache.hc.client5.http.impl.io.PoolingHttpClientConnectionManager$3.get(PoolingHttpClientConnectionManager.java:312)
	at org.apache.hc.client5.http.impl.classic.InternalExecRuntime.acquireEndpoint(InternalExecRuntime.java:109)
	at org.apache.hc.client5.http.impl.classic.ConnectExec.execute(ConnectExec.java:125)
	at org.apache.hc.client5.http.impl.classic.ExecChainElement.execute(ExecChainElement.java:51)
	at org.apache.hc.client5.http.impl.classic.ProtocolExec.execute(ProtocolExec.java:192)
	at org.apache.hc.client5.http.impl.classic.ExecChainElement.execute(ExecChainElement.java:51)
	at org.apache.hc.client5.http.impl.classic.HttpRequestRetryExec.execute(HttpRequestRetryExec.java:96)
	at org.apache.hc.client5.http.impl.classic.ExecChainElement.execute(ExecChainElement.java:51)
	at org.apache.hc.client5.http.impl.classic.ContentCompressionExec.execute(ContentCompressionExec.java:152)
	at org.apache.hc.client5.http.impl.classic.ExecChainElement.execute(ExecChainElement.java:51)
	at org.apache.hc.client5.http.impl.classic.RedirectExec.execute(RedirectExec.java:115)
	at org.apache.hc.client5.http.impl.classic.ExecChainElement.execute(ExecChainElement.java:51)
	at org.apache.hc.client5.http.impl.classic.InternalHttpClient.doExecute(InternalHttpClient.java:170)
	at org.apache.hc.client5.http.impl.classic.CloseableHttpClient.execute(CloseableHttpClient.java:87)
	at org.apache.hc.client5.http.impl.classic.CloseableHttpClient.execute(CloseableHttpClient.java:55)
	at org.apache.hc.client5.http.classic.HttpClient.executeOpen(HttpClient.java:183)
	at org.springframework.http.client.HttpComponentsClientHttpRequest.executeInternal(HttpComponentsClientHttpRequest.java:95)
	at org.springframework.http.client.AbstractStreamingClientHttpRequest.executeInternal(AbstractStreamingClientHttpRequest.java:70)
	at org.springframework.http.client.AbstractClientHttpRequest.execute(AbstractClientHttpRequest.java:66)
	at org.springframework.http.client.InterceptingClientHttpRequest$InterceptingRequestExecution.execute(InterceptingClientHttpRequest.java:112)
	at org.springframework.cloud.netflix.eureka.http.RestTemplateTransportClientFactory.lambda$restTemplate$0(RestTemplateTransportClientFactory.java:143)
	at org.springframework.http.client.InterceptingClientHttpRequest$InterceptingRequestExecution.execute(InterceptingClientHttpRequest.java:88)
	at org.springframework.http.client.InterceptingClientHttpRequest.executeInternal(InterceptingClientHttpRequest.java:72)
	at org.springframework.http.client.AbstractBufferingClientHttpRequest.executeInternal(AbstractBufferingClientHttpRequest.java:48)
	at org.springframework.http.client.AbstractClientHttpRequest.execute(AbstractClientHttpRequest.java:66)
	at org.springframework.web.client.RestTemplate.doExecute(RestTemplate.java:889)
	at org.springframework.web.client.RestTemplate.execute(RestTemplate.java:790)
	at org.springframework.web.client.RestTemplate.exchange(RestTemplate.java:672)
	at org.springframework.cloud.netflix.eureka.http.RestTemplateEurekaHttpClient.register(RestTemplateEurekaHttpClient.java:77)
	at com.netflix.discovery.shared.transport.decorator.EurekaHttpClientDecorator$1.execute(EurekaHttpClientDecorator.java:59)
	at com.netflix.discovery.shared.transport.decorator.RedirectingEurekaHttpClient.execute(RedirectingEurekaHttpClient.java:91)
	at com.netflix.discovery.shared.transport.decorator.EurekaHttpClientDecorator.register(EurekaHttpClientDecorator.java:56)
	at com.netflix.discovery.shared.transport.decorator.EurekaHttpClientDecorator$1.execute(EurekaHttpClientDecorator.java:59)
	at com.netflix.discovery.shared.transport.decorator.RetryableEurekaHttpClient.execute(RetryableEurekaHttpClient.java:120)
	at com.netflix.discovery.shared.transport.decorator.EurekaHttpClientDecorator.register(EurekaHttpClientDecorator.java:56)
	at com.netflix.discovery.shared.transport.decorator.EurekaHttpClientDecorator$1.execute(EurekaHttpClientDecorator.java:59)
	at com.netflix.discovery.shared.transport.decorator.SessionedEurekaHttpClient.execute(SessionedEurekaHttpClient.java:77)
	at com.netflix.discovery.shared.transport.decorator.EurekaHttpClientDecorator.register(EurekaHttpClientDecorator.java:56)
	at com.netflix.discovery.DiscoveryClient.register(DiscoveryClient.java:820)
	at com.netflix.discovery.DiscoveryClient.renew(DiscoveryClient.java:843)
	at com.netflix.discovery.DiscoveryClient$HeartbeatThread.run(DiscoveryClient.java:1401)
	at java.base/java.util.concurrent.Executors$RunnableAdapter.call(Executors.java:572)
	at java.base/java.util.concurrent.FutureTask.run$$$capture(FutureTask.java:317)
	at java.base/java.util.concurrent.FutureTask.run(FutureTask.java)
	at java.base/java.util.concurrent.ThreadPoolExecutor.runWorker(ThreadPoolExecutor.java:1144)
	at java.base/java.util.concurrent.ThreadPoolExecutor$Worker.run(ThreadPoolExecutor.java:642)
	at java.base/java.lang.Thread.run(Thread.java:1583)

2026-03-25T22:57:02.288+05:30  WARN 24164 --- [order-service] [DiscoveryClient-HeartbeatExecutor-2] c.n.d.s.t.d.RetryableEurekaHttpClient    : Request execution failed with message: null
2026-03-25T22:55:19.531+05:30  INFO 24164 --- [order-service] [AsyncResolver-bootstrap-executor-0] c.n.d.s.r.aws.ConfigClusterResolver      : Resolving eureka endpoints via configuration
2026-03-25T22:57:07.549+05:30  INFO 24164 --- [order-service] [DiscoveryClient-HeartbeatExecutor-2] c.n.d.s.t.d.RedirectingEurekaHttpClient  : Request execution error. endpoint=DefaultEndpoint{ serviceUrl='http://localhost:8761/eureka/}, exception=null stacktrace=java.util.concurrent.CancellationException
	at org.apache.hc.core5.concurrent.BasicFuture.getResult(BasicFuture.java:75)
	at org.apache.hc.core5.concurrent.BasicFuture.get(BasicFuture.java:96)
	at org.apache.hc.core5.pool.StrictConnPool$1.get(StrictConnPool.java:184)
	at org.apache.hc.core5.pool.StrictConnPool$1.get(StrictConnPool.java:178)
	at org.apache.hc.client5.http.impl.io.PoolingHttpClientConnectionManager$3.get(PoolingHttpClientConnectionManager.java:312)
	at org.apache.hc.client5.http.impl.classic.InternalExecRuntime.acquireEndpoint(InternalExecRuntime.java:109)
	at org.apache.hc.client5.http.impl.classic.ConnectExec.execute(ConnectExec.java:125)
	at org.apache.hc.client5.http.impl.classic.ExecChainElement.execute(ExecChainElement.java:51)
	at org.apache.hc.client5.http.impl.classic.ProtocolExec.execute(ProtocolExec.java:192)
	at org.apache.hc.client5.http.impl.classic.ExecChainElement.execute(ExecChainElement.java:51)
	at org.apache.hc.client5.http.impl.classic.HttpRequestRetryExec.execute(HttpRequestRetryExec.java:96)
	at org.apache.hc.client5.http.impl.classic.ExecChainElement.execute(ExecChainElement.java:51)
	at org.apache.hc.client5.http.impl.classic.ContentCompressionExec.execute(ContentCompressionExec.java:152)
	at org.apache.hc.client5.http.impl.classic.ExecChainElement.execute(ExecChainElement.java:51)
	at org.apache.hc.client5.http.impl.classic.RedirectExec.execute(RedirectExec.java:115)
	at org.apache.hc.client5.http.impl.classic.ExecChainElement.execute(ExecChainElement.java:51)
	at org.apache.hc.client5.http.impl.classic.InternalHttpClient.doExecute(InternalHttpClient.java:170)
	at org.apache.hc.client5.http.impl.classic.CloseableHttpClient.execute(CloseableHttpClient.java:87)
	at org.apache.hc.client5.http.impl.classic.CloseableHttpClient.execute(CloseableHttpClient.java:55)
	at org.apache.hc.client5.http.classic.HttpClient.executeOpen(HttpClient.java:183)
	at org.springframework.http.client.HttpComponentsClientHttpRequest.executeInternal(HttpComponentsClientHttpRequest.java:95)
	at org.springframework.http.client.AbstractStreamingClientHttpRequest.executeInternal(AbstractStreamingClientHttpRequest.java:70)
	at org.springframework.http.client.AbstractClientHttpRequest.execute(AbstractClientHttpRequest.java:66)
	at org.springframework.http.client.InterceptingClientHttpRequest$InterceptingRequestExecution.execute(InterceptingClientHttpRequest.java:112)
	at org.springframework.cloud.netflix.eureka.http.RestTemplateTransportClientFactory.lambda$restTemplate$0(RestTemplateTransportClientFactory.java:143)
	at org.springframework.http.client.InterceptingClientHttpRequest$InterceptingRequestExecution.execute(InterceptingClientHttpRequest.java:88)
	at org.springframework.http.client.InterceptingClientHttpRequest.executeInternal(InterceptingClientHttpRequest.java:72)
	at org.springframework.http.client.AbstractBufferingClientHttpRequest.executeInternal(AbstractBufferingClientHttpRequest.java:48)
	at org.springframework.http.client.AbstractClientHttpRequest.execute(AbstractClientHttpRequest.java:66)
	at org.springframework.web.client.RestTemplate.doExecute(RestTemplate.java:889)
	at org.springframework.web.client.RestTemplate.execute(RestTemplate.java:790)
	at org.springframework.web.client.RestTemplate.exchange(RestTemplate.java:672)
	at org.springframework.cloud.netflix.eureka.http.RestTemplateEurekaHttpClient.register(RestTemplateEurekaHttpClient.java:77)
	at com.netflix.discovery.shared.transport.decorator.EurekaHttpClientDecorator$1.execute(EurekaHttpClientDecorator.java:59)
	at com.netflix.discovery.shared.transport.decorator.RedirectingEurekaHttpClient.executeOnNewServer(RedirectingEurekaHttpClient.java:121)
	at com.netflix.discovery.shared.transport.decorator.RedirectingEurekaHttpClient.execute(RedirectingEurekaHttpClient.java:80)
	at com.netflix.discovery.shared.transport.decorator.EurekaHttpClientDecorator.register(EurekaHttpClientDecorator.java:56)
	at com.netflix.discovery.shared.transport.decorator.EurekaHttpClientDecorator$1.execute(EurekaHttpClientDecorator.java:59)
	at com.netflix.discovery.shared.transport.decorator.RetryableEurekaHttpClient.execute(RetryableEurekaHttpClient.java:120)
	at com.netflix.discovery.shared.transport.decorator.EurekaHttpClientDecorator.register(EurekaHttpClientDecorator.java:56)
	at com.netflix.discovery.shared.transport.decorator.EurekaHttpClientDecorator$1.execute(EurekaHttpClientDecorator.java:59)
	at com.netflix.discovery.shared.transport.decorator.SessionedEurekaHttpClient.execute(SessionedEurekaHttpClient.java:77)
	at com.netflix.discovery.shared.transport.decorator.EurekaHttpClientDecorator.register(EurekaHttpClientDecorator.java:56)
	at com.netflix.discovery.DiscoveryClient.register(DiscoveryClient.java:820)
	at com.netflix.discovery.DiscoveryClient.renew(DiscoveryClient.java:843)
	at com.netflix.discovery.DiscoveryClient$HeartbeatThread.run(DiscoveryClient.java:1401)
	at java.base/java.util.concurrent.Executors$RunnableAdapter.call(Executors.java:572)
	at java.base/java.util.concurrent.FutureTask.run$$$capture(FutureTask.java:317)
	at java.base/java.util.concurrent.FutureTask.run(FutureTask.java)
	at java.base/java.util.concurrent.ThreadPoolExecutor.runWorker(ThreadPoolExecutor.java:1144)
	at java.base/java.util.concurrent.ThreadPoolExecutor$Worker.run(ThreadPoolExecutor.java:642)
	at java.base/java.lang.Thread.run(Thread.java:1583)

2026-03-25T22:57:07.549+05:30  WARN 24164 --- [order-service] [DiscoveryClient-HeartbeatExecutor-2] c.n.d.s.t.d.RetryableEurekaHttpClient    : Request execution failed with message: null
2026-03-25T22:57:08.101+05:30  WARN 24164 --- [order-service] [DiscoveryClient-HeartbeatExecutor-2] com.netflix.discovery.DiscoveryClient    : DiscoveryClient_ORDER-SERVICE/order-service:8083 - registration failed Cannot execute request on any known server

com.netflix.discovery.shared.transport.TransportException: Cannot execute request on any known server
	at com.netflix.discovery.shared.transport.decorator.RetryableEurekaHttpClient.execute(RetryableEurekaHttpClient.java:112) ~[eureka-client-2.0.2.jar:2.0.2]
	at com.netflix.discovery.shared.transport.decorator.EurekaHttpClientDecorator.register(EurekaHttpClientDecorator.java:56) ~[eureka-client-2.0.2.jar:2.0.2]
	at com.netflix.discovery.shared.transport.decorator.EurekaHttpClientDecorator$1.execute(EurekaHttpClientDecorator.java:59) ~[eureka-client-2.0.2.jar:2.0.2]
	at com.netflix.discovery.shared.transport.decorator.SessionedEurekaHttpClient.execute(SessionedEurekaHttpClient.java:77) ~[eureka-client-2.0.2.jar:2.0.2]
	at com.netflix.discovery.shared.transport.decorator.EurekaHttpClientDecorator.register(EurekaHttpClientDecorator.java:56) ~[eureka-client-2.0.2.jar:2.0.2]
	at com.netflix.discovery.DiscoveryClient.register(DiscoveryClient.java:820) ~[eureka-client-2.0.2.jar:2.0.2]
	at com.netflix.discovery.DiscoveryClient.renew(DiscoveryClient.java:843) ~[eureka-client-2.0.2.jar:2.0.2]
	at com.netflix.discovery.DiscoveryClient$HeartbeatThread.run(DiscoveryClient.java:1401) ~[eureka-client-2.0.2.jar:2.0.2]
	at java.base/java.util.concurrent.Executors$RunnableAdapter.call(Executors.java:572) ~[na:na]
	at java.base/java.util.concurrent.FutureTask.run$$$capture(FutureTask.java:317) ~[na:na]
	at java.base/java.util.concurrent.FutureTask.run(FutureTask.java) ~[na:na]
	at java.base/java.util.concurrent.ThreadPoolExecutor.runWorker(ThreadPoolExecutor.java:1144) ~[na:na]
	at java.base/java.util.concurrent.ThreadPoolExecutor$Worker.run(ThreadPoolExecutor.java:642) ~[na:na]
	at java.base/java.lang.Thread.run(Thread.java:1583) ~[na:na]

2026-03-25T22:57:08.313+05:30 ERROR 24164 --- [order-service] [DiscoveryClient-HeartbeatExecutor-2] com.netflix.discovery.DiscoveryClient    : DiscoveryClient_ORDER-SERVICE/order-service:8083 - was unable to send heartbeat!

com.netflix.discovery.shared.transport.TransportException: Cannot execute request on any known server
	at com.netflix.discovery.shared.transport.decorator.RetryableEurekaHttpClient.execute(RetryableEurekaHttpClient.java:112) ~[eureka-client-2.0.2.jar:2.0.2]
	at com.netflix.discovery.shared.transport.decorator.EurekaHttpClientDecorator.register(EurekaHttpClientDecorator.java:56) ~[eureka-client-2.0.2.jar:2.0.2]
	at com.netflix.discovery.shared.transport.decorator.EurekaHttpClientDecorator$1.execute(EurekaHttpClientDecorator.java:59) ~[eureka-client-2.0.2.jar:2.0.2]
	at com.netflix.discovery.shared.transport.decorator.SessionedEurekaHttpClient.execute(SessionedEurekaHttpClient.java:77) ~[eureka-client-2.0.2.jar:2.0.2]
	at com.netflix.discovery.shared.transport.decorator.EurekaHttpClientDecorator.register(EurekaHttpClientDecorator.java:56) ~[eureka-client-2.0.2.jar:2.0.2]
	at com.netflix.discovery.DiscoveryClient.register(DiscoveryClient.java:820) ~[eureka-client-2.0.2.jar:2.0.2]
	at com.netflix.discovery.DiscoveryClient.renew(DiscoveryClient.java:843) ~[eureka-client-2.0.2.jar:2.0.2]
	at com.netflix.discovery.DiscoveryClient$HeartbeatThread.run(DiscoveryClient.java:1401) ~[eureka-client-2.0.2.jar:2.0.2]
	at java.base/java.util.concurrent.Executors$RunnableAdapter.call(Executors.java:572) ~[na:na]
	at java.base/java.util.concurrent.FutureTask.run$$$capture(FutureTask.java:317) ~[na:na]
	at java.base/java.util.concurrent.FutureTask.run(FutureTask.java) ~[na:na]
	at java.base/java.util.concurrent.ThreadPoolExecutor.runWorker(ThreadPoolExecutor.java:1144) ~[na:na]
	at java.base/java.util.concurrent.ThreadPoolExecutor$Worker.run(ThreadPoolExecutor.java:642) ~[na:na]
	at java.base/java.lang.Thread.run(Thread.java:1583) ~[na:na]

2026-03-25T22:57:58.752+05:30  WARN 24164 --- [order-service] [DiscoveryClient-1] c.netflix.discovery.TimedSupervisorTask  : task supervisor timed out

java.util.concurrent.TimeoutException: null
	at java.base/java.util.concurrent.FutureTask.get(FutureTask.java:204) ~[na:na]
	at com.netflix.discovery.TimedSupervisorTask.run(TimedSupervisorTask.java:68) ~[eureka-client-2.0.2.jar:2.0.2]
	at java.base/java.util.concurrent.Executors$RunnableAdapter.call(Executors.java:572) ~[na:na]
	at java.base/java.util.concurrent.FutureTask.run$$$capture(FutureTask.java:317) ~[na:na]
	at java.base/java.util.concurrent.FutureTask.run(FutureTask.java) ~[na:na]
	at java.base/java.util.concurrent.ScheduledThreadPoolExecutor$ScheduledFutureTask.run(ScheduledThreadPoolExecutor.java:304) ~[na:na]
	at java.base/java.util.concurrent.ThreadPoolExecutor.runWorker(ThreadPoolExecutor.java:1144) ~[na:na]
	at java.base/java.util.concurrent.ThreadPoolExecutor$Worker.run(ThreadPoolExecutor.java:642) ~[na:na]
	at java.base/java.lang.Thread.run(Thread.java:1583) ~[na:na]

2026-03-25T22:58:01.590+05:30  WARN 24164 --- [order-service] [DiscoveryClient-0] c.netflix.discovery.TimedSupervisorTask  : task supervisor timed out

java.util.concurrent.TimeoutException: null
	at java.base/java.util.concurrent.FutureTask.get(FutureTask.java:204) ~[na:na]
	at com.netflix.discovery.TimedSupervisorTask.run(TimedSupervisorTask.java:68) ~[eureka-client-2.0.2.jar:2.0.2]
	at java.base/java.util.concurrent.Executors$RunnableAdapter.call(Executors.java:572) ~[na:na]
	at java.base/java.util.concurrent.FutureTask.run$$$capture(FutureTask.java:317) ~[na:na]
	at java.base/java.util.concurrent.FutureTask.run(FutureTask.java) ~[na:na]
	at java.base/java.util.concurrent.ScheduledThreadPoolExecutor$ScheduledFutureTask.run(ScheduledThreadPoolExecutor.java:304) ~[na:na]
	at java.base/java.util.concurrent.ThreadPoolExecutor.runWorker(ThreadPoolExecutor.java:1144) ~[na:na]
	at java.base/java.util.concurrent.ThreadPoolExecutor$Worker.run(ThreadPoolExecutor.java:642) ~[na:na]
	at java.base/java.lang.Thread.run(Thread.java:1583) ~[na:na]

2026-03-25T22:58:10.023+05:30  INFO 24164 --- [order-service] [DiscoveryClient-CacheRefreshExecutor-0] o.a.h.c.h.i.c.HttpRequestRetryExec       : Recoverable I/O exception (org.apache.hc.core5.http.NoHttpResponseException) caught when processing request to {}->http://localhost:8761
2026-03-25T23:07:06.097+05:30  WARN 24164 --- [order-service] [AsyncResolver-bootstrap-0] c.netflix.discovery.TimedSupervisorTask  : task supervisor timed out

java.util.concurrent.TimeoutException: null
	at java.base/java.util.concurrent.FutureTask.get(FutureTask.java:204) ~[na:na]
	at com.netflix.discovery.TimedSupervisorTask.run(TimedSupervisorTask.java:68) ~[eureka-client-2.0.2.jar:2.0.2]
	at java.base/java.util.concurrent.Executors$RunnableAdapter.call(Executors.java:572) ~[na:na]
	at java.base/java.util.concurrent.FutureTask.run$$$capture(FutureTask.java:317) ~[na:na]
	at java.base/java.util.concurrent.FutureTask.run(FutureTask.java) ~[na:na]
	at java.base/java.util.concurrent.ScheduledThreadPoolExecutor$ScheduledFutureTask.run(ScheduledThreadPoolExecutor.java:304) ~[na:na]
	at java.base/java.util.concurrent.ThreadPoolExecutor.runWorker(ThreadPoolExecutor.java:1144) ~[na:na]
	at java.base/java.util.concurrent.ThreadPoolExecutor$Worker.run(ThreadPoolExecutor.java:642) ~[na:na]
	at java.base/java.lang.Thread.run(Thread.java:1583) ~[na:na]

2026-03-25T22:59:34.277+05:30  WARN 24164 --- [order-service] [DiscoveryClient-0] c.netflix.discovery.TimedSupervisorTask  : task supervisor timed out

java.util.concurrent.TimeoutException: null
	at java.base/java.util.concurrent.FutureTask.get(FutureTask.java:204) ~[na:na]
	at com.netflix.discovery.TimedSupervisorTask.run(TimedSupervisorTask.java:68) ~[eureka-client-2.0.2.jar:2.0.2]
	at java.base/java.util.concurrent.Executors$RunnableAdapter.call(Executors.java:572) ~[na:na]
	at java.base/java.util.concurrent.FutureTask.run$$$capture(FutureTask.java:317) ~[na:na]
	at java.base/java.util.concurrent.FutureTask.run(FutureTask.java) ~[na:na]
	at java.base/java.util.concurrent.ScheduledThreadPoolExecutor$ScheduledFutureTask.run(ScheduledThreadPoolExecutor.java:304) ~[na:na]
	at java.base/java.util.concurrent.ThreadPoolExecutor.runWorker(ThreadPoolExecutor.java:1144) ~[na:na]
	at java.base/java.util.concurrent.ThreadPoolExecutor$Worker.run(ThreadPoolExecutor.java:642) ~[na:na]
	at java.base/java.lang.Thread.run(Thread.java:1583) ~[na:na]

2026-03-25T23:02:07.652+05:30  INFO 24164 --- [order-service] [AsyncResolver-bootstrap-executor-0] c.n.d.s.r.aws.ConfigClusterResolver      : Resolving eureka endpoints via configuration
2026-03-25T23:01:02.456+05:30  WARN 24164 --- [order-service] [DiscoveryClient-1] c.netflix.discovery.TimedSupervisorTask  : task supervisor timed out

java.util.concurrent.TimeoutException: null
	at java.base/java.util.concurrent.FutureTask.get(FutureTask.java:204) ~[na:na]
	at com.netflix.discovery.TimedSupervisorTask.run(TimedSupervisorTask.java:68) ~[eureka-client-2.0.2.jar:2.0.2]
	at java.base/java.util.concurrent.Executors$RunnableAdapter.call(Executors.java:572) ~[na:na]
	at java.base/java.util.concurrent.FutureTask.run$$$capture(FutureTask.java:317) ~[na:na]
	at java.base/java.util.concurrent.FutureTask.run(FutureTask.java) ~[na:na]
	at java.base/java.util.concurrent.ScheduledThreadPoolExecutor$ScheduledFutureTask.run(ScheduledThreadPoolExecutor.java:304) ~[na:na]
	at java.base/java.util.concurrent.ThreadPoolExecutor.runWorker(ThreadPoolExecutor.java:1144) ~[na:na]
	at java.base/java.util.concurrent.ThreadPoolExecutor$Worker.run(ThreadPoolExecutor.java:642) ~[na:na]
	at java.base/java.lang.Thread.run(Thread.java:1583) ~[na:na]

2026-03-25T22:58:11.239+05:30  INFO 24164 --- [order-service] [DiscoveryClient-CacheRefreshExecutor-0] c.n.d.s.t.d.RedirectingEurekaHttpClient  : Request execution error. endpoint=DefaultEndpoint{ serviceUrl='http://localhost:8761/eureka/} exception=null stacktrace=java.util.concurrent.CancellationException
	at org.apache.hc.core5.concurrent.BasicFuture.getResult(BasicFuture.java:75)
	at org.apache.hc.core5.concurrent.BasicFuture.get(BasicFuture.java:96)
	at org.apache.hc.core5.pool.StrictConnPool$1.get(StrictConnPool.java:184)
	at org.apache.hc.core5.pool.StrictConnPool$1.get(StrictConnPool.java:178)
	at org.apache.hc.client5.http.impl.io.PoolingHttpClientConnectionManager$3.get(PoolingHttpClientConnectionManager.java:312)
	at org.apache.hc.client5.http.impl.classic.InternalExecRuntime.acquireEndpoint(InternalExecRuntime.java:109)
	at org.apache.hc.client5.http.impl.classic.ConnectExec.execute(ConnectExec.java:125)
	at org.apache.hc.client5.http.impl.classic.ExecChainElement.execute(ExecChainElement.java:51)
	at org.apache.hc.client5.http.impl.classic.ProtocolExec.execute(ProtocolExec.java:192)
	at org.apache.hc.client5.http.impl.classic.ExecChainElement.execute(ExecChainElement.java:51)
	at org.apache.hc.client5.http.impl.classic.HttpRequestRetryExec.execute(HttpRequestRetryExec.java:96)
	at org.apache.hc.client5.http.impl.classic.ExecChainElement.execute(ExecChainElement.java:51)
	at org.apache.hc.client5.http.impl.classic.ContentCompressionExec.execute(ContentCompressionExec.java:152)
	at org.apache.hc.client5.http.impl.classic.ExecChainElement.execute(ExecChainElement.java:51)
	at org.apache.hc.client5.http.impl.classic.RedirectExec.execute(RedirectExec.java:115)
	at org.apache.hc.client5.http.impl.classic.ExecChainElement.execute(ExecChainElement.java:51)
	at org.apache.hc.client5.http.impl.classic.InternalHttpClient.doExecute(InternalHttpClient.java:170)
	at org.apache.hc.client5.http.impl.classic.CloseableHttpClient.execute(CloseableHttpClient.java:87)
	at org.apache.hc.client5.http.impl.classic.CloseableHttpClient.execute(CloseableHttpClient.java:55)
	at org.apache.hc.client5.http.classic.HttpClient.executeOpen(HttpClient.java:183)
	at org.springframework.http.client.HttpComponentsClientHttpRequest.executeInternal(HttpComponentsClientHttpRequest.java:95)
	at org.springframework.http.client.AbstractStreamingClientHttpRequest.executeInternal(AbstractStreamingClientHttpRequest.java:70)
	at org.springframework.http.client.AbstractClientHttpRequest.execute(AbstractClientHttpRequest.java:66)
	at org.springframework.http.client.InterceptingClientHttpRequest$InterceptingRequestExecution.execute(InterceptingClientHttpRequest.java:112)
	at org.springframework.cloud.netflix.eureka.http.RestTemplateTransportClientFactory.lambda$restTemplate$0(RestTemplateTransportClientFactory.java:143)
	at org.springframework.http.client.InterceptingClientHttpRequest$InterceptingRequestExecution.execute(InterceptingClientHttpRequest.java:88)
	at org.springframework.http.client.InterceptingClientHttpRequest.executeInternal(InterceptingClientHttpRequest.java:72)
	at org.springframework.http.client.AbstractBufferingClientHttpRequest.executeInternal(AbstractBufferingClientHttpRequest.java:48)
	at org.springframework.http.client.AbstractClientHttpRequest.execute(AbstractClientHttpRequest.java:66)
	at org.springframework.web.client.RestTemplate.doExecute(RestTemplate.java:889)
	at org.springframework.web.client.RestTemplate.execute(RestTemplate.java:790)
	at org.springframework.web.client.RestTemplate.exchange(RestTemplate.java:672)
	at org.springframework.cloud.netflix.eureka.http.RestTemplateEurekaHttpClient.getApplicationsInternal(RestTemplateEurekaHttpClient.java:145)
	at org.springframework.cloud.netflix.eureka.http.RestTemplateEurekaHttpClient.getDelta(RestTemplateEurekaHttpClient.java:155)
	at com.netflix.discovery.shared.transport.decorator.EurekaHttpClientDecorator$7.execute(EurekaHttpClientDecorator.java:152)
	at com.netflix.discovery.shared.transport.decorator.RedirectingEurekaHttpClient.execute(RedirectingEurekaHttpClient.java:91)
	at com.netflix.discovery.shared.transport.decorator.EurekaHttpClientDecorator.getDelta(EurekaHttpClientDecorator.java:149)
	at com.netflix.discovery.shared.transport.decorator.EurekaHttpClientDecorator$7.execute(EurekaHttpClientDecorator.java:152)
	at com.netflix.discovery.shared.transport.decorator.RetryableEurekaHttpClient.execute(RetryableEurekaHttpClient.java:120)
	at com.netflix.discovery.shared.transport.decorator.EurekaHttpClientDecorator.getDelta(EurekaHttpClientDecorator.java:149)
	at com.netflix.discovery.shared.transport.decorator.EurekaHttpClientDecorator$7.execute(EurekaHttpClientDecorator.java:152)
	at com.netflix.discovery.shared.transport.decorator.SessionedEurekaHttpClient.execute(SessionedEurekaHttpClient.java:77)
	at com.netflix.discovery.shared.transport.decorator.EurekaHttpClientDecorator.getDelta(EurekaHttpClientDecorator.java:149)
	at com.netflix.discovery.DiscoveryClient.getAndUpdateDelta(DiscoveryClient.java:1079)
	at com.netflix.discovery.DiscoveryClient.fetchRegistry(DiscoveryClient.java:960)
	at com.netflix.discovery.DiscoveryClient.refreshRegistry(DiscoveryClient.java:1475)
	at com.netflix.discovery.DiscoveryClient$CacheRefreshThread.run(DiscoveryClient.java:1442)
	at java.base/java.util.concurrent.Executors$RunnableAdapter.call(Executors.java:572)
	at java.base/java.util.concurrent.FutureTask.run$$$capture(FutureTask.java:317)
	at java.base/java.util.concurrent.FutureTask.run(FutureTask.java)
	at java.base/java.util.concurrent.ThreadPoolExecutor.runWorker(ThreadPoolExecutor.java:1144)
	at java.base/java.util.concurrent.ThreadPoolExecutor$Worker.run(ThreadPoolExecutor.java:642)
	at java.base/java.lang.Thread.run(Thread.java:1583)

2026-03-25T23:12:14.083+05:30  WARN 24164 --- [order-service] [DiscoveryClient-CacheRefreshExecutor-0] c.n.d.s.t.d.RetryableEurekaHttpClient    : Request execution failed with message: null
2026-03-25T23:12:22.661+05:30  INFO 24164 --- [order-service] [DiscoveryClient-CacheRefreshExecutor-0] c.n.d.s.t.d.RedirectingEurekaHttpClient  : Request execution error. endpoint=DefaultEndpoint{ serviceUrl='http://localhost:8761/eureka/}, exception=null stacktrace=java.util.concurrent.CancellationException
	at org.apache.hc.core5.concurrent.BasicFuture.getResult(BasicFuture.java:75)
	at org.apache.hc.core5.concurrent.BasicFuture.get(BasicFuture.java:96)
	at org.apache.hc.core5.pool.StrictConnPool$1.get(StrictConnPool.java:184)
	at org.apache.hc.core5.pool.StrictConnPool$1.get(StrictConnPool.java:178)
	at org.apache.hc.client5.http.impl.io.PoolingHttpClientConnectionManager$3.get(PoolingHttpClientConnectionManager.java:312)
	at org.apache.hc.client5.http.impl.classic.InternalExecRuntime.acquireEndpoint(InternalExecRuntime.java:109)
	at org.apache.hc.client5.http.impl.classic.ConnectExec.execute(ConnectExec.java:125)
	at org.apache.hc.client5.http.impl.classic.ExecChainElement.execute(ExecChainElement.java:51)
	at org.apache.hc.client5.http.impl.classic.ProtocolExec.execute(ProtocolExec.java:192)
	at org.apache.hc.client5.http.impl.classic.ExecChainElement.execute(ExecChainElement.java:51)
	at org.apache.hc.client5.http.impl.classic.HttpRequestRetryExec.execute(HttpRequestRetryExec.java:96)
	at org.apache.hc.client5.http.impl.classic.ExecChainElement.execute(ExecChainElement.java:51)
	at org.apache.hc.client5.http.impl.classic.ContentCompressionExec.execute(ContentCompressionExec.java:152)
	at org.apache.hc.client5.http.impl.classic.ExecChainElement.execute(ExecChainElement.java:51)
	at org.apache.hc.client5.http.impl.classic.RedirectExec.execute(RedirectExec.java:115)
	at org.apache.hc.client5.http.impl.classic.ExecChainElement.execute(ExecChainElement.java:51)
	at org.apache.hc.client5.http.impl.classic.InternalHttpClient.doExecute(InternalHttpClient.java:170)
	at org.apache.hc.client5.http.impl.classic.CloseableHttpClient.execute(CloseableHttpClient.java:87)
	at org.apache.hc.client5.http.impl.classic.CloseableHttpClient.execute(CloseableHttpClient.java:55)
	at org.apache.hc.client5.http.classic.HttpClient.executeOpen(HttpClient.java:183)
	at org.springframework.http.client.HttpComponentsClientHttpRequest.executeInternal(HttpComponentsClientHttpRequest.java:95)
	at org.springframework.http.client.AbstractStreamingClientHttpRequest.executeInternal(AbstractStreamingClientHttpRequest.java:70)
	at org.springframework.http.client.AbstractClientHttpRequest.execute(AbstractClientHttpRequest.java:66)
	at org.springframework.http.client.InterceptingClientHttpRequest$InterceptingRequestExecution.execute(InterceptingClientHttpRequest.java:112)
	at org.springframework.cloud.netflix.eureka.http.RestTemplateTransportClientFactory.lambda$restTemplate$0(RestTemplateTransportClientFactory.java:143)
	at org.springframework.http.client.InterceptingClientHttpRequest$InterceptingRequestExecution.execute(InterceptingClientHttpRequest.java:88)
	at org.springframework.http.client.InterceptingClientHttpRequest.executeInternal(InterceptingClientHttpRequest.java:72)
	at org.springframework.http.client.AbstractBufferingClientHttpRequest.executeInternal(AbstractBufferingClientHttpRequest.java:48)
	at org.springframework.http.client.AbstractClientHttpRequest.execute(AbstractClientHttpRequest.java:66)
	at org.springframework.web.client.RestTemplate.doExecute(RestTemplate.java:889)
	at org.springframework.web.client.RestTemplate.execute(RestTemplate.java:790)
	at org.springframework.web.client.RestTemplate.exchange(RestTemplate.java:672)
	at org.springframework.cloud.netflix.eureka.http.RestTemplateEurekaHttpClient.getApplicationsInternal(RestTemplateEurekaHttpClient.java:145)
	at org.springframework.cloud.netflix.eureka.http.RestTemplateEurekaHttpClient.getDelta(RestTemplateEurekaHttpClient.java:155)
	at com.netflix.discovery.shared.transport.decorator.EurekaHttpClientDecorator$7.execute(EurekaHttpClientDecorator.java:152)
	at com.netflix.discovery.shared.transport.decorator.RedirectingEurekaHttpClient.executeOnNewServer(RedirectingEurekaHttpClient.java:121)
	at com.netflix.discovery.shared.transport.decorator.RedirectingEurekaHttpClient.execute(RedirectingEurekaHttpClient.java:80)
	at com.netflix.discovery.shared.transport.decorator.EurekaHttpClientDecorator.getDelta(EurekaHttpClientDecorator.java:149)
	at com.netflix.discovery.shared.transport.decorator.EurekaHttpClientDecorator$7.execute(EurekaHttpClientDecorator.java:152)
	at com.netflix.discovery.shared.transport.decorator.RetryableEurekaHttpClient.execute(RetryableEurekaHttpClient.java:120)
	at com.netflix.discovery.shared.transport.decorator.EurekaHttpClientDecorator.getDelta(EurekaHttpClientDecorator.java:149)
	at com.netflix.discovery.shared.transport.decorator.EurekaHttpClientDecorator$7.execute(EurekaHttpClientDecorator.java:152)
	at com.netflix.discovery.shared.transport.decorator.SessionedEurekaHttpClient.execute(SessionedEurekaHttpClient.java:77)
	at com.netflix.discovery.shared.transport.decorator.EurekaHttpClientDecorator.getDelta(EurekaHttpClientDecorator.java:149)
	at com.netflix.discovery.DiscoveryClient.getAndUpdateDelta(DiscoveryClient.java:1079)
	at com.netflix.discovery.DiscoveryClient.fetchRegistry(DiscoveryClient.java:960)
	at com.netflix.discovery.DiscoveryClient.refreshRegistry(DiscoveryClient.java:1475)
	at com.netflix.discovery.DiscoveryClient$CacheRefreshThread.run(DiscoveryClient.java:1442)
	at java.base/java.util.concurrent.Executors$RunnableAdapter.call(Executors.java:572)
	at java.base/java.util.concurrent.FutureTask.run$$$capture(FutureTask.java:317)
	at java.base/java.util.concurrent.FutureTask.run(FutureTask.java)
	at java.base/java.util.concurrent.ThreadPoolExecutor.runWorker(ThreadPoolExecutor.java:1144)
	at java.base/java.util.concurrent.ThreadPoolExecutor$Worker.run(ThreadPoolExecutor.java:642)
	at java.base/java.lang.Thread.run(Thread.java:1583)

2026-03-25T23:12:22.731+05:30  WARN 24164 --- [order-service] [DiscoveryClient-CacheRefreshExecutor-0] c.n.d.s.t.d.RetryableEurekaHttpClient    : Request execution failed with message: null
2026-03-25T23:12:23.005+05:30  INFO 24164 --- [order-service] [DiscoveryClient-CacheRefreshExecutor-0] com.netflix.discovery.DiscoveryClient    : DiscoveryClient_ORDER-SERVICE/order-service:8083 - was unable to refresh its cache! This periodic background refresh will be retried in 30 seconds. status = Cannot execute request on any known server stacktrace = com.netflix.discovery.shared.transport.TransportException: Cannot execute request on any known server
	at com.netflix.discovery.shared.transport.decorator.RetryableEurekaHttpClient.execute(RetryableEurekaHttpClient.java:112)
	at com.netflix.discovery.shared.transport.decorator.EurekaHttpClientDecorator.getDelta(EurekaHttpClientDecorator.java:149)
	at com.netflix.discovery.shared.transport.decorator.EurekaHttpClientDecorator$7.execute(EurekaHttpClientDecorator.java:152)
	at com.netflix.discovery.shared.transport.decorator.SessionedEurekaHttpClient.execute(SessionedEurekaHttpClient.java:77)
	at com.netflix.discovery.shared.transport.decorator.EurekaHttpClientDecorator.getDelta(EurekaHttpClientDecorator.java:149)
	at com.netflix.discovery.DiscoveryClient.getAndUpdateDelta(DiscoveryClient.java:1079)
	at com.netflix.discovery.DiscoveryClient.fetchRegistry(DiscoveryClient.java:960)
	at com.netflix.discovery.DiscoveryClient.refreshRegistry(DiscoveryClient.java:1475)
	at com.netflix.discovery.DiscoveryClient$CacheRefreshThread.run(DiscoveryClient.java:1442)
	at java.base/java.util.concurrent.Executors$RunnableAdapter.call(Executors.java:572)
	at java.base/java.util.concurrent.FutureTask.run$$$capture(FutureTask.java:317)
	at java.base/java.util.concurrent.FutureTask.run(FutureTask.java)
	at java.base/java.util.concurrent.ThreadPoolExecutor.runWorker(ThreadPoolExecutor.java:1144)
	at java.base/java.util.concurrent.ThreadPoolExecutor$Worker.run(ThreadPoolExecutor.java:642)
	at java.base/java.lang.Thread.run(Thread.java:1583)

2026-03-25T23:13:16.214+05:30  INFO 24164 --- [order-service] [DiscoveryClient-HeartbeatExecutor-2] com.netflix.discovery.DiscoveryClient    : DiscoveryClient_ORDER-SERVICE/order-service:8083 - Re-registering apps/ORDER-SERVICE
2026-03-25T23:13:16.214+05:30  INFO 24164 --- [order-service] [DiscoveryClient-HeartbeatExecutor-2] com.netflix.discovery.DiscoveryClient    : DiscoveryClient_ORDER-SERVICE/order-service:8083: registering service...
2026-03-25T23:13:19.962+05:30  INFO 24164 --- [order-service] [DiscoveryClient-HeartbeatExecutor-2] com.netflix.discovery.DiscoveryClient    : DiscoveryClient_ORDER-SERVICE/order-service:8083 - registration status: 204
2026-03-25T23:22:13.775+05:30  INFO 24164 --- [order-service] [AsyncResolver-bootstrap-executor-0] c.n.d.s.r.aws.ConfigClusterResolver      : Resolving eureka endpoints via configuration
2026-03-25T23:27:13.777+05:30  INFO 24164 --- [order-service] [AsyncResolver-bootstrap-executor-0] c.n.d.s.r.aws.ConfigClusterResolver      : Resolving eureka endpoints via configuration
2026-03-25T23:32:13.803+05:30  INFO 24164 --- [order-service] [AsyncResolver-bootstrap-executor-0] c.n.d.s.r.aws.ConfigClusterResolver      : Resolving eureka endpoints via configuration
2026-03-25T23:37:49.489+05:30  WARN 24164 --- [order-service] [OrderServicePool housekeeper] com.zaxxer.hikari.pool.HikariPool        : OrderServicePool - Thread starvation or clock leap detected (housekeeper delta=1m2s669ms575µs700ns).
2026-03-25T23:37:49.652+05:30  INFO 24164 --- [order-service] [AsyncResolver-bootstrap-executor-0] c.n.d.s.r.aws.ConfigClusterResolver      : Resolving eureka endpoints via configuration
2026-03-25T23:40:39.243+05:30  INFO 24164 --- [order-service] [SpringApplicationShutdownHook] o.s.c.n.e.s.EurekaServiceRegistry        : Unregistering application ORDER-SERVICE with eureka with status DOWN
2026-03-25T23:40:39.243+05:30  INFO 24164 --- [order-service] [SpringApplicationShutdownHook] com.netflix.discovery.DiscoveryClient    : Saw local status change event StatusChangeEvent [timestamp=1774462239243, current=DOWN, previous=UP]
2026-03-25T23:40:39.243+05:30  INFO 24164 --- [order-service] [DiscoveryClient-InstanceInfoReplicator-0] com.netflix.discovery.DiscoveryClient    : DiscoveryClient_ORDER-SERVICE/order-service:8083: registering service...
2026-03-25T23:40:40.752+05:30  INFO 24164 --- [order-service] [DiscoveryClient-InstanceInfoReplicator-0] com.netflix.discovery.DiscoveryClient    : DiscoveryClient_ORDER-SERVICE/order-service:8083 - registration status: 204
2026-03-25T23:40:49.934+05:30  INFO 24164 --- [order-service] [SpringApplicationShutdownHook] j.LocalContainerEntityManagerFactoryBean : Closing JPA EntityManagerFactory for persistence unit 'default'
2026-03-25T23:40:50.450+05:30  INFO 24164 --- [order-service] [SpringApplicationShutdownHook] com.zaxxer.hikari.HikariDataSource       : OrderServicePool - Shutdown initiated...
2026-03-25T23:40:51.371+05:30  INFO 24164 --- [order-service] [SpringApplicationShutdownHook] com.zaxxer.hikari.HikariDataSource       : OrderServicePool - Shutdown completed.
2026-03-25T23:40:51.372+05:30  INFO 24164 --- [order-service] [SpringApplicationShutdownHook] com.netflix.discovery.DiscoveryClient    : Shutting down DiscoveryClient ...
2026-03-25T23:40:54.542+05:30  INFO 24164 --- [order-service] [SpringApplicationShutdownHook] com.netflix.discovery.DiscoveryClient    : Unregistering ...
2026-03-25T23:40:56.752+05:30  INFO 24164 --- [order-service] [SpringApplicationShutdownHook] c.n.d.s.t.d.RedirectingEurekaHttpClient  : Request execution error. endpoint=DefaultEndpoint{ serviceUrl='http://localhost:8761/eureka/} exception=Connection pool shut down stacktrace=java.lang.IllegalStateException: Connection pool shut down
	at org.apache.hc.core5.util.Asserts.check(Asserts.java:38)
	at org.apache.hc.core5.pool.StrictConnPool.lease(StrictConnPool.java:176)
	at org.apache.hc.client5.http.impl.io.PoolingHttpClientConnectionManager.lease(PoolingHttpClientConnectionManager.java:298)
	at org.apache.hc.client5.http.impl.classic.InternalExecRuntime.acquireEndpoint(InternalExecRuntime.java:103)
	at org.apache.hc.client5.http.impl.classic.ConnectExec.execute(ConnectExec.java:125)
	at org.apache.hc.client5.http.impl.classic.ExecChainElement.execute(ExecChainElement.java:51)
	at org.apache.hc.client5.http.impl.classic.ProtocolExec.execute(ProtocolExec.java:192)
	at org.apache.hc.client5.http.impl.classic.ExecChainElement.execute(ExecChainElement.java:51)
	at org.apache.hc.client5.http.impl.classic.HttpRequestRetryExec.execute(HttpRequestRetryExec.java:96)
	at org.apache.hc.client5.http.impl.classic.ExecChainElement.execute(ExecChainElement.java:51)
	at org.apache.hc.client5.http.impl.classic.ContentCompressionExec.execute(ContentCompressionExec.java:152)
	at org.apache.hc.client5.http.impl.classic.ExecChainElement.execute(ExecChainElement.java:51)
	at org.apache.hc.client5.http.impl.classic.RedirectExec.execute(RedirectExec.java:115)
	at org.apache.hc.client5.http.impl.classic.ExecChainElement.execute(ExecChainElement.java:51)
	at org.apache.hc.client5.http.impl.classic.InternalHttpClient.doExecute(InternalHttpClient.java:170)
	at org.apache.hc.client5.http.impl.classic.CloseableHttpClient.execute(CloseableHttpClient.java:87)
	at org.apache.hc.client5.http.impl.classic.CloseableHttpClient.execute(CloseableHttpClient.java:55)
	at org.apache.hc.client5.http.classic.HttpClient.executeOpen(HttpClient.java:183)
	at org.springframework.http.client.HttpComponentsClientHttpRequest.executeInternal(HttpComponentsClientHttpRequest.java:95)
	at org.springframework.http.client.AbstractStreamingClientHttpRequest.executeInternal(AbstractStreamingClientHttpRequest.java:70)
	at org.springframework.http.client.AbstractClientHttpRequest.execute(AbstractClientHttpRequest.java:66)
	at org.springframework.http.client.InterceptingClientHttpRequest$InterceptingRequestExecution.execute(InterceptingClientHttpRequest.java:112)
	at org.springframework.cloud.netflix.eureka.http.RestTemplateTransportClientFactory.lambda$restTemplate$0(RestTemplateTransportClientFactory.java:143)
	at org.springframework.http.client.InterceptingClientHttpRequest$InterceptingRequestExecution.execute(InterceptingClientHttpRequest.java:88)
	at org.springframework.http.client.InterceptingClientHttpRequest.executeInternal(InterceptingClientHttpRequest.java:72)
	at org.springframework.http.client.AbstractBufferingClientHttpRequest.executeInternal(AbstractBufferingClientHttpRequest.java:48)
	at org.springframework.http.client.AbstractClientHttpRequest.execute(AbstractClientHttpRequest.java:66)
	at org.springframework.web.client.RestTemplate.doExecute(RestTemplate.java:889)
	at org.springframework.web.client.RestTemplate.execute(RestTemplate.java:790)
	at org.springframework.web.client.RestTemplate.exchange(RestTemplate.java:672)
	at org.springframework.cloud.netflix.eureka.http.RestTemplateEurekaHttpClient.cancel(RestTemplateEurekaHttpClient.java:87)
	at com.netflix.discovery.shared.transport.decorator.EurekaHttpClientDecorator$2.execute(EurekaHttpClientDecorator.java:74)
	at com.netflix.discovery.shared.transport.decorator.RedirectingEurekaHttpClient.execute(RedirectingEurekaHttpClient.java:91)
	at com.netflix.discovery.shared.transport.decorator.EurekaHttpClientDecorator.cancel(EurekaHttpClientDecorator.java:71)
	at com.netflix.discovery.shared.transport.decorator.EurekaHttpClientDecorator$2.execute(EurekaHttpClientDecorator.java:74)
	at com.netflix.discovery.shared.transport.decorator.RetryableEurekaHttpClient.execute(RetryableEurekaHttpClient.java:120)
	at com.netflix.discovery.shared.transport.decorator.EurekaHttpClientDecorator.cancel(EurekaHttpClientDecorator.java:71)
	at com.netflix.discovery.shared.transport.decorator.EurekaHttpClientDecorator$2.execute(EurekaHttpClientDecorator.java:74)
	at com.netflix.discovery.shared.transport.decorator.SessionedEurekaHttpClient.execute(SessionedEurekaHttpClient.java:77)
	at com.netflix.discovery.shared.transport.decorator.EurekaHttpClientDecorator.cancel(EurekaHttpClientDecorator.java:71)
	at com.netflix.discovery.DiscoveryClient.unregister(DiscoveryClient.java:916)
	at com.netflix.discovery.DiscoveryClient.shutdown(DiscoveryClient.java:892)
	at java.base/jdk.internal.reflect.DirectMethodHandleAccessor.invoke(DirectMethodHandleAccessor.java:103)
	at java.base/java.lang.reflect.Method.invoke(Method.java:580)
	at org.springframework.beans.factory.annotation.InitDestroyAnnotationBeanPostProcessor$LifecycleMethod.invoke(InitDestroyAnnotationBeanPostProcessor.java:457)
	at org.springframework.beans.factory.annotation.InitDestroyAnnotationBeanPostProcessor$LifecycleMetadata.invokeDestroyMethods(InitDestroyAnnotationBeanPostProcessor.java:415)
	at org.springframework.beans.factory.annotation.InitDestroyAnnotationBeanPostProcessor.postProcessBeforeDestruction(InitDestroyAnnotationBeanPostProcessor.java:239)
	at org.springframework.beans.factory.support.DisposableBeanAdapter.destroy(DisposableBeanAdapter.java:202)
	at org.springframework.beans.factory.support.DisposableBeanAdapter.run(DisposableBeanAdapter.java:195)
	at org.springframework.cloud.context.scope.GenericScope$BeanLifecycleWrapper.destroy(GenericScope.java:389)
	at org.springframework.cloud.context.scope.GenericScope.destroy(GenericScope.java:136)
	at org.springframework.beans.factory.support.DisposableBeanAdapter.destroy(DisposableBeanAdapter.java:211)
	at org.springframework.beans.factory.support.DefaultSingletonBeanRegistry.destroyBean(DefaultSingletonBeanRegistry.java:587)
	at org.springframework.beans.factory.support.DefaultSingletonBeanRegistry.destroySingleton(DefaultSingletonBeanRegistry.java:559)
	at org.springframework.beans.factory.support.DefaultListableBeanFactory.destroySingleton(DefaultListableBeanFactory.java:1202)
	at org.springframework.beans.factory.support.DefaultSingletonBeanRegistry.destroySingletons(DefaultSingletonBeanRegistry.java:520)
	at org.springframework.beans.factory.support.DefaultListableBeanFactory.destroySingletons(DefaultListableBeanFactory.java:1195)
	at org.springframework.context.support.AbstractApplicationContext.destroyBeans(AbstractApplicationContext.java:1183)
	at org.springframework.context.support.AbstractApplicationContext.doClose(AbstractApplicationContext.java:1144)
	at org.springframework.boot.web.servlet.context.ServletWebServerApplicationContext.doClose(ServletWebServerApplicationContext.java:174)
	at org.springframework.context.support.AbstractApplicationContext.close(AbstractApplicationContext.java:1090)
	at org.springframework.boot.SpringApplicationShutdownHook.closeAndWait(SpringApplicationShutdownHook.java:145)
	at java.base/java.lang.Iterable.forEach(Iterable.java:75)
	at org.springframework.boot.SpringApplicationShutdownHook.run(SpringApplicationShutdownHook.java:114)
	at java.base/java.lang.Thread.run(Thread.java:1583)

2026-03-25T23:40:56.797+05:30  WARN 24164 --- [order-service] [SpringApplicationShutdownHook] c.n.d.s.t.d.RetryableEurekaHttpClient    : Request execution failed with message: Connection pool shut down
2026-03-25T23:40:56.850+05:30  INFO 24164 --- [order-service] [SpringApplicationShutdownHook] c.n.d.s.t.d.RedirectingEurekaHttpClient  : Request execution error. endpoint=DefaultEndpoint{ serviceUrl='http://localhost:8761/eureka/}, exception=Connection pool shut down stacktrace=java.lang.IllegalStateException: Connection pool shut down
	at org.apache.hc.core5.util.Asserts.check(Asserts.java:38)
	at org.apache.hc.core5.pool.StrictConnPool.lease(StrictConnPool.java:176)
	at org.apache.hc.client5.http.impl.io.PoolingHttpClientConnectionManager.lease(PoolingHttpClientConnectionManager.java:298)
	at org.apache.hc.client5.http.impl.classic.InternalExecRuntime.acquireEndpoint(InternalExecRuntime.java:103)
	at org.apache.hc.client5.http.impl.classic.ConnectExec.execute(ConnectExec.java:125)
	at org.apache.hc.client5.http.impl.classic.ExecChainElement.execute(ExecChainElement.java:51)
	at org.apache.hc.client5.http.impl.classic.ProtocolExec.execute(ProtocolExec.java:192)
	at org.apache.hc.client5.http.impl.classic.ExecChainElement.execute(ExecChainElement.java:51)
	at org.apache.hc.client5.http.impl.classic.HttpRequestRetryExec.execute(HttpRequestRetryExec.java:96)
	at org.apache.hc.client5.http.impl.classic.ExecChainElement.execute(ExecChainElement.java:51)
	at org.apache.hc.client5.http.impl.classic.ContentCompressionExec.execute(ContentCompressionExec.java:152)
	at org.apache.hc.client5.http.impl.classic.ExecChainElement.execute(ExecChainElement.java:51)
	at org.apache.hc.client5.http.impl.classic.RedirectExec.execute(RedirectExec.java:115)
	at org.apache.hc.client5.http.impl.classic.ExecChainElement.execute(ExecChainElement.java:51)
	at org.apache.hc.client5.http.impl.classic.InternalHttpClient.doExecute(InternalHttpClient.java:170)
	at org.apache.hc.client5.http.impl.classic.CloseableHttpClient.execute(CloseableHttpClient.java:87)
	at org.apache.hc.client5.http.impl.classic.CloseableHttpClient.execute(CloseableHttpClient.java:55)
	at org.apache.hc.client5.http.classic.HttpClient.executeOpen(HttpClient.java:183)
	at org.springframework.http.client.HttpComponentsClientHttpRequest.executeInternal(HttpComponentsClientHttpRequest.java:95)
	at org.springframework.http.client.AbstractStreamingClientHttpRequest.executeInternal(AbstractStreamingClientHttpRequest.java:70)
	at org.springframework.http.client.AbstractClientHttpRequest.execute(AbstractClientHttpRequest.java:66)
	at org.springframework.http.client.InterceptingClientHttpRequest$InterceptingRequestExecution.execute(InterceptingClientHttpRequest.java:112)
	at org.springframework.cloud.netflix.eureka.http.RestTemplateTransportClientFactory.lambda$restTemplate$0(RestTemplateTransportClientFactory.java:143)
	at org.springframework.http.client.InterceptingClientHttpRequest$InterceptingRequestExecution.execute(InterceptingClientHttpRequest.java:88)
	at org.springframework.http.client.InterceptingClientHttpRequest.executeInternal(InterceptingClientHttpRequest.java:72)
	at org.springframework.http.client.AbstractBufferingClientHttpRequest.executeInternal(AbstractBufferingClientHttpRequest.java:48)
	at org.springframework.http.client.AbstractClientHttpRequest.execute(AbstractClientHttpRequest.java:66)
	at org.springframework.web.client.RestTemplate.doExecute(RestTemplate.java:889)
	at org.springframework.web.client.RestTemplate.execute(RestTemplate.java:790)
	at org.springframework.web.client.RestTemplate.exchange(RestTemplate.java:672)
	at org.springframework.cloud.netflix.eureka.http.RestTemplateEurekaHttpClient.cancel(RestTemplateEurekaHttpClient.java:87)
	at com.netflix.discovery.shared.transport.decorator.EurekaHttpClientDecorator$2.execute(EurekaHttpClientDecorator.java:74)
	at com.netflix.discovery.shared.transport.decorator.RedirectingEurekaHttpClient.executeOnNewServer(RedirectingEurekaHttpClient.java:121)
	at com.netflix.discovery.shared.transport.decorator.RedirectingEurekaHttpClient.execute(RedirectingEurekaHttpClient.java:80)
	at com.netflix.discovery.shared.transport.decorator.EurekaHttpClientDecorator.cancel(EurekaHttpClientDecorator.java:71)
	at com.netflix.discovery.shared.transport.decorator.EurekaHttpClientDecorator$2.execute(EurekaHttpClientDecorator.java:74)
	at com.netflix.discovery.shared.transport.decorator.RetryableEurekaHttpClient.execute(RetryableEurekaHttpClient.java:120)
	at com.netflix.discovery.shared.transport.decorator.EurekaHttpClientDecorator.cancel(EurekaHttpClientDecorator.java:71)
	at com.netflix.discovery.shared.transport.decorator.EurekaHttpClientDecorator$2.execute(EurekaHttpClientDecorator.java:74)
	at com.netflix.discovery.shared.transport.decorator.SessionedEurekaHttpClient.execute(SessionedEurekaHttpClient.java:77)
	at com.netflix.discovery.shared.transport.decorator.EurekaHttpClientDecorator.cancel(EurekaHttpClientDecorator.java:71)
	at com.netflix.discovery.DiscoveryClient.unregister(DiscoveryClient.java:916)
	at com.netflix.discovery.DiscoveryClient.shutdown(DiscoveryClient.java:892)
	at java.base/jdk.internal.reflect.DirectMethodHandleAccessor.invoke(DirectMethodHandleAccessor.java:103)
	at java.base/java.lang.reflect.Method.invoke(Method.java:580)
	at org.springframework.beans.factory.annotation.InitDestroyAnnotationBeanPostProcessor$LifecycleMethod.invoke(InitDestroyAnnotationBeanPostProcessor.java:457)
	at org.springframework.beans.factory.annotation.InitDestroyAnnotationBeanPostProcessor$LifecycleMetadata.invokeDestroyMethods(InitDestroyAnnotationBeanPostProcessor.java:415)
	at org.springframework.beans.factory.annotation.InitDestroyAnnotationBeanPostProcessor.postProcessBeforeDestruction(InitDestroyAnnotationBeanPostProcessor.java:239)
	at org.springframework.beans.factory.support.DisposableBeanAdapter.destroy(DisposableBeanAdapter.java:202)
	at org.springframework.beans.factory.support.DisposableBeanAdapter.run(DisposableBeanAdapter.java:195)
	at org.springframework.cloud.context.scope.GenericScope$BeanLifecycleWrapper.destroy(GenericScope.java:389)
	at org.springframework.cloud.context.scope.GenericScope.destroy(GenericScope.java:136)
	at org.springframework.beans.factory.support.DisposableBeanAdapter.destroy(DisposableBeanAdapter.java:211)
	at org.springframework.beans.factory.support.DefaultSingletonBeanRegistry.destroyBean(DefaultSingletonBeanRegistry.java:587)
	at org.springframework.beans.factory.support.DefaultSingletonBeanRegistry.destroySingleton(DefaultSingletonBeanRegistry.java:559)
	at org.springframework.beans.factory.support.DefaultListableBeanFactory.destroySingleton(DefaultListableBeanFactory.java:1202)
	at org.springframework.beans.factory.support.DefaultSingletonBeanRegistry.destroySingletons(DefaultSingletonBeanRegistry.java:520)
	at org.springframework.beans.factory.support.DefaultListableBeanFactory.destroySingletons(DefaultListableBeanFactory.java:1195)
	at org.springframework.context.support.AbstractApplicationContext.destroyBeans(AbstractApplicationContext.java:1183)
	at org.springframework.context.support.AbstractApplicationContext.doClose(AbstractApplicationContext.java:1144)
	at org.springframework.boot.web.servlet.context.ServletWebServerApplicationContext.doClose(ServletWebServerApplicationContext.java:174)
	at org.springframework.context.support.AbstractApplicationContext.close(AbstractApplicationContext.java:1090)
	at org.springframework.boot.SpringApplicationShutdownHook.closeAndWait(SpringApplicationShutdownHook.java:145)
	at java.base/java.lang.Iterable.forEach(Iterable.java:75)
	at org.springframework.boot.SpringApplicationShutdownHook.run(SpringApplicationShutdownHook.java:114)
	at java.base/java.lang.Thread.run(Thread.java:1583)

2026-03-25T23:40:57.104+05:30  WARN 24164 --- [order-service] [SpringApplicationShutdownHook] c.n.d.s.t.d.RetryableEurekaHttpClient    : Request execution failed with message: Connection pool shut down
2026-03-25T23:40:57.104+05:30 ERROR 24164 --- [order-service] [SpringApplicationShutdownHook] com.netflix.discovery.DiscoveryClient    : DiscoveryClient_ORDER-SERVICE/order-service:8083 - de-registration failedCannot execute request on any known server

com.netflix.discovery.shared.transport.TransportException: Cannot execute request on any known server
	at com.netflix.discovery.shared.transport.decorator.RetryableEurekaHttpClient.execute(RetryableEurekaHttpClient.java:112) ~[eureka-client-2.0.2.jar:2.0.2]
	at com.netflix.discovery.shared.transport.decorator.EurekaHttpClientDecorator.cancel(EurekaHttpClientDecorator.java:71) ~[eureka-client-2.0.2.jar:2.0.2]
	at com.netflix.discovery.shared.transport.decorator.EurekaHttpClientDecorator$2.execute(EurekaHttpClientDecorator.java:74) ~[eureka-client-2.0.2.jar:2.0.2]
	at com.netflix.discovery.shared.transport.decorator.SessionedEurekaHttpClient.execute(SessionedEurekaHttpClient.java:77) ~[eureka-client-2.0.2.jar:2.0.2]
	at com.netflix.discovery.shared.transport.decorator.EurekaHttpClientDecorator.cancel(EurekaHttpClientDecorator.java:71) ~[eureka-client-2.0.2.jar:2.0.2]
	at com.netflix.discovery.DiscoveryClient.unregister(DiscoveryClient.java:916) ~[eureka-client-2.0.2.jar:2.0.2]
	at com.netflix.discovery.DiscoveryClient.shutdown(DiscoveryClient.java:892) ~[eureka-client-2.0.2.jar:2.0.2]
	at java.base/jdk.internal.reflect.DirectMethodHandleAccessor.invoke(DirectMethodHandleAccessor.java:103) ~[na:na]
	at java.base/java.lang.reflect.Method.invoke(Method.java:580) ~[na:na]
	at org.springframework.beans.factory.annotation.InitDestroyAnnotationBeanPostProcessor$LifecycleMethod.invoke(InitDestroyAnnotationBeanPostProcessor.java:457) ~[spring-beans-6.1.4.jar:6.1.4]
	at org.springframework.beans.factory.annotation.InitDestroyAnnotationBeanPostProcessor$LifecycleMetadata.invokeDestroyMethods(InitDestroyAnnotationBeanPostProcessor.java:415) ~[spring-beans-6.1.4.jar:6.1.4]
	at org.springframework.beans.factory.annotation.InitDestroyAnnotationBeanPostProcessor.postProcessBeforeDestruction(InitDestroyAnnotationBeanPostProcessor.java:239) ~[spring-beans-6.1.4.jar:6.1.4]
	at org.springframework.beans.factory.support.DisposableBeanAdapter.destroy(DisposableBeanAdapter.java:202) ~[spring-beans-6.1.4.jar:6.1.4]
	at org.springframework.beans.factory.support.DisposableBeanAdapter.run(DisposableBeanAdapter.java:195) ~[spring-beans-6.1.4.jar:6.1.4]
	at org.springframework.cloud.context.scope.GenericScope$BeanLifecycleWrapper.destroy(GenericScope.java:389) ~[spring-cloud-context-4.1.2.jar:4.1.2]
	at org.springframework.cloud.context.scope.GenericScope.destroy(GenericScope.java:136) ~[spring-cloud-context-4.1.2.jar:4.1.2]
	at org.springframework.beans.factory.support.DisposableBeanAdapter.destroy(DisposableBeanAdapter.java:211) ~[spring-beans-6.1.4.jar:6.1.4]
	at org.springframework.beans.factory.support.DefaultSingletonBeanRegistry.destroyBean(DefaultSingletonBeanRegistry.java:587) ~[spring-beans-6.1.4.jar:6.1.4]
	at org.springframework.beans.factory.support.DefaultSingletonBeanRegistry.destroySingleton(DefaultSingletonBeanRegistry.java:559) ~[spring-beans-6.1.4.jar:6.1.4]
	at org.springframework.beans.factory.support.DefaultListableBeanFactory.destroySingleton(DefaultListableBeanFactory.java:1202) ~[spring-beans-6.1.4.jar:6.1.4]
	at org.springframework.beans.factory.support.DefaultSingletonBeanRegistry.destroySingletons(DefaultSingletonBeanRegistry.java:520) ~[spring-beans-6.1.4.jar:6.1.4]
	at org.springframework.beans.factory.support.DefaultListableBeanFactory.destroySingletons(DefaultListableBeanFactory.java:1195) ~[spring-beans-6.1.4.jar:6.1.4]
	at org.springframework.context.support.AbstractApplicationContext.destroyBeans(AbstractApplicationContext.java:1183) ~[spring-context-6.1.4.jar:6.1.4]
	at org.springframework.context.support.AbstractApplicationContext.doClose(AbstractApplicationContext.java:1144) ~[spring-context-6.1.4.jar:6.1.4]
	at org.springframework.boot.web.servlet.context.ServletWebServerApplicationContext.doClose(ServletWebServerApplicationContext.java:174) ~[spring-boot-3.2.3.jar:3.2.3]
	at org.springframework.context.support.AbstractApplicationContext.close(AbstractApplicationContext.java:1090) ~[spring-context-6.1.4.jar:6.1.4]
	at org.springframework.boot.SpringApplicationShutdownHook.closeAndWait(SpringApplicationShutdownHook.java:145) ~[spring-boot-3.2.3.jar:3.2.3]
	at java.base/java.lang.Iterable.forEach(Iterable.java:75) ~[na:na]
	at org.springframework.boot.SpringApplicationShutdownHook.run(SpringApplicationShutdownHook.java:114) ~[spring-boot-3.2.3.jar:3.2.3]
	at java.base/java.lang.Thread.run(Thread.java:1583) ~[na:na]

2026-03-25T23:40:57.878+05:30  INFO 24164 --- [order-service] [SpringApplicationShutdownHook] com.netflix.discovery.DiscoveryClient    : Completed shut down of DiscoveryClient
