2026-03-16T00:06:02.153+05:30  INFO 20748 --- [product-service] [SpringApplicationShutdownHook] j.LocalContainerEntityManagerFactoryBean : Closing JPA EntityManagerFactory for persistence unit 'default'
2026-03-16T00:06:02.419+05:30  INFO 20748 --- [product-service] [SpringApplicationShutdownHook] com.zaxxer.hikari.HikariDataSource       : ProductServicePool - Shutdown initiated...
2026-03-16T00:06:02.545+05:30  INFO 20748 --- [product-service] [SpringApplicationShutdownHook] com.zaxxer.hikari.HikariDataSource       : ProductServicePool - Shutdown completed.
2026-03-16T00:06:11.709+05:30  INFO 17704 --- [product-service] [main] c.e.p.ProductServiceApplication          : Starting ProductServiceApplication using Java 21.0.2 with PID 17704 (F:\Ecommerce Production Level Application\product-service\target\classes started by nanda royality in F:\Ecommerce Production Level Application\user-service)
2026-03-16T00:06:11.711+05:30 DEBUG 17704 --- [product-service] [main] c.e.p.ProductServiceApplication          : Running with Spring Boot v3.2.3, Spring v6.1.4
2026-03-16T00:06:11.713+05:30  INFO 17704 --- [product-service] [main] c.e.p.ProductServiceApplication          : No active profile set, falling back to 1 default profile: "default"
2026-03-16T00:06:14.347+05:30  INFO 17704 --- [product-service] [main] .s.d.r.c.RepositoryConfigurationDelegate : Multiple Spring Data modules found, entering strict repository configuration mode
2026-03-16T00:06:14.350+05:30  INFO 17704 --- [product-service] [main] .s.d.r.c.RepositoryConfigurationDelegate : Bootstrapping Spring Data JPA repositories in DEFAULT mode.
2026-03-16T00:06:14.569+05:30  INFO 17704 --- [product-service] [main] .s.d.r.c.RepositoryConfigurationDelegate : Finished Spring Data repository scanning in 208 ms. Found 5 JPA repository interfaces.
2026-03-16T00:06:14.921+05:30  INFO 17704 --- [product-service] [main] o.s.cloud.context.scope.GenericScope     : BeanFactory id=53a89b90-b998-346a-b126-5c5a932464bc
2026-03-16T00:06:16.098+05:30  INFO 17704 --- [product-service] [main] o.s.b.w.embedded.tomcat.TomcatWebServer  : Tomcat initialized with port 8082 (http)
2026-03-16T00:06:16.148+05:30  INFO 17704 --- [product-service] [main] o.apache.catalina.core.StandardService   : Starting service [Tomcat]
2026-03-16T00:06:16.149+05:30  INFO 17704 --- [product-service] [main] o.apache.catalina.core.StandardEngine    : Starting Servlet engine: [Apache Tomcat/10.1.19]
2026-03-16T00:06:16.307+05:30  INFO 17704 --- [product-service] [main] o.a.c.c.C.[Tomcat].[localhost].[/]       : Initializing Spring embedded WebApplicationContext
2026-03-16T00:06:16.308+05:30  INFO 17704 --- [product-service] [main] w.s.c.ServletWebServerApplicationContext : Root WebApplicationContext: initialization completed in 4479 ms
2026-03-16T00:06:16.643+05:30 DEBUG 17704 --- [product-service] [main] c.e.p.security.JwtAuthenticationFilter   : Filter 'jwtAuthenticationFilter' configured for use
2026-03-16T00:06:16.766+05:30  INFO 17704 --- [product-service] [main] com.zaxxer.hikari.HikariDataSource       : ProductServicePool - Starting...
2026-03-16T00:06:17.069+05:30  INFO 17704 --- [product-service] [main] com.zaxxer.hikari.pool.HikariPool        : ProductServicePool - Added connection com.mysql.cj.jdbc.ConnectionImpl@484a5ddd
2026-03-16T00:06:17.071+05:30  INFO 17704 --- [product-service] [main] com.zaxxer.hikari.HikariDataSource       : ProductServicePool - Start completed.
2026-03-16T00:06:17.218+05:30  INFO 17704 --- [product-service] [main] o.f.c.internal.license.VersionPrinter    : Flyway Community Edition 9.22.3 by Redgate
2026-03-16T00:06:17.218+05:30  INFO 17704 --- [product-service] [main] o.f.c.internal.license.VersionPrinter    : See release notes here: https://rd.gt/416ObMi
2026-03-16T00:06:17.219+05:30  INFO 17704 --- [product-service] [main] o.f.c.internal.license.VersionPrinter    : 
2026-03-16T00:06:17.280+05:30  INFO 17704 --- [product-service] [main] org.flywaydb.core.FlywayExecutor         : Database: jdbc:mysql://localhost:3306/product_db (MySQL 8.0)
2026-03-16T00:06:17.410+05:30  INFO 17704 --- [product-service] [main] o.f.core.internal.command.DbValidate     : Successfully validated 0 migrations (execution time 00:00.050s)
2026-03-16T00:06:17.411+05:30  WARN 17704 --- [product-service] [main] o.f.core.internal.command.DbValidate     : No migrations found. Are your locations set up correctly?
2026-03-16T00:06:17.429+05:30  INFO 17704 --- [product-service] [main] o.f.core.internal.command.DbMigrate      : Current version of schema `product_db`: << Empty Schema >>
2026-03-16T00:06:17.438+05:30  INFO 17704 --- [product-service] [main] o.f.core.internal.command.DbMigrate      : Schema `product_db` is up to date. No migration necessary.
2026-03-16T00:06:17.636+05:30  INFO 17704 --- [product-service] [main] o.hibernate.jpa.internal.util.LogHelper  : HHH000204: Processing PersistenceUnitInfo [name: default]
2026-03-16T00:06:17.768+05:30  INFO 17704 --- [product-service] [main] org.hibernate.Version                    : HHH000412: Hibernate ORM core version 6.4.4.Final
2026-03-16T00:06:17.839+05:30  INFO 17704 --- [product-service] [main] o.h.c.internal.RegionFactoryInitiator    : HHH000026: Second-level cache disabled
2026-03-16T00:06:18.179+05:30  INFO 17704 --- [product-service] [main] o.s.o.j.p.SpringPersistenceUnitInfo      : No LoadTimeWeaver setup: ignoring JPA class transformer
2026-03-16T00:06:18.253+05:30  WARN 17704 --- [product-service] [main] org.hibernate.orm.deprecation            : HHH90000025: MySQLDialect does not need to be specified explicitly using 'hibernate.dialect' (remove the property setting and it will be selected by default)
2026-03-16T00:06:19.481+05:30  INFO 17704 --- [product-service] [main] o.h.e.t.j.p.i.JtaPlatformInitiator       : HHH000489: No JTA platform available (set 'hibernate.transaction.jta.platform' to enable JTA platform integration)
2026-03-16T00:06:19.614+05:30  INFO 17704 --- [product-service] [main] j.LocalContainerEntityManagerFactoryBean : Initialized JPA EntityManagerFactory for persistence unit 'default'
2026-03-16T00:06:21.291+05:30  INFO 17704 --- [product-service] [main] o.s.d.j.r.query.QueryEnhancerFactory     : Hibernate is in classpath; If applicable, HQL parser will be used.
2026-03-16T00:06:24.699+05:30  WARN 17704 --- [product-service] [main] .s.s.UserDetailsServiceAutoConfiguration : 

Using generated security password: 5316ba10-1277-40c6-be64-9eea497c9b52

This generated password is for development use only. Your security configuration must be updated before running your application in production.

2026-03-16T00:06:25.724+05:30  INFO 17704 --- [product-service] [main] o.s.b.a.e.web.EndpointLinksResolver      : Exposing 1 endpoint(s) beneath base path '/actuator'
2026-03-16T00:06:25.911+05:30  INFO 17704 --- [product-service] [main] o.s.s.web.DefaultSecurityFilterChain     : Will secure any request with [org.springframework.security.web.session.DisableEncodeUrlFilter@4e5361df, org.springframework.security.web.context.request.async.WebAsyncManagerIntegrationFilter@6fd77c16, org.springframework.security.web.context.SecurityContextHolderFilter@6cf4ac81, org.springframework.security.web.header.HeaderWriterFilter@79ed43f8, org.springframework.web.filter.CorsFilter@6b41df80, org.springframework.security.web.authentication.logout.LogoutFilter@54236211, com.ecommerce.product_service.security.JwtAuthenticationFilter@570ed9c, org.springframework.security.web.savedrequest.RequestCacheAwareFilter@4891aee2, org.springframework.security.web.servletapi.SecurityContextHolderAwareRequestFilter@33df7a87, org.springframework.security.web.authentication.AnonymousAuthenticationFilter@56dde963, org.springframework.security.web.session.SessionManagementFilter@34e347a5, org.springframework.security.web.access.ExceptionTranslationFilter@8a325ca, org.springframework.security.web.access.intercept.AuthorizationFilter@19f8c830]
2026-03-16T00:06:27.969+05:30  INFO 17704 --- [product-service] [main] o.a.k.clients.admin.AdminClientConfig    : AdminClientConfig values: 
	auto.include.jmx.reporter = true
	bootstrap.servers = [localhost:9092]
	client.dns.lookup = use_all_dns_ips
	client.id = 
	connections.max.idle.ms = 300000
	default.api.timeout.ms = 60000
	metadata.max.age.ms = 300000
	metric.reporters = []
	metrics.num.samples = 2
	metrics.recording.level = INFO
	metrics.sample.window.ms = 30000
	receive.buffer.bytes = 65536
	reconnect.backoff.max.ms = 1000
	reconnect.backoff.ms = 50
	request.timeout.ms = 30000
	retries = 2147483647
	retry.backoff.ms = 100
	sasl.client.callback.handler.class = null
	sasl.jaas.config = null
	sasl.kerberos.kinit.cmd = /usr/bin/kinit
	sasl.kerberos.min.time.before.relogin = 60000
	sasl.kerberos.service.name = null
	sasl.kerberos.ticket.renew.jitter = 0.05
	sasl.kerberos.ticket.renew.window.factor = 0.8
	sasl.login.callback.handler.class = null
	sasl.login.class = null
	sasl.login.connect.timeout.ms = null
	sasl.login.read.timeout.ms = null
	sasl.login.refresh.buffer.seconds = 300
	sasl.login.refresh.min.period.seconds = 60
	sasl.login.refresh.window.factor = 0.8
	sasl.login.refresh.window.jitter = 0.05
	sasl.login.retry.backoff.max.ms = 10000
	sasl.login.retry.backoff.ms = 100
	sasl.mechanism = GSSAPI
	sasl.oauthbearer.clock.skew.seconds = 30
	sasl.oauthbearer.expected.audience = null
	sasl.oauthbearer.expected.issuer = null
	sasl.oauthbearer.jwks.endpoint.refresh.ms = 3600000
	sasl.oauthbearer.jwks.endpoint.retry.backoff.max.ms = 10000
	sasl.oauthbearer.jwks.endpoint.retry.backoff.ms = 100
	sasl.oauthbearer.jwks.endpoint.url = null
	sasl.oauthbearer.scope.claim.name = scope
	sasl.oauthbearer.sub.claim.name = sub
	sasl.oauthbearer.token.endpoint.url = null
	security.protocol = PLAINTEXT
	security.providers = null
	send.buffer.bytes = 131072
	socket.connection.setup.timeout.max.ms = 30000
	socket.connection.setup.timeout.ms = 10000
	ssl.cipher.suites = null
	ssl.enabled.protocols = [TLSv1.2, TLSv1.3]
	ssl.endpoint.identification.algorithm = https
	ssl.engine.factory.class = null
	ssl.key.password = null
	ssl.keymanager.algorithm = SunX509
	ssl.keystore.certificate.chain = null
	ssl.keystore.key = null
	ssl.keystore.location = null
	ssl.keystore.password = null
	ssl.keystore.type = JKS
	ssl.protocol = TLSv1.3
	ssl.provider = null
	ssl.secure.random.implementation = null
	ssl.trustmanager.algorithm = PKIX
	ssl.truststore.certificates = null
	ssl.truststore.location = null
	ssl.truststore.password = null
	ssl.truststore.type = JKS

2026-03-16T00:06:29.029+05:30  INFO 17704 --- [product-service] [main] o.a.kafka.common.utils.AppInfoParser     : Kafka version: 3.6.1
2026-03-16T00:06:29.029+05:30  INFO 17704 --- [product-service] [main] o.a.kafka.common.utils.AppInfoParser     : Kafka commitId: 5e3c2b738d253ff5
2026-03-16T00:06:29.030+05:30  INFO 17704 --- [product-service] [main] o.a.kafka.common.utils.AppInfoParser     : Kafka startTimeMs: 1773599789027
2026-03-16T00:06:30.096+05:30  INFO 17704 --- [product-service] [kafka-admin-client-thread | adminclient-1] o.a.kafka.common.utils.AppInfoParser     : App info kafka.admin.client for adminclient-1 unregistered
2026-03-16T00:06:30.102+05:30  INFO 17704 --- [product-service] [kafka-admin-client-thread | adminclient-1] o.apache.kafka.common.metrics.Metrics    : Metrics scheduler closed
2026-03-16T00:06:30.102+05:30  INFO 17704 --- [product-service] [kafka-admin-client-thread | adminclient-1] o.apache.kafka.common.metrics.Metrics    : Closing reporter org.apache.kafka.common.metrics.JmxReporter
2026-03-16T00:06:30.102+05:30  INFO 17704 --- [product-service] [kafka-admin-client-thread | adminclient-1] o.apache.kafka.common.metrics.Metrics    : Metrics reporters closed
2026-03-16T00:06:30.134+05:30  INFO 17704 --- [product-service] [main] o.s.b.w.embedded.tomcat.TomcatWebServer  : Tomcat started on port 8082 (http) with context path ''
2026-03-16T00:06:30.161+05:30  INFO 17704 --- [product-service] [main] c.e.p.ProductServiceApplication          : Started ProductServiceApplication in 19.351 seconds (process running for 20.652)
2026-03-16T00:07:38.398+05:30  INFO 17704 --- [product-service] [http-nio-8082-exec-1] o.a.c.c.C.[Tomcat].[localhost].[/]       : Initializing Spring DispatcherServlet 'dispatcherServlet'
2026-03-16T00:07:38.398+05:30  INFO 17704 --- [product-service] [http-nio-8082-exec-1] o.s.web.servlet.DispatcherServlet        : Initializing Servlet 'dispatcherServlet'
2026-03-16T00:07:38.400+05:30  INFO 17704 --- [product-service] [http-nio-8082-exec-1] o.s.web.servlet.DispatcherServlet        : Completed initialization in 2 ms
2026-03-16T00:07:39.998+05:30  INFO 17704 --- [product-service] [http-nio-8082-exec-8] o.springdoc.api.AbstractOpenApiResource  : Init duration for springdoc-openapi is: 1082 ms
2026-03-16T00:09:37.768+05:30  WARN 17704 --- [product-service] [http-nio-8082-exec-2] org.hibernate.orm.query                  : HHH90003004: firstResult/maxResults specified with collection fetch; applying in memory
2026-03-16T00:09:37.968+05:30 DEBUG 17704 --- [product-service] [http-nio-8082-exec-2] org.hibernate.SQL                        : 
    select
        distinct p1_0.id,
        p1_0.attributes,
        p1_0.average_rating,
        p1_0.brand_name,
        p1_0.category_id,
        c1_0.id,
        c1_0.created_at,
        c1_0.description,
        c1_0.display_order,
        c1_0.image_url,
        c1_0.is_active,
        c1_0.name,
        c1_0.parent_id,
        c1_0.slug,
        p1_0.compare_at_price,
        p1_0.cost_price,
        p1_0.created_at,
        p1_0.description,
        i1_0.product_id,
        i1_0.id,
        i1_0.alt_text,
        i1_0.display_order,
        i1_0.image_url,
        i1_0.is_primary,
        i2_0.id,
        i2_0.last_updated,
        i2_0.low_stock_threshold,
        i2_0.product_id,
        i2_0.quantity,
        i2_0.reserved_quantity,
        i2_0.warehouse_location,
        p1_0.name,
        p1_0.price,
        p1_0.review_count,
        p1_0.short_description,
        p1_0.sku,
        p1_0.sold_count,
        p1_0.status,
        p1_0.tags,
        p1_0.updated_at,
        p1_0.version,
        p1_0.view_count,
        p1_0.weight 
    from
        products p1_0 
    left join
        product_images i1_0 
            on p1_0.id=i1_0.product_id 
    left join
        inventories i2_0 
            on p1_0.id=i2_0.product_id 
    left join
        categories c1_0 
            on c1_0.id=p1_0.category_id 
    where
        p1_0.status=? 
    order by
        p1_0.created_at desc
2026-03-16T00:10:04.754+05:30  INFO 17704 --- [product-service] [http-nio-8082-exec-5] c.e.p.controller.ProductControllerImpl   : Bulk product create request — count: 28
2026-03-16T00:10:04.756+05:30  INFO 17704 --- [product-service] [http-nio-8082-exec-5] c.e.p.service.ProductServiceImpl         : Bulk creating 28 products
2026-03-16T00:10:04.757+05:30  INFO 17704 --- [product-service] [http-nio-8082-exec-5] c.e.p.service.ProductServiceImpl         : Creating product with SKU: MEN-SHIRT-WHT-001
2026-03-16T00:10:04.791+05:30 DEBUG 17704 --- [product-service] [http-nio-8082-exec-5] org.hibernate.SQL                        : 
    select
        p1_0.id 
    from
        products p1_0 
    where
        p1_0.sku=? 
    limit
        ?
2026-03-16T00:10:04.823+05:30 DEBUG 17704 --- [product-service] [http-nio-8082-exec-5] org.hibernate.SQL                        : 
    select
        c1_0.id,
        c1_0.created_at,
        c1_0.description,
        c1_0.display_order,
        c1_0.image_url,
        c1_0.is_active,
        c1_0.name,
        c1_0.parent_id,
        c1_0.slug 
    from
        categories c1_0 
    where
        c1_0.id=?
2026-03-16T00:10:04.825+05:30  WARN 17704 --- [product-service] [http-nio-8082-exec-5] c.e.p.service.ProductServiceImpl         : Bulk create failed for SKU: MEN-SHIRT-WHT-001 | reason: Category not found: <men-id>
2026-03-16T00:10:04.826+05:30  INFO 17704 --- [product-service] [http-nio-8082-exec-5] c.e.p.service.ProductServiceImpl         : Creating product with SKU: MEN-JEAN-BLU-001
2026-03-16T00:10:04.827+05:30 DEBUG 17704 --- [product-service] [http-nio-8082-exec-5] org.hibernate.SQL                        : 
    select
        p1_0.id 
    from
        products p1_0 
    where
        p1_0.sku=? 
    limit
        ?
2026-03-16T00:10:04.828+05:30 DEBUG 17704 --- [product-service] [http-nio-8082-exec-5] org.hibernate.SQL                        : 
    select
        c1_0.id,
        c1_0.created_at,
        c1_0.description,
        c1_0.display_order,
        c1_0.image_url,
        c1_0.is_active,
        c1_0.name,
        c1_0.parent_id,
        c1_0.slug 
    from
        categories c1_0 
    where
        c1_0.id=?
2026-03-16T00:10:04.829+05:30  WARN 17704 --- [product-service] [http-nio-8082-exec-5] c.e.p.service.ProductServiceImpl         : Bulk create failed for SKU: MEN-JEAN-BLU-001 | reason: Category not found: <men-id>
2026-03-16T00:10:04.829+05:30  INFO 17704 --- [product-service] [http-nio-8082-exec-5] c.e.p.service.ProductServiceImpl         : Creating product with SKU: MEN-POLO-BLK-001
2026-03-16T00:10:04.830+05:30 DEBUG 17704 --- [product-service] [http-nio-8082-exec-5] org.hibernate.SQL                        : 
    select
        p1_0.id 
    from
        products p1_0 
    where
        p1_0.sku=? 
    limit
        ?
2026-03-16T00:10:04.831+05:30 DEBUG 17704 --- [product-service] [http-nio-8082-exec-5] org.hibernate.SQL                        : 
    select
        c1_0.id,
        c1_0.created_at,
        c1_0.description,
        c1_0.display_order,
        c1_0.image_url,
        c1_0.is_active,
        c1_0.name,
        c1_0.parent_id,
        c1_0.slug 
    from
        categories c1_0 
    where
        c1_0.id=?
2026-03-16T00:10:04.831+05:30  WARN 17704 --- [product-service] [http-nio-8082-exec-5] c.e.p.service.ProductServiceImpl         : Bulk create failed for SKU: MEN-POLO-BLK-001 | reason: Category not found: <men-id>
2026-03-16T00:10:04.832+05:30  INFO 17704 --- [product-service] [http-nio-8082-exec-5] c.e.p.service.ProductServiceImpl         : Creating product with SKU: MEN-HOOD-GRY-001
2026-03-16T00:10:04.832+05:30 DEBUG 17704 --- [product-service] [http-nio-8082-exec-5] org.hibernate.SQL                        : 
    select
        p1_0.id 
    from
        products p1_0 
    where
        p1_0.sku=? 
    limit
        ?
2026-03-16T00:10:04.833+05:30 DEBUG 17704 --- [product-service] [http-nio-8082-exec-5] org.hibernate.SQL                        : 
    select
        c1_0.id,
        c1_0.created_at,
        c1_0.description,
        c1_0.display_order,
        c1_0.image_url,
        c1_0.is_active,
        c1_0.name,
        c1_0.parent_id,
        c1_0.slug 
    from
        categories c1_0 
    where
        c1_0.id=?
2026-03-16T00:10:04.834+05:30  WARN 17704 --- [product-service] [http-nio-8082-exec-5] c.e.p.service.ProductServiceImpl         : Bulk create failed for SKU: MEN-HOOD-GRY-001 | reason: Category not found: <men-id>
2026-03-16T00:10:04.834+05:30  INFO 17704 --- [product-service] [http-nio-8082-exec-5] c.e.p.service.ProductServiceImpl         : Creating product with SKU: MEN-RUN-WHT-001
2026-03-16T00:10:04.835+05:30 DEBUG 17704 --- [product-service] [http-nio-8082-exec-5] org.hibernate.SQL                        : 
    select
        p1_0.id 
    from
        products p1_0 
    where
        p1_0.sku=? 
    limit
        ?
2026-03-16T00:10:04.835+05:30 DEBUG 17704 --- [product-service] [http-nio-8082-exec-5] org.hibernate.SQL                        : 
    select
        c1_0.id,
        c1_0.created_at,
        c1_0.description,
        c1_0.display_order,
        c1_0.image_url,
        c1_0.is_active,
        c1_0.name,
        c1_0.parent_id,
        c1_0.slug 
    from
        categories c1_0 
    where
        c1_0.id=?
2026-03-16T00:10:04.836+05:30  WARN 17704 --- [product-service] [http-nio-8082-exec-5] c.e.p.service.ProductServiceImpl         : Bulk create failed for SKU: MEN-RUN-WHT-001 | reason: Category not found: <men-id>
2026-03-16T00:10:04.836+05:30  INFO 17704 --- [product-service] [http-nio-8082-exec-5] c.e.p.service.ProductServiceImpl         : Creating product with SKU: WOM-DRSS-FLR-001
2026-03-16T00:10:04.838+05:30 DEBUG 17704 --- [product-service] [http-nio-8082-exec-5] org.hibernate.SQL                        : 
    select
        p1_0.id 
    from
        products p1_0 
    where
        p1_0.sku=? 
    limit
        ?
2026-03-16T00:10:04.839+05:30 DEBUG 17704 --- [product-service] [http-nio-8082-exec-5] org.hibernate.SQL                        : 
    select
        c1_0.id,
        c1_0.created_at,
        c1_0.description,
        c1_0.display_order,
        c1_0.image_url,
        c1_0.is_active,
        c1_0.name,
        c1_0.parent_id,
        c1_0.slug 
    from
        categories c1_0 
    where
        c1_0.id=?
2026-03-16T00:10:04.840+05:30  WARN 17704 --- [product-service] [http-nio-8082-exec-5] c.e.p.service.ProductServiceImpl         : Bulk create failed for SKU: WOM-DRSS-FLR-001 | reason: Category not found: <women-id>
2026-03-16T00:10:04.841+05:30  INFO 17704 --- [product-service] [http-nio-8082-exec-5] c.e.p.service.ProductServiceImpl         : Creating product with SKU: WOM-JEAN-HW-001
2026-03-16T00:10:04.842+05:30 DEBUG 17704 --- [product-service] [http-nio-8082-exec-5] org.hibernate.SQL                        : 
    select
        p1_0.id 
    from
        products p1_0 
    where
        p1_0.sku=? 
    limit
        ?
2026-03-16T00:10:04.843+05:30 DEBUG 17704 --- [product-service] [http-nio-8082-exec-5] org.hibernate.SQL                        : 
    select
        c1_0.id,
        c1_0.created_at,
        c1_0.description,
        c1_0.display_order,
        c1_0.image_url,
        c1_0.is_active,
        c1_0.name,
        c1_0.parent_id,
        c1_0.slug 
    from
        categories c1_0 
    where
        c1_0.id=?
2026-03-16T00:10:04.844+05:30  WARN 17704 --- [product-service] [http-nio-8082-exec-5] c.e.p.service.ProductServiceImpl         : Bulk create failed for SKU: WOM-JEAN-HW-001 | reason: Category not found: <women-id>
2026-03-16T00:10:04.844+05:30  INFO 17704 --- [product-service] [http-nio-8082-exec-5] c.e.p.service.ProductServiceImpl         : Creating product with SKU: WOM-KURT-WHT-001
2026-03-16T00:10:04.845+05:30 DEBUG 17704 --- [product-service] [http-nio-8082-exec-5] org.hibernate.SQL                        : 
    select
        p1_0.id 
    from
        products p1_0 
    where
        p1_0.sku=? 
    limit
        ?
2026-03-16T00:10:04.846+05:30 DEBUG 17704 --- [product-service] [http-nio-8082-exec-5] org.hibernate.SQL                        : 
    select
        c1_0.id,
        c1_0.created_at,
        c1_0.description,
        c1_0.display_order,
        c1_0.image_url,
        c1_0.is_active,
        c1_0.name,
        c1_0.parent_id,
        c1_0.slug 
    from
        categories c1_0 
    where
        c1_0.id=?
2026-03-16T00:10:04.847+05:30  WARN 17704 --- [product-service] [http-nio-8082-exec-5] c.e.p.service.ProductServiceImpl         : Bulk create failed for SKU: WOM-KURT-WHT-001 | reason: Category not found: <women-id>
2026-03-16T00:10:04.847+05:30  INFO 17704 --- [product-service] [http-nio-8082-exec-5] c.e.p.service.ProductServiceImpl         : Creating product with SKU: WOM-SAND-NUD-001
2026-03-16T00:10:04.848+05:30 DEBUG 17704 --- [product-service] [http-nio-8082-exec-5] org.hibernate.SQL                        : 
    select
        p1_0.id 
    from
        products p1_0 
    where
        p1_0.sku=? 
    limit
        ?
2026-03-16T00:10:04.849+05:30 DEBUG 17704 --- [product-service] [http-nio-8082-exec-5] org.hibernate.SQL                        : 
    select
        c1_0.id,
        c1_0.created_at,
        c1_0.description,
        c1_0.display_order,
        c1_0.image_url,
        c1_0.is_active,
        c1_0.name,
        c1_0.parent_id,
        c1_0.slug 
    from
        categories c1_0 
    where
        c1_0.id=?
2026-03-16T00:10:04.850+05:30  WARN 17704 --- [product-service] [http-nio-8082-exec-5] c.e.p.service.ProductServiceImpl         : Bulk create failed for SKU: WOM-SAND-NUD-001 | reason: Category not found: <women-id>
2026-03-16T00:10:04.850+05:30  INFO 17704 --- [product-service] [http-nio-8082-exec-5] c.e.p.service.ProductServiceImpl         : Creating product with SKU: WOM-YOGA-BLK-001
2026-03-16T00:10:04.851+05:30 DEBUG 17704 --- [product-service] [http-nio-8082-exec-5] org.hibernate.SQL                        : 
    select
        p1_0.id 
    from
        products p1_0 
    where
        p1_0.sku=? 
    limit
        ?
2026-03-16T00:10:04.852+05:30 DEBUG 17704 --- [product-service] [http-nio-8082-exec-5] org.hibernate.SQL                        : 
    select
        c1_0.id,
        c1_0.created_at,
        c1_0.description,
        c1_0.display_order,
        c1_0.image_url,
        c1_0.is_active,
        c1_0.name,
        c1_0.parent_id,
        c1_0.slug 
    from
        categories c1_0 
    where
        c1_0.id=?
2026-03-16T00:10:04.853+05:30  WARN 17704 --- [product-service] [http-nio-8082-exec-5] c.e.p.service.ProductServiceImpl         : Bulk create failed for SKU: WOM-YOGA-BLK-001 | reason: Category not found: <women-id>
2026-03-16T00:10:04.853+05:30  INFO 17704 --- [product-service] [http-nio-8082-exec-5] c.e.p.service.ProductServiceImpl         : Creating product with SKU: TOY-LEGO-CLB-001
2026-03-16T00:10:04.854+05:30 DEBUG 17704 --- [product-service] [http-nio-8082-exec-5] org.hibernate.SQL                        : 
    select
        p1_0.id 
    from
        products p1_0 
    where
        p1_0.sku=? 
    limit
        ?
2026-03-16T00:10:04.855+05:30 DEBUG 17704 --- [product-service] [http-nio-8082-exec-5] org.hibernate.SQL                        : 
    select
        c1_0.id,
        c1_0.created_at,
        c1_0.description,
        c1_0.display_order,
        c1_0.image_url,
        c1_0.is_active,
        c1_0.name,
        c1_0.parent_id,
        c1_0.slug 
    from
        categories c1_0 
    where
        c1_0.id=?
2026-03-16T00:10:04.856+05:30  WARN 17704 --- [product-service] [http-nio-8082-exec-5] c.e.p.service.ProductServiceImpl         : Bulk create failed for SKU: TOY-LEGO-CLB-001 | reason: Category not found: <kids-id>
2026-03-16T00:10:04.856+05:30  INFO 17704 --- [product-service] [http-nio-8082-exec-5] c.e.p.service.ProductServiceImpl         : Creating product with SKU: TOY-RCC-4WD-001
2026-03-16T00:10:04.857+05:30 DEBUG 17704 --- [product-service] [http-nio-8082-exec-5] org.hibernate.SQL                        : 
    select
        p1_0.id 
    from
        products p1_0 
    where
        p1_0.sku=? 
    limit
        ?
2026-03-16T00:10:04.857+05:30 DEBUG 17704 --- [product-service] [http-nio-8082-exec-5] org.hibernate.SQL                        : 
    select
        c1_0.id,
        c1_0.created_at,
        c1_0.description,
        c1_0.display_order,
        c1_0.image_url,
        c1_0.is_active,
        c1_0.name,
        c1_0.parent_id,
        c1_0.slug 
    from
        categories c1_0 
    where
        c1_0.id=?
2026-03-16T00:10:04.858+05:30  WARN 17704 --- [product-service] [http-nio-8082-exec-5] c.e.p.service.ProductServiceImpl         : Bulk create failed for SKU: TOY-RCC-4WD-001 | reason: Category not found: <kids-id>
2026-03-16T00:10:04.859+05:30  INFO 17704 --- [product-service] [http-nio-8082-exec-5] c.e.p.service.ProductServiceImpl         : Creating product with SKU: KID-BAG-SCH-001
2026-03-16T00:10:04.859+05:30 DEBUG 17704 --- [product-service] [http-nio-8082-exec-5] org.hibernate.SQL                        : 
    select
        p1_0.id 
    from
        products p1_0 
    where
        p1_0.sku=? 
    limit
        ?
2026-03-16T00:10:04.860+05:30 DEBUG 17704 --- [product-service] [http-nio-8082-exec-5] org.hibernate.SQL                        : 
    select
        c1_0.id,
        c1_0.created_at,
        c1_0.description,
        c1_0.display_order,
        c1_0.image_url,
        c1_0.is_active,
        c1_0.name,
        c1_0.parent_id,
        c1_0.slug 
    from
        categories c1_0 
    where
        c1_0.id=?
2026-03-16T00:10:04.861+05:30  WARN 17704 --- [product-service] [http-nio-8082-exec-5] c.e.p.service.ProductServiceImpl         : Bulk create failed for SKU: KID-BAG-SCH-001 | reason: Category not found: <kids-id>
2026-03-16T00:10:04.861+05:30  INFO 17704 --- [product-service] [http-nio-8082-exec-5] c.e.p.service.ProductServiceImpl         : Creating product with SKU: TOY-TEDY-BRN-001
2026-03-16T00:10:04.862+05:30 DEBUG 17704 --- [product-service] [http-nio-8082-exec-5] org.hibernate.SQL                        : 
    select
        p1_0.id 
    from
        products p1_0 
    where
        p1_0.sku=? 
    limit
        ?
2026-03-16T00:10:04.863+05:30 DEBUG 17704 --- [product-service] [http-nio-8082-exec-5] org.hibernate.SQL                        : 
    select
        c1_0.id,
        c1_0.created_at,
        c1_0.description,
        c1_0.display_order,
        c1_0.image_url,
        c1_0.is_active,
        c1_0.name,
        c1_0.parent_id,
        c1_0.slug 
    from
        categories c1_0 
    where
        c1_0.id=?
2026-03-16T00:10:04.863+05:30  WARN 17704 --- [product-service] [http-nio-8082-exec-5] c.e.p.service.ProductServiceImpl         : Bulk create failed for SKU: TOY-TEDY-BRN-001 | reason: Category not found: <kids-id>
2026-03-16T00:10:04.864+05:30  INFO 17704 --- [product-service] [http-nio-8082-exec-5] c.e.p.service.ProductServiceImpl         : Creating product with SKU: HOME-VASE-CRM-001
2026-03-16T00:10:04.864+05:30 DEBUG 17704 --- [product-service] [http-nio-8082-exec-5] org.hibernate.SQL                        : 
    select
        p1_0.id 
    from
        products p1_0 
    where
        p1_0.sku=? 
    limit
        ?
2026-03-16T00:10:04.866+05:30 DEBUG 17704 --- [product-service] [http-nio-8082-exec-5] org.hibernate.SQL                        : 
    select
        c1_0.id,
        c1_0.created_at,
        c1_0.description,
        c1_0.display_order,
        c1_0.image_url,
        c1_0.is_active,
        c1_0.name,
        c1_0.parent_id,
        c1_0.slug 
    from
        categories c1_0 
    where
        c1_0.id=?
2026-03-16T00:10:04.866+05:30  WARN 17704 --- [product-service] [http-nio-8082-exec-5] c.e.p.service.ProductServiceImpl         : Bulk create failed for SKU: HOME-VASE-CRM-001 | reason: Category not found: <home-id>
2026-03-16T00:10:04.867+05:30  INFO 17704 --- [product-service] [http-nio-8082-exec-5] c.e.p.service.ProductServiceImpl         : Creating product with SKU: HOME-COOK-NST-001
2026-03-16T00:10:04.867+05:30 DEBUG 17704 --- [product-service] [http-nio-8082-exec-5] org.hibernate.SQL                        : 
    select
        p1_0.id 
    from
        products p1_0 
    where
        p1_0.sku=? 
    limit
        ?
2026-03-16T00:10:04.869+05:30 DEBUG 17704 --- [product-service] [http-nio-8082-exec-5] org.hibernate.SQL                        : 
    select
        c1_0.id,
        c1_0.created_at,
        c1_0.description,
        c1_0.display_order,
        c1_0.image_url,
        c1_0.is_active,
        c1_0.name,
        c1_0.parent_id,
        c1_0.slug 
    from
        categories c1_0 
    where
        c1_0.id=?
2026-03-16T00:10:04.871+05:30  WARN 17704 --- [product-service] [http-nio-8082-exec-5] c.e.p.service.ProductServiceImpl         : Bulk create failed for SKU: HOME-COOK-NST-001 | reason: Category not found: <home-id>
2026-03-16T00:10:04.871+05:30  INFO 17704 --- [product-service] [http-nio-8082-exec-5] c.e.p.service.ProductServiceImpl         : Creating product with SKU: HOME-DIFF-ARO-001
2026-03-16T00:10:04.872+05:30 DEBUG 17704 --- [product-service] [http-nio-8082-exec-5] org.hibernate.SQL                        : 
    select
        p1_0.id 
    from
        products p1_0 
    where
        p1_0.sku=? 
    limit
        ?
2026-03-16T00:10:04.873+05:30 DEBUG 17704 --- [product-service] [http-nio-8082-exec-5] org.hibernate.SQL                        : 
    select
        c1_0.id,
        c1_0.created_at,
        c1_0.description,
        c1_0.display_order,
        c1_0.image_url,
        c1_0.is_active,
        c1_0.name,
        c1_0.parent_id,
        c1_0.slug 
    from
        categories c1_0 
    where
        c1_0.id=?
2026-03-16T00:10:04.874+05:30  WARN 17704 --- [product-service] [http-nio-8082-exec-5] c.e.p.service.ProductServiceImpl         : Bulk create failed for SKU: HOME-DIFF-ARO-001 | reason: Category not found: <home-id>
2026-03-16T00:10:04.875+05:30  INFO 17704 --- [product-service] [http-nio-8082-exec-5] c.e.p.service.ProductServiceImpl         : Creating product with SKU: HOME-BOTL-SS-001
2026-03-16T00:10:04.876+05:30 DEBUG 17704 --- [product-service] [http-nio-8082-exec-5] org.hibernate.SQL                        : 
    select
        p1_0.id 
    from
        products p1_0 
    where
        p1_0.sku=? 
    limit
        ?
2026-03-16T00:10:04.877+05:30 DEBUG 17704 --- [product-service] [http-nio-8082-exec-5] org.hibernate.SQL                        : 
    select
        c1_0.id,
        c1_0.created_at,
        c1_0.description,
        c1_0.display_order,
        c1_0.image_url,
        c1_0.is_active,
        c1_0.name,
        c1_0.parent_id,
        c1_0.slug 
    from
        categories c1_0 
    where
        c1_0.id=?
2026-03-16T00:10:04.879+05:30  WARN 17704 --- [product-service] [http-nio-8082-exec-5] c.e.p.service.ProductServiceImpl         : Bulk create failed for SKU: HOME-BOTL-SS-001 | reason: Category not found: <home-id>
2026-03-16T00:10:04.879+05:30  INFO 17704 --- [product-service] [http-nio-8082-exec-5] c.e.p.service.ProductServiceImpl         : Creating product with SKU: PHN-IPH15PM-256
2026-03-16T00:10:04.880+05:30 DEBUG 17704 --- [product-service] [http-nio-8082-exec-5] org.hibernate.SQL                        : 
    select
        p1_0.id 
    from
        products p1_0 
    where
        p1_0.sku=? 
    limit
        ?
2026-03-16T00:10:04.882+05:30 DEBUG 17704 --- [product-service] [http-nio-8082-exec-5] org.hibernate.SQL                        : 
    select
        c1_0.id,
        c1_0.created_at,
        c1_0.description,
        c1_0.display_order,
        c1_0.image_url,
        c1_0.is_active,
        c1_0.name,
        c1_0.parent_id,
        c1_0.slug 
    from
        categories c1_0 
    where
        c1_0.id=?
2026-03-16T00:10:04.883+05:30  WARN 17704 --- [product-service] [http-nio-8082-exec-5] c.e.p.service.ProductServiceImpl         : Bulk create failed for SKU: PHN-IPH15PM-256 | reason: Category not found: <phones-id>
2026-03-16T00:10:04.884+05:30  INFO 17704 --- [product-service] [http-nio-8082-exec-5] c.e.p.service.ProductServiceImpl         : Creating product with SKU: PHN-SMS24U-256
2026-03-16T00:10:04.885+05:30 DEBUG 17704 --- [product-service] [http-nio-8082-exec-5] org.hibernate.SQL                        : 
    select
        p1_0.id 
    from
        products p1_0 
    where
        p1_0.sku=? 
    limit
        ?
2026-03-16T00:10:04.887+05:30 DEBUG 17704 --- [product-service] [http-nio-8082-exec-5] org.hibernate.SQL                        : 
    select
        c1_0.id,
        c1_0.created_at,
        c1_0.description,
        c1_0.display_order,
        c1_0.image_url,
        c1_0.is_active,
        c1_0.name,
        c1_0.parent_id,
        c1_0.slug 
    from
        categories c1_0 
    where
        c1_0.id=?
2026-03-16T00:10:04.888+05:30  WARN 17704 --- [product-service] [http-nio-8082-exec-5] c.e.p.service.ProductServiceImpl         : Bulk create failed for SKU: PHN-SMS24U-256 | reason: Category not found: <phones-id>
2026-03-16T00:10:04.888+05:30  INFO 17704 --- [product-service] [http-nio-8082-exec-5] c.e.p.service.ProductServiceImpl         : Creating product with SKU: PHN-OP12-256
2026-03-16T00:10:04.889+05:30 DEBUG 17704 --- [product-service] [http-nio-8082-exec-5] org.hibernate.SQL                        : 
    select
        p1_0.id 
    from
        products p1_0 
    where
        p1_0.sku=? 
    limit
        ?
2026-03-16T00:10:04.890+05:30 DEBUG 17704 --- [product-service] [http-nio-8082-exec-5] org.hibernate.SQL                        : 
    select
        c1_0.id,
        c1_0.created_at,
        c1_0.description,
        c1_0.display_order,
        c1_0.image_url,
        c1_0.is_active,
        c1_0.name,
        c1_0.parent_id,
        c1_0.slug 
    from
        categories c1_0 
    where
        c1_0.id=?
2026-03-16T00:10:04.891+05:30  WARN 17704 --- [product-service] [http-nio-8082-exec-5] c.e.p.service.ProductServiceImpl         : Bulk create failed for SKU: PHN-OP12-256 | reason: Category not found: <phones-id>
2026-03-16T00:10:04.891+05:30  INFO 17704 --- [product-service] [http-nio-8082-exec-5] c.e.p.service.ProductServiceImpl         : Creating product with SKU: WTC-APL-S9-45
2026-03-16T00:10:04.892+05:30 DEBUG 17704 --- [product-service] [http-nio-8082-exec-5] org.hibernate.SQL                        : 
    select
        p1_0.id 
    from
        products p1_0 
    where
        p1_0.sku=? 
    limit
        ?
2026-03-16T00:10:04.893+05:30 DEBUG 17704 --- [product-service] [http-nio-8082-exec-5] org.hibernate.SQL                        : 
    select
        c1_0.id,
        c1_0.created_at,
        c1_0.description,
        c1_0.display_order,
        c1_0.image_url,
        c1_0.is_active,
        c1_0.name,
        c1_0.parent_id,
        c1_0.slug 
    from
        categories c1_0 
    where
        c1_0.id=?
2026-03-16T00:10:04.894+05:30  WARN 17704 --- [product-service] [http-nio-8082-exec-5] c.e.p.service.ProductServiceImpl         : Bulk create failed for SKU: WTC-APL-S9-45 | reason: Category not found: <watches-id>
2026-03-16T00:10:04.894+05:30  INFO 17704 --- [product-service] [http-nio-8082-exec-5] c.e.p.service.ProductServiceImpl         : Creating product with SKU: WTC-SMS-GW6-44
2026-03-16T00:10:04.895+05:30 DEBUG 17704 --- [product-service] [http-nio-8082-exec-5] org.hibernate.SQL                        : 
    select
        p1_0.id 
    from
        products p1_0 
    where
        p1_0.sku=? 
    limit
        ?
2026-03-16T00:10:04.897+05:30 DEBUG 17704 --- [product-service] [http-nio-8082-exec-5] org.hibernate.SQL                        : 
    select
        c1_0.id,
        c1_0.created_at,
        c1_0.description,
        c1_0.display_order,
        c1_0.image_url,
        c1_0.is_active,
        c1_0.name,
        c1_0.parent_id,
        c1_0.slug 
    from
        categories c1_0 
    where
        c1_0.id=?
2026-03-16T00:10:04.898+05:30  WARN 17704 --- [product-service] [http-nio-8082-exec-5] c.e.p.service.ProductServiceImpl         : Bulk create failed for SKU: WTC-SMS-GW6-44 | reason: Category not found: <watches-id>
2026-03-16T00:10:04.898+05:30  INFO 17704 --- [product-service] [http-nio-8082-exec-5] c.e.p.service.ProductServiceImpl         : Creating product with SKU: WTC-CSO-GSHK-001
2026-03-16T00:10:04.898+05:30 DEBUG 17704 --- [product-service] [http-nio-8082-exec-5] org.hibernate.SQL                        : 
    select
        p1_0.id 
    from
        products p1_0 
    where
        p1_0.sku=? 
    limit
        ?
2026-03-16T00:10:04.900+05:30 DEBUG 17704 --- [product-service] [http-nio-8082-exec-5] org.hibernate.SQL                        : 
    select
        c1_0.id,
        c1_0.created_at,
        c1_0.description,
        c1_0.display_order,
        c1_0.image_url,
        c1_0.is_active,
        c1_0.name,
        c1_0.parent_id,
        c1_0.slug 
    from
        categories c1_0 
    where
        c1_0.id=?
2026-03-16T00:10:04.901+05:30  WARN 17704 --- [product-service] [http-nio-8082-exec-5] c.e.p.service.ProductServiceImpl         : Bulk create failed for SKU: WTC-CSO-GSHK-001 | reason: Category not found: <watches-id>
2026-03-16T00:10:04.901+05:30  INFO 17704 --- [product-service] [http-nio-8082-exec-5] c.e.p.service.ProductServiceImpl         : Creating product with SKU: GAD-SNY-WH5-001
2026-03-16T00:10:04.902+05:30 DEBUG 17704 --- [product-service] [http-nio-8082-exec-5] org.hibernate.SQL                        : 
    select
        p1_0.id 
    from
        products p1_0 
    where
        p1_0.sku=? 
    limit
        ?
2026-03-16T00:10:04.903+05:30 DEBUG 17704 --- [product-service] [http-nio-8082-exec-5] org.hibernate.SQL                        : 
    select
        c1_0.id,
        c1_0.created_at,
        c1_0.description,
        c1_0.display_order,
        c1_0.image_url,
        c1_0.is_active,
        c1_0.name,
        c1_0.parent_id,
        c1_0.slug 
    from
        categories c1_0 
    where
        c1_0.id=?
2026-03-16T00:10:04.905+05:30  WARN 17704 --- [product-service] [http-nio-8082-exec-5] c.e.p.service.ProductServiceImpl         : Bulk create failed for SKU: GAD-SNY-WH5-001 | reason: Category not found: <gadgets-id>
2026-03-16T00:10:04.905+05:30  INFO 17704 --- [product-service] [http-nio-8082-exec-5] c.e.p.service.ProductServiceImpl         : Creating product with SKU: GAD-APL-APP2-001
2026-03-16T00:10:04.906+05:30 DEBUG 17704 --- [product-service] [http-nio-8082-exec-5] org.hibernate.SQL                        : 
    select
        p1_0.id 
    from
        products p1_0 
    where
        p1_0.sku=? 
    limit
        ?
2026-03-16T00:10:04.907+05:30 DEBUG 17704 --- [product-service] [http-nio-8082-exec-5] org.hibernate.SQL                        : 
    select
        c1_0.id,
        c1_0.created_at,
        c1_0.description,
        c1_0.display_order,
        c1_0.image_url,
        c1_0.is_active,
        c1_0.name,
        c1_0.parent_id,
        c1_0.slug 
    from
        categories c1_0 
    where
        c1_0.id=?
2026-03-16T00:10:04.907+05:30  WARN 17704 --- [product-service] [http-nio-8082-exec-5] c.e.p.service.ProductServiceImpl         : Bulk create failed for SKU: GAD-APL-APP2-001 | reason: Category not found: <gadgets-id>
2026-03-16T00:10:04.908+05:30  INFO 17704 --- [product-service] [http-nio-8082-exec-5] c.e.p.service.ProductServiceImpl         : Creating product with SKU: GAD-JBL-FLP6-001
2026-03-16T00:10:04.908+05:30 DEBUG 17704 --- [product-service] [http-nio-8082-exec-5] org.hibernate.SQL                        : 
    select
        p1_0.id 
    from
        products p1_0 
    where
        p1_0.sku=? 
    limit
        ?
2026-03-16T00:10:04.909+05:30 DEBUG 17704 --- [product-service] [http-nio-8082-exec-5] org.hibernate.SQL                        : 
    select
        c1_0.id,
        c1_0.created_at,
        c1_0.description,
        c1_0.display_order,
        c1_0.image_url,
        c1_0.is_active,
        c1_0.name,
        c1_0.parent_id,
        c1_0.slug 
    from
        categories c1_0 
    where
        c1_0.id=?
2026-03-16T00:10:04.910+05:30  WARN 17704 --- [product-service] [http-nio-8082-exec-5] c.e.p.service.ProductServiceImpl         : Bulk create failed for SKU: GAD-JBL-FLP6-001 | reason: Category not found: <gadgets-id>
2026-03-16T00:10:04.910+05:30  INFO 17704 --- [product-service] [http-nio-8082-exec-5] c.e.p.service.ProductServiceImpl         : Creating product with SKU: GAD-MBR-M2-256
2026-03-16T00:10:04.911+05:30 DEBUG 17704 --- [product-service] [http-nio-8082-exec-5] org.hibernate.SQL                        : 
    select
        p1_0.id 
    from
        products p1_0 
    where
        p1_0.sku=? 
    limit
        ?
2026-03-16T00:10:04.912+05:30 DEBUG 17704 --- [product-service] [http-nio-8082-exec-5] org.hibernate.SQL                        : 
    select
        c1_0.id,
        c1_0.created_at,
        c1_0.description,
        c1_0.display_order,
        c1_0.image_url,
        c1_0.is_active,
        c1_0.name,
        c1_0.parent_id,
        c1_0.slug 
    from
        categories c1_0 
    where
        c1_0.id=?
2026-03-16T00:10:04.913+05:30  WARN 17704 --- [product-service] [http-nio-8082-exec-5] c.e.p.service.ProductServiceImpl         : Bulk create failed for SKU: GAD-MBR-M2-256 | reason: Category not found: <gadgets-id>
2026-03-16T00:10:04.913+05:30  INFO 17704 --- [product-service] [http-nio-8082-exec-5] c.e.p.service.ProductServiceImpl         : Bulk create complete — success: 0 | failed: 28
2026-03-16T00:15:48.047+05:30  WARN 17704 --- [product-service] [http-nio-8082-exec-8] org.hibernate.orm.query                  : HHH90003004: firstResult/maxResults specified with collection fetch; applying in memory
2026-03-16T00:15:48.130+05:30 DEBUG 17704 --- [product-service] [http-nio-8082-exec-8] org.hibernate.SQL                        : 
    select
        distinct p1_0.id,
        p1_0.attributes,
        p1_0.average_rating,
        p1_0.brand_name,
        p1_0.category_id,
        c1_0.id,
        c1_0.created_at,
        c1_0.description,
        c1_0.display_order,
        c1_0.image_url,
        c1_0.is_active,
        c1_0.name,
        c1_0.parent_id,
        c1_0.slug,
        p1_0.compare_at_price,
        p1_0.cost_price,
        p1_0.created_at,
        p1_0.description,
        i1_0.product_id,
        i1_0.id,
        i1_0.alt_text,
        i1_0.display_order,
        i1_0.image_url,
        i1_0.is_primary,
        i2_0.id,
        i2_0.last_updated,
        i2_0.low_stock_threshold,
        i2_0.product_id,
        i2_0.quantity,
        i2_0.reserved_quantity,
        i2_0.warehouse_location,
        p1_0.name,
        p1_0.price,
        p1_0.review_count,
        p1_0.short_description,
        p1_0.sku,
        p1_0.sold_count,
        p1_0.status,
        p1_0.tags,
        p1_0.updated_at,
        p1_0.version,
        p1_0.view_count,
        p1_0.weight 
    from
        products p1_0 
    left join
        product_images i1_0 
            on p1_0.id=i1_0.product_id 
    left join
        inventories i2_0 
            on p1_0.id=i2_0.product_id 
    left join
        categories c1_0 
            on c1_0.id=p1_0.category_id 
    where
        p1_0.status=? 
    order by
        p1_0.created_at desc
2026-03-16T00:16:05.802+05:30  INFO 17704 --- [product-service] [http-nio-8082-exec-3] c.e.p.controller.ProductControllerImpl   : Bulk product create request — count: 39
2026-03-16T00:16:05.809+05:30  INFO 17704 --- [product-service] [http-nio-8082-exec-3] c.e.p.service.ProductServiceImpl         : Bulk creating 39 products
2026-03-16T00:16:05.809+05:30  INFO 17704 --- [product-service] [http-nio-8082-exec-3] c.e.p.service.ProductServiceImpl         : Creating product with SKU: MEN-SHIRT-WHT-001
2026-03-16T00:16:05.841+05:30 DEBUG 17704 --- [product-service] [http-nio-8082-exec-3] org.hibernate.SQL                        : 
    select
        p1_0.id 
    from
        products p1_0 
    where
        p1_0.sku=? 
    limit
        ?
2026-03-16T00:16:05.857+05:30 DEBUG 17704 --- [product-service] [http-nio-8082-exec-3] org.hibernate.SQL                        : 
    select
        c1_0.id,
        c1_0.created_at,
        c1_0.description,
        c1_0.display_order,
        c1_0.image_url,
        c1_0.is_active,
        c1_0.name,
        c1_0.parent_id,
        c1_0.slug 
    from
        categories c1_0 
    where
        c1_0.id=?
2026-03-16T00:16:07.017+05:30  INFO 17704 --- [product-service] [http-nio-8082-exec-3] o.a.k.clients.producer.ProducerConfig    : ProducerConfig values: 
	acks = -1
	auto.include.jmx.reporter = true
	batch.size = 16384
	bootstrap.servers = [localhost:9092]
	buffer.memory = 33554432
	client.dns.lookup = use_all_dns_ips
	client.id = producer-1
	compression.type = none
	connections.max.idle.ms = 540000
	delivery.timeout.ms = 120000
	enable.idempotence = true
	interceptor.classes = []
	key.serializer = class org.apache.kafka.common.serialization.StringSerializer
	linger.ms = 0
	max.block.ms = 60000
	max.in.flight.requests.per.connection = 5
	max.request.size = 1048576
	metadata.max.age.ms = 300000
	metadata.max.idle.ms = 300000
	metric.reporters = []
	metrics.num.samples = 2
	metrics.recording.level = INFO
	metrics.sample.window.ms = 30000
	partitioner.adaptive.partitioning.enable = true
	partitioner.availability.timeout.ms = 0
	partitioner.class = null
	partitioner.ignore.keys = false
	receive.buffer.bytes = 32768
	reconnect.backoff.max.ms = 1000
	reconnect.backoff.ms = 50
	request.timeout.ms = 30000
	retries = 2147483647
	retry.backoff.ms = 100
	sasl.client.callback.handler.class = null
	sasl.jaas.config = null
	sasl.kerberos.kinit.cmd = /usr/bin/kinit
	sasl.kerberos.min.time.before.relogin = 60000
	sasl.kerberos.service.name = null
	sasl.kerberos.ticket.renew.jitter = 0.05
	sasl.kerberos.ticket.renew.window.factor = 0.8
	sasl.login.callback.handler.class = null
	sasl.login.class = null
	sasl.login.connect.timeout.ms = null
	sasl.login.read.timeout.ms = null
	sasl.login.refresh.buffer.seconds = 300
	sasl.login.refresh.min.period.seconds = 60
	sasl.login.refresh.window.factor = 0.8
	sasl.login.refresh.window.jitter = 0.05
	sasl.login.retry.backoff.max.ms = 10000
	sasl.login.retry.backoff.ms = 100
	sasl.mechanism = GSSAPI
	sasl.oauthbearer.clock.skew.seconds = 30
	sasl.oauthbearer.expected.audience = null
	sasl.oauthbearer.expected.issuer = null
	sasl.oauthbearer.jwks.endpoint.refresh.ms = 3600000
	sasl.oauthbearer.jwks.endpoint.retry.backoff.max.ms = 10000
	sasl.oauthbearer.jwks.endpoint.retry.backoff.ms = 100
	sasl.oauthbearer.jwks.endpoint.url = null
	sasl.oauthbearer.scope.claim.name = scope
	sasl.oauthbearer.sub.claim.name = sub
	sasl.oauthbearer.token.endpoint.url = null
	security.protocol = PLAINTEXT
	security.providers = null
	send.buffer.bytes = 131072
	socket.connection.setup.timeout.max.ms = 30000
	socket.connection.setup.timeout.ms = 10000
	ssl.cipher.suites = null
	ssl.enabled.protocols = [TLSv1.2, TLSv1.3]
	ssl.endpoint.identification.algorithm = https
	ssl.engine.factory.class = null
	ssl.key.password = null
	ssl.keymanager.algorithm = SunX509
	ssl.keystore.certificate.chain = null
	ssl.keystore.key = null
	ssl.keystore.location = null
	ssl.keystore.password = null
	ssl.keystore.type = JKS
	ssl.protocol = TLSv1.3
	ssl.provider = null
	ssl.secure.random.implementation = null
	ssl.trustmanager.algorithm = PKIX
	ssl.truststore.certificates = null
	ssl.truststore.location = null
	ssl.truststore.password = null
	ssl.truststore.type = JKS
	transaction.timeout.ms = 60000
	transactional.id = null
	value.serializer = class org.springframework.kafka.support.serializer.JsonSerializer

2026-03-16T00:16:07.133+05:30  INFO 17704 --- [product-service] [http-nio-8082-exec-3] o.a.k.clients.producer.KafkaProducer     : [Producer clientId=producer-1] Instantiated an idempotent producer.
2026-03-16T00:16:07.259+05:30  INFO 17704 --- [product-service] [http-nio-8082-exec-3] o.a.kafka.common.utils.AppInfoParser     : Kafka version: 3.6.1
2026-03-16T00:16:07.260+05:30  INFO 17704 --- [product-service] [http-nio-8082-exec-3] o.a.kafka.common.utils.AppInfoParser     : Kafka commitId: 5e3c2b738d253ff5
2026-03-16T00:16:07.260+05:30  INFO 17704 --- [product-service] [http-nio-8082-exec-3] o.a.kafka.common.utils.AppInfoParser     : Kafka startTimeMs: 1773600367259
2026-03-16T00:16:07.355+05:30  INFO 17704 --- [product-service] [kafka-producer-network-thread | producer-1] org.apache.kafka.clients.Metadata        : [Producer clientId=producer-1] Cluster ID: CGsHwbpHS06s9vqzSA9uVQ
2026-03-16T00:16:07.384+05:30  INFO 17704 --- [product-service] [kafka-producer-network-thread | producer-1] o.a.k.c.p.internals.TransactionManager   : [Producer clientId=producer-1] ProducerId set to 2001 with epoch 0
2026-03-16T00:16:07.487+05:30  INFO 17704 --- [product-service] [http-nio-8082-exec-3] c.e.p.service.ProductServiceImpl         : Product created successfully: MEN-SHIRT-WHT-001 | id: b750af7f-f6b9-466e-b743-3566a95a650e
2026-03-16T00:16:07.493+05:30  INFO 17704 --- [product-service] [http-nio-8082-exec-3] c.e.p.service.ProductServiceImpl         : Bulk create success: MEN-SHIRT-WHT-001
2026-03-16T00:16:07.493+05:30  INFO 17704 --- [product-service] [http-nio-8082-exec-3] c.e.p.service.ProductServiceImpl         : Creating product with SKU: MEN-JEAN-BLU-001
2026-03-16T00:16:07.614+05:30  INFO 17704 --- [product-service] [kafka-producer-network-thread | producer-1] c.e.p.kafka.KafkaEventPublisher          : Event published → topic: product.created | key: b750af7f-f6b9-466e-b743-3566a95a650e | offset: 0
2026-03-16T00:16:07.614+05:30 DEBUG 17704 --- [product-service] [http-nio-8082-exec-3] org.hibernate.SQL                        : 
    insert 
    into
        products
        (attributes, average_rating, brand_name, category_id, compare_at_price, cost_price, created_at, description, name, price, review_count, short_description, sku, sold_count, status, tags, updated_at, version, view_count, weight, id) 
    values
        (?, ?, ?, ?, ?, ?, ?, ?, ?, ?, ?, ?, ?, ?, ?, ?, ?, ?, ?, ?, ?)
2026-03-16T00:16:07.692+05:30 DEBUG 17704 --- [product-service] [http-nio-8082-exec-3] org.hibernate.SQL                        : 
    insert 
    into
        product_images
        (alt_text, display_order, image_url, is_primary, product_id, id) 
    values
        (?, ?, ?, ?, ?, ?)
2026-03-16T00:16:07.703+05:30 DEBUG 17704 --- [product-service] [http-nio-8082-exec-3] org.hibernate.SQL                        : 
    insert 
    into
        inventories
        (last_updated, low_stock_threshold, product_id, quantity, reserved_quantity, warehouse_location, id) 
    values
        (?, ?, ?, ?, ?, ?, ?)
2026-03-16T00:16:07.704+05:30 DEBUG 17704 --- [product-service] [http-nio-8082-exec-3] org.hibernate.SQL                        : 
    insert 
    into
        stock_movements
        (created_at, movement_type, product_id, quantity, reason, reference_id, id) 
    values
        (?, ?, ?, ?, ?, ?, ?)
2026-03-16T00:16:07.812+05:30 DEBUG 17704 --- [product-service] [http-nio-8082-exec-3] org.hibernate.SQL                        : 
    select
        p1_0.id 
    from
        products p1_0 
    where
        p1_0.sku=? 
    limit
        ?
2026-03-16T00:16:07.818+05:30  INFO 17704 --- [product-service] [http-nio-8082-exec-3] c.e.p.service.ProductServiceImpl         : Product created successfully: MEN-JEAN-BLU-001 | id: 2c47e171-1fe3-4a33-af34-b85424f59dd0
2026-03-16T00:16:07.818+05:30  INFO 17704 --- [product-service] [http-nio-8082-exec-3] c.e.p.service.ProductServiceImpl         : Bulk create success: MEN-JEAN-BLU-001
2026-03-16T00:16:07.818+05:30  INFO 17704 --- [product-service] [http-nio-8082-exec-3] c.e.p.service.ProductServiceImpl         : Creating product with SKU: MEN-POLO-BLK-001
2026-03-16T00:16:07.823+05:30 DEBUG 17704 --- [product-service] [http-nio-8082-exec-3] org.hibernate.SQL                        : 
    insert 
    into
        products
        (attributes, average_rating, brand_name, category_id, compare_at_price, cost_price, created_at, description, name, price, review_count, short_description, sku, sold_count, status, tags, updated_at, version, view_count, weight, id) 
    values
        (?, ?, ?, ?, ?, ?, ?, ?, ?, ?, ?, ?, ?, ?, ?, ?, ?, ?, ?, ?, ?)
2026-03-16T00:16:07.824+05:30 DEBUG 17704 --- [product-service] [http-nio-8082-exec-3] org.hibernate.SQL                        : 
    insert 
    into
        product_images
        (alt_text, display_order, image_url, is_primary, product_id, id) 
    values
        (?, ?, ?, ?, ?, ?)
2026-03-16T00:16:07.826+05:30 DEBUG 17704 --- [product-service] [http-nio-8082-exec-3] org.hibernate.SQL                        : 
    insert 
    into
        inventories
        (last_updated, low_stock_threshold, product_id, quantity, reserved_quantity, warehouse_location, id) 
    values
        (?, ?, ?, ?, ?, ?, ?)
2026-03-16T00:16:07.827+05:30 DEBUG 17704 --- [product-service] [http-nio-8082-exec-3] org.hibernate.SQL                        : 
    insert 
    into
        stock_movements
        (created_at, movement_type, product_id, quantity, reason, reference_id, id) 
    values
        (?, ?, ?, ?, ?, ?, ?)
2026-03-16T00:16:07.829+05:30 DEBUG 17704 --- [product-service] [http-nio-8082-exec-3] org.hibernate.SQL                        : 
    select
        p1_0.id 
    from
        products p1_0 
    where
        p1_0.sku=? 
    limit
        ?
2026-03-16T00:16:07.831+05:30  INFO 17704 --- [product-service] [kafka-producer-network-thread | producer-1] c.e.p.kafka.KafkaEventPublisher          : Event published → topic: product.created | key: 2c47e171-1fe3-4a33-af34-b85424f59dd0 | offset: 1
2026-03-16T00:16:07.832+05:30  INFO 17704 --- [product-service] [http-nio-8082-exec-3] c.e.p.service.ProductServiceImpl         : Product created successfully: MEN-POLO-BLK-001 | id: 91e1d732-2915-4ad2-8b4f-f094f1cd15ff
2026-03-16T00:16:07.832+05:30  INFO 17704 --- [product-service] [http-nio-8082-exec-3] c.e.p.service.ProductServiceImpl         : Bulk create success: MEN-POLO-BLK-001
2026-03-16T00:16:07.832+05:30  INFO 17704 --- [product-service] [http-nio-8082-exec-3] c.e.p.service.ProductServiceImpl         : Creating product with SKU: MEN-HOOD-GRY-001
2026-03-16T00:16:07.835+05:30 DEBUG 17704 --- [product-service] [http-nio-8082-exec-3] org.hibernate.SQL                        : 
    insert 
    into
        products
        (attributes, average_rating, brand_name, category_id, compare_at_price, cost_price, created_at, description, name, price, review_count, short_description, sku, sold_count, status, tags, updated_at, version, view_count, weight, id) 
    values
        (?, ?, ?, ?, ?, ?, ?, ?, ?, ?, ?, ?, ?, ?, ?, ?, ?, ?, ?, ?, ?)
2026-03-16T00:16:07.835+05:30  INFO 17704 --- [product-service] [kafka-producer-network-thread | producer-1] c.e.p.kafka.KafkaEventPublisher          : Event published → topic: product.created | key: 91e1d732-2915-4ad2-8b4f-f094f1cd15ff | offset: 0
2026-03-16T00:16:07.840+05:30 DEBUG 17704 --- [product-service] [http-nio-8082-exec-3] org.hibernate.SQL                        : 
    insert 
    into
        product_images
        (alt_text, display_order, image_url, is_primary, product_id, id) 
    values
        (?, ?, ?, ?, ?, ?)
2026-03-16T00:16:07.841+05:30 DEBUG 17704 --- [product-service] [http-nio-8082-exec-3] org.hibernate.SQL                        : 
    insert 
    into
        inventories
        (last_updated, low_stock_threshold, product_id, quantity, reserved_quantity, warehouse_location, id) 
    values
        (?, ?, ?, ?, ?, ?, ?)
2026-03-16T00:16:07.842+05:30 DEBUG 17704 --- [product-service] [http-nio-8082-exec-3] org.hibernate.SQL                        : 
    insert 
    into
        stock_movements
        (created_at, movement_type, product_id, quantity, reason, reference_id, id) 
    values
        (?, ?, ?, ?, ?, ?, ?)
2026-03-16T00:16:07.843+05:30 DEBUG 17704 --- [product-service] [http-nio-8082-exec-3] org.hibernate.SQL                        : 
    select
        p1_0.id 
    from
        products p1_0 
    where
        p1_0.sku=? 
    limit
        ?
2026-03-16T00:16:07.845+05:30  INFO 17704 --- [product-service] [http-nio-8082-exec-3] c.e.p.service.ProductServiceImpl         : Product created successfully: MEN-HOOD-GRY-001 | id: 83d05cd1-4f2d-4706-9b76-2d1aaaf49c2a
2026-03-16T00:16:07.846+05:30  INFO 17704 --- [product-service] [http-nio-8082-exec-3] c.e.p.service.ProductServiceImpl         : Bulk create success: MEN-HOOD-GRY-001
2026-03-16T00:16:07.846+05:30  INFO 17704 --- [product-service] [http-nio-8082-exec-3] c.e.p.service.ProductServiceImpl         : Creating product with SKU: MEN-RUN-WHT-001
2026-03-16T00:16:07.849+05:30 DEBUG 17704 --- [product-service] [http-nio-8082-exec-3] org.hibernate.SQL                        : 
    insert 
    into
        products
        (attributes, average_rating, brand_name, category_id, compare_at_price, cost_price, created_at, description, name, price, review_count, short_description, sku, sold_count, status, tags, updated_at, version, view_count, weight, id) 
    values
        (?, ?, ?, ?, ?, ?, ?, ?, ?, ?, ?, ?, ?, ?, ?, ?, ?, ?, ?, ?, ?)
2026-03-16T00:16:07.850+05:30  INFO 17704 --- [product-service] [kafka-producer-network-thread | producer-1] c.e.p.kafka.KafkaEventPublisher          : Event published → topic: product.created | key: 83d05cd1-4f2d-4706-9b76-2d1aaaf49c2a | offset: 0
2026-03-16T00:16:07.851+05:30 DEBUG 17704 --- [product-service] [http-nio-8082-exec-3] org.hibernate.SQL                        : 
    insert 
    into
        product_images
        (alt_text, display_order, image_url, is_primary, product_id, id) 
    values
        (?, ?, ?, ?, ?, ?)
2026-03-16T00:16:07.852+05:30 DEBUG 17704 --- [product-service] [http-nio-8082-exec-3] org.hibernate.SQL                        : 
    insert 
    into
        inventories
        (last_updated, low_stock_threshold, product_id, quantity, reserved_quantity, warehouse_location, id) 
    values
        (?, ?, ?, ?, ?, ?, ?)
2026-03-16T00:16:07.853+05:30 DEBUG 17704 --- [product-service] [http-nio-8082-exec-3] org.hibernate.SQL                        : 
    insert 
    into
        stock_movements
        (created_at, movement_type, product_id, quantity, reason, reference_id, id) 
    values
        (?, ?, ?, ?, ?, ?, ?)
2026-03-16T00:16:07.854+05:30 DEBUG 17704 --- [product-service] [http-nio-8082-exec-3] org.hibernate.SQL                        : 
    select
        p1_0.id 
    from
        products p1_0 
    where
        p1_0.sku=? 
    limit
        ?
2026-03-16T00:16:07.856+05:30  INFO 17704 --- [product-service] [http-nio-8082-exec-3] c.e.p.service.ProductServiceImpl         : Product created successfully: MEN-RUN-WHT-001 | id: 205a8a94-3261-49ff-bd47-1ead6bf97928
2026-03-16T00:16:07.857+05:30  INFO 17704 --- [product-service] [http-nio-8082-exec-3] c.e.p.service.ProductServiceImpl         : Bulk create success: MEN-RUN-WHT-001
2026-03-16T00:16:07.857+05:30  INFO 17704 --- [product-service] [http-nio-8082-exec-3] c.e.p.service.ProductServiceImpl         : Creating product with SKU: MEN-SHIRT-NVY-001
2026-03-16T00:16:07.860+05:30  INFO 17704 --- [product-service] [kafka-producer-network-thread | producer-1] c.e.p.kafka.KafkaEventPublisher          : Event published → topic: product.created | key: 205a8a94-3261-49ff-bd47-1ead6bf97928 | offset: 1
2026-03-16T00:16:07.860+05:30 DEBUG 17704 --- [product-service] [http-nio-8082-exec-3] org.hibernate.SQL                        : 
    insert 
    into
        products
        (attributes, average_rating, brand_name, category_id, compare_at_price, cost_price, created_at, description, name, price, review_count, short_description, sku, sold_count, status, tags, updated_at, version, view_count, weight, id) 
    values
        (?, ?, ?, ?, ?, ?, ?, ?, ?, ?, ?, ?, ?, ?, ?, ?, ?, ?, ?, ?, ?)
2026-03-16T00:16:07.862+05:30 DEBUG 17704 --- [product-service] [http-nio-8082-exec-3] org.hibernate.SQL                        : 
    insert 
    into
        product_images
        (alt_text, display_order, image_url, is_primary, product_id, id) 
    values
        (?, ?, ?, ?, ?, ?)
2026-03-16T00:16:07.864+05:30 DEBUG 17704 --- [product-service] [http-nio-8082-exec-3] org.hibernate.SQL                        : 
    insert 
    into
        inventories
        (last_updated, low_stock_threshold, product_id, quantity, reserved_quantity, warehouse_location, id) 
    values
        (?, ?, ?, ?, ?, ?, ?)
2026-03-16T00:16:07.866+05:30 DEBUG 17704 --- [product-service] [http-nio-8082-exec-3] org.hibernate.SQL                        : 
    insert 
    into
        stock_movements
        (created_at, movement_type, product_id, quantity, reason, reference_id, id) 
    values
        (?, ?, ?, ?, ?, ?, ?)
2026-03-16T00:16:07.867+05:30 DEBUG 17704 --- [product-service] [http-nio-8082-exec-3] org.hibernate.SQL                        : 
    select
        p1_0.id 
    from
        products p1_0 
    where
        p1_0.sku=? 
    limit
        ?
2026-03-16T00:16:07.869+05:30  INFO 17704 --- [product-service] [http-nio-8082-exec-3] c.e.p.service.ProductServiceImpl         : Product created successfully: MEN-SHIRT-NVY-001 | id: 3ed98ad4-5746-4fa2-bb12-fa0b81c51e0b
2026-03-16T00:16:07.869+05:30  INFO 17704 --- [product-service] [http-nio-8082-exec-3] c.e.p.service.ProductServiceImpl         : Bulk create success: MEN-SHIRT-NVY-001
2026-03-16T00:16:07.869+05:30  INFO 17704 --- [product-service] [http-nio-8082-exec-3] c.e.p.service.ProductServiceImpl         : Creating product with SKU: MEN-OXF-BLK-001
2026-03-16T00:16:07.872+05:30 DEBUG 17704 --- [product-service] [http-nio-8082-exec-3] org.hibernate.SQL                        : 
    insert 
    into
        products
        (attributes, average_rating, brand_name, category_id, compare_at_price, cost_price, created_at, description, name, price, review_count, short_description, sku, sold_count, status, tags, updated_at, version, view_count, weight, id) 
    values
        (?, ?, ?, ?, ?, ?, ?, ?, ?, ?, ?, ?, ?, ?, ?, ?, ?, ?, ?, ?, ?)
2026-03-16T00:16:07.873+05:30  INFO 17704 --- [product-service] [kafka-producer-network-thread | producer-1] c.e.p.kafka.KafkaEventPublisher          : Event published → topic: product.created | key: 3ed98ad4-5746-4fa2-bb12-fa0b81c51e0b | offset: 2
2026-03-16T00:16:07.875+05:30 DEBUG 17704 --- [product-service] [http-nio-8082-exec-3] org.hibernate.SQL                        : 
    insert 
    into
        product_images
        (alt_text, display_order, image_url, is_primary, product_id, id) 
    values
        (?, ?, ?, ?, ?, ?)
2026-03-16T00:16:07.876+05:30 DEBUG 17704 --- [product-service] [http-nio-8082-exec-3] org.hibernate.SQL                        : 
    insert 
    into
        inventories
        (last_updated, low_stock_threshold, product_id, quantity, reserved_quantity, warehouse_location, id) 
    values
        (?, ?, ?, ?, ?, ?, ?)
2026-03-16T00:16:07.878+05:30 DEBUG 17704 --- [product-service] [http-nio-8082-exec-3] org.hibernate.SQL                        : 
    insert 
    into
        stock_movements
        (created_at, movement_type, product_id, quantity, reason, reference_id, id) 
    values
        (?, ?, ?, ?, ?, ?, ?)
2026-03-16T00:16:07.880+05:30 DEBUG 17704 --- [product-service] [http-nio-8082-exec-3] org.hibernate.SQL                        : 
    select
        p1_0.id 
    from
        products p1_0 
    where
        p1_0.sku=? 
    limit
        ?
2026-03-16T00:16:07.883+05:30  INFO 17704 --- [product-service] [http-nio-8082-exec-3] c.e.p.service.ProductServiceImpl         : Product created successfully: MEN-OXF-BLK-001 | id: 7bc58446-b1b3-42d6-96d6-48a7f90b57ca
2026-03-16T00:16:07.884+05:30  INFO 17704 --- [product-service] [http-nio-8082-exec-3] c.e.p.service.ProductServiceImpl         : Bulk create success: MEN-OXF-BLK-001
2026-03-16T00:16:07.884+05:30  INFO 17704 --- [product-service] [http-nio-8082-exec-3] c.e.p.service.ProductServiceImpl         : Creating product with SKU: MEN-CARG-KHK-001
2026-03-16T00:16:07.886+05:30 DEBUG 17704 --- [product-service] [http-nio-8082-exec-3] org.hibernate.SQL                        : 
    insert 
    into
        products
        (attributes, average_rating, brand_name, category_id, compare_at_price, cost_price, created_at, description, name, price, review_count, short_description, sku, sold_count, status, tags, updated_at, version, view_count, weight, id) 
    values
        (?, ?, ?, ?, ?, ?, ?, ?, ?, ?, ?, ?, ?, ?, ?, ?, ?, ?, ?, ?, ?)
2026-03-16T00:16:07.887+05:30  INFO 17704 --- [product-service] [kafka-producer-network-thread | producer-1] c.e.p.kafka.KafkaEventPublisher          : Event published → topic: product.created | key: 7bc58446-b1b3-42d6-96d6-48a7f90b57ca | offset: 2
2026-03-16T00:16:07.888+05:30 DEBUG 17704 --- [product-service] [http-nio-8082-exec-3] org.hibernate.SQL                        : 
    insert 
    into
        product_images
        (alt_text, display_order, image_url, is_primary, product_id, id) 
    values
        (?, ?, ?, ?, ?, ?)
2026-03-16T00:16:07.891+05:30 DEBUG 17704 --- [product-service] [http-nio-8082-exec-3] org.hibernate.SQL                        : 
    insert 
    into
        inventories
        (last_updated, low_stock_threshold, product_id, quantity, reserved_quantity, warehouse_location, id) 
    values
        (?, ?, ?, ?, ?, ?, ?)
2026-03-16T00:16:07.892+05:30 DEBUG 17704 --- [product-service] [http-nio-8082-exec-3] org.hibernate.SQL                        : 
    insert 
    into
        stock_movements
        (created_at, movement_type, product_id, quantity, reason, reference_id, id) 
    values
        (?, ?, ?, ?, ?, ?, ?)
2026-03-16T00:16:07.893+05:30 DEBUG 17704 --- [product-service] [http-nio-8082-exec-3] org.hibernate.SQL                        : 
    select
        p1_0.id 
    from
        products p1_0 
    where
        p1_0.sku=? 
    limit
        ?
2026-03-16T00:16:07.896+05:30  INFO 17704 --- [product-service] [http-nio-8082-exec-3] c.e.p.service.ProductServiceImpl         : Product created successfully: MEN-CARG-KHK-001 | id: e4638b3f-bb52-401a-a887-7ca326bf3663
2026-03-16T00:16:07.897+05:30  INFO 17704 --- [product-service] [http-nio-8082-exec-3] c.e.p.service.ProductServiceImpl         : Bulk create success: MEN-CARG-KHK-001
2026-03-16T00:16:07.897+05:30  INFO 17704 --- [product-service] [http-nio-8082-exec-3] c.e.p.service.ProductServiceImpl         : Creating product with SKU: WOM-DRSS-FLR-001
2026-03-16T00:16:07.902+05:30  INFO 17704 --- [product-service] [kafka-producer-network-thread | producer-1] c.e.p.kafka.KafkaEventPublisher          : Event published → topic: product.created | key: e4638b3f-bb52-401a-a887-7ca326bf3663 | offset: 3
2026-03-16T00:16:07.903+05:30 DEBUG 17704 --- [product-service] [http-nio-8082-exec-3] org.hibernate.SQL                        : 
    insert 
    into
        products
        (attributes, average_rating, brand_name, category_id, compare_at_price, cost_price, created_at, description, name, price, review_count, short_description, sku, sold_count, status, tags, updated_at, version, view_count, weight, id) 
    values
        (?, ?, ?, ?, ?, ?, ?, ?, ?, ?, ?, ?, ?, ?, ?, ?, ?, ?, ?, ?, ?)
2026-03-16T00:16:07.904+05:30 DEBUG 17704 --- [product-service] [http-nio-8082-exec-3] org.hibernate.SQL                        : 
    insert 
    into
        product_images
        (alt_text, display_order, image_url, is_primary, product_id, id) 
    values
        (?, ?, ?, ?, ?, ?)
2026-03-16T00:16:07.906+05:30 DEBUG 17704 --- [product-service] [http-nio-8082-exec-3] org.hibernate.SQL                        : 
    insert 
    into
        inventories
        (last_updated, low_stock_threshold, product_id, quantity, reserved_quantity, warehouse_location, id) 
    values
        (?, ?, ?, ?, ?, ?, ?)
2026-03-16T00:16:07.908+05:30 DEBUG 17704 --- [product-service] [http-nio-8082-exec-3] org.hibernate.SQL                        : 
    insert 
    into
        stock_movements
        (created_at, movement_type, product_id, quantity, reason, reference_id, id) 
    values
        (?, ?, ?, ?, ?, ?, ?)
2026-03-16T00:16:07.910+05:30 DEBUG 17704 --- [product-service] [http-nio-8082-exec-3] org.hibernate.SQL                        : 
    select
        p1_0.id 
    from
        products p1_0 
    where
        p1_0.sku=? 
    limit
        ?
2026-03-16T00:16:07.911+05:30 DEBUG 17704 --- [product-service] [http-nio-8082-exec-3] org.hibernate.SQL                        : 
    select
        c1_0.id,
        c1_0.created_at,
        c1_0.description,
        c1_0.display_order,
        c1_0.image_url,
        c1_0.is_active,
        c1_0.name,
        c1_0.parent_id,
        c1_0.slug 
    from
        categories c1_0 
    where
        c1_0.id=?
2026-03-16T00:16:07.915+05:30  INFO 17704 --- [product-service] [http-nio-8082-exec-3] c.e.p.service.ProductServiceImpl         : Product created successfully: WOM-DRSS-FLR-001 | id: 3aef355c-b0b9-4c55-8c1f-8b72249c5508
2026-03-16T00:16:07.915+05:30  INFO 17704 --- [product-service] [http-nio-8082-exec-3] c.e.p.service.ProductServiceImpl         : Bulk create success: WOM-DRSS-FLR-001
2026-03-16T00:16:07.916+05:30  INFO 17704 --- [product-service] [http-nio-8082-exec-3] c.e.p.service.ProductServiceImpl         : Creating product with SKU: WOM-JEAN-HW-001
2026-03-16T00:16:07.918+05:30  INFO 17704 --- [product-service] [kafka-producer-network-thread | producer-1] c.e.p.kafka.KafkaEventPublisher          : Event published → topic: product.created | key: 3aef355c-b0b9-4c55-8c1f-8b72249c5508 | offset: 1
2026-03-16T00:16:07.929+05:30 DEBUG 17704 --- [product-service] [http-nio-8082-exec-3] org.hibernate.SQL                        : 
    insert 
    into
        products
        (attributes, average_rating, brand_name, category_id, compare_at_price, cost_price, created_at, description, name, price, review_count, short_description, sku, sold_count, status, tags, updated_at, version, view_count, weight, id) 
    values
        (?, ?, ?, ?, ?, ?, ?, ?, ?, ?, ?, ?, ?, ?, ?, ?, ?, ?, ?, ?, ?)
2026-03-16T00:16:07.932+05:30 DEBUG 17704 --- [product-service] [http-nio-8082-exec-3] org.hibernate.SQL                        : 
    insert 
    into
        product_images
        (alt_text, display_order, image_url, is_primary, product_id, id) 
    values
        (?, ?, ?, ?, ?, ?)
2026-03-16T00:16:07.934+05:30 DEBUG 17704 --- [product-service] [http-nio-8082-exec-3] org.hibernate.SQL                        : 
    insert 
    into
        inventories
        (last_updated, low_stock_threshold, product_id, quantity, reserved_quantity, warehouse_location, id) 
    values
        (?, ?, ?, ?, ?, ?, ?)
2026-03-16T00:16:07.936+05:30 DEBUG 17704 --- [product-service] [http-nio-8082-exec-3] org.hibernate.SQL                        : 
    insert 
    into
        stock_movements
        (created_at, movement_type, product_id, quantity, reason, reference_id, id) 
    values
        (?, ?, ?, ?, ?, ?, ?)
2026-03-16T00:16:07.939+05:30 DEBUG 17704 --- [product-service] [http-nio-8082-exec-3] org.hibernate.SQL                        : 
    select
        p1_0.id 
    from
        products p1_0 
    where
        p1_0.sku=? 
    limit
        ?
2026-03-16T00:16:07.944+05:30  INFO 17704 --- [product-service] [http-nio-8082-exec-3] c.e.p.service.ProductServiceImpl         : Product created successfully: WOM-JEAN-HW-001 | id: b5cbdfc1-038a-4e01-96cf-f834b140624a
2026-03-16T00:16:07.944+05:30  INFO 17704 --- [product-service] [http-nio-8082-exec-3] c.e.p.service.ProductServiceImpl         : Bulk create success: WOM-JEAN-HW-001
2026-03-16T00:16:07.944+05:30  INFO 17704 --- [product-service] [http-nio-8082-exec-3] c.e.p.service.ProductServiceImpl         : Creating product with SKU: WOM-KURT-WHT-001
2026-03-16T00:16:07.949+05:30  INFO 17704 --- [product-service] [kafka-producer-network-thread | producer-1] c.e.p.kafka.KafkaEventPublisher          : Event published → topic: product.created | key: b5cbdfc1-038a-4e01-96cf-f834b140624a | offset: 3
2026-03-16T00:16:07.954+05:30 DEBUG 17704 --- [product-service] [http-nio-8082-exec-3] org.hibernate.SQL                        : 
    insert 
    into
        products
        (attributes, average_rating, brand_name, category_id, compare_at_price, cost_price, created_at, description, name, price, review_count, short_description, sku, sold_count, status, tags, updated_at, version, view_count, weight, id) 
    values
        (?, ?, ?, ?, ?, ?, ?, ?, ?, ?, ?, ?, ?, ?, ?, ?, ?, ?, ?, ?, ?)
2026-03-16T00:16:07.958+05:30 DEBUG 17704 --- [product-service] [http-nio-8082-exec-3] org.hibernate.SQL                        : 
    insert 
    into
        product_images
        (alt_text, display_order, image_url, is_primary, product_id, id) 
    values
        (?, ?, ?, ?, ?, ?)
2026-03-16T00:16:07.960+05:30 DEBUG 17704 --- [product-service] [http-nio-8082-exec-3] org.hibernate.SQL                        : 
    insert 
    into
        inventories
        (last_updated, low_stock_threshold, product_id, quantity, reserved_quantity, warehouse_location, id) 
    values
        (?, ?, ?, ?, ?, ?, ?)
2026-03-16T00:16:07.963+05:30 DEBUG 17704 --- [product-service] [http-nio-8082-exec-3] org.hibernate.SQL                        : 
    insert 
    into
        stock_movements
        (created_at, movement_type, product_id, quantity, reason, reference_id, id) 
    values
        (?, ?, ?, ?, ?, ?, ?)
2026-03-16T00:16:07.966+05:30 DEBUG 17704 --- [product-service] [http-nio-8082-exec-3] org.hibernate.SQL                        : 
    select
        p1_0.id 
    from
        products p1_0 
    where
        p1_0.sku=? 
    limit
        ?
2026-03-16T00:16:07.971+05:30  INFO 17704 --- [product-service] [http-nio-8082-exec-3] c.e.p.service.ProductServiceImpl         : Product created successfully: WOM-KURT-WHT-001 | id: 17da0f26-920f-43eb-9320-659ff9a2175a
2026-03-16T00:16:07.972+05:30  INFO 17704 --- [product-service] [http-nio-8082-exec-3] c.e.p.service.ProductServiceImpl         : Bulk create success: WOM-KURT-WHT-001
2026-03-16T00:16:07.972+05:30  INFO 17704 --- [product-service] [http-nio-8082-exec-3] c.e.p.service.ProductServiceImpl         : Creating product with SKU: WOM-SAND-NUD-001
2026-03-16T00:16:07.975+05:30  INFO 17704 --- [product-service] [kafka-producer-network-thread | producer-1] c.e.p.kafka.KafkaEventPublisher          : Event published → topic: product.created | key: 17da0f26-920f-43eb-9320-659ff9a2175a | offset: 4
2026-03-16T00:16:07.984+05:30 DEBUG 17704 --- [product-service] [http-nio-8082-exec-3] org.hibernate.SQL                        : 
    insert 
    into
        products
        (attributes, average_rating, brand_name, category_id, compare_at_price, cost_price, created_at, description, name, price, review_count, short_description, sku, sold_count, status, tags, updated_at, version, view_count, weight, id) 
    values
        (?, ?, ?, ?, ?, ?, ?, ?, ?, ?, ?, ?, ?, ?, ?, ?, ?, ?, ?, ?, ?)
2026-03-16T00:16:07.988+05:30 DEBUG 17704 --- [product-service] [http-nio-8082-exec-3] org.hibernate.SQL                        : 
    insert 
    into
        product_images
        (alt_text, display_order, image_url, is_primary, product_id, id) 
    values
        (?, ?, ?, ?, ?, ?)
2026-03-16T00:16:07.989+05:30 DEBUG 17704 --- [product-service] [http-nio-8082-exec-3] org.hibernate.SQL                        : 
    insert 
    into
        inventories
        (last_updated, low_stock_threshold, product_id, quantity, reserved_quantity, warehouse_location, id) 
    values
        (?, ?, ?, ?, ?, ?, ?)
2026-03-16T00:16:07.993+05:30 DEBUG 17704 --- [product-service] [http-nio-8082-exec-3] org.hibernate.SQL                        : 
    insert 
    into
        stock_movements
        (created_at, movement_type, product_id, quantity, reason, reference_id, id) 
    values
        (?, ?, ?, ?, ?, ?, ?)
2026-03-16T00:16:07.996+05:30 DEBUG 17704 --- [product-service] [http-nio-8082-exec-3] org.hibernate.SQL                        : 
    select
        p1_0.id 
    from
        products p1_0 
    where
        p1_0.sku=? 
    limit
        ?
2026-03-16T00:16:08.001+05:30  INFO 17704 --- [product-service] [http-nio-8082-exec-3] c.e.p.service.ProductServiceImpl         : Product created successfully: WOM-SAND-NUD-001 | id: 8a4d6b5d-9019-4b74-a60d-7d105ff6df5b
2026-03-16T00:16:08.001+05:30  INFO 17704 --- [product-service] [http-nio-8082-exec-3] c.e.p.service.ProductServiceImpl         : Bulk create success: WOM-SAND-NUD-001
2026-03-16T00:16:08.001+05:30  INFO 17704 --- [product-service] [http-nio-8082-exec-3] c.e.p.service.ProductServiceImpl         : Creating product with SKU: WOM-YOGA-BLK-001
2026-03-16T00:16:08.005+05:30  INFO 17704 --- [product-service] [kafka-producer-network-thread | producer-1] c.e.p.kafka.KafkaEventPublisher          : Event published → topic: product.created | key: 8a4d6b5d-9019-4b74-a60d-7d105ff6df5b | offset: 2
2026-03-16T00:16:08.007+05:30 DEBUG 17704 --- [product-service] [http-nio-8082-exec-3] org.hibernate.SQL                        : 
    insert 
    into
        products
        (attributes, average_rating, brand_name, category_id, compare_at_price, cost_price, created_at, description, name, price, review_count, short_description, sku, sold_count, status, tags, updated_at, version, view_count, weight, id) 
    values
        (?, ?, ?, ?, ?, ?, ?, ?, ?, ?, ?, ?, ?, ?, ?, ?, ?, ?, ?, ?, ?)
2026-03-16T00:16:08.028+05:30 DEBUG 17704 --- [product-service] [http-nio-8082-exec-3] org.hibernate.SQL                        : 
    insert 
    into
        product_images
        (alt_text, display_order, image_url, is_primary, product_id, id) 
    values
        (?, ?, ?, ?, ?, ?)
2026-03-16T00:16:08.029+05:30 DEBUG 17704 --- [product-service] [http-nio-8082-exec-3] org.hibernate.SQL                        : 
    insert 
    into
        inventories
        (last_updated, low_stock_threshold, product_id, quantity, reserved_quantity, warehouse_location, id) 
    values
        (?, ?, ?, ?, ?, ?, ?)
2026-03-16T00:16:08.031+05:30 DEBUG 17704 --- [product-service] [http-nio-8082-exec-3] org.hibernate.SQL                        : 
    insert 
    into
        stock_movements
        (created_at, movement_type, product_id, quantity, reason, reference_id, id) 
    values
        (?, ?, ?, ?, ?, ?, ?)
2026-03-16T00:16:08.051+05:30 DEBUG 17704 --- [product-service] [http-nio-8082-exec-3] org.hibernate.SQL                        : 
    select
        p1_0.id 
    from
        products p1_0 
    where
        p1_0.sku=? 
    limit
        ?
2026-03-16T00:16:08.058+05:30  INFO 17704 --- [product-service] [http-nio-8082-exec-3] c.e.p.service.ProductServiceImpl         : Product created successfully: WOM-YOGA-BLK-001 | id: bad3e88a-a87d-4a31-91b4-ce7429d14203
2026-03-16T00:16:08.059+05:30  INFO 17704 --- [product-service] [http-nio-8082-exec-3] c.e.p.service.ProductServiceImpl         : Bulk create success: WOM-YOGA-BLK-001
2026-03-16T00:16:08.061+05:30  INFO 17704 --- [product-service] [http-nio-8082-exec-3] c.e.p.service.ProductServiceImpl         : Creating product with SKU: WOM-CROP-PNK-001
2026-03-16T00:16:08.064+05:30  INFO 17704 --- [product-service] [kafka-producer-network-thread | producer-1] c.e.p.kafka.KafkaEventPublisher          : Event published → topic: product.created | key: bad3e88a-a87d-4a31-91b4-ce7429d14203 | offset: 4
2026-03-16T00:16:08.073+05:30 DEBUG 17704 --- [product-service] [http-nio-8082-exec-3] org.hibernate.SQL                        : 
    insert 
    into
        products
        (attributes, average_rating, brand_name, category_id, compare_at_price, cost_price, created_at, description, name, price, review_count, short_description, sku, sold_count, status, tags, updated_at, version, view_count, weight, id) 
    values
        (?, ?, ?, ?, ?, ?, ?, ?, ?, ?, ?, ?, ?, ?, ?, ?, ?, ?, ?, ?, ?)
2026-03-16T00:16:08.076+05:30 DEBUG 17704 --- [product-service] [http-nio-8082-exec-3] org.hibernate.SQL                        : 
    insert 
    into
        product_images
        (alt_text, display_order, image_url, is_primary, product_id, id) 
    values
        (?, ?, ?, ?, ?, ?)
2026-03-16T00:16:08.078+05:30 DEBUG 17704 --- [product-service] [http-nio-8082-exec-3] org.hibernate.SQL                        : 
    insert 
    into
        inventories
        (last_updated, low_stock_threshold, product_id, quantity, reserved_quantity, warehouse_location, id) 
    values
        (?, ?, ?, ?, ?, ?, ?)
2026-03-16T00:16:08.085+05:30 DEBUG 17704 --- [product-service] [http-nio-8082-exec-3] org.hibernate.SQL                        : 
    insert 
    into
        stock_movements
        (created_at, movement_type, product_id, quantity, reason, reference_id, id) 
    values
        (?, ?, ?, ?, ?, ?, ?)
2026-03-16T00:16:08.087+05:30 DEBUG 17704 --- [product-service] [http-nio-8082-exec-3] org.hibernate.SQL                        : 
    select
        p1_0.id 
    from
        products p1_0 
    where
        p1_0.sku=? 
    limit
        ?
2026-03-16T00:16:08.091+05:30  INFO 17704 --- [product-service] [http-nio-8082-exec-3] c.e.p.service.ProductServiceImpl         : Product created successfully: WOM-CROP-PNK-001 | id: 21ea4eb0-64b9-4492-8a38-af370576192c
2026-03-16T00:16:08.091+05:30  INFO 17704 --- [product-service] [http-nio-8082-exec-3] c.e.p.service.ProductServiceImpl         : Bulk create success: WOM-CROP-PNK-001
2026-03-16T00:16:08.092+05:30  INFO 17704 --- [product-service] [http-nio-8082-exec-3] c.e.p.service.ProductServiceImpl         : Creating product with SKU: WOM-BLZ-BLK-001
2026-03-16T00:16:08.094+05:30  INFO 17704 --- [product-service] [kafka-producer-network-thread | producer-1] c.e.p.kafka.KafkaEventPublisher          : Event published → topic: product.created | key: 21ea4eb0-64b9-4492-8a38-af370576192c | offset: 3
2026-03-16T00:16:08.099+05:30 DEBUG 17704 --- [product-service] [http-nio-8082-exec-3] org.hibernate.SQL                        : 
    insert 
    into
        products
        (attributes, average_rating, brand_name, category_id, compare_at_price, cost_price, created_at, description, name, price, review_count, short_description, sku, sold_count, status, tags, updated_at, version, view_count, weight, id) 
    values
        (?, ?, ?, ?, ?, ?, ?, ?, ?, ?, ?, ?, ?, ?, ?, ?, ?, ?, ?, ?, ?)
2026-03-16T00:16:08.101+05:30 DEBUG 17704 --- [product-service] [http-nio-8082-exec-3] org.hibernate.SQL                        : 
    insert 
    into
        product_images
        (alt_text, display_order, image_url, is_primary, product_id, id) 
    values
        (?, ?, ?, ?, ?, ?)
2026-03-16T00:16:08.102+05:30 DEBUG 17704 --- [product-service] [http-nio-8082-exec-3] org.hibernate.SQL                        : 
    insert 
    into
        inventories
        (last_updated, low_stock_threshold, product_id, quantity, reserved_quantity, warehouse_location, id) 
    values
        (?, ?, ?, ?, ?, ?, ?)
2026-03-16T00:16:08.106+05:30 DEBUG 17704 --- [product-service] [http-nio-8082-exec-3] org.hibernate.SQL                        : 
    insert 
    into
        stock_movements
        (created_at, movement_type, product_id, quantity, reason, reference_id, id) 
    values
        (?, ?, ?, ?, ?, ?, ?)
2026-03-16T00:16:08.108+05:30 DEBUG 17704 --- [product-service] [http-nio-8082-exec-3] org.hibernate.SQL                        : 
    select
        p1_0.id 
    from
        products p1_0 
    where
        p1_0.sku=? 
    limit
        ?
2026-03-16T00:16:08.111+05:30  INFO 17704 --- [product-service] [http-nio-8082-exec-3] c.e.p.service.ProductServiceImpl         : Product created successfully: WOM-BLZ-BLK-001 | id: 930d32b0-f2f6-4b27-afc7-4b76e512e6e4
2026-03-16T00:16:08.111+05:30  INFO 17704 --- [product-service] [http-nio-8082-exec-3] c.e.p.service.ProductServiceImpl         : Bulk create success: WOM-BLZ-BLK-001
2026-03-16T00:16:08.111+05:30  INFO 17704 --- [product-service] [http-nio-8082-exec-3] c.e.p.service.ProductServiceImpl         : Creating product with SKU: TOY-LEGO-CLB-001
2026-03-16T00:16:08.114+05:30  INFO 17704 --- [product-service] [kafka-producer-network-thread | producer-1] c.e.p.kafka.KafkaEventPublisher          : Event published → topic: product.created | key: 930d32b0-f2f6-4b27-afc7-4b76e512e6e4 | offset: 5
2026-03-16T00:16:08.152+05:30 DEBUG 17704 --- [product-service] [http-nio-8082-exec-3] org.hibernate.SQL                        : 
    insert 
    into
        products
        (attributes, average_rating, brand_name, category_id, compare_at_price, cost_price, created_at, description, name, price, review_count, short_description, sku, sold_count, status, tags, updated_at, version, view_count, weight, id) 
    values
        (?, ?, ?, ?, ?, ?, ?, ?, ?, ?, ?, ?, ?, ?, ?, ?, ?, ?, ?, ?, ?)
2026-03-16T00:16:08.154+05:30 DEBUG 17704 --- [product-service] [http-nio-8082-exec-3] org.hibernate.SQL                        : 
    insert 
    into
        product_images
        (alt_text, display_order, image_url, is_primary, product_id, id) 
    values
        (?, ?, ?, ?, ?, ?)
2026-03-16T00:16:08.155+05:30 DEBUG 17704 --- [product-service] [http-nio-8082-exec-3] org.hibernate.SQL                        : 
    insert 
    into
        inventories
        (last_updated, low_stock_threshold, product_id, quantity, reserved_quantity, warehouse_location, id) 
    values
        (?, ?, ?, ?, ?, ?, ?)
2026-03-16T00:16:08.156+05:30 DEBUG 17704 --- [product-service] [http-nio-8082-exec-3] org.hibernate.SQL                        : 
    insert 
    into
        stock_movements
        (created_at, movement_type, product_id, quantity, reason, reference_id, id) 
    values
        (?, ?, ?, ?, ?, ?, ?)
2026-03-16T00:16:08.159+05:30 DEBUG 17704 --- [product-service] [http-nio-8082-exec-3] org.hibernate.SQL                        : 
    select
        p1_0.id 
    from
        products p1_0 
    where
        p1_0.sku=? 
    limit
        ?
2026-03-16T00:16:08.162+05:30 DEBUG 17704 --- [product-service] [http-nio-8082-exec-3] org.hibernate.SQL                        : 
    select
        c1_0.id,
        c1_0.created_at,
        c1_0.description,
        c1_0.display_order,
        c1_0.image_url,
        c1_0.is_active,
        c1_0.name,
        c1_0.parent_id,
        c1_0.slug 
    from
        categories c1_0 
    where
        c1_0.id=?
2026-03-16T00:16:08.169+05:30  INFO 17704 --- [product-service] [http-nio-8082-exec-3] c.e.p.service.ProductServiceImpl         : Product created successfully: TOY-LEGO-CLB-001 | id: 3d44b314-b3a5-485a-b495-4fee81ad5bfa
2026-03-16T00:16:08.169+05:30  INFO 17704 --- [product-service] [http-nio-8082-exec-3] c.e.p.service.ProductServiceImpl         : Bulk create success: TOY-LEGO-CLB-001
2026-03-16T00:16:08.169+05:30  INFO 17704 --- [product-service] [http-nio-8082-exec-3] c.e.p.service.ProductServiceImpl         : Creating product with SKU: TOY-RCC-4WD-001
2026-03-16T00:16:08.172+05:30  INFO 17704 --- [product-service] [kafka-producer-network-thread | producer-1] c.e.p.kafka.KafkaEventPublisher          : Event published → topic: product.created | key: 3d44b314-b3a5-485a-b495-4fee81ad5bfa | offset: 6
2026-03-16T00:16:08.175+05:30 DEBUG 17704 --- [product-service] [http-nio-8082-exec-3] org.hibernate.SQL                        : 
    insert 
    into
        products
        (attributes, average_rating, brand_name, category_id, compare_at_price, cost_price, created_at, description, name, price, review_count, short_description, sku, sold_count, status, tags, updated_at, version, view_count, weight, id) 
    values
        (?, ?, ?, ?, ?, ?, ?, ?, ?, ?, ?, ?, ?, ?, ?, ?, ?, ?, ?, ?, ?)
2026-03-16T00:16:08.177+05:30 DEBUG 17704 --- [product-service] [http-nio-8082-exec-3] org.hibernate.SQL                        : 
    insert 
    into
        product_images
        (alt_text, display_order, image_url, is_primary, product_id, id) 
    values
        (?, ?, ?, ?, ?, ?)
2026-03-16T00:16:08.178+05:30 DEBUG 17704 --- [product-service] [http-nio-8082-exec-3] org.hibernate.SQL                        : 
    insert 
    into
        inventories
        (last_updated, low_stock_threshold, product_id, quantity, reserved_quantity, warehouse_location, id) 
    values
        (?, ?, ?, ?, ?, ?, ?)
2026-03-16T00:16:08.180+05:30 DEBUG 17704 --- [product-service] [http-nio-8082-exec-3] org.hibernate.SQL                        : 
    insert 
    into
        stock_movements
        (created_at, movement_type, product_id, quantity, reason, reference_id, id) 
    values
        (?, ?, ?, ?, ?, ?, ?)
2026-03-16T00:16:08.183+05:30 DEBUG 17704 --- [product-service] [http-nio-8082-exec-3] org.hibernate.SQL                        : 
    select
        p1_0.id 
    from
        products p1_0 
    where
        p1_0.sku=? 
    limit
        ?
2026-03-16T00:16:08.186+05:30  INFO 17704 --- [product-service] [http-nio-8082-exec-3] c.e.p.service.ProductServiceImpl         : Product created successfully: TOY-RCC-4WD-001 | id: e924f4ba-4950-43dc-87f0-ee5b5fa27c64
2026-03-16T00:16:08.186+05:30  INFO 17704 --- [product-service] [http-nio-8082-exec-3] c.e.p.service.ProductServiceImpl         : Bulk create success: TOY-RCC-4WD-001
2026-03-16T00:16:08.186+05:30  INFO 17704 --- [product-service] [http-nio-8082-exec-3] c.e.p.service.ProductServiceImpl         : Creating product with SKU: KID-BAG-SCH-001
2026-03-16T00:16:08.191+05:30 DEBUG 17704 --- [product-service] [http-nio-8082-exec-3] org.hibernate.SQL                        : 
    insert 
    into
        products
        (attributes, average_rating, brand_name, category_id, compare_at_price, cost_price, created_at, description, name, price, review_count, short_description, sku, sold_count, status, tags, updated_at, version, view_count, weight, id) 
    values
        (?, ?, ?, ?, ?, ?, ?, ?, ?, ?, ?, ?, ?, ?, ?, ?, ?, ?, ?, ?, ?)
2026-03-16T00:16:08.194+05:30 DEBUG 17704 --- [product-service] [http-nio-8082-exec-3] org.hibernate.SQL                        : 
    insert 
    into
        product_images
        (alt_text, display_order, image_url, is_primary, product_id, id) 
    values
        (?, ?, ?, ?, ?, ?)
2026-03-16T00:16:08.195+05:30 DEBUG 17704 --- [product-service] [http-nio-8082-exec-3] org.hibernate.SQL                        : 
    insert 
    into
        inventories
        (last_updated, low_stock_threshold, product_id, quantity, reserved_quantity, warehouse_location, id) 
    values
        (?, ?, ?, ?, ?, ?, ?)
2026-03-16T00:16:08.197+05:30 DEBUG 17704 --- [product-service] [http-nio-8082-exec-3] org.hibernate.SQL                        : 
    insert 
    into
        stock_movements
        (created_at, movement_type, product_id, quantity, reason, reference_id, id) 
    values
        (?, ?, ?, ?, ?, ?, ?)
2026-03-16T00:16:08.200+05:30 DEBUG 17704 --- [product-service] [http-nio-8082-exec-3] org.hibernate.SQL                        : 
    select
        p1_0.id 
    from
        products p1_0 
    where
        p1_0.sku=? 
    limit
        ?
2026-03-16T00:16:08.202+05:30 DEBUG 17704 --- [product-service] [http-nio-8082-exec-3] org.hibernate.SQL                        : 
    select
        c1_0.id,
        c1_0.created_at,
        c1_0.description,
        c1_0.display_order,
        c1_0.image_url,
        c1_0.is_active,
        c1_0.name,
        c1_0.parent_id,
        c1_0.slug 
    from
        categories c1_0 
    where
        c1_0.id=?
2026-03-16T00:16:08.205+05:30  INFO 17704 --- [product-service] [kafka-producer-network-thread | producer-1] c.e.p.kafka.KafkaEventPublisher          : Event published → topic: product.created | key: e924f4ba-4950-43dc-87f0-ee5b5fa27c64 | offset: 7
2026-03-16T00:16:08.211+05:30  INFO 17704 --- [product-service] [http-nio-8082-exec-3] c.e.p.service.ProductServiceImpl         : Product created successfully: KID-BAG-SCH-001 | id: cb989c72-1545-4447-9c45-006c7a9d6f46
2026-03-16T00:16:08.211+05:30  INFO 17704 --- [product-service] [http-nio-8082-exec-3] c.e.p.service.ProductServiceImpl         : Bulk create success: KID-BAG-SCH-001
2026-03-16T00:16:08.211+05:30  INFO 17704 --- [product-service] [http-nio-8082-exec-3] c.e.p.service.ProductServiceImpl         : Creating product with SKU: TOY-TEDY-BRN-001
2026-03-16T00:16:08.214+05:30  INFO 17704 --- [product-service] [kafka-producer-network-thread | producer-1] c.e.p.kafka.KafkaEventPublisher          : Event published → topic: product.created | key: cb989c72-1545-4447-9c45-006c7a9d6f46 | offset: 4
2026-03-16T00:16:08.217+05:30 DEBUG 17704 --- [product-service] [http-nio-8082-exec-3] org.hibernate.SQL                        : 
    insert 
    into
        products
        (attributes, average_rating, brand_name, category_id, compare_at_price, cost_price, created_at, description, name, price, review_count, short_description, sku, sold_count, status, tags, updated_at, version, view_count, weight, id) 
    values
        (?, ?, ?, ?, ?, ?, ?, ?, ?, ?, ?, ?, ?, ?, ?, ?, ?, ?, ?, ?, ?)
2026-03-16T00:16:08.219+05:30 DEBUG 17704 --- [product-service] [http-nio-8082-exec-3] org.hibernate.SQL                        : 
    insert 
    into
        product_images
        (alt_text, display_order, image_url, is_primary, product_id, id) 
    values
        (?, ?, ?, ?, ?, ?)
2026-03-16T00:16:08.220+05:30 DEBUG 17704 --- [product-service] [http-nio-8082-exec-3] org.hibernate.SQL                        : 
    insert 
    into
        inventories
        (last_updated, low_stock_threshold, product_id, quantity, reserved_quantity, warehouse_location, id) 
    values
        (?, ?, ?, ?, ?, ?, ?)
2026-03-16T00:16:08.221+05:30 DEBUG 17704 --- [product-service] [http-nio-8082-exec-3] org.hibernate.SQL                        : 
    insert 
    into
        stock_movements
        (created_at, movement_type, product_id, quantity, reason, reference_id, id) 
    values
        (?, ?, ?, ?, ?, ?, ?)
2026-03-16T00:16:08.222+05:30 DEBUG 17704 --- [product-service] [http-nio-8082-exec-3] org.hibernate.SQL                        : 
    select
        p1_0.id 
    from
        products p1_0 
    where
        p1_0.sku=? 
    limit
        ?
2026-03-16T00:16:08.225+05:30  INFO 17704 --- [product-service] [http-nio-8082-exec-3] c.e.p.service.ProductServiceImpl         : Product created successfully: TOY-TEDY-BRN-001 | id: eef174fb-9dfb-4f04-a937-d495959d65c0
2026-03-16T00:16:08.225+05:30  INFO 17704 --- [product-service] [http-nio-8082-exec-3] c.e.p.service.ProductServiceImpl         : Bulk create success: TOY-TEDY-BRN-001
2026-03-16T00:16:08.225+05:30  INFO 17704 --- [product-service] [http-nio-8082-exec-3] c.e.p.service.ProductServiceImpl         : Creating product with SKU: TOY-ART-CKT-001
2026-03-16T00:16:08.227+05:30  INFO 17704 --- [product-service] [kafka-producer-network-thread | producer-1] c.e.p.kafka.KafkaEventPublisher          : Event published → topic: product.created | key: eef174fb-9dfb-4f04-a937-d495959d65c0 | offset: 5
2026-03-16T00:16:08.233+05:30 DEBUG 17704 --- [product-service] [http-nio-8082-exec-3] org.hibernate.SQL                        : 
    insert 
    into
        products
        (attributes, average_rating, brand_name, category_id, compare_at_price, cost_price, created_at, description, name, price, review_count, short_description, sku, sold_count, status, tags, updated_at, version, view_count, weight, id) 
    values
        (?, ?, ?, ?, ?, ?, ?, ?, ?, ?, ?, ?, ?, ?, ?, ?, ?, ?, ?, ?, ?)
2026-03-16T00:16:08.235+05:30 DEBUG 17704 --- [product-service] [http-nio-8082-exec-3] org.hibernate.SQL                        : 
    insert 
    into
        product_images
        (alt_text, display_order, image_url, is_primary, product_id, id) 
    values
        (?, ?, ?, ?, ?, ?)
2026-03-16T00:16:08.236+05:30 DEBUG 17704 --- [product-service] [http-nio-8082-exec-3] org.hibernate.SQL                        : 
    insert 
    into
        inventories
        (last_updated, low_stock_threshold, product_id, quantity, reserved_quantity, warehouse_location, id) 
    values
        (?, ?, ?, ?, ?, ?, ?)
2026-03-16T00:16:08.236+05:30 DEBUG 17704 --- [product-service] [http-nio-8082-exec-3] org.hibernate.SQL                        : 
    insert 
    into
        stock_movements
        (created_at, movement_type, product_id, quantity, reason, reference_id, id) 
    values
        (?, ?, ?, ?, ?, ?, ?)
2026-03-16T00:16:08.238+05:30 DEBUG 17704 --- [product-service] [http-nio-8082-exec-3] org.hibernate.SQL                        : 
    select
        p1_0.id 
    from
        products p1_0 
    where
        p1_0.sku=? 
    limit
        ?
2026-03-16T00:16:08.240+05:30  INFO 17704 --- [product-service] [http-nio-8082-exec-3] c.e.p.service.ProductServiceImpl         : Product created successfully: TOY-ART-CKT-001 | id: ccbcbdfe-165c-4d20-b91d-ebea4c7a9e20
2026-03-16T00:16:08.240+05:30  INFO 17704 --- [product-service] [http-nio-8082-exec-3] c.e.p.service.ProductServiceImpl         : Bulk create success: TOY-ART-CKT-001
2026-03-16T00:16:08.240+05:30  INFO 17704 --- [product-service] [http-nio-8082-exec-3] c.e.p.service.ProductServiceImpl         : Creating product with SKU: HOME-VASE-CRM-001
2026-03-16T00:16:08.242+05:30  INFO 17704 --- [product-service] [kafka-producer-network-thread | producer-1] c.e.p.kafka.KafkaEventPublisher          : Event published → topic: product.created | key: ccbcbdfe-165c-4d20-b91d-ebea4c7a9e20 | offset: 6
2026-03-16T00:16:08.244+05:30 DEBUG 17704 --- [product-service] [http-nio-8082-exec-3] org.hibernate.SQL                        : 
    insert 
    into
        products
        (attributes, average_rating, brand_name, category_id, compare_at_price, cost_price, created_at, description, name, price, review_count, short_description, sku, sold_count, status, tags, updated_at, version, view_count, weight, id) 
    values
        (?, ?, ?, ?, ?, ?, ?, ?, ?, ?, ?, ?, ?, ?, ?, ?, ?, ?, ?, ?, ?)
2026-03-16T00:16:08.249+05:30 DEBUG 17704 --- [product-service] [http-nio-8082-exec-3] org.hibernate.SQL                        : 
    insert 
    into
        product_images
        (alt_text, display_order, image_url, is_primary, product_id, id) 
    values
        (?, ?, ?, ?, ?, ?)
2026-03-16T00:16:08.251+05:30 DEBUG 17704 --- [product-service] [http-nio-8082-exec-3] org.hibernate.SQL                        : 
    insert 
    into
        inventories
        (last_updated, low_stock_threshold, product_id, quantity, reserved_quantity, warehouse_location, id) 
    values
        (?, ?, ?, ?, ?, ?, ?)
2026-03-16T00:16:08.252+05:30 DEBUG 17704 --- [product-service] [http-nio-8082-exec-3] org.hibernate.SQL                        : 
    insert 
    into
        stock_movements
        (created_at, movement_type, product_id, quantity, reason, reference_id, id) 
    values
        (?, ?, ?, ?, ?, ?, ?)
2026-03-16T00:16:08.253+05:30 DEBUG 17704 --- [product-service] [http-nio-8082-exec-3] org.hibernate.SQL                        : 
    select
        p1_0.id 
    from
        products p1_0 
    where
        p1_0.sku=? 
    limit
        ?
2026-03-16T00:16:08.255+05:30 DEBUG 17704 --- [product-service] [http-nio-8082-exec-3] org.hibernate.SQL                        : 
    select
        c1_0.id,
        c1_0.created_at,
        c1_0.description,
        c1_0.display_order,
        c1_0.image_url,
        c1_0.is_active,
        c1_0.name,
        c1_0.parent_id,
        c1_0.slug 
    from
        categories c1_0 
    where
        c1_0.id=?
2026-03-16T00:16:08.259+05:30  INFO 17704 --- [product-service] [http-nio-8082-exec-3] c.e.p.service.ProductServiceImpl         : Product created successfully: HOME-VASE-CRM-001 | id: 22cda589-1849-4ac3-82db-1c32909dabf7
2026-03-16T00:16:08.260+05:30  INFO 17704 --- [product-service] [http-nio-8082-exec-3] c.e.p.service.ProductServiceImpl         : Bulk create success: HOME-VASE-CRM-001
2026-03-16T00:16:08.260+05:30  INFO 17704 --- [product-service] [http-nio-8082-exec-3] c.e.p.service.ProductServiceImpl         : Creating product with SKU: HOME-COOK-NST-001
2026-03-16T00:16:08.263+05:30  INFO 17704 --- [product-service] [kafka-producer-network-thread | producer-1] c.e.p.kafka.KafkaEventPublisher          : Event published → topic: product.created | key: 22cda589-1849-4ac3-82db-1c32909dabf7 | offset: 8
2026-03-16T00:16:08.264+05:30 DEBUG 17704 --- [product-service] [http-nio-8082-exec-3] org.hibernate.SQL                        : 
    insert 
    into
        products
        (attributes, average_rating, brand_name, category_id, compare_at_price, cost_price, created_at, description, name, price, review_count, short_description, sku, sold_count, status, tags, updated_at, version, view_count, weight, id) 
    values
        (?, ?, ?, ?, ?, ?, ?, ?, ?, ?, ?, ?, ?, ?, ?, ?, ?, ?, ?, ?, ?)
2026-03-16T00:16:08.267+05:30 DEBUG 17704 --- [product-service] [http-nio-8082-exec-3] org.hibernate.SQL                        : 
    insert 
    into
        product_images
        (alt_text, display_order, image_url, is_primary, product_id, id) 
    values
        (?, ?, ?, ?, ?, ?)
2026-03-16T00:16:08.268+05:30 DEBUG 17704 --- [product-service] [http-nio-8082-exec-3] org.hibernate.SQL                        : 
    insert 
    into
        inventories
        (last_updated, low_stock_threshold, product_id, quantity, reserved_quantity, warehouse_location, id) 
    values
        (?, ?, ?, ?, ?, ?, ?)
2026-03-16T00:16:08.269+05:30 DEBUG 17704 --- [product-service] [http-nio-8082-exec-3] org.hibernate.SQL                        : 
    insert 
    into
        stock_movements
        (created_at, movement_type, product_id, quantity, reason, reference_id, id) 
    values
        (?, ?, ?, ?, ?, ?, ?)
2026-03-16T00:16:08.271+05:30 DEBUG 17704 --- [product-service] [http-nio-8082-exec-3] org.hibernate.SQL                        : 
    select
        p1_0.id 
    from
        products p1_0 
    where
        p1_0.sku=? 
    limit
        ?
2026-03-16T00:16:08.273+05:30  INFO 17704 --- [product-service] [http-nio-8082-exec-3] c.e.p.service.ProductServiceImpl         : Product created successfully: HOME-COOK-NST-001 | id: 1332fe83-0f8f-4c16-adcf-110aa6dc08bf
2026-03-16T00:16:08.274+05:30  INFO 17704 --- [product-service] [http-nio-8082-exec-3] c.e.p.service.ProductServiceImpl         : Bulk create success: HOME-COOK-NST-001
2026-03-16T00:16:08.274+05:30  INFO 17704 --- [product-service] [http-nio-8082-exec-3] c.e.p.service.ProductServiceImpl         : Creating product with SKU: HOME-DIFF-ARO-001
2026-03-16T00:16:08.277+05:30  INFO 17704 --- [product-service] [kafka-producer-network-thread | producer-1] c.e.p.kafka.KafkaEventPublisher          : Event published → topic: product.created | key: 1332fe83-0f8f-4c16-adcf-110aa6dc08bf | offset: 9
2026-03-16T00:16:08.279+05:30 DEBUG 17704 --- [product-service] [http-nio-8082-exec-3] org.hibernate.SQL                        : 
    insert 
    into
        products
        (attributes, average_rating, brand_name, category_id, compare_at_price, cost_price, created_at, description, name, price, review_count, short_description, sku, sold_count, status, tags, updated_at, version, view_count, weight, id) 
    values
        (?, ?, ?, ?, ?, ?, ?, ?, ?, ?, ?, ?, ?, ?, ?, ?, ?, ?, ?, ?, ?)
2026-03-16T00:16:08.282+05:30 DEBUG 17704 --- [product-service] [http-nio-8082-exec-3] org.hibernate.SQL                        : 
    insert 
    into
        product_images
        (alt_text, display_order, image_url, is_primary, product_id, id) 
    values
        (?, ?, ?, ?, ?, ?)
2026-03-16T00:16:08.283+05:30 DEBUG 17704 --- [product-service] [http-nio-8082-exec-3] org.hibernate.SQL                        : 
    insert 
    into
        inventories
        (last_updated, low_stock_threshold, product_id, quantity, reserved_quantity, warehouse_location, id) 
    values
        (?, ?, ?, ?, ?, ?, ?)
2026-03-16T00:16:08.284+05:30 DEBUG 17704 --- [product-service] [http-nio-8082-exec-3] org.hibernate.SQL                        : 
    insert 
    into
        stock_movements
        (created_at, movement_type, product_id, quantity, reason, reference_id, id) 
    values
        (?, ?, ?, ?, ?, ?, ?)
2026-03-16T00:16:08.285+05:30 DEBUG 17704 --- [product-service] [http-nio-8082-exec-3] org.hibernate.SQL                        : 
    select
        p1_0.id 
    from
        products p1_0 
    where
        p1_0.sku=? 
    limit
        ?
2026-03-16T00:16:08.288+05:30  INFO 17704 --- [product-service] [http-nio-8082-exec-3] c.e.p.service.ProductServiceImpl         : Product created successfully: HOME-DIFF-ARO-001 | id: 7f9cdb20-1fbf-4f6c-8e5e-2ca0b6612b75
2026-03-16T00:16:08.288+05:30  INFO 17704 --- [product-service] [http-nio-8082-exec-3] c.e.p.service.ProductServiceImpl         : Bulk create success: HOME-DIFF-ARO-001
2026-03-16T00:16:08.288+05:30  INFO 17704 --- [product-service] [http-nio-8082-exec-3] c.e.p.service.ProductServiceImpl         : Creating product with SKU: HOME-BOTL-SS-001
2026-03-16T00:16:08.290+05:30  INFO 17704 --- [product-service] [kafka-producer-network-thread | producer-1] c.e.p.kafka.KafkaEventPublisher          : Event published → topic: product.created | key: 7f9cdb20-1fbf-4f6c-8e5e-2ca0b6612b75 | offset: 7
2026-03-16T00:16:08.292+05:30 DEBUG 17704 --- [product-service] [http-nio-8082-exec-3] org.hibernate.SQL                        : 
    insert 
    into
        products
        (attributes, average_rating, brand_name, category_id, compare_at_price, cost_price, created_at, description, name, price, review_count, short_description, sku, sold_count, status, tags, updated_at, version, view_count, weight, id) 
    values
        (?, ?, ?, ?, ?, ?, ?, ?, ?, ?, ?, ?, ?, ?, ?, ?, ?, ?, ?, ?, ?)
2026-03-16T00:16:08.294+05:30 DEBUG 17704 --- [product-service] [http-nio-8082-exec-3] org.hibernate.SQL                        : 
    insert 
    into
        product_images
        (alt_text, display_order, image_url, is_primary, product_id, id) 
    values
        (?, ?, ?, ?, ?, ?)
2026-03-16T00:16:08.295+05:30 DEBUG 17704 --- [product-service] [http-nio-8082-exec-3] org.hibernate.SQL                        : 
    insert 
    into
        inventories
        (last_updated, low_stock_threshold, product_id, quantity, reserved_quantity, warehouse_location, id) 
    values
        (?, ?, ?, ?, ?, ?, ?)
2026-03-16T00:16:08.296+05:30 DEBUG 17704 --- [product-service] [http-nio-8082-exec-3] org.hibernate.SQL                        : 
    insert 
    into
        stock_movements
        (created_at, movement_type, product_id, quantity, reason, reference_id, id) 
    values
        (?, ?, ?, ?, ?, ?, ?)
2026-03-16T00:16:08.298+05:30 DEBUG 17704 --- [product-service] [http-nio-8082-exec-3] org.hibernate.SQL                        : 
    select
        p1_0.id 
    from
        products p1_0 
    where
        p1_0.sku=? 
    limit
        ?
2026-03-16T00:16:08.300+05:30  INFO 17704 --- [product-service] [http-nio-8082-exec-3] c.e.p.service.ProductServiceImpl         : Product created successfully: HOME-BOTL-SS-001 | id: 7ec10d4b-2d8d-4c92-8320-b7343d3439eb
2026-03-16T00:16:08.300+05:30  INFO 17704 --- [product-service] [http-nio-8082-exec-3] c.e.p.service.ProductServiceImpl         : Bulk create success: HOME-BOTL-SS-001
2026-03-16T00:16:08.301+05:30  INFO 17704 --- [product-service] [http-nio-8082-exec-3] c.e.p.service.ProductServiceImpl         : Creating product with SKU: HOME-LGHT-LED-001
2026-03-16T00:16:08.303+05:30  INFO 17704 --- [product-service] [kafka-producer-network-thread | producer-1] c.e.p.kafka.KafkaEventPublisher          : Event published → topic: product.created | key: 7ec10d4b-2d8d-4c92-8320-b7343d3439eb | offset: 10
2026-03-16T00:16:08.304+05:30 DEBUG 17704 --- [product-service] [http-nio-8082-exec-3] org.hibernate.SQL                        : 
    insert 
    into
        products
        (attributes, average_rating, brand_name, category_id, compare_at_price, cost_price, created_at, description, name, price, review_count, short_description, sku, sold_count, status, tags, updated_at, version, view_count, weight, id) 
    values
        (?, ?, ?, ?, ?, ?, ?, ?, ?, ?, ?, ?, ?, ?, ?, ?, ?, ?, ?, ?, ?)
2026-03-16T00:16:08.307+05:30 DEBUG 17704 --- [product-service] [http-nio-8082-exec-3] org.hibernate.SQL                        : 
    insert 
    into
        product_images
        (alt_text, display_order, image_url, is_primary, product_id, id) 
    values
        (?, ?, ?, ?, ?, ?)
2026-03-16T00:16:08.308+05:30 DEBUG 17704 --- [product-service] [http-nio-8082-exec-3] org.hibernate.SQL                        : 
    insert 
    into
        inventories
        (last_updated, low_stock_threshold, product_id, quantity, reserved_quantity, warehouse_location, id) 
    values
        (?, ?, ?, ?, ?, ?, ?)
2026-03-16T00:16:08.310+05:30 DEBUG 17704 --- [product-service] [http-nio-8082-exec-3] org.hibernate.SQL                        : 
    insert 
    into
        stock_movements
        (created_at, movement_type, product_id, quantity, reason, reference_id, id) 
    values
        (?, ?, ?, ?, ?, ?, ?)
2026-03-16T00:16:08.312+05:30 DEBUG 17704 --- [product-service] [http-nio-8082-exec-3] org.hibernate.SQL                        : 
    select
        p1_0.id 
    from
        products p1_0 
    where
        p1_0.sku=? 
    limit
        ?
2026-03-16T00:16:08.315+05:30  INFO 17704 --- [product-service] [http-nio-8082-exec-3] c.e.p.service.ProductServiceImpl         : Product created successfully: HOME-LGHT-LED-001 | id: 913a90b8-b689-418a-9b78-de685dccab70
2026-03-16T00:16:08.315+05:30  INFO 17704 --- [product-service] [http-nio-8082-exec-3] c.e.p.service.ProductServiceImpl         : Bulk create success: HOME-LGHT-LED-001
2026-03-16T00:16:08.315+05:30  INFO 17704 --- [product-service] [http-nio-8082-exec-3] c.e.p.service.ProductServiceImpl         : Creating product with SKU: PHN-IPH15PM-256
2026-03-16T00:16:08.318+05:30  INFO 17704 --- [product-service] [kafka-producer-network-thread | producer-1] c.e.p.kafka.KafkaEventPublisher          : Event published → topic: product.created | key: 913a90b8-b689-418a-9b78-de685dccab70 | offset: 8
2026-03-16T00:16:08.322+05:30 DEBUG 17704 --- [product-service] [http-nio-8082-exec-3] org.hibernate.SQL                        : 
    insert 
    into
        products
        (attributes, average_rating, brand_name, category_id, compare_at_price, cost_price, created_at, description, name, price, review_count, short_description, sku, sold_count, status, tags, updated_at, version, view_count, weight, id) 
    values
        (?, ?, ?, ?, ?, ?, ?, ?, ?, ?, ?, ?, ?, ?, ?, ?, ?, ?, ?, ?, ?)
2026-03-16T00:16:08.324+05:30 DEBUG 17704 --- [product-service] [http-nio-8082-exec-3] org.hibernate.SQL                        : 
    insert 
    into
        product_images
        (alt_text, display_order, image_url, is_primary, product_id, id) 
    values
        (?, ?, ?, ?, ?, ?)
2026-03-16T00:16:08.325+05:30 DEBUG 17704 --- [product-service] [http-nio-8082-exec-3] org.hibernate.SQL                        : 
    insert 
    into
        inventories
        (last_updated, low_stock_threshold, product_id, quantity, reserved_quantity, warehouse_location, id) 
    values
        (?, ?, ?, ?, ?, ?, ?)
2026-03-16T00:16:08.326+05:30 DEBUG 17704 --- [product-service] [http-nio-8082-exec-3] org.hibernate.SQL                        : 
    insert 
    into
        stock_movements
        (created_at, movement_type, product_id, quantity, reason, reference_id, id) 
    values
        (?, ?, ?, ?, ?, ?, ?)
2026-03-16T00:16:08.327+05:30 DEBUG 17704 --- [product-service] [http-nio-8082-exec-3] org.hibernate.SQL                        : 
    select
        p1_0.id 
    from
        products p1_0 
    where
        p1_0.sku=? 
    limit
        ?
2026-03-16T00:16:08.329+05:30 DEBUG 17704 --- [product-service] [http-nio-8082-exec-3] org.hibernate.SQL                        : 
    select
        c1_0.id,
        c1_0.created_at,
        c1_0.description,
        c1_0.display_order,
        c1_0.image_url,
        c1_0.is_active,
        c1_0.name,
        c1_0.parent_id,
        c1_0.slug 
    from
        categories c1_0 
    where
        c1_0.id=?
2026-03-16T00:16:08.332+05:30  INFO 17704 --- [product-service] [http-nio-8082-exec-3] c.e.p.service.ProductServiceImpl         : Product created successfully: PHN-IPH15PM-256 | id: 2e929092-6956-4ffc-b2aa-60ebab3583f3
2026-03-16T00:16:08.332+05:30  INFO 17704 --- [product-service] [http-nio-8082-exec-3] c.e.p.service.ProductServiceImpl         : Bulk create success: PHN-IPH15PM-256
2026-03-16T00:16:08.332+05:30  INFO 17704 --- [product-service] [http-nio-8082-exec-3] c.e.p.service.ProductServiceImpl         : Creating product with SKU: PHN-SMS24U-256
2026-03-16T00:16:08.335+05:30  INFO 17704 --- [product-service] [kafka-producer-network-thread | producer-1] c.e.p.kafka.KafkaEventPublisher          : Event published → topic: product.created | key: 2e929092-6956-4ffc-b2aa-60ebab3583f3 | offset: 5
2026-03-16T00:16:08.336+05:30 DEBUG 17704 --- [product-service] [http-nio-8082-exec-3] org.hibernate.SQL                        : 
    insert 
    into
        products
        (attributes, average_rating, brand_name, category_id, compare_at_price, cost_price, created_at, description, name, price, review_count, short_description, sku, sold_count, status, tags, updated_at, version, view_count, weight, id) 
    values
        (?, ?, ?, ?, ?, ?, ?, ?, ?, ?, ?, ?, ?, ?, ?, ?, ?, ?, ?, ?, ?)
2026-03-16T00:16:08.338+05:30 DEBUG 17704 --- [product-service] [http-nio-8082-exec-3] org.hibernate.SQL                        : 
    insert 
    into
        product_images
        (alt_text, display_order, image_url, is_primary, product_id, id) 
    values
        (?, ?, ?, ?, ?, ?)
2026-03-16T00:16:08.339+05:30 DEBUG 17704 --- [product-service] [http-nio-8082-exec-3] org.hibernate.SQL                        : 
    insert 
    into
        inventories
        (last_updated, low_stock_threshold, product_id, quantity, reserved_quantity, warehouse_location, id) 
    values
        (?, ?, ?, ?, ?, ?, ?)
2026-03-16T00:16:08.340+05:30 DEBUG 17704 --- [product-service] [http-nio-8082-exec-3] org.hibernate.SQL                        : 
    insert 
    into
        stock_movements
        (created_at, movement_type, product_id, quantity, reason, reference_id, id) 
    values
        (?, ?, ?, ?, ?, ?, ?)
2026-03-16T00:16:08.341+05:30 DEBUG 17704 --- [product-service] [http-nio-8082-exec-3] org.hibernate.SQL                        : 
    select
        p1_0.id 
    from
        products p1_0 
    where
        p1_0.sku=? 
    limit
        ?
2026-03-16T00:16:08.343+05:30  INFO 17704 --- [product-service] [http-nio-8082-exec-3] c.e.p.service.ProductServiceImpl         : Product created successfully: PHN-SMS24U-256 | id: 25b879ba-a662-49db-950e-73b863bc546d
2026-03-16T00:16:08.343+05:30  INFO 17704 --- [product-service] [http-nio-8082-exec-3] c.e.p.service.ProductServiceImpl         : Bulk create success: PHN-SMS24U-256
2026-03-16T00:16:08.343+05:30  INFO 17704 --- [product-service] [http-nio-8082-exec-3] c.e.p.service.ProductServiceImpl         : Creating product with SKU: PHN-OP12-256
2026-03-16T00:16:08.345+05:30  INFO 17704 --- [product-service] [kafka-producer-network-thread | producer-1] c.e.p.kafka.KafkaEventPublisher          : Event published → topic: product.created | key: 25b879ba-a662-49db-950e-73b863bc546d | offset: 6
2026-03-16T00:16:08.348+05:30 DEBUG 17704 --- [product-service] [http-nio-8082-exec-3] org.hibernate.SQL                        : 
    insert 
    into
        products
        (attributes, average_rating, brand_name, category_id, compare_at_price, cost_price, created_at, description, name, price, review_count, short_description, sku, sold_count, status, tags, updated_at, version, view_count, weight, id) 
    values
        (?, ?, ?, ?, ?, ?, ?, ?, ?, ?, ?, ?, ?, ?, ?, ?, ?, ?, ?, ?, ?)
2026-03-16T00:16:08.355+05:30 DEBUG 17704 --- [product-service] [http-nio-8082-exec-3] org.hibernate.SQL                        : 
    insert 
    into
        product_images
        (alt_text, display_order, image_url, is_primary, product_id, id) 
    values
        (?, ?, ?, ?, ?, ?)
2026-03-16T00:16:08.357+05:30 DEBUG 17704 --- [product-service] [http-nio-8082-exec-3] org.hibernate.SQL                        : 
    insert 
    into
        inventories
        (last_updated, low_stock_threshold, product_id, quantity, reserved_quantity, warehouse_location, id) 
    values
        (?, ?, ?, ?, ?, ?, ?)
2026-03-16T00:16:08.358+05:30 DEBUG 17704 --- [product-service] [http-nio-8082-exec-3] org.hibernate.SQL                        : 
    insert 
    into
        stock_movements
        (created_at, movement_type, product_id, quantity, reason, reference_id, id) 
    values
        (?, ?, ?, ?, ?, ?, ?)
2026-03-16T00:16:08.359+05:30 DEBUG 17704 --- [product-service] [http-nio-8082-exec-3] org.hibernate.SQL                        : 
    select
        p1_0.id 
    from
        products p1_0 
    where
        p1_0.sku=? 
    limit
        ?
2026-03-16T00:16:08.363+05:30  INFO 17704 --- [product-service] [http-nio-8082-exec-3] c.e.p.service.ProductServiceImpl         : Product created successfully: PHN-OP12-256 | id: a608d01a-565a-4c3f-9eb0-5d81e8b843d6
2026-03-16T00:16:08.363+05:30  INFO 17704 --- [product-service] [http-nio-8082-exec-3] c.e.p.service.ProductServiceImpl         : Bulk create success: PHN-OP12-256
2026-03-16T00:16:08.363+05:30  INFO 17704 --- [product-service] [http-nio-8082-exec-3] c.e.p.service.ProductServiceImpl         : Creating product with SKU: PHN-RDM-N13P-256
2026-03-16T00:16:08.366+05:30  INFO 17704 --- [product-service] [kafka-producer-network-thread | producer-1] c.e.p.kafka.KafkaEventPublisher          : Event published → topic: product.created | key: a608d01a-565a-4c3f-9eb0-5d81e8b843d6 | offset: 9
2026-03-16T00:16:08.367+05:30 DEBUG 17704 --- [product-service] [http-nio-8082-exec-3] org.hibernate.SQL                        : 
    insert 
    into
        products
        (attributes, average_rating, brand_name, category_id, compare_at_price, cost_price, created_at, description, name, price, review_count, short_description, sku, sold_count, status, tags, updated_at, version, view_count, weight, id) 
    values
        (?, ?, ?, ?, ?, ?, ?, ?, ?, ?, ?, ?, ?, ?, ?, ?, ?, ?, ?, ?, ?)
2026-03-16T00:16:08.370+05:30 DEBUG 17704 --- [product-service] [http-nio-8082-exec-3] org.hibernate.SQL                        : 
    insert 
    into
        product_images
        (alt_text, display_order, image_url, is_primary, product_id, id) 
    values
        (?, ?, ?, ?, ?, ?)
2026-03-16T00:16:08.374+05:30 DEBUG 17704 --- [product-service] [http-nio-8082-exec-3] org.hibernate.SQL                        : 
    insert 
    into
        inventories
        (last_updated, low_stock_threshold, product_id, quantity, reserved_quantity, warehouse_location, id) 
    values
        (?, ?, ?, ?, ?, ?, ?)
2026-03-16T00:16:08.376+05:30 DEBUG 17704 --- [product-service] [http-nio-8082-exec-3] org.hibernate.SQL                        : 
    insert 
    into
        stock_movements
        (created_at, movement_type, product_id, quantity, reason, reference_id, id) 
    values
        (?, ?, ?, ?, ?, ?, ?)
2026-03-16T00:16:08.378+05:30 DEBUG 17704 --- [product-service] [http-nio-8082-exec-3] org.hibernate.SQL                        : 
    select
        p1_0.id 
    from
        products p1_0 
    where
        p1_0.sku=? 
    limit
        ?
2026-03-16T00:16:08.382+05:30  INFO 17704 --- [product-service] [http-nio-8082-exec-3] c.e.p.service.ProductServiceImpl         : Product created successfully: PHN-RDM-N13P-256 | id: 4ca5fbb5-1c83-4f2e-bd1e-396cbf2e36fa
2026-03-16T00:16:08.382+05:30  INFO 17704 --- [product-service] [http-nio-8082-exec-3] c.e.p.service.ProductServiceImpl         : Bulk create success: PHN-RDM-N13P-256
2026-03-16T00:16:08.382+05:30  INFO 17704 --- [product-service] [http-nio-8082-exec-3] c.e.p.service.ProductServiceImpl         : Creating product with SKU: WTC-APL-S9-45
2026-03-16T00:16:08.386+05:30  INFO 17704 --- [product-service] [kafka-producer-network-thread | producer-1] c.e.p.kafka.KafkaEventPublisher          : Event published → topic: product.created | key: 4ca5fbb5-1c83-4f2e-bd1e-396cbf2e36fa | offset: 10
2026-03-16T00:16:08.387+05:30 DEBUG 17704 --- [product-service] [http-nio-8082-exec-3] org.hibernate.SQL                        : 
    insert 
    into
        products
        (attributes, average_rating, brand_name, category_id, compare_at_price, cost_price, created_at, description, name, price, review_count, short_description, sku, sold_count, status, tags, updated_at, version, view_count, weight, id) 
    values
        (?, ?, ?, ?, ?, ?, ?, ?, ?, ?, ?, ?, ?, ?, ?, ?, ?, ?, ?, ?, ?)
2026-03-16T00:16:08.391+05:30 DEBUG 17704 --- [product-service] [http-nio-8082-exec-3] org.hibernate.SQL                        : 
    insert 
    into
        product_images
        (alt_text, display_order, image_url, is_primary, product_id, id) 
    values
        (?, ?, ?, ?, ?, ?)
2026-03-16T00:16:08.393+05:30 DEBUG 17704 --- [product-service] [http-nio-8082-exec-3] org.hibernate.SQL                        : 
    insert 
    into
        inventories
        (last_updated, low_stock_threshold, product_id, quantity, reserved_quantity, warehouse_location, id) 
    values
        (?, ?, ?, ?, ?, ?, ?)
2026-03-16T00:16:08.395+05:30 DEBUG 17704 --- [product-service] [http-nio-8082-exec-3] org.hibernate.SQL                        : 
    insert 
    into
        stock_movements
        (created_at, movement_type, product_id, quantity, reason, reference_id, id) 
    values
        (?, ?, ?, ?, ?, ?, ?)
2026-03-16T00:16:08.397+05:30 DEBUG 17704 --- [product-service] [http-nio-8082-exec-3] org.hibernate.SQL                        : 
    select
        p1_0.id 
    from
        products p1_0 
    where
        p1_0.sku=? 
    limit
        ?
2026-03-16T00:16:08.400+05:30 DEBUG 17704 --- [product-service] [http-nio-8082-exec-3] org.hibernate.SQL                        : 
    select
        c1_0.id,
        c1_0.created_at,
        c1_0.description,
        c1_0.display_order,
        c1_0.image_url,
        c1_0.is_active,
        c1_0.name,
        c1_0.parent_id,
        c1_0.slug 
    from
        categories c1_0 
    where
        c1_0.id=?
2026-03-16T00:16:08.403+05:30  INFO 17704 --- [product-service] [http-nio-8082-exec-3] c.e.p.service.ProductServiceImpl         : Product created successfully: WTC-APL-S9-45 | id: 414b5434-c771-4564-9fd5-38f192db9c2a
2026-03-16T00:16:08.404+05:30  INFO 17704 --- [product-service] [http-nio-8082-exec-3] c.e.p.service.ProductServiceImpl         : Bulk create success: WTC-APL-S9-45
2026-03-16T00:16:08.404+05:30  INFO 17704 --- [product-service] [http-nio-8082-exec-3] c.e.p.service.ProductServiceImpl         : Creating product with SKU: WTC-SMS-GW6-44
2026-03-16T00:16:08.410+05:30  INFO 17704 --- [product-service] [kafka-producer-network-thread | producer-1] c.e.p.kafka.KafkaEventPublisher          : Event published → topic: product.created | key: 414b5434-c771-4564-9fd5-38f192db9c2a | offset: 11
2026-03-16T00:16:08.415+05:30 DEBUG 17704 --- [product-service] [http-nio-8082-exec-3] org.hibernate.SQL                        : 
    insert 
    into
        products
        (attributes, average_rating, brand_name, category_id, compare_at_price, cost_price, created_at, description, name, price, review_count, short_description, sku, sold_count, status, tags, updated_at, version, view_count, weight, id) 
    values
        (?, ?, ?, ?, ?, ?, ?, ?, ?, ?, ?, ?, ?, ?, ?, ?, ?, ?, ?, ?, ?)
2026-03-16T00:16:08.418+05:30 DEBUG 17704 --- [product-service] [http-nio-8082-exec-3] org.hibernate.SQL                        : 
    insert 
    into
        product_images
        (alt_text, display_order, image_url, is_primary, product_id, id) 
    values
        (?, ?, ?, ?, ?, ?)
2026-03-16T00:16:08.419+05:30 DEBUG 17704 --- [product-service] [http-nio-8082-exec-3] org.hibernate.SQL                        : 
    insert 
    into
        inventories
        (last_updated, low_stock_threshold, product_id, quantity, reserved_quantity, warehouse_location, id) 
    values
        (?, ?, ?, ?, ?, ?, ?)
2026-03-16T00:16:08.421+05:30 DEBUG 17704 --- [product-service] [http-nio-8082-exec-3] org.hibernate.SQL                        : 
    insert 
    into
        stock_movements
        (created_at, movement_type, product_id, quantity, reason, reference_id, id) 
    values
        (?, ?, ?, ?, ?, ?, ?)
2026-03-16T00:16:08.422+05:30 DEBUG 17704 --- [product-service] [http-nio-8082-exec-3] org.hibernate.SQL                        : 
    select
        p1_0.id 
    from
        products p1_0 
    where
        p1_0.sku=? 
    limit
        ?
2026-03-16T00:16:08.425+05:30  INFO 17704 --- [product-service] [http-nio-8082-exec-3] c.e.p.service.ProductServiceImpl         : Product created successfully: WTC-SMS-GW6-44 | id: 31d76382-d863-4955-9e2f-4a12ee5a7170
2026-03-16T00:16:08.426+05:30  INFO 17704 --- [product-service] [http-nio-8082-exec-3] c.e.p.service.ProductServiceImpl         : Bulk create success: WTC-SMS-GW6-44
2026-03-16T00:16:08.426+05:30  INFO 17704 --- [product-service] [http-nio-8082-exec-3] c.e.p.service.ProductServiceImpl         : Creating product with SKU: WTC-CSO-GSHK-001
2026-03-16T00:16:08.429+05:30  INFO 17704 --- [product-service] [kafka-producer-network-thread | producer-1] c.e.p.kafka.KafkaEventPublisher          : Event published → topic: product.created | key: 31d76382-d863-4955-9e2f-4a12ee5a7170 | offset: 12
2026-03-16T00:16:08.430+05:30 DEBUG 17704 --- [product-service] [http-nio-8082-exec-3] org.hibernate.SQL                        : 
    insert 
    into
        products
        (attributes, average_rating, brand_name, category_id, compare_at_price, cost_price, created_at, description, name, price, review_count, short_description, sku, sold_count, status, tags, updated_at, version, view_count, weight, id) 
    values
        (?, ?, ?, ?, ?, ?, ?, ?, ?, ?, ?, ?, ?, ?, ?, ?, ?, ?, ?, ?, ?)
2026-03-16T00:16:08.441+05:30 DEBUG 17704 --- [product-service] [http-nio-8082-exec-3] org.hibernate.SQL                        : 
    insert 
    into
        product_images
        (alt_text, display_order, image_url, is_primary, product_id, id) 
    values
        (?, ?, ?, ?, ?, ?)
2026-03-16T00:16:08.442+05:30 DEBUG 17704 --- [product-service] [http-nio-8082-exec-3] org.hibernate.SQL                        : 
    insert 
    into
        inventories
        (last_updated, low_stock_threshold, product_id, quantity, reserved_quantity, warehouse_location, id) 
    values
        (?, ?, ?, ?, ?, ?, ?)
2026-03-16T00:16:08.443+05:30 DEBUG 17704 --- [product-service] [http-nio-8082-exec-3] org.hibernate.SQL                        : 
    insert 
    into
        stock_movements
        (created_at, movement_type, product_id, quantity, reason, reference_id, id) 
    values
        (?, ?, ?, ?, ?, ?, ?)
2026-03-16T00:16:08.444+05:30 DEBUG 17704 --- [product-service] [http-nio-8082-exec-3] org.hibernate.SQL                        : 
    select
        p1_0.id 
    from
        products p1_0 
    where
        p1_0.sku=? 
    limit
        ?
2026-03-16T00:16:08.448+05:30  INFO 17704 --- [product-service] [http-nio-8082-exec-3] c.e.p.service.ProductServiceImpl         : Product created successfully: WTC-CSO-GSHK-001 | id: 2218dfb3-bfcb-4d4a-91fa-4ae1df034477
2026-03-16T00:16:08.448+05:30  INFO 17704 --- [product-service] [http-nio-8082-exec-3] c.e.p.service.ProductServiceImpl         : Bulk create success: WTC-CSO-GSHK-001
2026-03-16T00:16:08.448+05:30  INFO 17704 --- [product-service] [http-nio-8082-exec-3] c.e.p.service.ProductServiceImpl         : Creating product with SKU: WTC-NSE-CFP4-001
2026-03-16T00:16:08.450+05:30  INFO 17704 --- [product-service] [kafka-producer-network-thread | producer-1] c.e.p.kafka.KafkaEventPublisher          : Event published → topic: product.created | key: 2218dfb3-bfcb-4d4a-91fa-4ae1df034477 | offset: 7
2026-03-16T00:16:08.452+05:30 DEBUG 17704 --- [product-service] [http-nio-8082-exec-3] org.hibernate.SQL                        : 
    insert 
    into
        products
        (attributes, average_rating, brand_name, category_id, compare_at_price, cost_price, created_at, description, name, price, review_count, short_description, sku, sold_count, status, tags, updated_at, version, view_count, weight, id) 
    values
        (?, ?, ?, ?, ?, ?, ?, ?, ?, ?, ?, ?, ?, ?, ?, ?, ?, ?, ?, ?, ?)
2026-03-16T00:16:08.453+05:30 DEBUG 17704 --- [product-service] [http-nio-8082-exec-3] org.hibernate.SQL                        : 
    insert 
    into
        product_images
        (alt_text, display_order, image_url, is_primary, product_id, id) 
    values
        (?, ?, ?, ?, ?, ?)
2026-03-16T00:16:08.461+05:30 DEBUG 17704 --- [product-service] [http-nio-8082-exec-3] org.hibernate.SQL                        : 
    insert 
    into
        inventories
        (last_updated, low_stock_threshold, product_id, quantity, reserved_quantity, warehouse_location, id) 
    values
        (?, ?, ?, ?, ?, ?, ?)
2026-03-16T00:16:08.461+05:30 DEBUG 17704 --- [product-service] [http-nio-8082-exec-3] org.hibernate.SQL                        : 
    insert 
    into
        stock_movements
        (created_at, movement_type, product_id, quantity, reason, reference_id, id) 
    values
        (?, ?, ?, ?, ?, ?, ?)
2026-03-16T00:16:08.462+05:30 DEBUG 17704 --- [product-service] [http-nio-8082-exec-3] org.hibernate.SQL                        : 
    select
        p1_0.id 
    from
        products p1_0 
    where
        p1_0.sku=? 
    limit
        ?
2026-03-16T00:16:08.465+05:30  INFO 17704 --- [product-service] [http-nio-8082-exec-3] c.e.p.service.ProductServiceImpl         : Product created successfully: WTC-NSE-CFP4-001 | id: 60d40d73-5652-4833-a1b8-8fb3a26239fc
2026-03-16T00:16:08.465+05:30  INFO 17704 --- [product-service] [http-nio-8082-exec-3] c.e.p.service.ProductServiceImpl         : Bulk create success: WTC-NSE-CFP4-001
2026-03-16T00:16:08.465+05:30  INFO 17704 --- [product-service] [http-nio-8082-exec-3] c.e.p.service.ProductServiceImpl         : Creating product with SKU: GAD-SNY-WH5-001
2026-03-16T00:16:08.468+05:30  INFO 17704 --- [product-service] [kafka-producer-network-thread | producer-1] c.e.p.kafka.KafkaEventPublisher          : Event published → topic: product.created | key: 60d40d73-5652-4833-a1b8-8fb3a26239fc | offset: 11
2026-03-16T00:16:08.469+05:30 DEBUG 17704 --- [product-service] [http-nio-8082-exec-3] org.hibernate.SQL                        : 
    insert 
    into
        products
        (attributes, average_rating, brand_name, category_id, compare_at_price, cost_price, created_at, description, name, price, review_count, short_description, sku, sold_count, status, tags, updated_at, version, view_count, weight, id) 
    values
        (?, ?, ?, ?, ?, ?, ?, ?, ?, ?, ?, ?, ?, ?, ?, ?, ?, ?, ?, ?, ?)
2026-03-16T00:16:08.470+05:30 DEBUG 17704 --- [product-service] [http-nio-8082-exec-3] org.hibernate.SQL                        : 
    insert 
    into
        product_images
        (alt_text, display_order, image_url, is_primary, product_id, id) 
    values
        (?, ?, ?, ?, ?, ?)
2026-03-16T00:16:08.472+05:30 DEBUG 17704 --- [product-service] [http-nio-8082-exec-3] org.hibernate.SQL                        : 
    insert 
    into
        inventories
        (last_updated, low_stock_threshold, product_id, quantity, reserved_quantity, warehouse_location, id) 
    values
        (?, ?, ?, ?, ?, ?, ?)
2026-03-16T00:16:08.473+05:30 DEBUG 17704 --- [product-service] [http-nio-8082-exec-3] org.hibernate.SQL                        : 
    insert 
    into
        stock_movements
        (created_at, movement_type, product_id, quantity, reason, reference_id, id) 
    values
        (?, ?, ?, ?, ?, ?, ?)
2026-03-16T00:16:08.474+05:30 DEBUG 17704 --- [product-service] [http-nio-8082-exec-3] org.hibernate.SQL                        : 
    select
        p1_0.id 
    from
        products p1_0 
    where
        p1_0.sku=? 
    limit
        ?
2026-03-16T00:16:08.475+05:30 DEBUG 17704 --- [product-service] [http-nio-8082-exec-3] org.hibernate.SQL                        : 
    select
        c1_0.id,
        c1_0.created_at,
        c1_0.description,
        c1_0.display_order,
        c1_0.image_url,
        c1_0.is_active,
        c1_0.name,
        c1_0.parent_id,
        c1_0.slug 
    from
        categories c1_0 
    where
        c1_0.id=?
2026-03-16T00:16:08.477+05:30  INFO 17704 --- [product-service] [http-nio-8082-exec-3] c.e.p.service.ProductServiceImpl         : Product created successfully: GAD-SNY-WH5-001 | id: b5435c6f-828c-46d7-8f0a-cbf9c30b7be2
2026-03-16T00:16:08.477+05:30  INFO 17704 --- [product-service] [http-nio-8082-exec-3] c.e.p.service.ProductServiceImpl         : Bulk create success: GAD-SNY-WH5-001
2026-03-16T00:16:08.477+05:30  INFO 17704 --- [product-service] [http-nio-8082-exec-3] c.e.p.service.ProductServiceImpl         : Creating product with SKU: GAD-APL-APP2-001
2026-03-16T00:16:08.480+05:30  INFO 17704 --- [product-service] [kafka-producer-network-thread | producer-1] c.e.p.kafka.KafkaEventPublisher          : Event published → topic: product.created | key: b5435c6f-828c-46d7-8f0a-cbf9c30b7be2 | offset: 8
2026-03-16T00:16:08.481+05:30 DEBUG 17704 --- [product-service] [http-nio-8082-exec-3] org.hibernate.SQL                        : 
    insert 
    into
        products
        (attributes, average_rating, brand_name, category_id, compare_at_price, cost_price, created_at, description, name, price, review_count, short_description, sku, sold_count, status, tags, updated_at, version, view_count, weight, id) 
    values
        (?, ?, ?, ?, ?, ?, ?, ?, ?, ?, ?, ?, ?, ?, ?, ?, ?, ?, ?, ?, ?)
2026-03-16T00:16:08.483+05:30 DEBUG 17704 --- [product-service] [http-nio-8082-exec-3] org.hibernate.SQL                        : 
    insert 
    into
        product_images
        (alt_text, display_order, image_url, is_primary, product_id, id) 
    values
        (?, ?, ?, ?, ?, ?)
2026-03-16T00:16:08.484+05:30 DEBUG 17704 --- [product-service] [http-nio-8082-exec-3] org.hibernate.SQL                        : 
    insert 
    into
        inventories
        (last_updated, low_stock_threshold, product_id, quantity, reserved_quantity, warehouse_location, id) 
    values
        (?, ?, ?, ?, ?, ?, ?)
2026-03-16T00:16:08.485+05:30 DEBUG 17704 --- [product-service] [http-nio-8082-exec-3] org.hibernate.SQL                        : 
    insert 
    into
        stock_movements
        (created_at, movement_type, product_id, quantity, reason, reference_id, id) 
    values
        (?, ?, ?, ?, ?, ?, ?)
2026-03-16T00:16:08.486+05:30 DEBUG 17704 --- [product-service] [http-nio-8082-exec-3] org.hibernate.SQL                        : 
    select
        p1_0.id 
    from
        products p1_0 
    where
        p1_0.sku=? 
    limit
        ?
2026-03-16T00:16:08.489+05:30  INFO 17704 --- [product-service] [http-nio-8082-exec-3] c.e.p.service.ProductServiceImpl         : Product created successfully: GAD-APL-APP2-001 | id: 31eac717-4520-4151-a9ef-149c50dcc1f4
2026-03-16T00:16:08.489+05:30  INFO 17704 --- [product-service] [http-nio-8082-exec-3] c.e.p.service.ProductServiceImpl         : Bulk create success: GAD-APL-APP2-001
2026-03-16T00:16:08.489+05:30  INFO 17704 --- [product-service] [http-nio-8082-exec-3] c.e.p.service.ProductServiceImpl         : Creating product with SKU: GAD-JBL-FLP6-001
2026-03-16T00:16:08.491+05:30  INFO 17704 --- [product-service] [kafka-producer-network-thread | producer-1] c.e.p.kafka.KafkaEventPublisher          : Event published → topic: product.created | key: 31eac717-4520-4151-a9ef-149c50dcc1f4 | offset: 13
2026-03-16T00:16:08.505+05:30 DEBUG 17704 --- [product-service] [http-nio-8082-exec-3] org.hibernate.SQL                        : 
    insert 
    into
        products
        (attributes, average_rating, brand_name, category_id, compare_at_price, cost_price, created_at, description, name, price, review_count, short_description, sku, sold_count, status, tags, updated_at, version, view_count, weight, id) 
    values
        (?, ?, ?, ?, ?, ?, ?, ?, ?, ?, ?, ?, ?, ?, ?, ?, ?, ?, ?, ?, ?)
2026-03-16T00:16:08.507+05:30 DEBUG 17704 --- [product-service] [http-nio-8082-exec-3] org.hibernate.SQL                        : 
    insert 
    into
        product_images
        (alt_text, display_order, image_url, is_primary, product_id, id) 
    values
        (?, ?, ?, ?, ?, ?)
2026-03-16T00:16:08.507+05:30 DEBUG 17704 --- [product-service] [http-nio-8082-exec-3] org.hibernate.SQL                        : 
    insert 
    into
        inventories
        (last_updated, low_stock_threshold, product_id, quantity, reserved_quantity, warehouse_location, id) 
    values
        (?, ?, ?, ?, ?, ?, ?)
2026-03-16T00:16:08.508+05:30 DEBUG 17704 --- [product-service] [http-nio-8082-exec-3] org.hibernate.SQL                        : 
    insert 
    into
        stock_movements
        (created_at, movement_type, product_id, quantity, reason, reference_id, id) 
    values
        (?, ?, ?, ?, ?, ?, ?)
2026-03-16T00:16:08.509+05:30 DEBUG 17704 --- [product-service] [http-nio-8082-exec-3] org.hibernate.SQL                        : 
    select
        p1_0.id 
    from
        products p1_0 
    where
        p1_0.sku=? 
    limit
        ?
2026-03-16T00:16:08.511+05:30  INFO 17704 --- [product-service] [http-nio-8082-exec-3] c.e.p.service.ProductServiceImpl         : Product created successfully: GAD-JBL-FLP6-001 | id: 8173a90f-aca9-4e12-a8bd-92e2bb8fa695
2026-03-16T00:16:08.511+05:30  INFO 17704 --- [product-service] [http-nio-8082-exec-3] c.e.p.service.ProductServiceImpl         : Bulk create success: GAD-JBL-FLP6-001
2026-03-16T00:16:08.511+05:30  INFO 17704 --- [product-service] [http-nio-8082-exec-3] c.e.p.service.ProductServiceImpl         : Creating product with SKU: GAD-MBR-M2-256
2026-03-16T00:16:08.514+05:30  INFO 17704 --- [product-service] [kafka-producer-network-thread | producer-1] c.e.p.kafka.KafkaEventPublisher          : Event published → topic: product.created | key: 8173a90f-aca9-4e12-a8bd-92e2bb8fa695 | offset: 9
2026-03-16T00:16:08.515+05:30 DEBUG 17704 --- [product-service] [http-nio-8082-exec-3] org.hibernate.SQL                        : 
    insert 
    into
        products
        (attributes, average_rating, brand_name, category_id, compare_at_price, cost_price, created_at, description, name, price, review_count, short_description, sku, sold_count, status, tags, updated_at, version, view_count, weight, id) 
    values
        (?, ?, ?, ?, ?, ?, ?, ?, ?, ?, ?, ?, ?, ?, ?, ?, ?, ?, ?, ?, ?)
2026-03-16T00:16:08.520+05:30 DEBUG 17704 --- [product-service] [http-nio-8082-exec-3] org.hibernate.SQL                        : 
    insert 
    into
        product_images
        (alt_text, display_order, image_url, is_primary, product_id, id) 
    values
        (?, ?, ?, ?, ?, ?)
2026-03-16T00:16:08.521+05:30 DEBUG 17704 --- [product-service] [http-nio-8082-exec-3] org.hibernate.SQL                        : 
    insert 
    into
        inventories
        (last_updated, low_stock_threshold, product_id, quantity, reserved_quantity, warehouse_location, id) 
    values
        (?, ?, ?, ?, ?, ?, ?)
2026-03-16T00:16:08.522+05:30 DEBUG 17704 --- [product-service] [http-nio-8082-exec-3] org.hibernate.SQL                        : 
    insert 
    into
        stock_movements
        (created_at, movement_type, product_id, quantity, reason, reference_id, id) 
    values
        (?, ?, ?, ?, ?, ?, ?)
2026-03-16T00:16:08.523+05:30 DEBUG 17704 --- [product-service] [http-nio-8082-exec-3] org.hibernate.SQL                        : 
    select
        p1_0.id 
    from
        products p1_0 
    where
        p1_0.sku=? 
    limit
        ?
2026-03-16T00:16:08.525+05:30  INFO 17704 --- [product-service] [http-nio-8082-exec-3] c.e.p.service.ProductServiceImpl         : Product created successfully: GAD-MBR-M2-256 | id: 31633955-cd7f-47f2-9381-badfb54bc744
2026-03-16T00:16:08.525+05:30  INFO 17704 --- [product-service] [http-nio-8082-exec-3] c.e.p.service.ProductServiceImpl         : Bulk create success: GAD-MBR-M2-256
2026-03-16T00:16:08.525+05:30  INFO 17704 --- [product-service] [http-nio-8082-exec-3] c.e.p.service.ProductServiceImpl         : Creating product with SKU: GAD-LGT-MXM3-001
2026-03-16T00:16:08.527+05:30  INFO 17704 --- [product-service] [kafka-producer-network-thread | producer-1] c.e.p.kafka.KafkaEventPublisher          : Event published → topic: product.created | key: 31633955-cd7f-47f2-9381-badfb54bc744 | offset: 10
2026-03-16T00:16:08.528+05:30 DEBUG 17704 --- [product-service] [http-nio-8082-exec-3] org.hibernate.SQL                        : 
    insert 
    into
        products
        (attributes, average_rating, brand_name, category_id, compare_at_price, cost_price, created_at, description, name, price, review_count, short_description, sku, sold_count, status, tags, updated_at, version, view_count, weight, id) 
    values
        (?, ?, ?, ?, ?, ?, ?, ?, ?, ?, ?, ?, ?, ?, ?, ?, ?, ?, ?, ?, ?)
2026-03-16T00:16:08.530+05:30 DEBUG 17704 --- [product-service] [http-nio-8082-exec-3] org.hibernate.SQL                        : 
    insert 
    into
        product_images
        (alt_text, display_order, image_url, is_primary, product_id, id) 
    values
        (?, ?, ?, ?, ?, ?)
2026-03-16T00:16:08.533+05:30 DEBUG 17704 --- [product-service] [http-nio-8082-exec-3] org.hibernate.SQL                        : 
    insert 
    into
        inventories
        (last_updated, low_stock_threshold, product_id, quantity, reserved_quantity, warehouse_location, id) 
    values
        (?, ?, ?, ?, ?, ?, ?)
2026-03-16T00:16:08.533+05:30 DEBUG 17704 --- [product-service] [http-nio-8082-exec-3] org.hibernate.SQL                        : 
    insert 
    into
        stock_movements
        (created_at, movement_type, product_id, quantity, reason, reference_id, id) 
    values
        (?, ?, ?, ?, ?, ?, ?)
2026-03-16T00:16:08.535+05:30 DEBUG 17704 --- [product-service] [http-nio-8082-exec-3] org.hibernate.SQL                        : 
    select
        p1_0.id 
    from
        products p1_0 
    where
        p1_0.sku=? 
    limit
        ?
2026-03-16T00:16:08.536+05:30  INFO 17704 --- [product-service] [http-nio-8082-exec-3] c.e.p.service.ProductServiceImpl         : Product created successfully: GAD-LGT-MXM3-001 | id: 0560cd65-9186-48ae-99cf-8e7b8ebe3589
2026-03-16T00:16:08.537+05:30  INFO 17704 --- [product-service] [http-nio-8082-exec-3] c.e.p.service.ProductServiceImpl         : Bulk create success: GAD-LGT-MXM3-001
2026-03-16T00:16:08.537+05:30  INFO 17704 --- [product-service] [http-nio-8082-exec-3] c.e.p.service.ProductServiceImpl         : Creating product with SKU: GAD-PRT-PB20-001
2026-03-16T00:16:08.539+05:30  INFO 17704 --- [product-service] [kafka-producer-network-thread | producer-1] c.e.p.kafka.KafkaEventPublisher          : Event published → topic: product.created | key: 0560cd65-9186-48ae-99cf-8e7b8ebe3589 | offset: 14
2026-03-16T00:16:08.600+05:30 DEBUG 17704 --- [product-service] [http-nio-8082-exec-3] org.hibernate.SQL                        : 
    insert 
    into
        products
        (attributes, average_rating, brand_name, category_id, compare_at_price, cost_price, created_at, description, name, price, review_count, short_description, sku, sold_count, status, tags, updated_at, version, view_count, weight, id) 
    values
        (?, ?, ?, ?, ?, ?, ?, ?, ?, ?, ?, ?, ?, ?, ?, ?, ?, ?, ?, ?, ?)
2026-03-16T00:16:08.603+05:30 DEBUG 17704 --- [product-service] [http-nio-8082-exec-3] org.hibernate.SQL                        : 
    insert 
    into
        product_images
        (alt_text, display_order, image_url, is_primary, product_id, id) 
    values
        (?, ?, ?, ?, ?, ?)
2026-03-16T00:16:08.605+05:30 DEBUG 17704 --- [product-service] [http-nio-8082-exec-3] org.hibernate.SQL                        : 
    insert 
    into
        inventories
        (last_updated, low_stock_threshold, product_id, quantity, reserved_quantity, warehouse_location, id) 
    values
        (?, ?, ?, ?, ?, ?, ?)
2026-03-16T00:16:08.606+05:30 DEBUG 17704 --- [product-service] [http-nio-8082-exec-3] org.hibernate.SQL                        : 
    insert 
    into
        stock_movements
        (created_at, movement_type, product_id, quantity, reason, reference_id, id) 
    values
        (?, ?, ?, ?, ?, ?, ?)
2026-03-16T00:16:08.607+05:30 DEBUG 17704 --- [product-service] [http-nio-8082-exec-3] org.hibernate.SQL                        : 
    select
        p1_0.id 
    from
        products p1_0 
    where
        p1_0.sku=? 
    limit
        ?
2026-03-16T00:16:08.620+05:30  INFO 17704 --- [product-service] [http-nio-8082-exec-3] c.e.p.service.ProductServiceImpl         : Product created successfully: GAD-PRT-PB20-001 | id: d0fec5dc-eb59-47f1-aff7-280e959f53e1
2026-03-16T00:16:08.621+05:30  INFO 17704 --- [product-service] [http-nio-8082-exec-3] c.e.p.service.ProductServiceImpl         : Bulk create success: GAD-PRT-PB20-001
2026-03-16T00:16:08.621+05:30  INFO 17704 --- [product-service] [http-nio-8082-exec-3] c.e.p.service.ProductServiceImpl         : Bulk create complete — success: 39 | failed: 0
2026-03-16T00:16:08.624+05:30 DEBUG 17704 --- [product-service] [http-nio-8082-exec-3] org.hibernate.SQL                        : 
    insert 
    into
        products
        (attributes, average_rating, brand_name, category_id, compare_at_price, cost_price, created_at, description, name, price, review_count, short_description, sku, sold_count, status, tags, updated_at, version, view_count, weight, id) 
    values
        (?, ?, ?, ?, ?, ?, ?, ?, ?, ?, ?, ?, ?, ?, ?, ?, ?, ?, ?, ?, ?)
2026-03-16T00:16:08.625+05:30 DEBUG 17704 --- [product-service] [http-nio-8082-exec-3] org.hibernate.SQL                        : 
    insert 
    into
        product_images
        (alt_text, display_order, image_url, is_primary, product_id, id) 
    values
        (?, ?, ?, ?, ?, ?)
2026-03-16T00:16:08.626+05:30 DEBUG 17704 --- [product-service] [http-nio-8082-exec-3] org.hibernate.SQL                        : 
    insert 
    into
        inventories
        (last_updated, low_stock_threshold, product_id, quantity, reserved_quantity, warehouse_location, id) 
    values
        (?, ?, ?, ?, ?, ?, ?)
2026-03-16T00:16:08.627+05:30 DEBUG 17704 --- [product-service] [http-nio-8082-exec-3] org.hibernate.SQL                        : 
    insert 
    into
        stock_movements
        (created_at, movement_type, product_id, quantity, reason, reference_id, id) 
    values
        (?, ?, ?, ?, ?, ?, ?)
2026-03-16T00:16:08.774+05:30  INFO 17704 --- [product-service] [kafka-producer-network-thread | producer-1] c.e.p.kafka.KafkaEventPublisher          : Event published → topic: product.created | key: d0fec5dc-eb59-47f1-aff7-280e959f53e1 | offset: 15
2026-03-16T00:19:47.884+05:30  WARN 17704 --- [product-service] [http-nio-8082-exec-9] c.e.product_service.security.JwtUtil     : Invalid JWT token: JWT expired at 2026-03-15T18:46:44Z. Current time: 2026-03-15T18:49:47Z, a difference of 183846 milliseconds.  Allowed clock skew: 0 milliseconds.
2026-03-16T00:19:47.901+05:30  INFO 17704 --- [product-service] [http-nio-8082-exec-9] c.e.p.controller.ProductControllerImpl   : Bulk product create request — count: 34
2026-03-16T00:19:47.905+05:30  INFO 17704 --- [product-service] [http-nio-8082-exec-9] c.e.p.service.ProductServiceImpl         : Bulk creating 34 products
2026-03-16T00:19:47.906+05:30  INFO 17704 --- [product-service] [http-nio-8082-exec-9] c.e.p.service.ProductServiceImpl         : Creating product with SKU: MEN-LIN-WHT-001
2026-03-16T00:19:47.909+05:30 DEBUG 17704 --- [product-service] [http-nio-8082-exec-9] org.hibernate.SQL                        : 
    select
        p1_0.id 
    from
        products p1_0 
    where
        p1_0.sku=? 
    limit
        ?
2026-03-16T00:19:47.913+05:30 DEBUG 17704 --- [product-service] [http-nio-8082-exec-9] org.hibernate.SQL                        : 
    select
        c1_0.id,
        c1_0.created_at,
        c1_0.description,
        c1_0.display_order,
        c1_0.image_url,
        c1_0.is_active,
        c1_0.name,
        c1_0.parent_id,
        c1_0.slug 
    from
        categories c1_0 
    where
        c1_0.id=?
2026-03-16T00:19:47.919+05:30  INFO 17704 --- [product-service] [http-nio-8082-exec-9] c.e.p.service.ProductServiceImpl         : Product created successfully: MEN-LIN-WHT-001 | id: 7fb1e37f-9148-4ed6-a19b-5c103c3a4e0c
2026-03-16T00:19:47.919+05:30  INFO 17704 --- [product-service] [http-nio-8082-exec-9] c.e.p.service.ProductServiceImpl         : Bulk create success: MEN-LIN-WHT-001
2026-03-16T00:19:47.919+05:30  INFO 17704 --- [product-service] [http-nio-8082-exec-9] c.e.p.service.ProductServiceImpl         : Creating product with SKU: MEN-JEAN-DRK-001
2026-03-16T00:19:47.921+05:30 DEBUG 17704 --- [product-service] [http-nio-8082-exec-9] org.hibernate.SQL                        : 
    insert 
    into
        products
        (attributes, average_rating, brand_name, category_id, compare_at_price, cost_price, created_at, description, name, price, review_count, short_description, sku, sold_count, status, tags, updated_at, version, view_count, weight, id) 
    values
        (?, ?, ?, ?, ?, ?, ?, ?, ?, ?, ?, ?, ?, ?, ?, ?, ?, ?, ?, ?, ?)
2026-03-16T00:19:47.926+05:30 DEBUG 17704 --- [product-service] [http-nio-8082-exec-9] org.hibernate.SQL                        : 
    insert 
    into
        product_images
        (alt_text, display_order, image_url, is_primary, product_id, id) 
    values
        (?, ?, ?, ?, ?, ?)
2026-03-16T00:19:47.927+05:30 DEBUG 17704 --- [product-service] [http-nio-8082-exec-9] org.hibernate.SQL                        : 
    insert 
    into
        inventories
        (last_updated, low_stock_threshold, product_id, quantity, reserved_quantity, warehouse_location, id) 
    values
        (?, ?, ?, ?, ?, ?, ?)
2026-03-16T00:19:47.928+05:30  INFO 17704 --- [product-service] [kafka-producer-network-thread | producer-1] c.e.p.kafka.KafkaEventPublisher          : Event published → topic: product.created | key: 7fb1e37f-9148-4ed6-a19b-5c103c3a4e0c | offset: 12
2026-03-16T00:19:47.929+05:30 DEBUG 17704 --- [product-service] [http-nio-8082-exec-9] org.hibernate.SQL                        : 
    insert 
    into
        stock_movements
        (created_at, movement_type, product_id, quantity, reason, reference_id, id) 
    values
        (?, ?, ?, ?, ?, ?, ?)
2026-03-16T00:19:47.930+05:30 DEBUG 17704 --- [product-service] [http-nio-8082-exec-9] org.hibernate.SQL                        : 
    select
        p1_0.id 
    from
        products p1_0 
    where
        p1_0.sku=? 
    limit
        ?
2026-03-16T00:19:47.932+05:30  INFO 17704 --- [product-service] [http-nio-8082-exec-9] c.e.p.service.ProductServiceImpl         : Product created successfully: MEN-JEAN-DRK-001 | id: 73e81d8b-dcd6-4e5e-ab1a-ba8e42bcfd9a
2026-03-16T00:19:47.933+05:30  INFO 17704 --- [product-service] [http-nio-8082-exec-9] c.e.p.service.ProductServiceImpl         : Bulk create success: MEN-JEAN-DRK-001
2026-03-16T00:19:47.933+05:30  INFO 17704 --- [product-service] [http-nio-8082-exec-9] c.e.p.service.ProductServiceImpl         : Creating product with SKU: MEN-LOAF-BRN-001
2026-03-16T00:19:47.935+05:30  INFO 17704 --- [product-service] [kafka-producer-network-thread | producer-1] c.e.p.kafka.KafkaEventPublisher          : Event published → topic: product.created | key: 73e81d8b-dcd6-4e5e-ab1a-ba8e42bcfd9a | offset: 16
2026-03-16T00:19:47.936+05:30 DEBUG 17704 --- [product-service] [http-nio-8082-exec-9] org.hibernate.SQL                        : 
    insert 
    into
        products
        (attributes, average_rating, brand_name, category_id, compare_at_price, cost_price, created_at, description, name, price, review_count, short_description, sku, sold_count, status, tags, updated_at, version, view_count, weight, id) 
    values
        (?, ?, ?, ?, ?, ?, ?, ?, ?, ?, ?, ?, ?, ?, ?, ?, ?, ?, ?, ?, ?)
2026-03-16T00:19:47.939+05:30 DEBUG 17704 --- [product-service] [http-nio-8082-exec-9] org.hibernate.SQL                        : 
    insert 
    into
        product_images
        (alt_text, display_order, image_url, is_primary, product_id, id) 
    values
        (?, ?, ?, ?, ?, ?)
2026-03-16T00:19:47.941+05:30 DEBUG 17704 --- [product-service] [http-nio-8082-exec-9] org.hibernate.SQL                        : 
    insert 
    into
        inventories
        (last_updated, low_stock_threshold, product_id, quantity, reserved_quantity, warehouse_location, id) 
    values
        (?, ?, ?, ?, ?, ?, ?)
2026-03-16T00:19:47.943+05:30 DEBUG 17704 --- [product-service] [http-nio-8082-exec-9] org.hibernate.SQL                        : 
    insert 
    into
        stock_movements
        (created_at, movement_type, product_id, quantity, reason, reference_id, id) 
    values
        (?, ?, ?, ?, ?, ?, ?)
2026-03-16T00:19:47.944+05:30 DEBUG 17704 --- [product-service] [http-nio-8082-exec-9] org.hibernate.SQL                        : 
    select
        p1_0.id 
    from
        products p1_0 
    where
        p1_0.sku=? 
    limit
        ?
2026-03-16T00:19:47.947+05:30  INFO 17704 --- [product-service] [http-nio-8082-exec-9] c.e.p.service.ProductServiceImpl         : Product created successfully: MEN-LOAF-BRN-001 | id: 79938472-156a-4144-8c22-91fa02dc7915
2026-03-16T00:19:47.948+05:30  INFO 17704 --- [product-service] [http-nio-8082-exec-9] c.e.p.service.ProductServiceImpl         : Bulk create success: MEN-LOAF-BRN-001
2026-03-16T00:19:47.948+05:30  INFO 17704 --- [product-service] [http-nio-8082-exec-9] c.e.p.service.ProductServiceImpl         : Creating product with SKU: MEN-TRKP-BLK-001
2026-03-16T00:19:47.950+05:30  INFO 17704 --- [product-service] [kafka-producer-network-thread | producer-1] c.e.p.kafka.KafkaEventPublisher          : Event published → topic: product.created | key: 79938472-156a-4144-8c22-91fa02dc7915 | offset: 17
2026-03-16T00:19:47.950+05:30 DEBUG 17704 --- [product-service] [http-nio-8082-exec-9] org.hibernate.SQL                        : 
    insert 
    into
        products
        (attributes, average_rating, brand_name, category_id, compare_at_price, cost_price, created_at, description, name, price, review_count, short_description, sku, sold_count, status, tags, updated_at, version, view_count, weight, id) 
    values
        (?, ?, ?, ?, ?, ?, ?, ?, ?, ?, ?, ?, ?, ?, ?, ?, ?, ?, ?, ?, ?)
2026-03-16T00:19:47.953+05:30 DEBUG 17704 --- [product-service] [http-nio-8082-exec-9] org.hibernate.SQL                        : 
    insert 
    into
        product_images
        (alt_text, display_order, image_url, is_primary, product_id, id) 
    values
        (?, ?, ?, ?, ?, ?)
2026-03-16T00:19:47.953+05:30 DEBUG 17704 --- [product-service] [http-nio-8082-exec-9] org.hibernate.SQL                        : 
    insert 
    into
        inventories
        (last_updated, low_stock_threshold, product_id, quantity, reserved_quantity, warehouse_location, id) 
    values
        (?, ?, ?, ?, ?, ?, ?)
2026-03-16T00:19:47.954+05:30 DEBUG 17704 --- [product-service] [http-nio-8082-exec-9] org.hibernate.SQL                        : 
    insert 
    into
        stock_movements
        (created_at, movement_type, product_id, quantity, reason, reference_id, id) 
    values
        (?, ?, ?, ?, ?, ?, ?)
2026-03-16T00:19:47.955+05:30 DEBUG 17704 --- [product-service] [http-nio-8082-exec-9] org.hibernate.SQL                        : 
    select
        p1_0.id 
    from
        products p1_0 
    where
        p1_0.sku=? 
    limit
        ?
2026-03-16T00:19:47.963+05:30  INFO 17704 --- [product-service] [http-nio-8082-exec-9] c.e.p.service.ProductServiceImpl         : Product created successfully: MEN-TRKP-BLK-001 | id: dfd7aad6-8aa0-4f57-b253-cd755bfc48a1
2026-03-16T00:19:47.963+05:30  INFO 17704 --- [product-service] [http-nio-8082-exec-9] c.e.p.service.ProductServiceImpl         : Bulk create success: MEN-TRKP-BLK-001
2026-03-16T00:19:47.963+05:30  INFO 17704 --- [product-service] [http-nio-8082-exec-9] c.e.p.service.ProductServiceImpl         : Creating product with SKU: MEN-CANV-BLK-001
2026-03-16T00:19:47.965+05:30 DEBUG 17704 --- [product-service] [http-nio-8082-exec-9] org.hibernate.SQL                        : 
    insert 
    into
        products
        (attributes, average_rating, brand_name, category_id, compare_at_price, cost_price, created_at, description, name, price, review_count, short_description, sku, sold_count, status, tags, updated_at, version, view_count, weight, id) 
    values
        (?, ?, ?, ?, ?, ?, ?, ?, ?, ?, ?, ?, ?, ?, ?, ?, ?, ?, ?, ?, ?)
2026-03-16T00:19:47.966+05:30  INFO 17704 --- [product-service] [kafka-producer-network-thread | producer-1] c.e.p.kafka.KafkaEventPublisher          : Event published → topic: product.created | key: dfd7aad6-8aa0-4f57-b253-cd755bfc48a1 | offset: 11
2026-03-16T00:19:47.968+05:30 DEBUG 17704 --- [product-service] [http-nio-8082-exec-9] org.hibernate.SQL                        : 
    insert 
    into
        product_images
        (alt_text, display_order, image_url, is_primary, product_id, id) 
    values
        (?, ?, ?, ?, ?, ?)
2026-03-16T00:19:47.969+05:30 DEBUG 17704 --- [product-service] [http-nio-8082-exec-9] org.hibernate.SQL                        : 
    insert 
    into
        inventories
        (last_updated, low_stock_threshold, product_id, quantity, reserved_quantity, warehouse_location, id) 
    values
        (?, ?, ?, ?, ?, ?, ?)
2026-03-16T00:19:47.970+05:30 DEBUG 17704 --- [product-service] [http-nio-8082-exec-9] org.hibernate.SQL                        : 
    insert 
    into
        stock_movements
        (created_at, movement_type, product_id, quantity, reason, reference_id, id) 
    values
        (?, ?, ?, ?, ?, ?, ?)
2026-03-16T00:19:47.972+05:30 DEBUG 17704 --- [product-service] [http-nio-8082-exec-9] org.hibernate.SQL                        : 
    select
        p1_0.id 
    from
        products p1_0 
    where
        p1_0.sku=? 
    limit
        ?
2026-03-16T00:19:47.975+05:30  INFO 17704 --- [product-service] [http-nio-8082-exec-9] c.e.p.service.ProductServiceImpl         : Product created successfully: MEN-CANV-BLK-001 | id: ac361d77-c9cc-4f97-8450-a0656cb59e43
2026-03-16T00:19:47.975+05:30  INFO 17704 --- [product-service] [http-nio-8082-exec-9] c.e.p.service.ProductServiceImpl         : Bulk create success: MEN-CANV-BLK-001
2026-03-16T00:19:47.976+05:30  INFO 17704 --- [product-service] [http-nio-8082-exec-9] c.e.p.service.ProductServiceImpl         : Creating product with SKU: WOM-DRSS-BDC-001
2026-03-16T00:19:47.978+05:30  INFO 17704 --- [product-service] [kafka-producer-network-thread | producer-1] c.e.p.kafka.KafkaEventPublisher          : Event published → topic: product.created | key: ac361d77-c9cc-4f97-8450-a0656cb59e43 | offset: 12
2026-03-16T00:19:47.978+05:30 DEBUG 17704 --- [product-service] [http-nio-8082-exec-9] org.hibernate.SQL                        : 
    insert 
    into
        products
        (attributes, average_rating, brand_name, category_id, compare_at_price, cost_price, created_at, description, name, price, review_count, short_description, sku, sold_count, status, tags, updated_at, version, view_count, weight, id) 
    values
        (?, ?, ?, ?, ?, ?, ?, ?, ?, ?, ?, ?, ?, ?, ?, ?, ?, ?, ?, ?, ?)
2026-03-16T00:19:47.980+05:30 DEBUG 17704 --- [product-service] [http-nio-8082-exec-9] org.hibernate.SQL                        : 
    insert 
    into
        product_images
        (alt_text, display_order, image_url, is_primary, product_id, id) 
    values
        (?, ?, ?, ?, ?, ?)
2026-03-16T00:19:47.982+05:30 DEBUG 17704 --- [product-service] [http-nio-8082-exec-9] org.hibernate.SQL                        : 
    insert 
    into
        inventories
        (last_updated, low_stock_threshold, product_id, quantity, reserved_quantity, warehouse_location, id) 
    values
        (?, ?, ?, ?, ?, ?, ?)
2026-03-16T00:19:47.983+05:30 DEBUG 17704 --- [product-service] [http-nio-8082-exec-9] org.hibernate.SQL                        : 
    insert 
    into
        stock_movements
        (created_at, movement_type, product_id, quantity, reason, reference_id, id) 
    values
        (?, ?, ?, ?, ?, ?, ?)
2026-03-16T00:19:47.984+05:30 DEBUG 17704 --- [product-service] [http-nio-8082-exec-9] org.hibernate.SQL                        : 
    select
        p1_0.id 
    from
        products p1_0 
    where
        p1_0.sku=? 
    limit
        ?
2026-03-16T00:19:47.985+05:30 DEBUG 17704 --- [product-service] [http-nio-8082-exec-9] org.hibernate.SQL                        : 
    select
        c1_0.id,
        c1_0.created_at,
        c1_0.description,
        c1_0.display_order,
        c1_0.image_url,
        c1_0.is_active,
        c1_0.name,
        c1_0.parent_id,
        c1_0.slug 
    from
        categories c1_0 
    where
        c1_0.id=?
2026-03-16T00:19:47.987+05:30  INFO 17704 --- [product-service] [http-nio-8082-exec-9] c.e.p.service.ProductServiceImpl         : Product created successfully: WOM-DRSS-BDC-001 | id: c0ce463c-afa0-41e8-a36e-bf425e2f180c
2026-03-16T00:19:47.987+05:30  INFO 17704 --- [product-service] [http-nio-8082-exec-9] c.e.p.service.ProductServiceImpl         : Bulk create success: WOM-DRSS-BDC-001
2026-03-16T00:19:47.987+05:30  INFO 17704 --- [product-service] [http-nio-8082-exec-9] c.e.p.service.ProductServiceImpl         : Creating product with SKU: WOM-DRSS-WRP-001
2026-03-16T00:19:47.989+05:30 DEBUG 17704 --- [product-service] [http-nio-8082-exec-9] org.hibernate.SQL                        : 
    insert 
    into
        products
        (attributes, average_rating, brand_name, category_id, compare_at_price, cost_price, created_at, description, name, price, review_count, short_description, sku, sold_count, status, tags, updated_at, version, view_count, weight, id) 
    values
        (?, ?, ?, ?, ?, ?, ?, ?, ?, ?, ?, ?, ?, ?, ?, ?, ?, ?, ?, ?, ?)
2026-03-16T00:19:47.990+05:30  INFO 17704 --- [product-service] [kafka-producer-network-thread | producer-1] c.e.p.kafka.KafkaEventPublisher          : Event published → topic: product.created | key: c0ce463c-afa0-41e8-a36e-bf425e2f180c | offset: 18
2026-03-16T00:19:47.991+05:30 DEBUG 17704 --- [product-service] [http-nio-8082-exec-9] org.hibernate.SQL                        : 
    insert 
    into
        product_images
        (alt_text, display_order, image_url, is_primary, product_id, id) 
    values
        (?, ?, ?, ?, ?, ?)
2026-03-16T00:19:47.992+05:30 DEBUG 17704 --- [product-service] [http-nio-8082-exec-9] org.hibernate.SQL                        : 
    insert 
    into
        inventories
        (last_updated, low_stock_threshold, product_id, quantity, reserved_quantity, warehouse_location, id) 
    values
        (?, ?, ?, ?, ?, ?, ?)
2026-03-16T00:19:47.994+05:30 DEBUG 17704 --- [product-service] [http-nio-8082-exec-9] org.hibernate.SQL                        : 
    insert 
    into
        stock_movements
        (created_at, movement_type, product_id, quantity, reason, reference_id, id) 
    values
        (?, ?, ?, ?, ?, ?, ?)
2026-03-16T00:19:47.995+05:30 DEBUG 17704 --- [product-service] [http-nio-8082-exec-9] org.hibernate.SQL                        : 
    select
        p1_0.id 
    from
        products p1_0 
    where
        p1_0.sku=? 
    limit
        ?
2026-03-16T00:19:47.997+05:30  INFO 17704 --- [product-service] [http-nio-8082-exec-9] c.e.p.service.ProductServiceImpl         : Product created successfully: WOM-DRSS-WRP-001 | id: 87f1f0a7-26ee-4a1c-944e-496d444af9a1
2026-03-16T00:19:47.997+05:30  INFO 17704 --- [product-service] [http-nio-8082-exec-9] c.e.p.service.ProductServiceImpl         : Bulk create success: WOM-DRSS-WRP-001
2026-03-16T00:19:47.997+05:30  INFO 17704 --- [product-service] [http-nio-8082-exec-9] c.e.p.service.ProductServiceImpl         : Creating product with SKU: WOM-DNM-JKT-001
2026-03-16T00:19:47.999+05:30  INFO 17704 --- [product-service] [kafka-producer-network-thread | producer-1] c.e.p.kafka.KafkaEventPublisher          : Event published → topic: product.created | key: 87f1f0a7-26ee-4a1c-944e-496d444af9a1 | offset: 13
2026-03-16T00:19:47.999+05:30 DEBUG 17704 --- [product-service] [http-nio-8082-exec-9] org.hibernate.SQL                        : 
    insert 
    into
        products
        (attributes, average_rating, brand_name, category_id, compare_at_price, cost_price, created_at, description, name, price, review_count, short_description, sku, sold_count, status, tags, updated_at, version, view_count, weight, id) 
    values
        (?, ?, ?, ?, ?, ?, ?, ?, ?, ?, ?, ?, ?, ?, ?, ?, ?, ?, ?, ?, ?)
2026-03-16T00:19:48.001+05:30 DEBUG 17704 --- [product-service] [http-nio-8082-exec-9] org.hibernate.SQL                        : 
    insert 
    into
        product_images
        (alt_text, display_order, image_url, is_primary, product_id, id) 
    values
        (?, ?, ?, ?, ?, ?)
2026-03-16T00:19:48.002+05:30 DEBUG 17704 --- [product-service] [http-nio-8082-exec-9] org.hibernate.SQL                        : 
    insert 
    into
        inventories
        (last_updated, low_stock_threshold, product_id, quantity, reserved_quantity, warehouse_location, id) 
    values
        (?, ?, ?, ?, ?, ?, ?)
2026-03-16T00:19:48.002+05:30 DEBUG 17704 --- [product-service] [http-nio-8082-exec-9] org.hibernate.SQL                        : 
    insert 
    into
        stock_movements
        (created_at, movement_type, product_id, quantity, reason, reference_id, id) 
    values
        (?, ?, ?, ?, ?, ?, ?)
2026-03-16T00:19:48.003+05:30 DEBUG 17704 --- [product-service] [http-nio-8082-exec-9] org.hibernate.SQL                        : 
    select
        p1_0.id 
    from
        products p1_0 
    where
        p1_0.sku=? 
    limit
        ?
2026-03-16T00:19:48.005+05:30  INFO 17704 --- [product-service] [http-nio-8082-exec-9] c.e.p.service.ProductServiceImpl         : Product created successfully: WOM-DNM-JKT-001 | id: 55036ea1-1bf4-4f59-b78b-a9a57d9ebd58
2026-03-16T00:19:48.006+05:30  INFO 17704 --- [product-service] [http-nio-8082-exec-9] c.e.p.service.ProductServiceImpl         : Bulk create success: WOM-DNM-JKT-001
2026-03-16T00:19:48.006+05:30  INFO 17704 --- [product-service] [http-nio-8082-exec-9] c.e.p.service.ProductServiceImpl         : Creating product with SKU: WOM-SWTR-CRM-001
2026-03-16T00:19:48.010+05:30 DEBUG 17704 --- [product-service] [http-nio-8082-exec-9] org.hibernate.SQL                        : 
    insert 
    into
        products
        (attributes, average_rating, brand_name, category_id, compare_at_price, cost_price, created_at, description, name, price, review_count, short_description, sku, sold_count, status, tags, updated_at, version, view_count, weight, id) 
    values
        (?, ?, ?, ?, ?, ?, ?, ?, ?, ?, ?, ?, ?, ?, ?, ?, ?, ?, ?, ?, ?)
2026-03-16T00:19:48.010+05:30  INFO 17704 --- [product-service] [kafka-producer-network-thread | producer-1] c.e.p.kafka.KafkaEventPublisher          : Event published → topic: product.created | key: 55036ea1-1bf4-4f59-b78b-a9a57d9ebd58 | offset: 13
2026-03-16T00:19:48.012+05:30 DEBUG 17704 --- [product-service] [http-nio-8082-exec-9] org.hibernate.SQL                        : 
    insert 
    into
        product_images
        (alt_text, display_order, image_url, is_primary, product_id, id) 
    values
        (?, ?, ?, ?, ?, ?)
2026-03-16T00:19:48.013+05:30 DEBUG 17704 --- [product-service] [http-nio-8082-exec-9] org.hibernate.SQL                        : 
    insert 
    into
        inventories
        (last_updated, low_stock_threshold, product_id, quantity, reserved_quantity, warehouse_location, id) 
    values
        (?, ?, ?, ?, ?, ?, ?)
2026-03-16T00:19:48.014+05:30 DEBUG 17704 --- [product-service] [http-nio-8082-exec-9] org.hibernate.SQL                        : 
    insert 
    into
        stock_movements
        (created_at, movement_type, product_id, quantity, reason, reference_id, id) 
    values
        (?, ?, ?, ?, ?, ?, ?)
2026-03-16T00:19:48.015+05:30 DEBUG 17704 --- [product-service] [http-nio-8082-exec-9] org.hibernate.SQL                        : 
    select
        p1_0.id 
    from
        products p1_0 
    where
        p1_0.sku=? 
    limit
        ?
2026-03-16T00:19:48.017+05:30  INFO 17704 --- [product-service] [http-nio-8082-exec-9] c.e.p.service.ProductServiceImpl         : Product created successfully: WOM-SWTR-CRM-001 | id: f3a5e0ac-6ece-44ea-aba0-34d1dd8c1f09
2026-03-16T00:19:48.017+05:30  INFO 17704 --- [product-service] [http-nio-8082-exec-9] c.e.p.service.ProductServiceImpl         : Bulk create success: WOM-SWTR-CRM-001
2026-03-16T00:19:48.017+05:30  INFO 17704 --- [product-service] [http-nio-8082-exec-9] c.e.p.service.ProductServiceImpl         : Creating product with SKU: WOM-SNKR-WHT-001
2026-03-16T00:19:48.019+05:30 DEBUG 17704 --- [product-service] [http-nio-8082-exec-9] org.hibernate.SQL                        : 
    insert 
    into
        products
        (attributes, average_rating, brand_name, category_id, compare_at_price, cost_price, created_at, description, name, price, review_count, short_description, sku, sold_count, status, tags, updated_at, version, view_count, weight, id) 
    values
        (?, ?, ?, ?, ?, ?, ?, ?, ?, ?, ?, ?, ?, ?, ?, ?, ?, ?, ?, ?, ?)
2026-03-16T00:19:48.019+05:30  INFO 17704 --- [product-service] [kafka-producer-network-thread | producer-1] c.e.p.kafka.KafkaEventPublisher          : Event published → topic: product.created | key: f3a5e0ac-6ece-44ea-aba0-34d1dd8c1f09 | offset: 14
2026-03-16T00:19:48.021+05:30 DEBUG 17704 --- [product-service] [http-nio-8082-exec-9] org.hibernate.SQL                        : 
    insert 
    into
        product_images
        (alt_text, display_order, image_url, is_primary, product_id, id) 
    values
        (?, ?, ?, ?, ?, ?)
2026-03-16T00:19:48.022+05:30 DEBUG 17704 --- [product-service] [http-nio-8082-exec-9] org.hibernate.SQL                        : 
    insert 
    into
        inventories
        (last_updated, low_stock_threshold, product_id, quantity, reserved_quantity, warehouse_location, id) 
    values
        (?, ?, ?, ?, ?, ?, ?)
2026-03-16T00:19:48.024+05:30 DEBUG 17704 --- [product-service] [http-nio-8082-exec-9] org.hibernate.SQL                        : 
    insert 
    into
        stock_movements
        (created_at, movement_type, product_id, quantity, reason, reference_id, id) 
    values
        (?, ?, ?, ?, ?, ?, ?)
2026-03-16T00:19:48.025+05:30 DEBUG 17704 --- [product-service] [http-nio-8082-exec-9] org.hibernate.SQL                        : 
    select
        p1_0.id 
    from
        products p1_0 
    where
        p1_0.sku=? 
    limit
        ?
2026-03-16T00:19:48.027+05:30  INFO 17704 --- [product-service] [http-nio-8082-exec-9] c.e.p.service.ProductServiceImpl         : Product created successfully: WOM-SNKR-WHT-001 | id: a38341ab-5f07-4cf8-af47-c448ba090312
2026-03-16T00:19:48.027+05:30  INFO 17704 --- [product-service] [http-nio-8082-exec-9] c.e.p.service.ProductServiceImpl         : Bulk create success: WOM-SNKR-WHT-001
2026-03-16T00:19:48.027+05:30  INFO 17704 --- [product-service] [http-nio-8082-exec-9] c.e.p.service.ProductServiceImpl         : Creating product with SKU: TOY-BIKE-20-001
2026-03-16T00:19:48.029+05:30 DEBUG 17704 --- [product-service] [http-nio-8082-exec-9] org.hibernate.SQL                        : 
    insert 
    into
        products
        (attributes, average_rating, brand_name, category_id, compare_at_price, cost_price, created_at, description, name, price, review_count, short_description, sku, sold_count, status, tags, updated_at, version, view_count, weight, id) 
    values
        (?, ?, ?, ?, ?, ?, ?, ?, ?, ?, ?, ?, ?, ?, ?, ?, ?, ?, ?, ?, ?)
2026-03-16T00:19:48.030+05:30  INFO 17704 --- [product-service] [kafka-producer-network-thread | producer-1] c.e.p.kafka.KafkaEventPublisher          : Event published → topic: product.created | key: a38341ab-5f07-4cf8-af47-c448ba090312 | offset: 19
2026-03-16T00:19:48.031+05:30 DEBUG 17704 --- [product-service] [http-nio-8082-exec-9] org.hibernate.SQL                        : 
    insert 
    into
        product_images
        (alt_text, display_order, image_url, is_primary, product_id, id) 
    values
        (?, ?, ?, ?, ?, ?)
2026-03-16T00:19:48.032+05:30 DEBUG 17704 --- [product-service] [http-nio-8082-exec-9] org.hibernate.SQL                        : 
    insert 
    into
        inventories
        (last_updated, low_stock_threshold, product_id, quantity, reserved_quantity, warehouse_location, id) 
    values
        (?, ?, ?, ?, ?, ?, ?)
2026-03-16T00:19:48.033+05:30 DEBUG 17704 --- [product-service] [http-nio-8082-exec-9] org.hibernate.SQL                        : 
    insert 
    into
        stock_movements
        (created_at, movement_type, product_id, quantity, reason, reference_id, id) 
    values
        (?, ?, ?, ?, ?, ?, ?)
2026-03-16T00:19:48.034+05:30 DEBUG 17704 --- [product-service] [http-nio-8082-exec-9] org.hibernate.SQL                        : 
    select
        p1_0.id 
    from
        products p1_0 
    where
        p1_0.sku=? 
    limit
        ?
2026-03-16T00:19:48.036+05:30 DEBUG 17704 --- [product-service] [http-nio-8082-exec-9] org.hibernate.SQL                        : 
    select
        c1_0.id,
        c1_0.created_at,
        c1_0.description,
        c1_0.display_order,
        c1_0.image_url,
        c1_0.is_active,
        c1_0.name,
        c1_0.parent_id,
        c1_0.slug 
    from
        categories c1_0 
    where
        c1_0.id=?
2026-03-16T00:19:48.038+05:30  INFO 17704 --- [product-service] [http-nio-8082-exec-9] c.e.p.service.ProductServiceImpl         : Product created successfully: TOY-BIKE-20-001 | id: 101b754c-fe04-4fc2-8318-377981cbf5e2
2026-03-16T00:19:48.038+05:30  INFO 17704 --- [product-service] [http-nio-8082-exec-9] c.e.p.service.ProductServiceImpl         : Bulk create success: TOY-BIKE-20-001
2026-03-16T00:19:48.038+05:30  INFO 17704 --- [product-service] [http-nio-8082-exec-9] c.e.p.service.ProductServiceImpl         : Creating product with SKU: TOY-PLDO-FAC-001
2026-03-16T00:19:48.042+05:30  INFO 17704 --- [product-service] [kafka-producer-network-thread | producer-1] c.e.p.kafka.KafkaEventPublisher          : Event published → topic: product.created | key: 101b754c-fe04-4fc2-8318-377981cbf5e2 | offset: 14
2026-03-16T00:19:48.044+05:30 DEBUG 17704 --- [product-service] [http-nio-8082-exec-9] org.hibernate.SQL                        : 
    insert 
    into
        products
        (attributes, average_rating, brand_name, category_id, compare_at_price, cost_price, created_at, description, name, price, review_count, short_description, sku, sold_count, status, tags, updated_at, version, view_count, weight, id) 
    values
        (?, ?, ?, ?, ?, ?, ?, ?, ?, ?, ?, ?, ?, ?, ?, ?, ?, ?, ?, ?, ?)
2026-03-16T00:19:48.046+05:30 DEBUG 17704 --- [product-service] [http-nio-8082-exec-9] org.hibernate.SQL                        : 
    insert 
    into
        product_images
        (alt_text, display_order, image_url, is_primary, product_id, id) 
    values
        (?, ?, ?, ?, ?, ?)
2026-03-16T00:19:48.047+05:30 DEBUG 17704 --- [product-service] [http-nio-8082-exec-9] org.hibernate.SQL                        : 
    insert 
    into
        inventories
        (last_updated, low_stock_threshold, product_id, quantity, reserved_quantity, warehouse_location, id) 
    values
        (?, ?, ?, ?, ?, ?, ?)
2026-03-16T00:19:48.048+05:30 DEBUG 17704 --- [product-service] [http-nio-8082-exec-9] org.hibernate.SQL                        : 
    insert 
    into
        stock_movements
        (created_at, movement_type, product_id, quantity, reason, reference_id, id) 
    values
        (?, ?, ?, ?, ?, ?, ?)
2026-03-16T00:19:48.049+05:30 DEBUG 17704 --- [product-service] [http-nio-8082-exec-9] org.hibernate.SQL                        : 
    select
        p1_0.id 
    from
        products p1_0 
    where
        p1_0.sku=? 
    limit
        ?
2026-03-16T00:19:48.050+05:30 DEBUG 17704 --- [product-service] [http-nio-8082-exec-9] org.hibernate.SQL                        : 
    select
        c1_0.id,
        c1_0.created_at,
        c1_0.description,
        c1_0.display_order,
        c1_0.image_url,
        c1_0.is_active,
        c1_0.name,
        c1_0.parent_id,
        c1_0.slug 
    from
        categories c1_0 
    where
        c1_0.id=?
2026-03-16T00:19:48.053+05:30  INFO 17704 --- [product-service] [http-nio-8082-exec-9] c.e.p.service.ProductServiceImpl         : Product created successfully: TOY-PLDO-FAC-001 | id: 164398c9-bd39-4fb0-861d-300bcfe637a7
2026-03-16T00:19:48.053+05:30  INFO 17704 --- [product-service] [http-nio-8082-exec-9] c.e.p.service.ProductServiceImpl         : Bulk create success: TOY-PLDO-FAC-001
2026-03-16T00:19:48.053+05:30  INFO 17704 --- [product-service] [http-nio-8082-exec-9] c.e.p.service.ProductServiceImpl         : Creating product with SKU: TOY-MAG-DRW-001
2026-03-16T00:19:48.056+05:30 DEBUG 17704 --- [product-service] [http-nio-8082-exec-9] org.hibernate.SQL                        : 
    insert 
    into
        products
        (attributes, average_rating, brand_name, category_id, compare_at_price, cost_price, created_at, description, name, price, review_count, short_description, sku, sold_count, status, tags, updated_at, version, view_count, weight, id) 
    values
        (?, ?, ?, ?, ?, ?, ?, ?, ?, ?, ?, ?, ?, ?, ?, ?, ?, ?, ?, ?, ?)
2026-03-16T00:19:48.057+05:30  INFO 17704 --- [product-service] [kafka-producer-network-thread | producer-1] c.e.p.kafka.KafkaEventPublisher          : Event published → topic: product.created | key: 164398c9-bd39-4fb0-861d-300bcfe637a7 | offset: 15
2026-03-16T00:19:48.061+05:30 DEBUG 17704 --- [product-service] [http-nio-8082-exec-9] org.hibernate.SQL                        : 
    insert 
    into
        product_images
        (alt_text, display_order, image_url, is_primary, product_id, id) 
    values
        (?, ?, ?, ?, ?, ?)
2026-03-16T00:19:48.062+05:30 DEBUG 17704 --- [product-service] [http-nio-8082-exec-9] org.hibernate.SQL                        : 
    insert 
    into
        inventories
        (last_updated, low_stock_threshold, product_id, quantity, reserved_quantity, warehouse_location, id) 
    values
        (?, ?, ?, ?, ?, ?, ?)
2026-03-16T00:19:48.063+05:30 DEBUG 17704 --- [product-service] [http-nio-8082-exec-9] org.hibernate.SQL                        : 
    insert 
    into
        stock_movements
        (created_at, movement_type, product_id, quantity, reason, reference_id, id) 
    values
        (?, ?, ?, ?, ?, ?, ?)
2026-03-16T00:19:48.064+05:30 DEBUG 17704 --- [product-service] [http-nio-8082-exec-9] org.hibernate.SQL                        : 
    select
        p1_0.id 
    from
        products p1_0 
    where
        p1_0.sku=? 
    limit
        ?
2026-03-16T00:19:48.066+05:30  INFO 17704 --- [product-service] [http-nio-8082-exec-9] c.e.p.service.ProductServiceImpl         : Product created successfully: TOY-MAG-DRW-001 | id: 9defb0c1-5022-47a0-8b32-d40795df3bbb
2026-03-16T00:19:48.067+05:30  INFO 17704 --- [product-service] [http-nio-8082-exec-9] c.e.p.service.ProductServiceImpl         : Bulk create success: TOY-MAG-DRW-001
2026-03-16T00:19:48.067+05:30  INFO 17704 --- [product-service] [http-nio-8082-exec-9] c.e.p.service.ProductServiceImpl         : Creating product with SKU: KID-RJK-YLW-001
2026-03-16T00:19:48.069+05:30  INFO 17704 --- [product-service] [kafka-producer-network-thread | producer-1] c.e.p.kafka.KafkaEventPublisher          : Event published → topic: product.created | key: 9defb0c1-5022-47a0-8b32-d40795df3bbb | offset: 15
2026-03-16T00:19:48.069+05:30 DEBUG 17704 --- [product-service] [http-nio-8082-exec-9] org.hibernate.SQL                        : 
    insert 
    into
        products
        (attributes, average_rating, brand_name, category_id, compare_at_price, cost_price, created_at, description, name, price, review_count, short_description, sku, sold_count, status, tags, updated_at, version, view_count, weight, id) 
    values
        (?, ?, ?, ?, ?, ?, ?, ?, ?, ?, ?, ?, ?, ?, ?, ?, ?, ?, ?, ?, ?)
2026-03-16T00:19:48.071+05:30 DEBUG 17704 --- [product-service] [http-nio-8082-exec-9] org.hibernate.SQL                        : 
    insert 
    into
        product_images
        (alt_text, display_order, image_url, is_primary, product_id, id) 
    values
        (?, ?, ?, ?, ?, ?)
2026-03-16T00:19:48.072+05:30 DEBUG 17704 --- [product-service] [http-nio-8082-exec-9] org.hibernate.SQL                        : 
    insert 
    into
        inventories
        (last_updated, low_stock_threshold, product_id, quantity, reserved_quantity, warehouse_location, id) 
    values
        (?, ?, ?, ?, ?, ?, ?)
2026-03-16T00:19:48.075+05:30 DEBUG 17704 --- [product-service] [http-nio-8082-exec-9] org.hibernate.SQL                        : 
    insert 
    into
        stock_movements
        (created_at, movement_type, product_id, quantity, reason, reference_id, id) 
    values
        (?, ?, ?, ?, ?, ?, ?)
2026-03-16T00:19:48.077+05:30 DEBUG 17704 --- [product-service] [http-nio-8082-exec-9] org.hibernate.SQL                        : 
    select
        p1_0.id 
    from
        products p1_0 
    where
        p1_0.sku=? 
    limit
        ?
2026-03-16T00:19:48.080+05:30  INFO 17704 --- [product-service] [http-nio-8082-exec-9] c.e.p.service.ProductServiceImpl         : Product created successfully: KID-RJK-YLW-001 | id: 0b5a3d26-d0b6-4479-8c87-2a3c23af443d
2026-03-16T00:19:48.080+05:30  INFO 17704 --- [product-service] [http-nio-8082-exec-9] c.e.p.service.ProductServiceImpl         : Bulk create success: KID-RJK-YLW-001
2026-03-16T00:19:48.080+05:30  INFO 17704 --- [product-service] [http-nio-8082-exec-9] c.e.p.service.ProductServiceImpl         : Creating product with SKU: KID-TEE-SUP-001
2026-03-16T00:19:48.082+05:30 DEBUG 17704 --- [product-service] [http-nio-8082-exec-9] org.hibernate.SQL                        : 
    insert 
    into
        products
        (attributes, average_rating, brand_name, category_id, compare_at_price, cost_price, created_at, description, name, price, review_count, short_description, sku, sold_count, status, tags, updated_at, version, view_count, weight, id) 
    values
        (?, ?, ?, ?, ?, ?, ?, ?, ?, ?, ?, ?, ?, ?, ?, ?, ?, ?, ?, ?, ?)
2026-03-16T00:19:48.082+05:30  INFO 17704 --- [product-service] [kafka-producer-network-thread | producer-1] c.e.p.kafka.KafkaEventPublisher          : Event published → topic: product.created | key: 0b5a3d26-d0b6-4479-8c87-2a3c23af443d | offset: 16
2026-03-16T00:19:48.084+05:30 DEBUG 17704 --- [product-service] [http-nio-8082-exec-9] org.hibernate.SQL                        : 
    insert 
    into
        product_images
        (alt_text, display_order, image_url, is_primary, product_id, id) 
    values
        (?, ?, ?, ?, ?, ?)
2026-03-16T00:19:48.085+05:30 DEBUG 17704 --- [product-service] [http-nio-8082-exec-9] org.hibernate.SQL                        : 
    insert 
    into
        inventories
        (last_updated, low_stock_threshold, product_id, quantity, reserved_quantity, warehouse_location, id) 
    values
        (?, ?, ?, ?, ?, ?, ?)
2026-03-16T00:19:48.086+05:30 DEBUG 17704 --- [product-service] [http-nio-8082-exec-9] org.hibernate.SQL                        : 
    insert 
    into
        stock_movements
        (created_at, movement_type, product_id, quantity, reason, reference_id, id) 
    values
        (?, ?, ?, ?, ?, ?, ?)
2026-03-16T00:19:48.087+05:30 DEBUG 17704 --- [product-service] [http-nio-8082-exec-9] org.hibernate.SQL                        : 
    select
        p1_0.id 
    from
        products p1_0 
    where
        p1_0.sku=? 
    limit
        ?
2026-03-16T00:19:48.090+05:30  INFO 17704 --- [product-service] [http-nio-8082-exec-9] c.e.p.service.ProductServiceImpl         : Product created successfully: KID-TEE-SUP-001 | id: 66d1e4aa-dbdf-454d-b931-e7e642a3a369
2026-03-16T00:19:48.090+05:30  INFO 17704 --- [product-service] [http-nio-8082-exec-9] c.e.p.service.ProductServiceImpl         : Bulk create success: KID-TEE-SUP-001
2026-03-16T00:19:48.091+05:30  INFO 17704 --- [product-service] [http-nio-8082-exec-9] c.e.p.service.ProductServiceImpl         : Creating product with SKU: TOY-WOOD-BLK-001
2026-03-16T00:19:48.094+05:30 DEBUG 17704 --- [product-service] [http-nio-8082-exec-9] org.hibernate.SQL                        : 
    insert 
    into
        products
        (attributes, average_rating, brand_name, category_id, compare_at_price, cost_price, created_at, description, name, price, review_count, short_description, sku, sold_count, status, tags, updated_at, version, view_count, weight, id) 
    values
        (?, ?, ?, ?, ?, ?, ?, ?, ?, ?, ?, ?, ?, ?, ?, ?, ?, ?, ?, ?, ?)
2026-03-16T00:19:48.095+05:30  INFO 17704 --- [product-service] [kafka-producer-network-thread | producer-1] c.e.p.kafka.KafkaEventPublisher          : Event published → topic: product.created | key: 66d1e4aa-dbdf-454d-b931-e7e642a3a369 | offset: 20
2026-03-16T00:19:48.097+05:30 DEBUG 17704 --- [product-service] [http-nio-8082-exec-9] org.hibernate.SQL                        : 
    insert 
    into
        product_images
        (alt_text, display_order, image_url, is_primary, product_id, id) 
    values
        (?, ?, ?, ?, ?, ?)
2026-03-16T00:19:48.098+05:30 DEBUG 17704 --- [product-service] [http-nio-8082-exec-9] org.hibernate.SQL                        : 
    insert 
    into
        inventories
        (last_updated, low_stock_threshold, product_id, quantity, reserved_quantity, warehouse_location, id) 
    values
        (?, ?, ?, ?, ?, ?, ?)
2026-03-16T00:19:48.099+05:30 DEBUG 17704 --- [product-service] [http-nio-8082-exec-9] org.hibernate.SQL                        : 
    insert 
    into
        stock_movements
        (created_at, movement_type, product_id, quantity, reason, reference_id, id) 
    values
        (?, ?, ?, ?, ?, ?, ?)
2026-03-16T00:19:48.100+05:30 DEBUG 17704 --- [product-service] [http-nio-8082-exec-9] org.hibernate.SQL                        : 
    select
        p1_0.id 
    from
        products p1_0 
    where
        p1_0.sku=? 
    limit
        ?
2026-03-16T00:19:48.102+05:30  INFO 17704 --- [product-service] [http-nio-8082-exec-9] c.e.p.service.ProductServiceImpl         : Product created successfully: TOY-WOOD-BLK-001 | id: 379d6f96-b682-4728-a76d-c541ac481f67
2026-03-16T00:19:48.103+05:30  INFO 17704 --- [product-service] [http-nio-8082-exec-9] c.e.p.service.ProductServiceImpl         : Bulk create success: TOY-WOOD-BLK-001
2026-03-16T00:19:48.103+05:30  INFO 17704 --- [product-service] [http-nio-8082-exec-9] c.e.p.service.ProductServiceImpl         : Creating product with SKU: HOME-CNDL-LAV-001
2026-03-16T00:19:48.106+05:30  INFO 17704 --- [product-service] [kafka-producer-network-thread | producer-1] c.e.p.kafka.KafkaEventPublisher          : Event published → topic: product.created | key: 379d6f96-b682-4728-a76d-c541ac481f67 | offset: 17
2026-03-16T00:19:48.108+05:30 DEBUG 17704 --- [product-service] [http-nio-8082-exec-9] org.hibernate.SQL                        : 
    insert 
    into
        products
        (attributes, average_rating, brand_name, category_id, compare_at_price, cost_price, created_at, description, name, price, review_count, short_description, sku, sold_count, status, tags, updated_at, version, view_count, weight, id) 
    values
        (?, ?, ?, ?, ?, ?, ?, ?, ?, ?, ?, ?, ?, ?, ?, ?, ?, ?, ?, ?, ?)
2026-03-16T00:19:48.111+05:30 DEBUG 17704 --- [product-service] [http-nio-8082-exec-9] org.hibernate.SQL                        : 
    insert 
    into
        product_images
        (alt_text, display_order, image_url, is_primary, product_id, id) 
    values
        (?, ?, ?, ?, ?, ?)
2026-03-16T00:19:48.112+05:30 DEBUG 17704 --- [product-service] [http-nio-8082-exec-9] org.hibernate.SQL                        : 
    insert 
    into
        inventories
        (last_updated, low_stock_threshold, product_id, quantity, reserved_quantity, warehouse_location, id) 
    values
        (?, ?, ?, ?, ?, ?, ?)
2026-03-16T00:19:48.113+05:30 DEBUG 17704 --- [product-service] [http-nio-8082-exec-9] org.hibernate.SQL                        : 
    insert 
    into
        stock_movements
        (created_at, movement_type, product_id, quantity, reason, reference_id, id) 
    values
        (?, ?, ?, ?, ?, ?, ?)
2026-03-16T00:19:48.114+05:30 DEBUG 17704 --- [product-service] [http-nio-8082-exec-9] org.hibernate.SQL                        : 
    select
        p1_0.id 
    from
        products p1_0 
    where
        p1_0.sku=? 
    limit
        ?
2026-03-16T00:19:48.115+05:30 DEBUG 17704 --- [product-service] [http-nio-8082-exec-9] org.hibernate.SQL                        : 
    select
        c1_0.id,
        c1_0.created_at,
        c1_0.description,
        c1_0.display_order,
        c1_0.image_url,
        c1_0.is_active,
        c1_0.name,
        c1_0.parent_id,
        c1_0.slug 
    from
        categories c1_0 
    where
        c1_0.id=?
2026-03-16T00:19:48.118+05:30  INFO 17704 --- [product-service] [http-nio-8082-exec-9] c.e.p.service.ProductServiceImpl         : Product created successfully: HOME-CNDL-LAV-001 | id: 4b2d3ab0-c3eb-4f21-87c6-645723ab2acb
2026-03-16T00:19:48.118+05:30  INFO 17704 --- [product-service] [http-nio-8082-exec-9] c.e.p.service.ProductServiceImpl         : Bulk create success: HOME-CNDL-LAV-001
2026-03-16T00:19:48.118+05:30  INFO 17704 --- [product-service] [http-nio-8082-exec-9] c.e.p.service.ProductServiceImpl         : Creating product with SKU: HOME-MCRA-BHO-001
2026-03-16T00:19:48.120+05:30  INFO 17704 --- [product-service] [kafka-producer-network-thread | producer-1] c.e.p.kafka.KafkaEventPublisher          : Event published → topic: product.created | key: 4b2d3ab0-c3eb-4f21-87c6-645723ab2acb | offset: 21
2026-03-16T00:19:48.123+05:30 DEBUG 17704 --- [product-service] [http-nio-8082-exec-9] org.hibernate.SQL                        : 
    insert 
    into
        products
        (attributes, average_rating, brand_name, category_id, compare_at_price, cost_price, created_at, description, name, price, review_count, short_description, sku, sold_count, status, tags, updated_at, version, view_count, weight, id) 
    values
        (?, ?, ?, ?, ?, ?, ?, ?, ?, ?, ?, ?, ?, ?, ?, ?, ?, ?, ?, ?, ?)
2026-03-16T00:19:48.127+05:30 DEBUG 17704 --- [product-service] [http-nio-8082-exec-9] org.hibernate.SQL                        : 
    insert 
    into
        product_images
        (alt_text, display_order, image_url, is_primary, product_id, id) 
    values
        (?, ?, ?, ?, ?, ?)
2026-03-16T00:19:48.129+05:30 DEBUG 17704 --- [product-service] [http-nio-8082-exec-9] org.hibernate.SQL                        : 
    insert 
    into
        inventories
        (last_updated, low_stock_threshold, product_id, quantity, reserved_quantity, warehouse_location, id) 
    values
        (?, ?, ?, ?, ?, ?, ?)
2026-03-16T00:19:48.130+05:30 DEBUG 17704 --- [product-service] [http-nio-8082-exec-9] org.hibernate.SQL                        : 
    insert 
    into
        stock_movements
        (created_at, movement_type, product_id, quantity, reason, reference_id, id) 
    values
        (?, ?, ?, ?, ?, ?, ?)
2026-03-16T00:19:48.131+05:30 DEBUG 17704 --- [product-service] [http-nio-8082-exec-9] org.hibernate.SQL                        : 
    select
        p1_0.id 
    from
        products p1_0 
    where
        p1_0.sku=? 
    limit
        ?
2026-03-16T00:19:48.133+05:30  INFO 17704 --- [product-service] [http-nio-8082-exec-9] c.e.p.service.ProductServiceImpl         : Product created successfully: HOME-MCRA-BHO-001 | id: 10aff472-1dcc-406d-9a53-a7dc5bd3ad2e
2026-03-16T00:19:48.133+05:30  INFO 17704 --- [product-service] [http-nio-8082-exec-9] c.e.p.service.ProductServiceImpl         : Bulk create success: HOME-MCRA-BHO-001
2026-03-16T00:19:48.133+05:30  INFO 17704 --- [product-service] [http-nio-8082-exec-9] c.e.p.service.ProductServiceImpl         : Creating product with SKU: HOME-ORG-BMB-001
2026-03-16T00:19:48.135+05:30  INFO 17704 --- [product-service] [kafka-producer-network-thread | producer-1] c.e.p.kafka.KafkaEventPublisher          : Event published → topic: product.created | key: 10aff472-1dcc-406d-9a53-a7dc5bd3ad2e | offset: 16
2026-03-16T00:19:48.136+05:30 DEBUG 17704 --- [product-service] [http-nio-8082-exec-9] org.hibernate.SQL                        : 
    insert 
    into
        products
        (attributes, average_rating, brand_name, category_id, compare_at_price, cost_price, created_at, description, name, price, review_count, short_description, sku, sold_count, status, tags, updated_at, version, view_count, weight, id) 
    values
        (?, ?, ?, ?, ?, ?, ?, ?, ?, ?, ?, ?, ?, ?, ?, ?, ?, ?, ?, ?, ?)
2026-03-16T00:19:48.139+05:30 DEBUG 17704 --- [product-service] [http-nio-8082-exec-9] org.hibernate.SQL                        : 
    insert 
    into
        product_images
        (alt_text, display_order, image_url, is_primary, product_id, id) 
    values
        (?, ?, ?, ?, ?, ?)
2026-03-16T00:19:48.142+05:30 DEBUG 17704 --- [product-service] [http-nio-8082-exec-9] org.hibernate.SQL                        : 
    insert 
    into
        inventories
        (last_updated, low_stock_threshold, product_id, quantity, reserved_quantity, warehouse_location, id) 
    values
        (?, ?, ?, ?, ?, ?, ?)
2026-03-16T00:19:48.144+05:30 DEBUG 17704 --- [product-service] [http-nio-8082-exec-9] org.hibernate.SQL                        : 
    insert 
    into
        stock_movements
        (created_at, movement_type, product_id, quantity, reason, reference_id, id) 
    values
        (?, ?, ?, ?, ?, ?, ?)
2026-03-16T00:19:48.146+05:30 DEBUG 17704 --- [product-service] [http-nio-8082-exec-9] org.hibernate.SQL                        : 
    select
        p1_0.id 
    from
        products p1_0 
    where
        p1_0.sku=? 
    limit
        ?
2026-03-16T00:19:48.150+05:30  INFO 17704 --- [product-service] [http-nio-8082-exec-9] c.e.p.service.ProductServiceImpl         : Product created successfully: HOME-ORG-BMB-001 | id: 92ffd11e-e32a-4e98-86ce-6989963b3622
2026-03-16T00:19:48.151+05:30  INFO 17704 --- [product-service] [http-nio-8082-exec-9] c.e.p.service.ProductServiceImpl         : Bulk create success: HOME-ORG-BMB-001
2026-03-16T00:19:48.151+05:30  INFO 17704 --- [product-service] [http-nio-8082-exec-9] c.e.p.service.ProductServiceImpl         : Creating product with SKU: HOME-KTL-ELC-001
2026-03-16T00:19:48.153+05:30  INFO 17704 --- [product-service] [kafka-producer-network-thread | producer-1] c.e.p.kafka.KafkaEventPublisher          : Event published → topic: product.created | key: 92ffd11e-e32a-4e98-86ce-6989963b3622 | offset: 22
2026-03-16T00:19:48.154+05:30 DEBUG 17704 --- [product-service] [http-nio-8082-exec-9] org.hibernate.SQL                        : 
    insert 
    into
        products
        (attributes, average_rating, brand_name, category_id, compare_at_price, cost_price, created_at, description, name, price, review_count, short_description, sku, sold_count, status, tags, updated_at, version, view_count, weight, id) 
    values
        (?, ?, ?, ?, ?, ?, ?, ?, ?, ?, ?, ?, ?, ?, ?, ?, ?, ?, ?, ?, ?)
2026-03-16T00:19:48.159+05:30 DEBUG 17704 --- [product-service] [http-nio-8082-exec-9] org.hibernate.SQL                        : 
    insert 
    into
        product_images
        (alt_text, display_order, image_url, is_primary, product_id, id) 
    values
        (?, ?, ?, ?, ?, ?)
2026-03-16T00:19:48.161+05:30 DEBUG 17704 --- [product-service] [http-nio-8082-exec-9] org.hibernate.SQL                        : 
    insert 
    into
        inventories
        (last_updated, low_stock_threshold, product_id, quantity, reserved_quantity, warehouse_location, id) 
    values
        (?, ?, ?, ?, ?, ?, ?)
2026-03-16T00:19:48.162+05:30 DEBUG 17704 --- [product-service] [http-nio-8082-exec-9] org.hibernate.SQL                        : 
    insert 
    into
        stock_movements
        (created_at, movement_type, product_id, quantity, reason, reference_id, id) 
    values
        (?, ?, ?, ?, ?, ?, ?)
2026-03-16T00:19:48.163+05:30 DEBUG 17704 --- [product-service] [http-nio-8082-exec-9] org.hibernate.SQL                        : 
    select
        p1_0.id 
    from
        products p1_0 
    where
        p1_0.sku=? 
    limit
        ?
2026-03-16T00:19:48.165+05:30  INFO 17704 --- [product-service] [http-nio-8082-exec-9] c.e.p.service.ProductServiceImpl         : Product created successfully: HOME-KTL-ELC-001 | id: 8805b9fc-65c9-4672-b4b6-f1e975ab5f9f
2026-03-16T00:19:48.165+05:30  INFO 17704 --- [product-service] [http-nio-8082-exec-9] c.e.p.service.ProductServiceImpl         : Bulk create success: HOME-KTL-ELC-001
2026-03-16T00:19:48.165+05:30  INFO 17704 --- [product-service] [http-nio-8082-exec-9] c.e.p.service.ProductServiceImpl         : Creating product with SKU: HOME-MUG-CRM-001
2026-03-16T00:19:48.168+05:30  INFO 17704 --- [product-service] [kafka-producer-network-thread | producer-1] c.e.p.kafka.KafkaEventPublisher          : Event published → topic: product.created | key: 8805b9fc-65c9-4672-b4b6-f1e975ab5f9f | offset: 17
2026-03-16T00:19:48.171+05:30 DEBUG 17704 --- [product-service] [http-nio-8082-exec-9] org.hibernate.SQL                        : 
    insert 
    into
        products
        (attributes, average_rating, brand_name, category_id, compare_at_price, cost_price, created_at, description, name, price, review_count, short_description, sku, sold_count, status, tags, updated_at, version, view_count, weight, id) 
    values
        (?, ?, ?, ?, ?, ?, ?, ?, ?, ?, ?, ?, ?, ?, ?, ?, ?, ?, ?, ?, ?)
2026-03-16T00:19:48.174+05:30 DEBUG 17704 --- [product-service] [http-nio-8082-exec-9] org.hibernate.SQL                        : 
    insert 
    into
        product_images
        (alt_text, display_order, image_url, is_primary, product_id, id) 
    values
        (?, ?, ?, ?, ?, ?)
2026-03-16T00:19:48.177+05:30 DEBUG 17704 --- [product-service] [http-nio-8082-exec-9] org.hibernate.SQL                        : 
    insert 
    into
        inventories
        (last_updated, low_stock_threshold, product_id, quantity, reserved_quantity, warehouse_location, id) 
    values
        (?, ?, ?, ?, ?, ?, ?)
2026-03-16T00:19:48.178+05:30 DEBUG 17704 --- [product-service] [http-nio-8082-exec-9] org.hibernate.SQL                        : 
    insert 
    into
        stock_movements
        (created_at, movement_type, product_id, quantity, reason, reference_id, id) 
    values
        (?, ?, ?, ?, ?, ?, ?)
2026-03-16T00:19:48.179+05:30 DEBUG 17704 --- [product-service] [http-nio-8082-exec-9] org.hibernate.SQL                        : 
    select
        p1_0.id 
    from
        products p1_0 
    where
        p1_0.sku=? 
    limit
        ?
2026-03-16T00:19:48.180+05:30  INFO 17704 --- [product-service] [http-nio-8082-exec-9] c.e.p.service.ProductServiceImpl         : Product created successfully: HOME-MUG-CRM-001 | id: d4e5a702-5f8d-48a2-a85a-ed8e35564003
2026-03-16T00:19:48.181+05:30  INFO 17704 --- [product-service] [http-nio-8082-exec-9] c.e.p.service.ProductServiceImpl         : Bulk create success: HOME-MUG-CRM-001
2026-03-16T00:19:48.181+05:30  INFO 17704 --- [product-service] [http-nio-8082-exec-9] c.e.p.service.ProductServiceImpl         : Creating product with SKU: PHN-GPXL8P-128
2026-03-16T00:19:48.183+05:30  INFO 17704 --- [product-service] [kafka-producer-network-thread | producer-1] c.e.p.kafka.KafkaEventPublisher          : Event published → topic: product.created | key: d4e5a702-5f8d-48a2-a85a-ed8e35564003 | offset: 18
2026-03-16T00:19:48.183+05:30 DEBUG 17704 --- [product-service] [http-nio-8082-exec-9] org.hibernate.SQL                        : 
    insert 
    into
        products
        (attributes, average_rating, brand_name, category_id, compare_at_price, cost_price, created_at, description, name, price, review_count, short_description, sku, sold_count, status, tags, updated_at, version, view_count, weight, id) 
    values
        (?, ?, ?, ?, ?, ?, ?, ?, ?, ?, ?, ?, ?, ?, ?, ?, ?, ?, ?, ?, ?)
2026-03-16T00:19:48.185+05:30 DEBUG 17704 --- [product-service] [http-nio-8082-exec-9] org.hibernate.SQL                        : 
    insert 
    into
        product_images
        (alt_text, display_order, image_url, is_primary, product_id, id) 
    values
        (?, ?, ?, ?, ?, ?)
2026-03-16T00:19:48.186+05:30 DEBUG 17704 --- [product-service] [http-nio-8082-exec-9] org.hibernate.SQL                        : 
    insert 
    into
        inventories
        (last_updated, low_stock_threshold, product_id, quantity, reserved_quantity, warehouse_location, id) 
    values
        (?, ?, ?, ?, ?, ?, ?)
2026-03-16T00:19:48.188+05:30 DEBUG 17704 --- [product-service] [http-nio-8082-exec-9] org.hibernate.SQL                        : 
    insert 
    into
        stock_movements
        (created_at, movement_type, product_id, quantity, reason, reference_id, id) 
    values
        (?, ?, ?, ?, ?, ?, ?)
2026-03-16T00:19:48.191+05:30 DEBUG 17704 --- [product-service] [http-nio-8082-exec-9] org.hibernate.SQL                        : 
    select
        p1_0.id 
    from
        products p1_0 
    where
        p1_0.sku=? 
    limit
        ?
2026-03-16T00:19:48.194+05:30 DEBUG 17704 --- [product-service] [http-nio-8082-exec-9] org.hibernate.SQL                        : 
    select
        c1_0.id,
        c1_0.created_at,
        c1_0.description,
        c1_0.display_order,
        c1_0.image_url,
        c1_0.is_active,
        c1_0.name,
        c1_0.parent_id,
        c1_0.slug 
    from
        categories c1_0 
    where
        c1_0.id=?
2026-03-16T00:19:48.198+05:30  INFO 17704 --- [product-service] [http-nio-8082-exec-9] c.e.p.service.ProductServiceImpl         : Product created successfully: PHN-GPXL8P-128 | id: 61299103-237b-4930-a96a-585772aa41c9
2026-03-16T00:19:48.198+05:30  INFO 17704 --- [product-service] [http-nio-8082-exec-9] c.e.p.service.ProductServiceImpl         : Bulk create success: PHN-GPXL8P-128
2026-03-16T00:19:48.198+05:30  INFO 17704 --- [product-service] [http-nio-8082-exec-9] c.e.p.service.ProductServiceImpl         : Creating product with SKU: PHN-NTH2-256
2026-03-16T00:19:48.201+05:30  INFO 17704 --- [product-service] [kafka-producer-network-thread | producer-1] c.e.p.kafka.KafkaEventPublisher          : Event published → topic: product.created | key: 61299103-237b-4930-a96a-585772aa41c9 | offset: 18
2026-03-16T00:19:48.202+05:30 DEBUG 17704 --- [product-service] [http-nio-8082-exec-9] org.hibernate.SQL                        : 
    insert 
    into
        products
        (attributes, average_rating, brand_name, category_id, compare_at_price, cost_price, created_at, description, name, price, review_count, short_description, sku, sold_count, status, tags, updated_at, version, view_count, weight, id) 
    values
        (?, ?, ?, ?, ?, ?, ?, ?, ?, ?, ?, ?, ?, ?, ?, ?, ?, ?, ?, ?, ?)
2026-03-16T00:19:48.204+05:30 DEBUG 17704 --- [product-service] [http-nio-8082-exec-9] org.hibernate.SQL                        : 
    insert 
    into
        product_images
        (alt_text, display_order, image_url, is_primary, product_id, id) 
    values
        (?, ?, ?, ?, ?, ?)
2026-03-16T00:19:48.206+05:30 DEBUG 17704 --- [product-service] [http-nio-8082-exec-9] org.hibernate.SQL                        : 
    insert 
    into
        inventories
        (last_updated, low_stock_threshold, product_id, quantity, reserved_quantity, warehouse_location, id) 
    values
        (?, ?, ?, ?, ?, ?, ?)
2026-03-16T00:19:48.208+05:30 DEBUG 17704 --- [product-service] [http-nio-8082-exec-9] org.hibernate.SQL                        : 
    insert 
    into
        stock_movements
        (created_at, movement_type, product_id, quantity, reason, reference_id, id) 
    values
        (?, ?, ?, ?, ?, ?, ?)
2026-03-16T00:19:48.210+05:30 DEBUG 17704 --- [product-service] [http-nio-8082-exec-9] org.hibernate.SQL                        : 
    select
        p1_0.id 
    from
        products p1_0 
    where
        p1_0.sku=? 
    limit
        ?
2026-03-16T00:19:48.213+05:30  INFO 17704 --- [product-service] [http-nio-8082-exec-9] c.e.p.service.ProductServiceImpl         : Product created successfully: PHN-NTH2-256 | id: 0af0522e-7875-42c8-9402-f36d4c054509
2026-03-16T00:19:48.214+05:30  INFO 17704 --- [product-service] [http-nio-8082-exec-9] c.e.p.service.ProductServiceImpl         : Bulk create success: PHN-NTH2-256
2026-03-16T00:19:48.214+05:30  INFO 17704 --- [product-service] [http-nio-8082-exec-9] c.e.p.service.ProductServiceImpl         : Creating product with SKU: PHN-SMS-ZF5-256
2026-03-16T00:19:48.217+05:30  INFO 17704 --- [product-service] [kafka-producer-network-thread | producer-1] c.e.p.kafka.KafkaEventPublisher          : Event published → topic: product.created | key: 0af0522e-7875-42c8-9402-f36d4c054509 | offset: 19
2026-03-16T00:19:48.219+05:30 DEBUG 17704 --- [product-service] [http-nio-8082-exec-9] org.hibernate.SQL                        : 
    insert 
    into
        products
        (attributes, average_rating, brand_name, category_id, compare_at_price, cost_price, created_at, description, name, price, review_count, short_description, sku, sold_count, status, tags, updated_at, version, view_count, weight, id) 
    values
        (?, ?, ?, ?, ?, ?, ?, ?, ?, ?, ?, ?, ?, ?, ?, ?, ?, ?, ?, ?, ?)
2026-03-16T00:19:48.221+05:30 DEBUG 17704 --- [product-service] [http-nio-8082-exec-9] org.hibernate.SQL                        : 
    insert 
    into
        product_images
        (alt_text, display_order, image_url, is_primary, product_id, id) 
    values
        (?, ?, ?, ?, ?, ?)
2026-03-16T00:19:48.222+05:30 DEBUG 17704 --- [product-service] [http-nio-8082-exec-9] org.hibernate.SQL                        : 
    insert 
    into
        inventories
        (last_updated, low_stock_threshold, product_id, quantity, reserved_quantity, warehouse_location, id) 
    values
        (?, ?, ?, ?, ?, ?, ?)
2026-03-16T00:19:48.224+05:30 DEBUG 17704 --- [product-service] [http-nio-8082-exec-9] org.hibernate.SQL                        : 
    insert 
    into
        stock_movements
        (created_at, movement_type, product_id, quantity, reason, reference_id, id) 
    values
        (?, ?, ?, ?, ?, ?, ?)
2026-03-16T00:19:48.227+05:30 DEBUG 17704 --- [product-service] [http-nio-8082-exec-9] org.hibernate.SQL                        : 
    select
        p1_0.id 
    from
        products p1_0 
    where
        p1_0.sku=? 
    limit
        ?
2026-03-16T00:19:48.231+05:30  INFO 17704 --- [product-service] [http-nio-8082-exec-9] c.e.p.service.ProductServiceImpl         : Product created successfully: PHN-SMS-ZF5-256 | id: 7e7f9d3d-8580-4f3f-91b5-07902c04d320
2026-03-16T00:19:48.231+05:30  INFO 17704 --- [product-service] [http-nio-8082-exec-9] c.e.p.service.ProductServiceImpl         : Bulk create success: PHN-SMS-ZF5-256
2026-03-16T00:19:48.231+05:30  INFO 17704 --- [product-service] [http-nio-8082-exec-9] c.e.p.service.ProductServiceImpl         : Creating product with SKU: WTC-GMN-FR255-001
2026-03-16T00:19:48.234+05:30  INFO 17704 --- [product-service] [kafka-producer-network-thread | producer-1] c.e.p.kafka.KafkaEventPublisher          : Event published → topic: product.created | key: 7e7f9d3d-8580-4f3f-91b5-07902c04d320 | offset: 23
2026-03-16T00:19:48.236+05:30 DEBUG 17704 --- [product-service] [http-nio-8082-exec-9] org.hibernate.SQL                        : 
    insert 
    into
        products
        (attributes, average_rating, brand_name, category_id, compare_at_price, cost_price, created_at, description, name, price, review_count, short_description, sku, sold_count, status, tags, updated_at, version, view_count, weight, id) 
    values
        (?, ?, ?, ?, ?, ?, ?, ?, ?, ?, ?, ?, ?, ?, ?, ?, ?, ?, ?, ?, ?)
2026-03-16T00:19:48.237+05:30 DEBUG 17704 --- [product-service] [http-nio-8082-exec-9] org.hibernate.SQL                        : 
    insert 
    into
        product_images
        (alt_text, display_order, image_url, is_primary, product_id, id) 
    values
        (?, ?, ?, ?, ?, ?)
2026-03-16T00:19:48.240+05:30 DEBUG 17704 --- [product-service] [http-nio-8082-exec-9] org.hibernate.SQL                        : 
    insert 
    into
        inventories
        (last_updated, low_stock_threshold, product_id, quantity, reserved_quantity, warehouse_location, id) 
    values
        (?, ?, ?, ?, ?, ?, ?)
2026-03-16T00:19:48.243+05:30 DEBUG 17704 --- [product-service] [http-nio-8082-exec-9] org.hibernate.SQL                        : 
    insert 
    into
        stock_movements
        (created_at, movement_type, product_id, quantity, reason, reference_id, id) 
    values
        (?, ?, ?, ?, ?, ?, ?)
2026-03-16T00:19:48.246+05:30 DEBUG 17704 --- [product-service] [http-nio-8082-exec-9] org.hibernate.SQL                        : 
    select
        p1_0.id 
    from
        products p1_0 
    where
        p1_0.sku=? 
    limit
        ?
2026-03-16T00:19:48.249+05:30 DEBUG 17704 --- [product-service] [http-nio-8082-exec-9] org.hibernate.SQL                        : 
    select
        c1_0.id,
        c1_0.created_at,
        c1_0.description,
        c1_0.display_order,
        c1_0.image_url,
        c1_0.is_active,
        c1_0.name,
        c1_0.parent_id,
        c1_0.slug 
    from
        categories c1_0 
    where
        c1_0.id=?
2026-03-16T00:19:48.254+05:30  INFO 17704 --- [product-service] [http-nio-8082-exec-9] c.e.p.service.ProductServiceImpl         : Product created successfully: WTC-GMN-FR255-001 | id: c33cee66-2e2e-4730-b240-618721c0f13e
2026-03-16T00:19:48.254+05:30  INFO 17704 --- [product-service] [http-nio-8082-exec-9] c.e.p.service.ProductServiceImpl         : Bulk create success: WTC-GMN-FR255-001
2026-03-16T00:19:48.254+05:30  INFO 17704 --- [product-service] [http-nio-8082-exec-9] c.e.p.service.ProductServiceImpl         : Creating product with SKU: WTC-TTN-KRS-001
2026-03-16T00:19:48.259+05:30  INFO 17704 --- [product-service] [kafka-producer-network-thread | producer-1] c.e.p.kafka.KafkaEventPublisher          : Event published → topic: product.created | key: c33cee66-2e2e-4730-b240-618721c0f13e | offset: 20
2026-03-16T00:19:48.260+05:30 DEBUG 17704 --- [product-service] [http-nio-8082-exec-9] org.hibernate.SQL                        : 
    insert 
    into
        products
        (attributes, average_rating, brand_name, category_id, compare_at_price, cost_price, created_at, description, name, price, review_count, short_description, sku, sold_count, status, tags, updated_at, version, view_count, weight, id) 
    values
        (?, ?, ?, ?, ?, ?, ?, ?, ?, ?, ?, ?, ?, ?, ?, ?, ?, ?, ?, ?, ?)
2026-03-16T00:19:48.266+05:30 DEBUG 17704 --- [product-service] [http-nio-8082-exec-9] org.hibernate.SQL                        : 
    insert 
    into
        product_images
        (alt_text, display_order, image_url, is_primary, product_id, id) 
    values
        (?, ?, ?, ?, ?, ?)
2026-03-16T00:19:48.268+05:30 DEBUG 17704 --- [product-service] [http-nio-8082-exec-9] org.hibernate.SQL                        : 
    insert 
    into
        inventories
        (last_updated, low_stock_threshold, product_id, quantity, reserved_quantity, warehouse_location, id) 
    values
        (?, ?, ?, ?, ?, ?, ?)
2026-03-16T00:19:48.270+05:30 DEBUG 17704 --- [product-service] [http-nio-8082-exec-9] org.hibernate.SQL                        : 
    insert 
    into
        stock_movements
        (created_at, movement_type, product_id, quantity, reason, reference_id, id) 
    values
        (?, ?, ?, ?, ?, ?, ?)
2026-03-16T00:19:48.272+05:30 DEBUG 17704 --- [product-service] [http-nio-8082-exec-9] org.hibernate.SQL                        : 
    select
        p1_0.id 
    from
        products p1_0 
    where
        p1_0.sku=? 
    limit
        ?
2026-03-16T00:19:48.276+05:30  INFO 17704 --- [product-service] [http-nio-8082-exec-9] c.e.p.service.ProductServiceImpl         : Product created successfully: WTC-TTN-KRS-001 | id: 30eb21bc-9d1e-4536-a7dd-094958cb39db
2026-03-16T00:19:48.276+05:30  INFO 17704 --- [product-service] [http-nio-8082-exec-9] c.e.p.service.ProductServiceImpl         : Bulk create success: WTC-TTN-KRS-001
2026-03-16T00:19:48.277+05:30  INFO 17704 --- [product-service] [http-nio-8082-exec-9] c.e.p.service.ProductServiceImpl         : Creating product with SKU: WTC-SEK-AUTO-001
2026-03-16T00:19:48.280+05:30  INFO 17704 --- [product-service] [kafka-producer-network-thread | producer-1] c.e.p.kafka.KafkaEventPublisher          : Event published → topic: product.created | key: 30eb21bc-9d1e-4536-a7dd-094958cb39db | offset: 24
2026-03-16T00:19:48.283+05:30 DEBUG 17704 --- [product-service] [http-nio-8082-exec-9] org.hibernate.SQL                        : 
    insert 
    into
        products
        (attributes, average_rating, brand_name, category_id, compare_at_price, cost_price, created_at, description, name, price, review_count, short_description, sku, sold_count, status, tags, updated_at, version, view_count, weight, id) 
    values
        (?, ?, ?, ?, ?, ?, ?, ?, ?, ?, ?, ?, ?, ?, ?, ?, ?, ?, ?, ?, ?)
2026-03-16T00:19:48.287+05:30 DEBUG 17704 --- [product-service] [http-nio-8082-exec-9] org.hibernate.SQL                        : 
    insert 
    into
        product_images
        (alt_text, display_order, image_url, is_primary, product_id, id) 
    values
        (?, ?, ?, ?, ?, ?)
2026-03-16T00:19:48.288+05:30 DEBUG 17704 --- [product-service] [http-nio-8082-exec-9] org.hibernate.SQL                        : 
    insert 
    into
        inventories
        (last_updated, low_stock_threshold, product_id, quantity, reserved_quantity, warehouse_location, id) 
    values
        (?, ?, ?, ?, ?, ?, ?)
2026-03-16T00:19:48.291+05:30 DEBUG 17704 --- [product-service] [http-nio-8082-exec-9] org.hibernate.SQL                        : 
    insert 
    into
        stock_movements
        (created_at, movement_type, product_id, quantity, reason, reference_id, id) 
    values
        (?, ?, ?, ?, ?, ?, ?)
2026-03-16T00:19:48.295+05:30 DEBUG 17704 --- [product-service] [http-nio-8082-exec-9] org.hibernate.SQL                        : 
    select
        p1_0.id 
    from
        products p1_0 
    where
        p1_0.sku=? 
    limit
        ?
2026-03-16T00:19:48.300+05:30  INFO 17704 --- [product-service] [http-nio-8082-exec-9] c.e.p.service.ProductServiceImpl         : Product created successfully: WTC-SEK-AUTO-001 | id: 483a68ed-dcbd-4a92-9802-bee4273d69f2
2026-03-16T00:19:48.301+05:30  INFO 17704 --- [product-service] [http-nio-8082-exec-9] c.e.p.service.ProductServiceImpl         : Bulk create success: WTC-SEK-AUTO-001
2026-03-16T00:19:48.301+05:30  INFO 17704 --- [product-service] [http-nio-8082-exec-9] c.e.p.service.ProductServiceImpl         : Creating product with SKU: WTC-FTB-CH6-001
2026-03-16T00:19:48.304+05:30  INFO 17704 --- [product-service] [kafka-producer-network-thread | producer-1] c.e.p.kafka.KafkaEventPublisher          : Event published → topic: product.created | key: 483a68ed-dcbd-4a92-9802-bee4273d69f2 | offset: 19
2026-03-16T00:19:48.304+05:30 DEBUG 17704 --- [product-service] [http-nio-8082-exec-9] org.hibernate.SQL                        : 
    insert 
    into
        products
        (attributes, average_rating, brand_name, category_id, compare_at_price, cost_price, created_at, description, name, price, review_count, short_description, sku, sold_count, status, tags, updated_at, version, view_count, weight, id) 
    values
        (?, ?, ?, ?, ?, ?, ?, ?, ?, ?, ?, ?, ?, ?, ?, ?, ?, ?, ?, ?, ?)
2026-03-16T00:19:48.311+05:30 DEBUG 17704 --- [product-service] [http-nio-8082-exec-9] org.hibernate.SQL                        : 
    insert 
    into
        product_images
        (alt_text, display_order, image_url, is_primary, product_id, id) 
    values
        (?, ?, ?, ?, ?, ?)
2026-03-16T00:19:48.314+05:30 DEBUG 17704 --- [product-service] [http-nio-8082-exec-9] org.hibernate.SQL                        : 
    insert 
    into
        inventories
        (last_updated, low_stock_threshold, product_id, quantity, reserved_quantity, warehouse_location, id) 
    values
        (?, ?, ?, ?, ?, ?, ?)
2026-03-16T00:19:48.317+05:30 DEBUG 17704 --- [product-service] [http-nio-8082-exec-9] org.hibernate.SQL                        : 
    insert 
    into
        stock_movements
        (created_at, movement_type, product_id, quantity, reason, reference_id, id) 
    values
        (?, ?, ?, ?, ?, ?, ?)
2026-03-16T00:19:48.320+05:30 DEBUG 17704 --- [product-service] [http-nio-8082-exec-9] org.hibernate.SQL                        : 
    select
        p1_0.id 
    from
        products p1_0 
    where
        p1_0.sku=? 
    limit
        ?
2026-03-16T00:19:48.324+05:30  INFO 17704 --- [product-service] [http-nio-8082-exec-9] c.e.p.service.ProductServiceImpl         : Product created successfully: WTC-FTB-CH6-001 | id: 67bd20ab-bfa8-4e3a-b962-938fafb8dbca
2026-03-16T00:19:48.325+05:30  INFO 17704 --- [product-service] [http-nio-8082-exec-9] c.e.p.service.ProductServiceImpl         : Bulk create success: WTC-FTB-CH6-001
2026-03-16T00:19:48.325+05:30  INFO 17704 --- [product-service] [http-nio-8082-exec-9] c.e.p.service.ProductServiceImpl         : Creating product with SKU: GAD-DELL-I15-512
2026-03-16T00:19:48.328+05:30  INFO 17704 --- [product-service] [kafka-producer-network-thread | producer-1] c.e.p.kafka.KafkaEventPublisher          : Event published → topic: product.created | key: 67bd20ab-bfa8-4e3a-b962-938fafb8dbca | offset: 21
2026-03-16T00:19:48.330+05:30 DEBUG 17704 --- [product-service] [http-nio-8082-exec-9] org.hibernate.SQL                        : 
    insert 
    into
        products
        (attributes, average_rating, brand_name, category_id, compare_at_price, cost_price, created_at, description, name, price, review_count, short_description, sku, sold_count, status, tags, updated_at, version, view_count, weight, id) 
    values
        (?, ?, ?, ?, ?, ?, ?, ?, ?, ?, ?, ?, ?, ?, ?, ?, ?, ?, ?, ?, ?)
2026-03-16T00:19:48.336+05:30 DEBUG 17704 --- [product-service] [http-nio-8082-exec-9] org.hibernate.SQL                        : 
    insert 
    into
        product_images
        (alt_text, display_order, image_url, is_primary, product_id, id) 
    values
        (?, ?, ?, ?, ?, ?)
2026-03-16T00:19:48.337+05:30 DEBUG 17704 --- [product-service] [http-nio-8082-exec-9] org.hibernate.SQL                        : 
    insert 
    into
        inventories
        (last_updated, low_stock_threshold, product_id, quantity, reserved_quantity, warehouse_location, id) 
    values
        (?, ?, ?, ?, ?, ?, ?)
2026-03-16T00:19:48.339+05:30 DEBUG 17704 --- [product-service] [http-nio-8082-exec-9] org.hibernate.SQL                        : 
    insert 
    into
        stock_movements
        (created_at, movement_type, product_id, quantity, reason, reference_id, id) 
    values
        (?, ?, ?, ?, ?, ?, ?)
2026-03-16T00:19:48.341+05:30 DEBUG 17704 --- [product-service] [http-nio-8082-exec-9] org.hibernate.SQL                        : 
    select
        p1_0.id 
    from
        products p1_0 
    where
        p1_0.sku=? 
    limit
        ?
2026-03-16T00:19:48.342+05:30 DEBUG 17704 --- [product-service] [http-nio-8082-exec-9] org.hibernate.SQL                        : 
    select
        c1_0.id,
        c1_0.created_at,
        c1_0.description,
        c1_0.display_order,
        c1_0.image_url,
        c1_0.is_active,
        c1_0.name,
        c1_0.parent_id,
        c1_0.slug 
    from
        categories c1_0 
    where
        c1_0.id=?
2026-03-16T00:19:48.346+05:30  INFO 17704 --- [product-service] [http-nio-8082-exec-9] c.e.p.service.ProductServiceImpl         : Product created successfully: GAD-DELL-I15-512 | id: e0af598d-5f4c-4f8d-b656-667e5d79da6c
2026-03-16T00:19:48.346+05:30  INFO 17704 --- [product-service] [http-nio-8082-exec-9] c.e.p.service.ProductServiceImpl         : Bulk create success: GAD-DELL-I15-512
2026-03-16T00:19:48.346+05:30  INFO 17704 --- [product-service] [http-nio-8082-exec-9] c.e.p.service.ProductServiceImpl         : Creating product with SKU: GAD-SMS-TS9FE-128
2026-03-16T00:19:48.349+05:30  INFO 17704 --- [product-service] [kafka-producer-network-thread | producer-1] c.e.p.kafka.KafkaEventPublisher          : Event published → topic: product.created | key: e0af598d-5f4c-4f8d-b656-667e5d79da6c | offset: 25
2026-03-16T00:19:48.351+05:30 DEBUG 17704 --- [product-service] [http-nio-8082-exec-9] org.hibernate.SQL                        : 
    insert 
    into
        products
        (attributes, average_rating, brand_name, category_id, compare_at_price, cost_price, created_at, description, name, price, review_count, short_description, sku, sold_count, status, tags, updated_at, version, view_count, weight, id) 
    values
        (?, ?, ?, ?, ?, ?, ?, ?, ?, ?, ?, ?, ?, ?, ?, ?, ?, ?, ?, ?, ?)
2026-03-16T00:19:48.354+05:30 DEBUG 17704 --- [product-service] [http-nio-8082-exec-9] org.hibernate.SQL                        : 
    insert 
    into
        product_images
        (alt_text, display_order, image_url, is_primary, product_id, id) 
    values
        (?, ?, ?, ?, ?, ?)
2026-03-16T00:19:48.355+05:30 DEBUG 17704 --- [product-service] [http-nio-8082-exec-9] org.hibernate.SQL                        : 
    insert 
    into
        inventories
        (last_updated, low_stock_threshold, product_id, quantity, reserved_quantity, warehouse_location, id) 
    values
        (?, ?, ?, ?, ?, ?, ?)
2026-03-16T00:19:48.359+05:30 DEBUG 17704 --- [product-service] [http-nio-8082-exec-9] org.hibernate.SQL                        : 
    insert 
    into
        stock_movements
        (created_at, movement_type, product_id, quantity, reason, reference_id, id) 
    values
        (?, ?, ?, ?, ?, ?, ?)
2026-03-16T00:19:48.363+05:30 DEBUG 17704 --- [product-service] [http-nio-8082-exec-9] org.hibernate.SQL                        : 
    select
        p1_0.id 
    from
        products p1_0 
    where
        p1_0.sku=? 
    limit
        ?
2026-03-16T00:19:48.368+05:30  INFO 17704 --- [product-service] [http-nio-8082-exec-9] c.e.p.service.ProductServiceImpl         : Product created successfully: GAD-SMS-TS9FE-128 | id: 8ec1a3e1-f2f4-4e9a-a984-af316d28aba2
2026-03-16T00:19:48.368+05:30  INFO 17704 --- [product-service] [http-nio-8082-exec-9] c.e.p.service.ProductServiceImpl         : Bulk create success: GAD-SMS-TS9FE-128
2026-03-16T00:19:48.368+05:30  INFO 17704 --- [product-service] [http-nio-8082-exec-9] c.e.p.service.ProductServiceImpl         : Creating product with SKU: GAD-ANK-65W-001
2026-03-16T00:19:48.370+05:30  INFO 17704 --- [product-service] [kafka-producer-network-thread | producer-1] c.e.p.kafka.KafkaEventPublisher          : Event published → topic: product.created | key: 8ec1a3e1-f2f4-4e9a-a984-af316d28aba2 | offset: 22
2026-03-16T00:19:48.372+05:30 DEBUG 17704 --- [product-service] [http-nio-8082-exec-9] org.hibernate.SQL                        : 
    insert 
    into
        products
        (attributes, average_rating, brand_name, category_id, compare_at_price, cost_price, created_at, description, name, price, review_count, short_description, sku, sold_count, status, tags, updated_at, version, view_count, weight, id) 
    values
        (?, ?, ?, ?, ?, ?, ?, ?, ?, ?, ?, ?, ?, ?, ?, ?, ?, ?, ?, ?, ?)
2026-03-16T00:19:48.377+05:30 DEBUG 17704 --- [product-service] [http-nio-8082-exec-9] org.hibernate.SQL                        : 
    insert 
    into
        product_images
        (alt_text, display_order, image_url, is_primary, product_id, id) 
    values
        (?, ?, ?, ?, ?, ?)
2026-03-16T00:19:48.378+05:30 DEBUG 17704 --- [product-service] [http-nio-8082-exec-9] org.hibernate.SQL                        : 
    insert 
    into
        inventories
        (last_updated, low_stock_threshold, product_id, quantity, reserved_quantity, warehouse_location, id) 
    values
        (?, ?, ?, ?, ?, ?, ?)
2026-03-16T00:19:48.380+05:30 DEBUG 17704 --- [product-service] [http-nio-8082-exec-9] org.hibernate.SQL                        : 
    insert 
    into
        stock_movements
        (created_at, movement_type, product_id, quantity, reason, reference_id, id) 
    values
        (?, ?, ?, ?, ?, ?, ?)
2026-03-16T00:19:48.382+05:30 DEBUG 17704 --- [product-service] [http-nio-8082-exec-9] org.hibernate.SQL                        : 
    select
        p1_0.id 
    from
        products p1_0 
    where
        p1_0.sku=? 
    limit
        ?
2026-03-16T00:19:48.386+05:30  INFO 17704 --- [product-service] [http-nio-8082-exec-9] c.e.p.service.ProductServiceImpl         : Product created successfully: GAD-ANK-65W-001 | id: 372b9977-1a6a-4748-af56-676d01319f48
2026-03-16T00:19:48.386+05:30  INFO 17704 --- [product-service] [http-nio-8082-exec-9] c.e.p.service.ProductServiceImpl         : Bulk create success: GAD-ANK-65W-001
2026-03-16T00:19:48.386+05:30  INFO 17704 --- [product-service] [http-nio-8082-exec-9] c.e.p.service.ProductServiceImpl         : Creating product with SKU: GAD-AMZ-FTVK-001
2026-03-16T00:19:48.389+05:30  INFO 17704 --- [product-service] [kafka-producer-network-thread | producer-1] c.e.p.kafka.KafkaEventPublisher          : Event published → topic: product.created | key: 372b9977-1a6a-4748-af56-676d01319f48 | offset: 26
2026-03-16T00:19:48.391+05:30 DEBUG 17704 --- [product-service] [http-nio-8082-exec-9] org.hibernate.SQL                        : 
    insert 
    into
        products
        (attributes, average_rating, brand_name, category_id, compare_at_price, cost_price, created_at, description, name, price, review_count, short_description, sku, sold_count, status, tags, updated_at, version, view_count, weight, id) 
    values
        (?, ?, ?, ?, ?, ?, ?, ?, ?, ?, ?, ?, ?, ?, ?, ?, ?, ?, ?, ?, ?)
2026-03-16T00:19:48.395+05:30 DEBUG 17704 --- [product-service] [http-nio-8082-exec-9] org.hibernate.SQL                        : 
    insert 
    into
        product_images
        (alt_text, display_order, image_url, is_primary, product_id, id) 
    values
        (?, ?, ?, ?, ?, ?)
2026-03-16T00:19:48.397+05:30 DEBUG 17704 --- [product-service] [http-nio-8082-exec-9] org.hibernate.SQL                        : 
    insert 
    into
        inventories
        (last_updated, low_stock_threshold, product_id, quantity, reserved_quantity, warehouse_location, id) 
    values
        (?, ?, ?, ?, ?, ?, ?)
2026-03-16T00:19:48.400+05:30 DEBUG 17704 --- [product-service] [http-nio-8082-exec-9] org.hibernate.SQL                        : 
    insert 
    into
        stock_movements
        (created_at, movement_type, product_id, quantity, reason, reference_id, id) 
    values
        (?, ?, ?, ?, ?, ?, ?)
2026-03-16T00:19:48.401+05:30 DEBUG 17704 --- [product-service] [http-nio-8082-exec-9] org.hibernate.SQL                        : 
    select
        p1_0.id 
    from
        products p1_0 
    where
        p1_0.sku=? 
    limit
        ?
2026-03-16T00:19:48.404+05:30  INFO 17704 --- [product-service] [http-nio-8082-exec-9] c.e.p.service.ProductServiceImpl         : Product created successfully: GAD-AMZ-FTVK-001 | id: 6e939a8d-200a-4c34-b355-4be7e0576dae
2026-03-16T00:19:48.404+05:30  INFO 17704 --- [product-service] [http-nio-8082-exec-9] c.e.p.service.ProductServiceImpl         : Bulk create success: GAD-AMZ-FTVK-001
2026-03-16T00:19:48.404+05:30  INFO 17704 --- [product-service] [http-nio-8082-exec-9] c.e.p.service.ProductServiceImpl         : Creating product with SKU: GAD-BOT-RK450-001
2026-03-16T00:19:48.408+05:30  INFO 17704 --- [product-service] [kafka-producer-network-thread | producer-1] c.e.p.kafka.KafkaEventPublisher          : Event published → topic: product.created | key: 6e939a8d-200a-4c34-b355-4be7e0576dae | offset: 20
2026-03-16T00:19:48.410+05:30 DEBUG 17704 --- [product-service] [http-nio-8082-exec-9] org.hibernate.SQL                        : 
    insert 
    into
        products
        (attributes, average_rating, brand_name, category_id, compare_at_price, cost_price, created_at, description, name, price, review_count, short_description, sku, sold_count, status, tags, updated_at, version, view_count, weight, id) 
    values
        (?, ?, ?, ?, ?, ?, ?, ?, ?, ?, ?, ?, ?, ?, ?, ?, ?, ?, ?, ?, ?)
2026-03-16T00:19:48.413+05:30 DEBUG 17704 --- [product-service] [http-nio-8082-exec-9] org.hibernate.SQL                        : 
    insert 
    into
        product_images
        (alt_text, display_order, image_url, is_primary, product_id, id) 
    values
        (?, ?, ?, ?, ?, ?)
2026-03-16T00:19:48.416+05:30 DEBUG 17704 --- [product-service] [http-nio-8082-exec-9] org.hibernate.SQL                        : 
    insert 
    into
        inventories
        (last_updated, low_stock_threshold, product_id, quantity, reserved_quantity, warehouse_location, id) 
    values
        (?, ?, ?, ?, ?, ?, ?)
2026-03-16T00:19:48.417+05:30 DEBUG 17704 --- [product-service] [http-nio-8082-exec-9] org.hibernate.SQL                        : 
    insert 
    into
        stock_movements
        (created_at, movement_type, product_id, quantity, reason, reference_id, id) 
    values
        (?, ?, ?, ?, ?, ?, ?)
2026-03-16T00:19:48.418+05:30 DEBUG 17704 --- [product-service] [http-nio-8082-exec-9] org.hibernate.SQL                        : 
    select
        p1_0.id 
    from
        products p1_0 
    where
        p1_0.sku=? 
    limit
        ?
2026-03-16T00:19:48.421+05:30  INFO 17704 --- [product-service] [http-nio-8082-exec-9] c.e.p.service.ProductServiceImpl         : Product created successfully: GAD-BOT-RK450-001 | id: 619d6159-e3ec-45b0-a369-8cf9927b4f3e
2026-03-16T00:19:48.422+05:30  INFO 17704 --- [product-service] [http-nio-8082-exec-9] c.e.p.service.ProductServiceImpl         : Bulk create success: GAD-BOT-RK450-001
2026-03-16T00:19:48.422+05:30  INFO 17704 --- [product-service] [http-nio-8082-exec-9] c.e.p.service.ProductServiceImpl         : Creating product with SKU: GAD-LNV-IPS3-512
2026-03-16T00:19:48.426+05:30  INFO 17704 --- [product-service] [kafka-producer-network-thread | producer-1] c.e.p.kafka.KafkaEventPublisher          : Event published → topic: product.created | key: 619d6159-e3ec-45b0-a369-8cf9927b4f3e | offset: 21
2026-03-16T00:19:48.429+05:30 DEBUG 17704 --- [product-service] [http-nio-8082-exec-9] org.hibernate.SQL                        : 
    insert 
    into
        products
        (attributes, average_rating, brand_name, category_id, compare_at_price, cost_price, created_at, description, name, price, review_count, short_description, sku, sold_count, status, tags, updated_at, version, view_count, weight, id) 
    values
        (?, ?, ?, ?, ?, ?, ?, ?, ?, ?, ?, ?, ?, ?, ?, ?, ?, ?, ?, ?, ?)
2026-03-16T00:19:48.433+05:30 DEBUG 17704 --- [product-service] [http-nio-8082-exec-9] org.hibernate.SQL                        : 
    insert 
    into
        product_images
        (alt_text, display_order, image_url, is_primary, product_id, id) 
    values
        (?, ?, ?, ?, ?, ?)
2026-03-16T00:19:48.434+05:30 DEBUG 17704 --- [product-service] [http-nio-8082-exec-9] org.hibernate.SQL                        : 
    insert 
    into
        inventories
        (last_updated, low_stock_threshold, product_id, quantity, reserved_quantity, warehouse_location, id) 
    values
        (?, ?, ?, ?, ?, ?, ?)
2026-03-16T00:19:48.435+05:30 DEBUG 17704 --- [product-service] [http-nio-8082-exec-9] org.hibernate.SQL                        : 
    insert 
    into
        stock_movements
        (created_at, movement_type, product_id, quantity, reason, reference_id, id) 
    values
        (?, ?, ?, ?, ?, ?, ?)
2026-03-16T00:19:48.437+05:30 DEBUG 17704 --- [product-service] [http-nio-8082-exec-9] org.hibernate.SQL                        : 
    select
        p1_0.id 
    from
        products p1_0 
    where
        p1_0.sku=? 
    limit
        ?
2026-03-16T00:19:48.440+05:30  INFO 17704 --- [product-service] [http-nio-8082-exec-9] c.e.p.service.ProductServiceImpl         : Product created successfully: GAD-LNV-IPS3-512 | id: 664e2440-4adf-4b37-8a0a-c7e7d1910634
2026-03-16T00:19:48.441+05:30  INFO 17704 --- [product-service] [http-nio-8082-exec-9] c.e.p.service.ProductServiceImpl         : Bulk create success: GAD-LNV-IPS3-512
2026-03-16T00:19:48.441+05:30  INFO 17704 --- [product-service] [http-nio-8082-exec-9] c.e.p.service.ProductServiceImpl         : Bulk create complete — success: 34 | failed: 0
2026-03-16T00:19:48.445+05:30 DEBUG 17704 --- [product-service] [http-nio-8082-exec-9] org.hibernate.SQL                        : 
    insert 
    into
        products
        (attributes, average_rating, brand_name, category_id, compare_at_price, cost_price, created_at, description, name, price, review_count, short_description, sku, sold_count, status, tags, updated_at, version, view_count, weight, id) 
    values
        (?, ?, ?, ?, ?, ?, ?, ?, ?, ?, ?, ?, ?, ?, ?, ?, ?, ?, ?, ?, ?)
2026-03-16T00:19:48.445+05:30  INFO 17704 --- [product-service] [kafka-producer-network-thread | producer-1] c.e.p.kafka.KafkaEventPublisher          : Event published → topic: product.created | key: 664e2440-4adf-4b37-8a0a-c7e7d1910634 | offset: 22
2026-03-16T00:19:48.447+05:30 DEBUG 17704 --- [product-service] [http-nio-8082-exec-9] org.hibernate.SQL                        : 
    insert 
    into
        product_images
        (alt_text, display_order, image_url, is_primary, product_id, id) 
    values
        (?, ?, ?, ?, ?, ?)
2026-03-16T00:19:48.448+05:30 DEBUG 17704 --- [product-service] [http-nio-8082-exec-9] org.hibernate.SQL                        : 
    insert 
    into
        inventories
        (last_updated, low_stock_threshold, product_id, quantity, reserved_quantity, warehouse_location, id) 
    values
        (?, ?, ?, ?, ?, ?, ?)
2026-03-16T00:19:48.449+05:30 DEBUG 17704 --- [product-service] [http-nio-8082-exec-9] org.hibernate.SQL                        : 
    insert 
    into
        stock_movements
        (created_at, movement_type, product_id, quantity, reason, reference_id, id) 
    values
        (?, ?, ?, ?, ?, ?, ?)
2026-03-16T00:20:07.915+05:30  WARN 17704 --- [product-service] [http-nio-8082-exec-4] org.hibernate.orm.query                  : HHH90003004: firstResult/maxResults specified with collection fetch; applying in memory
2026-03-16T00:20:07.916+05:30 DEBUG 17704 --- [product-service] [http-nio-8082-exec-4] org.hibernate.SQL                        : 
    select
        distinct p1_0.id,
        p1_0.attributes,
        p1_0.average_rating,
        p1_0.brand_name,
        p1_0.category_id,
        c1_0.id,
        c1_0.created_at,
        c1_0.description,
        c1_0.display_order,
        c1_0.image_url,
        c1_0.is_active,
        c1_0.name,
        c1_0.parent_id,
        c1_0.slug,
        p1_0.compare_at_price,
        p1_0.cost_price,
        p1_0.created_at,
        p1_0.description,
        i1_0.product_id,
        i1_0.id,
        i1_0.alt_text,
        i1_0.display_order,
        i1_0.image_url,
        i1_0.is_primary,
        i2_0.id,
        i2_0.last_updated,
        i2_0.low_stock_threshold,
        i2_0.product_id,
        i2_0.quantity,
        i2_0.reserved_quantity,
        i2_0.warehouse_location,
        p1_0.name,
        p1_0.price,
        p1_0.review_count,
        p1_0.short_description,
        p1_0.sku,
        p1_0.sold_count,
        p1_0.status,
        p1_0.tags,
        p1_0.updated_at,
        p1_0.version,
        p1_0.view_count,
        p1_0.weight 
    from
        products p1_0 
    left join
        product_images i1_0 
            on p1_0.id=i1_0.product_id 
    left join
        inventories i2_0 
            on p1_0.id=i2_0.product_id 
    left join
        categories c1_0 
            on c1_0.id=p1_0.category_id 
    where
        p1_0.status=? 
    order by
        p1_0.created_at desc
2026-03-16T00:23:15.384+05:30  WARN 17704 --- [product-service] [http-nio-8082-exec-7] org.hibernate.orm.query                  : HHH90003004: firstResult/maxResults specified with collection fetch; applying in memory
2026-03-16T00:23:15.386+05:30 DEBUG 17704 --- [product-service] [http-nio-8082-exec-7] org.hibernate.SQL                        : 
    select
        distinct p1_0.id,
        p1_0.attributes,
        p1_0.average_rating,
        p1_0.brand_name,
        p1_0.category_id,
        c1_0.id,
        c1_0.created_at,
        c1_0.description,
        c1_0.display_order,
        c1_0.image_url,
        c1_0.is_active,
        c1_0.name,
        c1_0.parent_id,
        c1_0.slug,
        p1_0.compare_at_price,
        p1_0.cost_price,
        p1_0.created_at,
        p1_0.description,
        i1_0.product_id,
        i1_0.id,
        i1_0.alt_text,
        i1_0.display_order,
        i1_0.image_url,
        i1_0.is_primary,
        i2_0.id,
        i2_0.last_updated,
        i2_0.low_stock_threshold,
        i2_0.product_id,
        i2_0.quantity,
        i2_0.reserved_quantity,
        i2_0.warehouse_location,
        p1_0.name,
        p1_0.price,
        p1_0.review_count,
        p1_0.short_description,
        p1_0.sku,
        p1_0.sold_count,
        p1_0.status,
        p1_0.tags,
        p1_0.updated_at,
        p1_0.version,
        p1_0.view_count,
        p1_0.weight 
    from
        products p1_0 
    left join
        product_images i1_0 
            on p1_0.id=i1_0.product_id 
    left join
        inventories i2_0 
            on p1_0.id=i2_0.product_id 
    left join
        categories c1_0 
            on c1_0.id=p1_0.category_id 
    where
        p1_0.status=? 
    order by
        p1_0.created_at desc
2026-03-16T00:23:32.020+05:30 ERROR 17704 --- [product-service] [http-nio-8082-exec-6] c.e.p.exception.GlobalExceptionHandler   : Unexpected error [/api/v1/products/bulk]: JSON parse error: Unexpected end-of-input within/between Object entries

org.springframework.http.converter.HttpMessageNotReadableException: JSON parse error: Unexpected end-of-input within/between Object entries
	at org.springframework.http.converter.json.AbstractJackson2HttpMessageConverter.readJavaType(AbstractJackson2HttpMessageConverter.java:406) ~[spring-web-6.1.4.jar:6.1.4]
	at org.springframework.http.converter.json.AbstractJackson2HttpMessageConverter.read(AbstractJackson2HttpMessageConverter.java:354) ~[spring-web-6.1.4.jar:6.1.4]
	at org.springframework.web.servlet.mvc.method.annotation.AbstractMessageConverterMethodArgumentResolver.readWithMessageConverters(AbstractMessageConverterMethodArgumentResolver.java:184) ~[spring-webmvc-6.1.4.jar:6.1.4]
	at org.springframework.web.servlet.mvc.method.annotation.RequestResponseBodyMethodProcessor.readWithMessageConverters(RequestResponseBodyMethodProcessor.java:159) ~[spring-webmvc-6.1.4.jar:6.1.4]
	at org.springframework.web.servlet.mvc.method.annotation.RequestResponseBodyMethodProcessor.resolveArgument(RequestResponseBodyMethodProcessor.java:134) ~[spring-webmvc-6.1.4.jar:6.1.4]
	at org.springframework.web.method.support.HandlerMethodArgumentResolverComposite.resolveArgument(HandlerMethodArgumentResolverComposite.java:122) ~[spring-web-6.1.4.jar:6.1.4]
	at org.springframework.web.method.support.InvocableHandlerMethod.getMethodArgumentValues(InvocableHandlerMethod.java:228) ~[spring-web-6.1.4.jar:6.1.4]
	at org.springframework.web.method.support.InvocableHandlerMethod.invokeForRequest(InvocableHandlerMethod.java:182) ~[spring-web-6.1.4.jar:6.1.4]
	at org.springframework.web.servlet.mvc.method.annotation.ServletInvocableHandlerMethod.invokeAndHandle(ServletInvocableHandlerMethod.java:118) ~[spring-webmvc-6.1.4.jar:6.1.4]
	at org.springframework.web.servlet.mvc.method.annotation.RequestMappingHandlerAdapter.invokeHandlerMethod(RequestMappingHandlerAdapter.java:920) ~[spring-webmvc-6.1.4.jar:6.1.4]
	at org.springframework.web.servlet.mvc.method.annotation.RequestMappingHandlerAdapter.handleInternal(RequestMappingHandlerAdapter.java:830) ~[spring-webmvc-6.1.4.jar:6.1.4]
	at org.springframework.web.servlet.mvc.method.AbstractHandlerMethodAdapter.handle(AbstractHandlerMethodAdapter.java:87) ~[spring-webmvc-6.1.4.jar:6.1.4]
	at org.springframework.web.servlet.DispatcherServlet.doDispatch(DispatcherServlet.java:1089) ~[spring-webmvc-6.1.4.jar:6.1.4]
	at org.springframework.web.servlet.DispatcherServlet.doService(DispatcherServlet.java:979) ~[spring-webmvc-6.1.4.jar:6.1.4]
	at org.springframework.web.servlet.FrameworkServlet.processRequest(FrameworkServlet.java:1014) ~[spring-webmvc-6.1.4.jar:6.1.4]
	at org.springframework.web.servlet.FrameworkServlet.doPost(FrameworkServlet.java:914) ~[spring-webmvc-6.1.4.jar:6.1.4]
	at jakarta.servlet.http.HttpServlet.service(HttpServlet.java:590) ~[tomcat-embed-core-10.1.19.jar:6.0]
	at org.springframework.web.servlet.FrameworkServlet.service(FrameworkServlet.java:885) ~[spring-webmvc-6.1.4.jar:6.1.4]
	at jakarta.servlet.http.HttpServlet.service(HttpServlet.java:658) ~[tomcat-embed-core-10.1.19.jar:6.0]
	at org.apache.catalina.core.ApplicationFilterChain.internalDoFilter(ApplicationFilterChain.java:205) ~[tomcat-embed-core-10.1.19.jar:10.1.19]
	at org.apache.catalina.core.ApplicationFilterChain.doFilter(ApplicationFilterChain.java:149) ~[tomcat-embed-core-10.1.19.jar:10.1.19]
	at org.apache.tomcat.websocket.server.WsFilter.doFilter(WsFilter.java:51) ~[tomcat-embed-websocket-10.1.19.jar:10.1.19]
	at org.apache.catalina.core.ApplicationFilterChain.internalDoFilter(ApplicationFilterChain.java:174) ~[tomcat-embed-core-10.1.19.jar:10.1.19]
	at org.apache.catalina.core.ApplicationFilterChain.doFilter(ApplicationFilterChain.java:149) ~[tomcat-embed-core-10.1.19.jar:10.1.19]
	at org.springframework.web.filter.OncePerRequestFilter.doFilter(OncePerRequestFilter.java:110) ~[spring-web-6.1.4.jar:6.1.4]
	at org.apache.catalina.core.ApplicationFilterChain.internalDoFilter(ApplicationFilterChain.java:174) ~[tomcat-embed-core-10.1.19.jar:10.1.19]
	at org.apache.catalina.core.ApplicationFilterChain.doFilter(ApplicationFilterChain.java:149) ~[tomcat-embed-core-10.1.19.jar:10.1.19]
	at org.springframework.web.filter.CompositeFilter$VirtualFilterChain.doFilter(CompositeFilter.java:108) ~[spring-web-6.1.4.jar:6.1.4]
	at org.springframework.security.web.FilterChainProxy.lambda$doFilterInternal$3(FilterChainProxy.java:231) ~[spring-security-web-6.2.2.jar:6.2.2]
	at org.springframework.security.web.ObservationFilterChainDecorator$FilterObservation$SimpleFilterObservation.lambda$wrap$1(ObservationFilterChainDecorator.java:479) ~[spring-security-web-6.2.2.jar:6.2.2]
	at org.springframework.security.web.ObservationFilterChainDecorator$AroundFilterObservation$SimpleAroundFilterObservation.lambda$wrap$1(ObservationFilterChainDecorator.java:340) ~[spring-security-web-6.2.2.jar:6.2.2]
	at org.springframework.security.web.ObservationFilterChainDecorator.lambda$wrapSecured$0(ObservationFilterChainDecorator.java:82) ~[spring-security-web-6.2.2.jar:6.2.2]
	at org.springframework.security.web.ObservationFilterChainDecorator$VirtualFilterChain.doFilter(ObservationFilterChainDecorator.java:128) ~[spring-security-web-6.2.2.jar:6.2.2]
	at org.springframework.security.web.access.intercept.AuthorizationFilter.doFilter(AuthorizationFilter.java:100) ~[spring-security-web-6.2.2.jar:6.2.2]
	at org.springframework.security.web.ObservationFilterChainDecorator$ObservationFilter.wrapFilter(ObservationFilterChainDecorator.java:240) ~[spring-security-web-6.2.2.jar:6.2.2]
	at org.springframework.security.web.ObservationFilterChainDecorator$ObservationFilter.doFilter(ObservationFilterChainDecorator.java:227) ~[spring-security-web-6.2.2.jar:6.2.2]
	at org.springframework.security.web.ObservationFilterChainDecorator$VirtualFilterChain.doFilter(ObservationFilterChainDecorator.java:137) ~[spring-security-web-6.2.2.jar:6.2.2]
	at org.springframework.security.web.access.ExceptionTranslationFilter.doFilter(ExceptionTranslationFilter.java:126) ~[spring-security-web-6.2.2.jar:6.2.2]
	at org.springframework.security.web.access.ExceptionTranslationFilter.doFilter(ExceptionTranslationFilter.java:120) ~[spring-security-web-6.2.2.jar:6.2.2]
	at org.springframework.security.web.ObservationFilterChainDecorator$ObservationFilter.wrapFilter(ObservationFilterChainDecorator.java:240) ~[spring-security-web-6.2.2.jar:6.2.2]
	at org.springframework.security.web.ObservationFilterChainDecorator$ObservationFilter.doFilter(ObservationFilterChainDecorator.java:227) ~[spring-security-web-6.2.2.jar:6.2.2]
	at org.springframework.security.web.ObservationFilterChainDecorator$VirtualFilterChain.doFilter(ObservationFilterChainDecorator.java:137) ~[spring-security-web-6.2.2.jar:6.2.2]
	at org.springframework.security.web.session.SessionManagementFilter.doFilter(SessionManagementFilter.java:131) ~[spring-security-web-6.2.2.jar:6.2.2]
	at org.springframework.security.web.session.SessionManagementFilter.doFilter(SessionManagementFilter.java:85) ~[spring-security-web-6.2.2.jar:6.2.2]
	at org.springframework.security.web.ObservationFilterChainDecorator$ObservationFilter.wrapFilter(ObservationFilterChainDecorator.java:240) ~[spring-security-web-6.2.2.jar:6.2.2]
	at org.springframework.security.web.ObservationFilterChainDecorator$ObservationFilter.doFilter(ObservationFilterChainDecorator.java:227) ~[spring-security-web-6.2.2.jar:6.2.2]
	at org.springframework.security.web.ObservationFilterChainDecorator$VirtualFilterChain.doFilter(ObservationFilterChainDecorator.java:137) ~[spring-security-web-6.2.2.jar:6.2.2]
	at org.springframework.security.web.authentication.AnonymousAuthenticationFilter.doFilter(AnonymousAuthenticationFilter.java:100) ~[spring-security-web-6.2.2.jar:6.2.2]
	at org.springframework.security.web.ObservationFilterChainDecorator$ObservationFilter.wrapFilter(ObservationFilterChainDecorator.java:240) ~[spring-security-web-6.2.2.jar:6.2.2]
	at org.springframework.security.web.ObservationFilterChainDecorator$ObservationFilter.doFilter(ObservationFilterChainDecorator.java:227) ~[spring-security-web-6.2.2.jar:6.2.2]
	at org.springframework.security.web.ObservationFilterChainDecorator$VirtualFilterChain.doFilter(ObservationFilterChainDecorator.java:137) ~[spring-security-web-6.2.2.jar:6.2.2]
	at org.springframework.security.web.servletapi.SecurityContextHolderAwareRequestFilter.doFilter(SecurityContextHolderAwareRequestFilter.java:179) ~[spring-security-web-6.2.2.jar:6.2.2]
	at org.springframework.security.web.ObservationFilterChainDecorator$ObservationFilter.wrapFilter(ObservationFilterChainDecorator.java:240) ~[spring-security-web-6.2.2.jar:6.2.2]
	at org.springframework.security.web.ObservationFilterChainDecorator$ObservationFilter.doFilter(ObservationFilterChainDecorator.java:227) ~[spring-security-web-6.2.2.jar:6.2.2]
	at org.springframework.security.web.ObservationFilterChainDecorator$VirtualFilterChain.doFilter(ObservationFilterChainDecorator.java:137) ~[spring-security-web-6.2.2.jar:6.2.2]
	at org.springframework.security.web.savedrequest.RequestCacheAwareFilter.doFilter(RequestCacheAwareFilter.java:63) ~[spring-security-web-6.2.2.jar:6.2.2]
	at org.springframework.security.web.ObservationFilterChainDecorator$ObservationFilter.wrapFilter(ObservationFilterChainDecorator.java:240) ~[spring-security-web-6.2.2.jar:6.2.2]
	at org.springframework.security.web.ObservationFilterChainDecorator$ObservationFilter.doFilter(ObservationFilterChainDecorator.java:227) ~[spring-security-web-6.2.2.jar:6.2.2]
	at org.springframework.security.web.ObservationFilterChainDecorator$VirtualFilterChain.doFilter(ObservationFilterChainDecorator.java:137) ~[spring-security-web-6.2.2.jar:6.2.2]
	at com.ecommerce.product_service.security.JwtAuthenticationFilter.doFilterInternal(JwtAuthenticationFilter.java:67) ~[classes/:na]
	at org.springframework.web.filter.OncePerRequestFilter.doFilter(OncePerRequestFilter.java:116) ~[spring-web-6.1.4.jar:6.1.4]
	at org.springframework.security.web.ObservationFilterChainDecorator$ObservationFilter.wrapFilter(ObservationFilterChainDecorator.java:240) ~[spring-security-web-6.2.2.jar:6.2.2]
	at org.springframework.security.web.ObservationFilterChainDecorator$ObservationFilter.doFilter(ObservationFilterChainDecorator.java:227) ~[spring-security-web-6.2.2.jar:6.2.2]
	at org.springframework.security.web.ObservationFilterChainDecorator$VirtualFilterChain.doFilter(ObservationFilterChainDecorator.java:137) ~[spring-security-web-6.2.2.jar:6.2.2]
	at org.springframework.security.web.authentication.logout.LogoutFilter.doFilter(LogoutFilter.java:107) ~[spring-security-web-6.2.2.jar:6.2.2]
	at org.springframework.security.web.authentication.logout.LogoutFilter.doFilter(LogoutFilter.java:93) ~[spring-security-web-6.2.2.jar:6.2.2]
	at org.springframework.security.web.ObservationFilterChainDecorator$ObservationFilter.wrapFilter(ObservationFilterChainDecorator.java:240) ~[spring-security-web-6.2.2.jar:6.2.2]
	at org.springframework.security.web.ObservationFilterChainDecorator$ObservationFilter.doFilter(ObservationFilterChainDecorator.java:227) ~[spring-security-web-6.2.2.jar:6.2.2]
	at org.springframework.security.web.ObservationFilterChainDecorator$VirtualFilterChain.doFilter(ObservationFilterChainDecorator.java:137) ~[spring-security-web-6.2.2.jar:6.2.2]
	at org.springframework.web.filter.CorsFilter.doFilterInternal(CorsFilter.java:91) ~[spring-web-6.1.4.jar:6.1.4]
	at org.springframework.web.filter.OncePerRequestFilter.doFilter(OncePerRequestFilter.java:116) ~[spring-web-6.1.4.jar:6.1.4]
	at org.springframework.security.web.ObservationFilterChainDecorator$ObservationFilter.wrapFilter(ObservationFilterChainDecorator.java:240) ~[spring-security-web-6.2.2.jar:6.2.2]
	at org.springframework.security.web.ObservationFilterChainDecorator$ObservationFilter.doFilter(ObservationFilterChainDecorator.java:227) ~[spring-security-web-6.2.2.jar:6.2.2]
	at org.springframework.security.web.ObservationFilterChainDecorator$VirtualFilterChain.doFilter(ObservationFilterChainDecorator.java:137) ~[spring-security-web-6.2.2.jar:6.2.2]
	at org.springframework.security.web.header.HeaderWriterFilter.doHeadersAfter(HeaderWriterFilter.java:90) ~[spring-security-web-6.2.2.jar:6.2.2]
	at org.springframework.security.web.header.HeaderWriterFilter.doFilterInternal(HeaderWriterFilter.java:75) ~[spring-security-web-6.2.2.jar:6.2.2]
	at org.springframework.web.filter.OncePerRequestFilter.doFilter(OncePerRequestFilter.java:116) ~[spring-web-6.1.4.jar:6.1.4]
	at org.springframework.security.web.ObservationFilterChainDecorator$ObservationFilter.wrapFilter(ObservationFilterChainDecorator.java:240) ~[spring-security-web-6.2.2.jar:6.2.2]
	at org.springframework.security.web.ObservationFilterChainDecorator$ObservationFilter.doFilter(ObservationFilterChainDecorator.java:227) ~[spring-security-web-6.2.2.jar:6.2.2]
	at org.springframework.security.web.ObservationFilterChainDecorator$VirtualFilterChain.doFilter(ObservationFilterChainDecorator.java:137) ~[spring-security-web-6.2.2.jar:6.2.2]
	at org.springframework.security.web.context.SecurityContextHolderFilter.doFilter(SecurityContextHolderFilter.java:82) ~[spring-security-web-6.2.2.jar:6.2.2]
	at org.springframework.security.web.context.SecurityContextHolderFilter.doFilter(SecurityContextHolderFilter.java:69) ~[spring-security-web-6.2.2.jar:6.2.2]
	at org.springframework.security.web.ObservationFilterChainDecorator$ObservationFilter.wrapFilter(ObservationFilterChainDecorator.java:240) ~[spring-security-web-6.2.2.jar:6.2.2]
	at org.springframework.security.web.ObservationFilterChainDecorator$ObservationFilter.doFilter(ObservationFilterChainDecorator.java:227) ~[spring-security-web-6.2.2.jar:6.2.2]
	at org.springframework.security.web.ObservationFilterChainDecorator$VirtualFilterChain.doFilter(ObservationFilterChainDecorator.java:137) ~[spring-security-web-6.2.2.jar:6.2.2]
	at org.springframework.security.web.context.request.async.WebAsyncManagerIntegrationFilter.doFilterInternal(WebAsyncManagerIntegrationFilter.java:62) ~[spring-security-web-6.2.2.jar:6.2.2]
	at org.springframework.web.filter.OncePerRequestFilter.doFilter(OncePerRequestFilter.java:116) ~[spring-web-6.1.4.jar:6.1.4]
	at org.springframework.security.web.ObservationFilterChainDecorator$ObservationFilter.wrapFilter(ObservationFilterChainDecorator.java:240) ~[spring-security-web-6.2.2.jar:6.2.2]
	at org.springframework.security.web.ObservationFilterChainDecorator$ObservationFilter.doFilter(ObservationFilterChainDecorator.java:227) ~[spring-security-web-6.2.2.jar:6.2.2]
	at org.springframework.security.web.ObservationFilterChainDecorator$VirtualFilterChain.doFilter(ObservationFilterChainDecorator.java:137) ~[spring-security-web-6.2.2.jar:6.2.2]
	at org.springframework.security.web.session.DisableEncodeUrlFilter.doFilterInternal(DisableEncodeUrlFilter.java:42) ~[spring-security-web-6.2.2.jar:6.2.2]
	at org.springframework.web.filter.OncePerRequestFilter.doFilter(OncePerRequestFilter.java:116) ~[spring-web-6.1.4.jar:6.1.4]
	at org.springframework.security.web.ObservationFilterChainDecorator$ObservationFilter.wrapFilter(ObservationFilterChainDecorator.java:240) ~[spring-security-web-6.2.2.jar:6.2.2]
	at org.springframework.security.web.ObservationFilterChainDecorator$AroundFilterObservation$SimpleAroundFilterObservation.lambda$wrap$0(ObservationFilterChainDecorator.java:323) ~[spring-security-web-6.2.2.jar:6.2.2]
	at org.springframework.security.web.ObservationFilterChainDecorator$ObservationFilter.doFilter(ObservationFilterChainDecorator.java:224) ~[spring-security-web-6.2.2.jar:6.2.2]
	at org.springframework.security.web.ObservationFilterChainDecorator$VirtualFilterChain.doFilter(ObservationFilterChainDecorator.java:137) ~[spring-security-web-6.2.2.jar:6.2.2]
	at org.springframework.security.web.FilterChainProxy.doFilterInternal(FilterChainProxy.java:233) ~[spring-security-web-6.2.2.jar:6.2.2]
	at org.springframework.security.web.FilterChainProxy.doFilter(FilterChainProxy.java:191) ~[spring-security-web-6.2.2.jar:6.2.2]
	at org.springframework.web.filter.CompositeFilter$VirtualFilterChain.doFilter(CompositeFilter.java:113) ~[spring-web-6.1.4.jar:6.1.4]
	at org.springframework.web.servlet.handler.HandlerMappingIntrospector.lambda$createCacheFilter$3(HandlerMappingIntrospector.java:195) ~[spring-webmvc-6.1.4.jar:6.1.4]
	at org.springframework.web.filter.CompositeFilter$VirtualFilterChain.doFilter(CompositeFilter.java:113) ~[spring-web-6.1.4.jar:6.1.4]
	at org.springframework.web.filter.CompositeFilter.doFilter(CompositeFilter.java:74) ~[spring-web-6.1.4.jar:6.1.4]
	at org.springframework.security.config.annotation.web.configuration.WebMvcSecurityConfiguration$CompositeFilterChainProxy.doFilter(WebMvcSecurityConfiguration.java:230) ~[spring-security-config-6.2.2.jar:6.2.2]
	at org.springframework.web.filter.DelegatingFilterProxy.invokeDelegate(DelegatingFilterProxy.java:352) ~[spring-web-6.1.4.jar:6.1.4]
	at org.springframework.web.filter.DelegatingFilterProxy.doFilter(DelegatingFilterProxy.java:268) ~[spring-web-6.1.4.jar:6.1.4]
	at org.apache.catalina.core.ApplicationFilterChain.internalDoFilter(ApplicationFilterChain.java:174) ~[tomcat-embed-core-10.1.19.jar:10.1.19]
	at org.apache.catalina.core.ApplicationFilterChain.doFilter(ApplicationFilterChain.java:149) ~[tomcat-embed-core-10.1.19.jar:10.1.19]
	at org.springframework.web.filter.RequestContextFilter.doFilterInternal(RequestContextFilter.java:100) ~[spring-web-6.1.4.jar:6.1.4]
	at org.springframework.web.filter.OncePerRequestFilter.doFilter(OncePerRequestFilter.java:116) ~[spring-web-6.1.4.jar:6.1.4]
	at org.apache.catalina.core.ApplicationFilterChain.internalDoFilter(ApplicationFilterChain.java:174) ~[tomcat-embed-core-10.1.19.jar:10.1.19]
	at org.apache.catalina.core.ApplicationFilterChain.doFilter(ApplicationFilterChain.java:149) ~[tomcat-embed-core-10.1.19.jar:10.1.19]
	at org.springframework.web.filter.FormContentFilter.doFilterInternal(FormContentFilter.java:93) ~[spring-web-6.1.4.jar:6.1.4]
	at org.springframework.web.filter.OncePerRequestFilter.doFilter(OncePerRequestFilter.java:116) ~[spring-web-6.1.4.jar:6.1.4]
	at org.apache.catalina.core.ApplicationFilterChain.internalDoFilter(ApplicationFilterChain.java:174) ~[tomcat-embed-core-10.1.19.jar:10.1.19]
	at org.apache.catalina.core.ApplicationFilterChain.doFilter(ApplicationFilterChain.java:149) ~[tomcat-embed-core-10.1.19.jar:10.1.19]
	at org.springframework.web.filter.ServerHttpObservationFilter.doFilterInternal(ServerHttpObservationFilter.java:109) ~[spring-web-6.1.4.jar:6.1.4]
	at org.springframework.web.filter.OncePerRequestFilter.doFilter(OncePerRequestFilter.java:116) ~[spring-web-6.1.4.jar:6.1.4]
	at org.apache.catalina.core.ApplicationFilterChain.internalDoFilter(ApplicationFilterChain.java:174) ~[tomcat-embed-core-10.1.19.jar:10.1.19]
	at org.apache.catalina.core.ApplicationFilterChain.doFilter(ApplicationFilterChain.java:149) ~[tomcat-embed-core-10.1.19.jar:10.1.19]
	at org.springframework.web.filter.CharacterEncodingFilter.doFilterInternal(CharacterEncodingFilter.java:201) ~[spring-web-6.1.4.jar:6.1.4]
	at org.springframework.web.filter.OncePerRequestFilter.doFilter(OncePerRequestFilter.java:116) ~[spring-web-6.1.4.jar:6.1.4]
	at org.apache.catalina.core.ApplicationFilterChain.internalDoFilter(ApplicationFilterChain.java:174) ~[tomcat-embed-core-10.1.19.jar:10.1.19]
	at org.apache.catalina.core.ApplicationFilterChain.doFilter(ApplicationFilterChain.java:149) ~[tomcat-embed-core-10.1.19.jar:10.1.19]
	at org.apache.catalina.core.StandardWrapperValve.invoke(StandardWrapperValve.java:167) ~[tomcat-embed-core-10.1.19.jar:10.1.19]
	at org.apache.catalina.core.StandardContextValve.invoke(StandardContextValve.java:90) ~[tomcat-embed-core-10.1.19.jar:10.1.19]
	at org.apache.catalina.authenticator.AuthenticatorBase.invoke(AuthenticatorBase.java:482) ~[tomcat-embed-core-10.1.19.jar:10.1.19]
	at org.apache.catalina.core.StandardHostValve.invoke(StandardHostValve.java:115) ~[tomcat-embed-core-10.1.19.jar:10.1.19]
	at org.apache.catalina.valves.ErrorReportValve.invoke(ErrorReportValve.java:93) ~[tomcat-embed-core-10.1.19.jar:10.1.19]
	at org.apache.catalina.core.StandardEngineValve.invoke(StandardEngineValve.java:74) ~[tomcat-embed-core-10.1.19.jar:10.1.19]
	at org.apache.catalina.connector.CoyoteAdapter.service(CoyoteAdapter.java:344) ~[tomcat-embed-core-10.1.19.jar:10.1.19]
	at org.apache.coyote.http11.Http11Processor.service(Http11Processor.java:391) ~[tomcat-embed-core-10.1.19.jar:10.1.19]
	at org.apache.coyote.AbstractProcessorLight.process(AbstractProcessorLight.java:63) ~[tomcat-embed-core-10.1.19.jar:10.1.19]
	at org.apache.coyote.AbstractProtocol$ConnectionHandler.process(AbstractProtocol.java:896) ~[tomcat-embed-core-10.1.19.jar:10.1.19]
	at org.apache.tomcat.util.net.NioEndpoint$SocketProcessor.doRun(NioEndpoint.java:1744) ~[tomcat-embed-core-10.1.19.jar:10.1.19]
	at org.apache.tomcat.util.net.SocketProcessorBase.run(SocketProcessorBase.java:52) ~[tomcat-embed-core-10.1.19.jar:10.1.19]
	at org.apache.tomcat.util.threads.ThreadPoolExecutor.runWorker(ThreadPoolExecutor.java:1191) ~[tomcat-embed-core-10.1.19.jar:10.1.19]
	at org.apache.tomcat.util.threads.ThreadPoolExecutor$Worker.run(ThreadPoolExecutor.java:659) ~[tomcat-embed-core-10.1.19.jar:10.1.19]
	at org.apache.tomcat.util.threads.TaskThread$WrappingRunnable.run(TaskThread.java:63) ~[tomcat-embed-core-10.1.19.jar:10.1.19]
	at java.base/java.lang.Thread.run(Thread.java:1583) ~[na:na]
Caused by: com.fasterxml.jackson.databind.JsonMappingException: Unexpected end-of-input within/between Object entries
 at [Source: (org.springframework.util.StreamUtils$NonClosingInputStream); line: 453, column: 35] (through reference chain: com.ecommerce.product_service.model.request.BulkCreateProductRequest["products"]->java.util.ArrayList[26])
	at com.fasterxml.jackson.databind.JsonMappingException.wrapWithPath(JsonMappingException.java:402) ~[jackson-databind-2.15.4.jar:2.15.4]
	at com.fasterxml.jackson.databind.JsonMappingException.wrapWithPath(JsonMappingException.java:373) ~[jackson-databind-2.15.4.jar:2.15.4]
	at com.fasterxml.jackson.databind.deser.std.CollectionDeserializer._deserializeFromArray(CollectionDeserializer.java:375) ~[jackson-databind-2.15.4.jar:2.15.4]
	at com.fasterxml.jackson.databind.deser.std.CollectionDeserializer.deserialize(CollectionDeserializer.java:244) ~[jackson-databind-2.15.4.jar:2.15.4]
	at com.fasterxml.jackson.databind.deser.std.CollectionDeserializer.deserialize(CollectionDeserializer.java:28) ~[jackson-databind-2.15.4.jar:2.15.4]
	at com.fasterxml.jackson.databind.deser.impl.MethodProperty.deserializeAndSet(MethodProperty.java:129) ~[jackson-databind-2.15.4.jar:2.15.4]
	at com.fasterxml.jackson.databind.deser.BeanDeserializer.deserializeFromObject(BeanDeserializer.java:392) ~[jackson-databind-2.15.4.jar:2.15.4]
	at com.fasterxml.jackson.databind.deser.BeanDeserializer.deserialize(BeanDeserializer.java:185) ~[jackson-databind-2.15.4.jar:2.15.4]
	at com.fasterxml.jackson.databind.deser.DefaultDeserializationContext.readRootValue(DefaultDeserializationContext.java:323) ~[jackson-databind-2.15.4.jar:2.15.4]
	at com.fasterxml.jackson.databind.ObjectReader._bindAndClose(ObjectReader.java:2105) ~[jackson-databind-2.15.4.jar:2.15.4]
	at com.fasterxml.jackson.databind.ObjectReader.readValue(ObjectReader.java:1481) ~[jackson-databind-2.15.4.jar:2.15.4]
	at org.springframework.http.converter.json.AbstractJackson2HttpMessageConverter.readJavaType(AbstractJackson2HttpMessageConverter.java:395) ~[spring-web-6.1.4.jar:6.1.4]
	... 138 common frames omitted
Caused by: com.fasterxml.jackson.core.JsonParseException: Unexpected end-of-input within/between Object entries
 at [Source: (org.springframework.util.StreamUtils$NonClosingInputStream); line: 453, column: 35]
	at com.fasterxml.jackson.core.JsonParser._constructError(JsonParser.java:2477) ~[jackson-core-2.15.4.jar:2.15.4]
	at com.fasterxml.jackson.core.json.UTF8StreamJsonParser._skipWS2(UTF8StreamJsonParser.java:3094) ~[jackson-core-2.15.4.jar:2.15.4]
	at com.fasterxml.jackson.core.json.UTF8StreamJsonParser._skipWS(UTF8StreamJsonParser.java:3064) ~[jackson-core-2.15.4.jar:2.15.4]
	at com.fasterxml.jackson.core.json.UTF8StreamJsonParser.nextFieldName(UTF8StreamJsonParser.java:1064) ~[jackson-core-2.15.4.jar:2.15.4]
	at com.fasterxml.jackson.databind.deser.BeanDeserializer.deserializeFromObject(BeanDeserializer.java:399) ~[jackson-databind-2.15.4.jar:2.15.4]
	at com.fasterxml.jackson.databind.deser.BeanDeserializer.deserialize(BeanDeserializer.java:185) ~[jackson-databind-2.15.4.jar:2.15.4]
	at com.fasterxml.jackson.databind.deser.std.CollectionDeserializer._deserializeFromArray(CollectionDeserializer.java:359) ~[jackson-databind-2.15.4.jar:2.15.4]
	... 147 common frames omitted

2026-03-16T00:24:06.164+05:30 ERROR 17704 --- [product-service] [http-nio-8082-exec-8] c.e.p.exception.GlobalExceptionHandler   : Unexpected error [/api/v1/products/bulk]: JSON parse error: Unexpected end-of-input within/between Object entries

org.springframework.http.converter.HttpMessageNotReadableException: JSON parse error: Unexpected end-of-input within/between Object entries
	at org.springframework.http.converter.json.AbstractJackson2HttpMessageConverter.readJavaType(AbstractJackson2HttpMessageConverter.java:406) ~[spring-web-6.1.4.jar:6.1.4]
	at org.springframework.http.converter.json.AbstractJackson2HttpMessageConverter.read(AbstractJackson2HttpMessageConverter.java:354) ~[spring-web-6.1.4.jar:6.1.4]
	at org.springframework.web.servlet.mvc.method.annotation.AbstractMessageConverterMethodArgumentResolver.readWithMessageConverters(AbstractMessageConverterMethodArgumentResolver.java:184) ~[spring-webmvc-6.1.4.jar:6.1.4]
	at org.springframework.web.servlet.mvc.method.annotation.RequestResponseBodyMethodProcessor.readWithMessageConverters(RequestResponseBodyMethodProcessor.java:159) ~[spring-webmvc-6.1.4.jar:6.1.4]
	at org.springframework.web.servlet.mvc.method.annotation.RequestResponseBodyMethodProcessor.resolveArgument(RequestResponseBodyMethodProcessor.java:134) ~[spring-webmvc-6.1.4.jar:6.1.4]
	at org.springframework.web.method.support.HandlerMethodArgumentResolverComposite.resolveArgument(HandlerMethodArgumentResolverComposite.java:122) ~[spring-web-6.1.4.jar:6.1.4]
	at org.springframework.web.method.support.InvocableHandlerMethod.getMethodArgumentValues(InvocableHandlerMethod.java:228) ~[spring-web-6.1.4.jar:6.1.4]
	at org.springframework.web.method.support.InvocableHandlerMethod.invokeForRequest(InvocableHandlerMethod.java:182) ~[spring-web-6.1.4.jar:6.1.4]
	at org.springframework.web.servlet.mvc.method.annotation.ServletInvocableHandlerMethod.invokeAndHandle(ServletInvocableHandlerMethod.java:118) ~[spring-webmvc-6.1.4.jar:6.1.4]
	at org.springframework.web.servlet.mvc.method.annotation.RequestMappingHandlerAdapter.invokeHandlerMethod(RequestMappingHandlerAdapter.java:920) ~[spring-webmvc-6.1.4.jar:6.1.4]
	at org.springframework.web.servlet.mvc.method.annotation.RequestMappingHandlerAdapter.handleInternal(RequestMappingHandlerAdapter.java:830) ~[spring-webmvc-6.1.4.jar:6.1.4]
	at org.springframework.web.servlet.mvc.method.AbstractHandlerMethodAdapter.handle(AbstractHandlerMethodAdapter.java:87) ~[spring-webmvc-6.1.4.jar:6.1.4]
	at org.springframework.web.servlet.DispatcherServlet.doDispatch(DispatcherServlet.java:1089) ~[spring-webmvc-6.1.4.jar:6.1.4]
	at org.springframework.web.servlet.DispatcherServlet.doService(DispatcherServlet.java:979) ~[spring-webmvc-6.1.4.jar:6.1.4]
	at org.springframework.web.servlet.FrameworkServlet.processRequest(FrameworkServlet.java:1014) ~[spring-webmvc-6.1.4.jar:6.1.4]
	at org.springframework.web.servlet.FrameworkServlet.doPost(FrameworkServlet.java:914) ~[spring-webmvc-6.1.4.jar:6.1.4]
	at jakarta.servlet.http.HttpServlet.service(HttpServlet.java:590) ~[tomcat-embed-core-10.1.19.jar:6.0]
	at org.springframework.web.servlet.FrameworkServlet.service(FrameworkServlet.java:885) ~[spring-webmvc-6.1.4.jar:6.1.4]
	at jakarta.servlet.http.HttpServlet.service(HttpServlet.java:658) ~[tomcat-embed-core-10.1.19.jar:6.0]
	at org.apache.catalina.core.ApplicationFilterChain.internalDoFilter(ApplicationFilterChain.java:205) ~[tomcat-embed-core-10.1.19.jar:10.1.19]
	at org.apache.catalina.core.ApplicationFilterChain.doFilter(ApplicationFilterChain.java:149) ~[tomcat-embed-core-10.1.19.jar:10.1.19]
	at org.apache.tomcat.websocket.server.WsFilter.doFilter(WsFilter.java:51) ~[tomcat-embed-websocket-10.1.19.jar:10.1.19]
	at org.apache.catalina.core.ApplicationFilterChain.internalDoFilter(ApplicationFilterChain.java:174) ~[tomcat-embed-core-10.1.19.jar:10.1.19]
	at org.apache.catalina.core.ApplicationFilterChain.doFilter(ApplicationFilterChain.java:149) ~[tomcat-embed-core-10.1.19.jar:10.1.19]
	at org.springframework.web.filter.OncePerRequestFilter.doFilter(OncePerRequestFilter.java:110) ~[spring-web-6.1.4.jar:6.1.4]
	at org.apache.catalina.core.ApplicationFilterChain.internalDoFilter(ApplicationFilterChain.java:174) ~[tomcat-embed-core-10.1.19.jar:10.1.19]
	at org.apache.catalina.core.ApplicationFilterChain.doFilter(ApplicationFilterChain.java:149) ~[tomcat-embed-core-10.1.19.jar:10.1.19]
	at org.springframework.web.filter.CompositeFilter$VirtualFilterChain.doFilter(CompositeFilter.java:108) ~[spring-web-6.1.4.jar:6.1.4]
	at org.springframework.security.web.FilterChainProxy.lambda$doFilterInternal$3(FilterChainProxy.java:231) ~[spring-security-web-6.2.2.jar:6.2.2]
	at org.springframework.security.web.ObservationFilterChainDecorator$FilterObservation$SimpleFilterObservation.lambda$wrap$1(ObservationFilterChainDecorator.java:479) ~[spring-security-web-6.2.2.jar:6.2.2]
	at org.springframework.security.web.ObservationFilterChainDecorator$AroundFilterObservation$SimpleAroundFilterObservation.lambda$wrap$1(ObservationFilterChainDecorator.java:340) ~[spring-security-web-6.2.2.jar:6.2.2]
	at org.springframework.security.web.ObservationFilterChainDecorator.lambda$wrapSecured$0(ObservationFilterChainDecorator.java:82) ~[spring-security-web-6.2.2.jar:6.2.2]
	at org.springframework.security.web.ObservationFilterChainDecorator$VirtualFilterChain.doFilter(ObservationFilterChainDecorator.java:128) ~[spring-security-web-6.2.2.jar:6.2.2]
	at org.springframework.security.web.access.intercept.AuthorizationFilter.doFilter(AuthorizationFilter.java:100) ~[spring-security-web-6.2.2.jar:6.2.2]
	at org.springframework.security.web.ObservationFilterChainDecorator$ObservationFilter.wrapFilter(ObservationFilterChainDecorator.java:240) ~[spring-security-web-6.2.2.jar:6.2.2]
	at org.springframework.security.web.ObservationFilterChainDecorator$ObservationFilter.doFilter(ObservationFilterChainDecorator.java:227) ~[spring-security-web-6.2.2.jar:6.2.2]
	at org.springframework.security.web.ObservationFilterChainDecorator$VirtualFilterChain.doFilter(ObservationFilterChainDecorator.java:137) ~[spring-security-web-6.2.2.jar:6.2.2]
	at org.springframework.security.web.access.ExceptionTranslationFilter.doFilter(ExceptionTranslationFilter.java:126) ~[spring-security-web-6.2.2.jar:6.2.2]
	at org.springframework.security.web.access.ExceptionTranslationFilter.doFilter(ExceptionTranslationFilter.java:120) ~[spring-security-web-6.2.2.jar:6.2.2]
	at org.springframework.security.web.ObservationFilterChainDecorator$ObservationFilter.wrapFilter(ObservationFilterChainDecorator.java:240) ~[spring-security-web-6.2.2.jar:6.2.2]
	at org.springframework.security.web.ObservationFilterChainDecorator$ObservationFilter.doFilter(ObservationFilterChainDecorator.java:227) ~[spring-security-web-6.2.2.jar:6.2.2]
	at org.springframework.security.web.ObservationFilterChainDecorator$VirtualFilterChain.doFilter(ObservationFilterChainDecorator.java:137) ~[spring-security-web-6.2.2.jar:6.2.2]
	at org.springframework.security.web.session.SessionManagementFilter.doFilter(SessionManagementFilter.java:131) ~[spring-security-web-6.2.2.jar:6.2.2]
	at org.springframework.security.web.session.SessionManagementFilter.doFilter(SessionManagementFilter.java:85) ~[spring-security-web-6.2.2.jar:6.2.2]
	at org.springframework.security.web.ObservationFilterChainDecorator$ObservationFilter.wrapFilter(ObservationFilterChainDecorator.java:240) ~[spring-security-web-6.2.2.jar:6.2.2]
	at org.springframework.security.web.ObservationFilterChainDecorator$ObservationFilter.doFilter(ObservationFilterChainDecorator.java:227) ~[spring-security-web-6.2.2.jar:6.2.2]
	at org.springframework.security.web.ObservationFilterChainDecorator$VirtualFilterChain.doFilter(ObservationFilterChainDecorator.java:137) ~[spring-security-web-6.2.2.jar:6.2.2]
	at org.springframework.security.web.authentication.AnonymousAuthenticationFilter.doFilter(AnonymousAuthenticationFilter.java:100) ~[spring-security-web-6.2.2.jar:6.2.2]
	at org.springframework.security.web.ObservationFilterChainDecorator$ObservationFilter.wrapFilter(ObservationFilterChainDecorator.java:240) ~[spring-security-web-6.2.2.jar:6.2.2]
	at org.springframework.security.web.ObservationFilterChainDecorator$ObservationFilter.doFilter(ObservationFilterChainDecorator.java:227) ~[spring-security-web-6.2.2.jar:6.2.2]
	at org.springframework.security.web.ObservationFilterChainDecorator$VirtualFilterChain.doFilter(ObservationFilterChainDecorator.java:137) ~[spring-security-web-6.2.2.jar:6.2.2]
	at org.springframework.security.web.servletapi.SecurityContextHolderAwareRequestFilter.doFilter(SecurityContextHolderAwareRequestFilter.java:179) ~[spring-security-web-6.2.2.jar:6.2.2]
	at org.springframework.security.web.ObservationFilterChainDecorator$ObservationFilter.wrapFilter(ObservationFilterChainDecorator.java:240) ~[spring-security-web-6.2.2.jar:6.2.2]
	at org.springframework.security.web.ObservationFilterChainDecorator$ObservationFilter.doFilter(ObservationFilterChainDecorator.java:227) ~[spring-security-web-6.2.2.jar:6.2.2]
	at org.springframework.security.web.ObservationFilterChainDecorator$VirtualFilterChain.doFilter(ObservationFilterChainDecorator.java:137) ~[spring-security-web-6.2.2.jar:6.2.2]
	at org.springframework.security.web.savedrequest.RequestCacheAwareFilter.doFilter(RequestCacheAwareFilter.java:63) ~[spring-security-web-6.2.2.jar:6.2.2]
	at org.springframework.security.web.ObservationFilterChainDecorator$ObservationFilter.wrapFilter(ObservationFilterChainDecorator.java:240) ~[spring-security-web-6.2.2.jar:6.2.2]
	at org.springframework.security.web.ObservationFilterChainDecorator$ObservationFilter.doFilter(ObservationFilterChainDecorator.java:227) ~[spring-security-web-6.2.2.jar:6.2.2]
	at org.springframework.security.web.ObservationFilterChainDecorator$VirtualFilterChain.doFilter(ObservationFilterChainDecorator.java:137) ~[spring-security-web-6.2.2.jar:6.2.2]
	at com.ecommerce.product_service.security.JwtAuthenticationFilter.doFilterInternal(JwtAuthenticationFilter.java:67) ~[classes/:na]
	at org.springframework.web.filter.OncePerRequestFilter.doFilter(OncePerRequestFilter.java:116) ~[spring-web-6.1.4.jar:6.1.4]
	at org.springframework.security.web.ObservationFilterChainDecorator$ObservationFilter.wrapFilter(ObservationFilterChainDecorator.java:240) ~[spring-security-web-6.2.2.jar:6.2.2]
	at org.springframework.security.web.ObservationFilterChainDecorator$ObservationFilter.doFilter(ObservationFilterChainDecorator.java:227) ~[spring-security-web-6.2.2.jar:6.2.2]
	at org.springframework.security.web.ObservationFilterChainDecorator$VirtualFilterChain.doFilter(ObservationFilterChainDecorator.java:137) ~[spring-security-web-6.2.2.jar:6.2.2]
	at org.springframework.security.web.authentication.logout.LogoutFilter.doFilter(LogoutFilter.java:107) ~[spring-security-web-6.2.2.jar:6.2.2]
	at org.springframework.security.web.authentication.logout.LogoutFilter.doFilter(LogoutFilter.java:93) ~[spring-security-web-6.2.2.jar:6.2.2]
	at org.springframework.security.web.ObservationFilterChainDecorator$ObservationFilter.wrapFilter(ObservationFilterChainDecorator.java:240) ~[spring-security-web-6.2.2.jar:6.2.2]
	at org.springframework.security.web.ObservationFilterChainDecorator$ObservationFilter.doFilter(ObservationFilterChainDecorator.java:227) ~[spring-security-web-6.2.2.jar:6.2.2]
	at org.springframework.security.web.ObservationFilterChainDecorator$VirtualFilterChain.doFilter(ObservationFilterChainDecorator.java:137) ~[spring-security-web-6.2.2.jar:6.2.2]
	at org.springframework.web.filter.CorsFilter.doFilterInternal(CorsFilter.java:91) ~[spring-web-6.1.4.jar:6.1.4]
	at org.springframework.web.filter.OncePerRequestFilter.doFilter(OncePerRequestFilter.java:116) ~[spring-web-6.1.4.jar:6.1.4]
	at org.springframework.security.web.ObservationFilterChainDecorator$ObservationFilter.wrapFilter(ObservationFilterChainDecorator.java:240) ~[spring-security-web-6.2.2.jar:6.2.2]
	at org.springframework.security.web.ObservationFilterChainDecorator$ObservationFilter.doFilter(ObservationFilterChainDecorator.java:227) ~[spring-security-web-6.2.2.jar:6.2.2]
	at org.springframework.security.web.ObservationFilterChainDecorator$VirtualFilterChain.doFilter(ObservationFilterChainDecorator.java:137) ~[spring-security-web-6.2.2.jar:6.2.2]
	at org.springframework.security.web.header.HeaderWriterFilter.doHeadersAfter(HeaderWriterFilter.java:90) ~[spring-security-web-6.2.2.jar:6.2.2]
	at org.springframework.security.web.header.HeaderWriterFilter.doFilterInternal(HeaderWriterFilter.java:75) ~[spring-security-web-6.2.2.jar:6.2.2]
	at org.springframework.web.filter.OncePerRequestFilter.doFilter(OncePerRequestFilter.java:116) ~[spring-web-6.1.4.jar:6.1.4]
	at org.springframework.security.web.ObservationFilterChainDecorator$ObservationFilter.wrapFilter(ObservationFilterChainDecorator.java:240) ~[spring-security-web-6.2.2.jar:6.2.2]
	at org.springframework.security.web.ObservationFilterChainDecorator$ObservationFilter.doFilter(ObservationFilterChainDecorator.java:227) ~[spring-security-web-6.2.2.jar:6.2.2]
	at org.springframework.security.web.ObservationFilterChainDecorator$VirtualFilterChain.doFilter(ObservationFilterChainDecorator.java:137) ~[spring-security-web-6.2.2.jar:6.2.2]
	at org.springframework.security.web.context.SecurityContextHolderFilter.doFilter(SecurityContextHolderFilter.java:82) ~[spring-security-web-6.2.2.jar:6.2.2]
	at org.springframework.security.web.context.SecurityContextHolderFilter.doFilter(SecurityContextHolderFilter.java:69) ~[spring-security-web-6.2.2.jar:6.2.2]
	at org.springframework.security.web.ObservationFilterChainDecorator$ObservationFilter.wrapFilter(ObservationFilterChainDecorator.java:240) ~[spring-security-web-6.2.2.jar:6.2.2]
	at org.springframework.security.web.ObservationFilterChainDecorator$ObservationFilter.doFilter(ObservationFilterChainDecorator.java:227) ~[spring-security-web-6.2.2.jar:6.2.2]
	at org.springframework.security.web.ObservationFilterChainDecorator$VirtualFilterChain.doFilter(ObservationFilterChainDecorator.java:137) ~[spring-security-web-6.2.2.jar:6.2.2]
	at org.springframework.security.web.context.request.async.WebAsyncManagerIntegrationFilter.doFilterInternal(WebAsyncManagerIntegrationFilter.java:62) ~[spring-security-web-6.2.2.jar:6.2.2]
	at org.springframework.web.filter.OncePerRequestFilter.doFilter(OncePerRequestFilter.java:116) ~[spring-web-6.1.4.jar:6.1.4]
	at org.springframework.security.web.ObservationFilterChainDecorator$ObservationFilter.wrapFilter(ObservationFilterChainDecorator.java:240) ~[spring-security-web-6.2.2.jar:6.2.2]
	at org.springframework.security.web.ObservationFilterChainDecorator$ObservationFilter.doFilter(ObservationFilterChainDecorator.java:227) ~[spring-security-web-6.2.2.jar:6.2.2]
	at org.springframework.security.web.ObservationFilterChainDecorator$VirtualFilterChain.doFilter(ObservationFilterChainDecorator.java:137) ~[spring-security-web-6.2.2.jar:6.2.2]
	at org.springframework.security.web.session.DisableEncodeUrlFilter.doFilterInternal(DisableEncodeUrlFilter.java:42) ~[spring-security-web-6.2.2.jar:6.2.2]
	at org.springframework.web.filter.OncePerRequestFilter.doFilter(OncePerRequestFilter.java:116) ~[spring-web-6.1.4.jar:6.1.4]
	at org.springframework.security.web.ObservationFilterChainDecorator$ObservationFilter.wrapFilter(ObservationFilterChainDecorator.java:240) ~[spring-security-web-6.2.2.jar:6.2.2]
	at org.springframework.security.web.ObservationFilterChainDecorator$AroundFilterObservation$SimpleAroundFilterObservation.lambda$wrap$0(ObservationFilterChainDecorator.java:323) ~[spring-security-web-6.2.2.jar:6.2.2]
	at org.springframework.security.web.ObservationFilterChainDecorator$ObservationFilter.doFilter(ObservationFilterChainDecorator.java:224) ~[spring-security-web-6.2.2.jar:6.2.2]
	at org.springframework.security.web.ObservationFilterChainDecorator$VirtualFilterChain.doFilter(ObservationFilterChainDecorator.java:137) ~[spring-security-web-6.2.2.jar:6.2.2]
	at org.springframework.security.web.FilterChainProxy.doFilterInternal(FilterChainProxy.java:233) ~[spring-security-web-6.2.2.jar:6.2.2]
	at org.springframework.security.web.FilterChainProxy.doFilter(FilterChainProxy.java:191) ~[spring-security-web-6.2.2.jar:6.2.2]
	at org.springframework.web.filter.CompositeFilter$VirtualFilterChain.doFilter(CompositeFilter.java:113) ~[spring-web-6.1.4.jar:6.1.4]
	at org.springframework.web.servlet.handler.HandlerMappingIntrospector.lambda$createCacheFilter$3(HandlerMappingIntrospector.java:195) ~[spring-webmvc-6.1.4.jar:6.1.4]
	at org.springframework.web.filter.CompositeFilter$VirtualFilterChain.doFilter(CompositeFilter.java:113) ~[spring-web-6.1.4.jar:6.1.4]
	at org.springframework.web.filter.CompositeFilter.doFilter(CompositeFilter.java:74) ~[spring-web-6.1.4.jar:6.1.4]
	at org.springframework.security.config.annotation.web.configuration.WebMvcSecurityConfiguration$CompositeFilterChainProxy.doFilter(WebMvcSecurityConfiguration.java:230) ~[spring-security-config-6.2.2.jar:6.2.2]
	at org.springframework.web.filter.DelegatingFilterProxy.invokeDelegate(DelegatingFilterProxy.java:352) ~[spring-web-6.1.4.jar:6.1.4]
	at org.springframework.web.filter.DelegatingFilterProxy.doFilter(DelegatingFilterProxy.java:268) ~[spring-web-6.1.4.jar:6.1.4]
	at org.apache.catalina.core.ApplicationFilterChain.internalDoFilter(ApplicationFilterChain.java:174) ~[tomcat-embed-core-10.1.19.jar:10.1.19]
	at org.apache.catalina.core.ApplicationFilterChain.doFilter(ApplicationFilterChain.java:149) ~[tomcat-embed-core-10.1.19.jar:10.1.19]
	at org.springframework.web.filter.RequestContextFilter.doFilterInternal(RequestContextFilter.java:100) ~[spring-web-6.1.4.jar:6.1.4]
	at org.springframework.web.filter.OncePerRequestFilter.doFilter(OncePerRequestFilter.java:116) ~[spring-web-6.1.4.jar:6.1.4]
	at org.apache.catalina.core.ApplicationFilterChain.internalDoFilter(ApplicationFilterChain.java:174) ~[tomcat-embed-core-10.1.19.jar:10.1.19]
	at org.apache.catalina.core.ApplicationFilterChain.doFilter(ApplicationFilterChain.java:149) ~[tomcat-embed-core-10.1.19.jar:10.1.19]
	at org.springframework.web.filter.FormContentFilter.doFilterInternal(FormContentFilter.java:93) ~[spring-web-6.1.4.jar:6.1.4]
	at org.springframework.web.filter.OncePerRequestFilter.doFilter(OncePerRequestFilter.java:116) ~[spring-web-6.1.4.jar:6.1.4]
	at org.apache.catalina.core.ApplicationFilterChain.internalDoFilter(ApplicationFilterChain.java:174) ~[tomcat-embed-core-10.1.19.jar:10.1.19]
	at org.apache.catalina.core.ApplicationFilterChain.doFilter(ApplicationFilterChain.java:149) ~[tomcat-embed-core-10.1.19.jar:10.1.19]
	at org.springframework.web.filter.ServerHttpObservationFilter.doFilterInternal(ServerHttpObservationFilter.java:109) ~[spring-web-6.1.4.jar:6.1.4]
	at org.springframework.web.filter.OncePerRequestFilter.doFilter(OncePerRequestFilter.java:116) ~[spring-web-6.1.4.jar:6.1.4]
	at org.apache.catalina.core.ApplicationFilterChain.internalDoFilter(ApplicationFilterChain.java:174) ~[tomcat-embed-core-10.1.19.jar:10.1.19]
	at org.apache.catalina.core.ApplicationFilterChain.doFilter(ApplicationFilterChain.java:149) ~[tomcat-embed-core-10.1.19.jar:10.1.19]
	at org.springframework.web.filter.CharacterEncodingFilter.doFilterInternal(CharacterEncodingFilter.java:201) ~[spring-web-6.1.4.jar:6.1.4]
	at org.springframework.web.filter.OncePerRequestFilter.doFilter(OncePerRequestFilter.java:116) ~[spring-web-6.1.4.jar:6.1.4]
	at org.apache.catalina.core.ApplicationFilterChain.internalDoFilter(ApplicationFilterChain.java:174) ~[tomcat-embed-core-10.1.19.jar:10.1.19]
	at org.apache.catalina.core.ApplicationFilterChain.doFilter(ApplicationFilterChain.java:149) ~[tomcat-embed-core-10.1.19.jar:10.1.19]
	at org.apache.catalina.core.StandardWrapperValve.invoke(StandardWrapperValve.java:167) ~[tomcat-embed-core-10.1.19.jar:10.1.19]
	at org.apache.catalina.core.StandardContextValve.invoke(StandardContextValve.java:90) ~[tomcat-embed-core-10.1.19.jar:10.1.19]
	at org.apache.catalina.authenticator.AuthenticatorBase.invoke(AuthenticatorBase.java:482) ~[tomcat-embed-core-10.1.19.jar:10.1.19]
	at org.apache.catalina.core.StandardHostValve.invoke(StandardHostValve.java:115) ~[tomcat-embed-core-10.1.19.jar:10.1.19]
	at org.apache.catalina.valves.ErrorReportValve.invoke(ErrorReportValve.java:93) ~[tomcat-embed-core-10.1.19.jar:10.1.19]
	at org.apache.catalina.core.StandardEngineValve.invoke(StandardEngineValve.java:74) ~[tomcat-embed-core-10.1.19.jar:10.1.19]
	at org.apache.catalina.connector.CoyoteAdapter.service(CoyoteAdapter.java:344) ~[tomcat-embed-core-10.1.19.jar:10.1.19]
	at org.apache.coyote.http11.Http11Processor.service(Http11Processor.java:391) ~[tomcat-embed-core-10.1.19.jar:10.1.19]
	at org.apache.coyote.AbstractProcessorLight.process(AbstractProcessorLight.java:63) ~[tomcat-embed-core-10.1.19.jar:10.1.19]
	at org.apache.coyote.AbstractProtocol$ConnectionHandler.process(AbstractProtocol.java:896) ~[tomcat-embed-core-10.1.19.jar:10.1.19]
	at org.apache.tomcat.util.net.NioEndpoint$SocketProcessor.doRun(NioEndpoint.java:1744) ~[tomcat-embed-core-10.1.19.jar:10.1.19]
	at org.apache.tomcat.util.net.SocketProcessorBase.run(SocketProcessorBase.java:52) ~[tomcat-embed-core-10.1.19.jar:10.1.19]
	at org.apache.tomcat.util.threads.ThreadPoolExecutor.runWorker(ThreadPoolExecutor.java:1191) ~[tomcat-embed-core-10.1.19.jar:10.1.19]
	at org.apache.tomcat.util.threads.ThreadPoolExecutor$Worker.run(ThreadPoolExecutor.java:659) ~[tomcat-embed-core-10.1.19.jar:10.1.19]
	at org.apache.tomcat.util.threads.TaskThread$WrappingRunnable.run(TaskThread.java:63) ~[tomcat-embed-core-10.1.19.jar:10.1.19]
	at java.base/java.lang.Thread.run(Thread.java:1583) ~[na:na]
Caused by: com.fasterxml.jackson.databind.JsonMappingException: Unexpected end-of-input within/between Object entries
 at [Source: (org.springframework.util.StreamUtils$NonClosingInputStream); line: 453, column: 35] (through reference chain: com.ecommerce.product_service.model.request.BulkCreateProductRequest["products"]->java.util.ArrayList[26])
	at com.fasterxml.jackson.databind.JsonMappingException.wrapWithPath(JsonMappingException.java:402) ~[jackson-databind-2.15.4.jar:2.15.4]
	at com.fasterxml.jackson.databind.JsonMappingException.wrapWithPath(JsonMappingException.java:373) ~[jackson-databind-2.15.4.jar:2.15.4]
	at com.fasterxml.jackson.databind.deser.std.CollectionDeserializer._deserializeFromArray(CollectionDeserializer.java:375) ~[jackson-databind-2.15.4.jar:2.15.4]
	at com.fasterxml.jackson.databind.deser.std.CollectionDeserializer.deserialize(CollectionDeserializer.java:244) ~[jackson-databind-2.15.4.jar:2.15.4]
	at com.fasterxml.jackson.databind.deser.std.CollectionDeserializer.deserialize(CollectionDeserializer.java:28) ~[jackson-databind-2.15.4.jar:2.15.4]
	at com.fasterxml.jackson.databind.deser.impl.MethodProperty.deserializeAndSet(MethodProperty.java:129) ~[jackson-databind-2.15.4.jar:2.15.4]
	at com.fasterxml.jackson.databind.deser.BeanDeserializer.deserializeFromObject(BeanDeserializer.java:392) ~[jackson-databind-2.15.4.jar:2.15.4]
	at com.fasterxml.jackson.databind.deser.BeanDeserializer.deserialize(BeanDeserializer.java:185) ~[jackson-databind-2.15.4.jar:2.15.4]
	at com.fasterxml.jackson.databind.deser.DefaultDeserializationContext.readRootValue(DefaultDeserializationContext.java:323) ~[jackson-databind-2.15.4.jar:2.15.4]
	at com.fasterxml.jackson.databind.ObjectReader._bindAndClose(ObjectReader.java:2105) ~[jackson-databind-2.15.4.jar:2.15.4]
	at com.fasterxml.jackson.databind.ObjectReader.readValue(ObjectReader.java:1481) ~[jackson-databind-2.15.4.jar:2.15.4]
	at org.springframework.http.converter.json.AbstractJackson2HttpMessageConverter.readJavaType(AbstractJackson2HttpMessageConverter.java:395) ~[spring-web-6.1.4.jar:6.1.4]
	... 138 common frames omitted
Caused by: com.fasterxml.jackson.core.JsonParseException: Unexpected end-of-input within/between Object entries
 at [Source: (org.springframework.util.StreamUtils$NonClosingInputStream); line: 453, column: 35]
	at com.fasterxml.jackson.core.JsonParser._constructError(JsonParser.java:2477) ~[jackson-core-2.15.4.jar:2.15.4]
	at com.fasterxml.jackson.core.json.UTF8StreamJsonParser._skipWS2(UTF8StreamJsonParser.java:3094) ~[jackson-core-2.15.4.jar:2.15.4]
	at com.fasterxml.jackson.core.json.UTF8StreamJsonParser._skipWS(UTF8StreamJsonParser.java:3064) ~[jackson-core-2.15.4.jar:2.15.4]
	at com.fasterxml.jackson.core.json.UTF8StreamJsonParser.nextFieldName(UTF8StreamJsonParser.java:1064) ~[jackson-core-2.15.4.jar:2.15.4]
	at com.fasterxml.jackson.databind.deser.BeanDeserializer.deserializeFromObject(BeanDeserializer.java:399) ~[jackson-databind-2.15.4.jar:2.15.4]
	at com.fasterxml.jackson.databind.deser.BeanDeserializer.deserialize(BeanDeserializer.java:185) ~[jackson-databind-2.15.4.jar:2.15.4]
	at com.fasterxml.jackson.databind.deser.std.CollectionDeserializer._deserializeFromArray(CollectionDeserializer.java:359) ~[jackson-databind-2.15.4.jar:2.15.4]
	... 147 common frames omitted

2026-03-16T00:24:57.025+05:30  WARN 17704 --- [product-service] [http-nio-8082-exec-1] c.e.product_service.security.JwtUtil     : Invalid JWT token: JWT expired at 2026-03-15T18:54:15Z. Current time: 2026-03-15T18:54:57Z, a difference of 42024 milliseconds.  Allowed clock skew: 0 milliseconds.
2026-03-16T00:24:57.052+05:30  INFO 17704 --- [product-service] [http-nio-8082-exec-1] c.e.p.controller.ProductControllerImpl   : Bulk product create request — count: 28
2026-03-16T00:24:57.053+05:30  INFO 17704 --- [product-service] [http-nio-8082-exec-1] c.e.p.service.ProductServiceImpl         : Bulk creating 28 products
2026-03-16T00:24:57.053+05:30  INFO 17704 --- [product-service] [http-nio-8082-exec-1] c.e.p.service.ProductServiceImpl         : Creating product with SKU: MEN-TEE-GRY-001
2026-03-16T00:24:57.058+05:30 DEBUG 17704 --- [product-service] [http-nio-8082-exec-1] org.hibernate.SQL                        : 
    select
        p1_0.id 
    from
        products p1_0 
    where
        p1_0.sku=? 
    limit
        ?
2026-03-16T00:24:57.062+05:30 DEBUG 17704 --- [product-service] [http-nio-8082-exec-1] org.hibernate.SQL                        : 
    select
        c1_0.id,
        c1_0.created_at,
        c1_0.description,
        c1_0.display_order,
        c1_0.image_url,
        c1_0.is_active,
        c1_0.name,
        c1_0.parent_id,
        c1_0.slug 
    from
        categories c1_0 
    where
        c1_0.id=?
2026-03-16T00:24:57.068+05:30  INFO 17704 --- [product-service] [http-nio-8082-exec-1] c.e.p.service.ProductServiceImpl         : Product created successfully: MEN-TEE-GRY-001 | id: 7b4fed79-0c6c-49eb-9c57-f69c506d967c
2026-03-16T00:24:57.068+05:30  INFO 17704 --- [product-service] [http-nio-8082-exec-1] c.e.p.service.ProductServiceImpl         : Bulk create success: MEN-TEE-GRY-001
2026-03-16T00:24:57.068+05:30  INFO 17704 --- [product-service] [http-nio-8082-exec-1] c.e.p.service.ProductServiceImpl         : Creating product with SKU: MEN-TROU-WHT-001
2026-03-16T00:24:57.071+05:30 DEBUG 17704 --- [product-service] [http-nio-8082-exec-1] org.hibernate.SQL                        : 
    insert 
    into
        products
        (attributes, average_rating, brand_name, category_id, compare_at_price, cost_price, created_at, description, name, price, review_count, short_description, sku, sold_count, status, tags, updated_at, version, view_count, weight, id) 
    values
        (?, ?, ?, ?, ?, ?, ?, ?, ?, ?, ?, ?, ?, ?, ?, ?, ?, ?, ?, ?, ?)
2026-03-16T00:24:57.072+05:30  INFO 17704 --- [product-service] [kafka-producer-network-thread | producer-1] c.e.p.kafka.KafkaEventPublisher          : Event published → topic: product.created | key: 7b4fed79-0c6c-49eb-9c57-f69c506d967c | offset: 23
2026-03-16T00:24:57.079+05:30 DEBUG 17704 --- [product-service] [http-nio-8082-exec-1] org.hibernate.SQL                        : 
    insert 
    into
        product_images
        (alt_text, display_order, image_url, is_primary, product_id, id) 
    values
        (?, ?, ?, ?, ?, ?)
2026-03-16T00:24:57.081+05:30 DEBUG 17704 --- [product-service] [http-nio-8082-exec-1] org.hibernate.SQL                        : 
    insert 
    into
        inventories
        (last_updated, low_stock_threshold, product_id, quantity, reserved_quantity, warehouse_location, id) 
    values
        (?, ?, ?, ?, ?, ?, ?)
2026-03-16T00:24:57.083+05:30 DEBUG 17704 --- [product-service] [http-nio-8082-exec-1] org.hibernate.SQL                        : 
    insert 
    into
        stock_movements
        (created_at, movement_type, product_id, quantity, reason, reference_id, id) 
    values
        (?, ?, ?, ?, ?, ?, ?)
2026-03-16T00:24:57.085+05:30 DEBUG 17704 --- [product-service] [http-nio-8082-exec-1] org.hibernate.SQL                        : 
    select
        p1_0.id 
    from
        products p1_0 
    where
        p1_0.sku=? 
    limit
        ?
2026-03-16T00:24:57.087+05:30  INFO 17704 --- [product-service] [http-nio-8082-exec-1] c.e.p.service.ProductServiceImpl         : Product created successfully: MEN-TROU-WHT-001 | id: 8368a866-43af-44e8-b23c-f93bf0169543
2026-03-16T00:24:57.087+05:30  INFO 17704 --- [product-service] [http-nio-8082-exec-1] c.e.p.service.ProductServiceImpl         : Bulk create success: MEN-TROU-WHT-001
2026-03-16T00:24:57.088+05:30  INFO 17704 --- [product-service] [http-nio-8082-exec-1] c.e.p.service.ProductServiceImpl         : Creating product with SKU: MEN-CHIN-BLK-001
2026-03-16T00:24:57.090+05:30  INFO 17704 --- [product-service] [kafka-producer-network-thread | producer-1] c.e.p.kafka.KafkaEventPublisher          : Event published → topic: product.created | key: 8368a866-43af-44e8-b23c-f93bf0169543 | offset: 23
2026-03-16T00:24:57.090+05:30 DEBUG 17704 --- [product-service] [http-nio-8082-exec-1] org.hibernate.SQL                        : 
    insert 
    into
        products
        (attributes, average_rating, brand_name, category_id, compare_at_price, cost_price, created_at, description, name, price, review_count, short_description, sku, sold_count, status, tags, updated_at, version, view_count, weight, id) 
    values
        (?, ?, ?, ?, ?, ?, ?, ?, ?, ?, ?, ?, ?, ?, ?, ?, ?, ?, ?, ?, ?)
2026-03-16T00:24:57.092+05:30 DEBUG 17704 --- [product-service] [http-nio-8082-exec-1] org.hibernate.SQL                        : 
    insert 
    into
        product_images
        (alt_text, display_order, image_url, is_primary, product_id, id) 
    values
        (?, ?, ?, ?, ?, ?)
2026-03-16T00:24:57.093+05:30 DEBUG 17704 --- [product-service] [http-nio-8082-exec-1] org.hibernate.SQL                        : 
    insert 
    into
        inventories
        (last_updated, low_stock_threshold, product_id, quantity, reserved_quantity, warehouse_location, id) 
    values
        (?, ?, ?, ?, ?, ?, ?)
2026-03-16T00:24:57.093+05:30 DEBUG 17704 --- [product-service] [http-nio-8082-exec-1] org.hibernate.SQL                        : 
    insert 
    into
        stock_movements
        (created_at, movement_type, product_id, quantity, reason, reference_id, id) 
    values
        (?, ?, ?, ?, ?, ?, ?)
2026-03-16T00:24:57.095+05:30 DEBUG 17704 --- [product-service] [http-nio-8082-exec-1] org.hibernate.SQL                        : 
    select
        p1_0.id 
    from
        products p1_0 
    where
        p1_0.sku=? 
    limit
        ?
2026-03-16T00:24:57.098+05:30  INFO 17704 --- [product-service] [http-nio-8082-exec-1] c.e.p.service.ProductServiceImpl         : Product created successfully: MEN-CHIN-BLK-001 | id: d985f0ab-2c41-4878-a043-04b5bb819be2
2026-03-16T00:24:57.098+05:30  INFO 17704 --- [product-service] [http-nio-8082-exec-1] c.e.p.service.ProductServiceImpl         : Bulk create success: MEN-CHIN-BLK-001
2026-03-16T00:24:57.098+05:30  INFO 17704 --- [product-service] [http-nio-8082-exec-1] c.e.p.service.ProductServiceImpl         : Creating product with SKU: MEN-JOG-GRY-001
2026-03-16T00:24:57.100+05:30 DEBUG 17704 --- [product-service] [http-nio-8082-exec-1] org.hibernate.SQL                        : 
    insert 
    into
        products
        (attributes, average_rating, brand_name, category_id, compare_at_price, cost_price, created_at, description, name, price, review_count, short_description, sku, sold_count, status, tags, updated_at, version, view_count, weight, id) 
    values
        (?, ?, ?, ?, ?, ?, ?, ?, ?, ?, ?, ?, ?, ?, ?, ?, ?, ?, ?, ?, ?)
2026-03-16T00:24:57.101+05:30  INFO 17704 --- [product-service] [kafka-producer-network-thread | producer-1] c.e.p.kafka.KafkaEventPublisher          : Event published → topic: product.created | key: d985f0ab-2c41-4878-a043-04b5bb819be2 | offset: 27
2026-03-16T00:24:57.103+05:30 DEBUG 17704 --- [product-service] [http-nio-8082-exec-1] org.hibernate.SQL                        : 
    insert 
    into
        product_images
        (alt_text, display_order, image_url, is_primary, product_id, id) 
    values
        (?, ?, ?, ?, ?, ?)
2026-03-16T00:24:57.104+05:30 DEBUG 17704 --- [product-service] [http-nio-8082-exec-1] org.hibernate.SQL                        : 
    insert 
    into
        inventories
        (last_updated, low_stock_threshold, product_id, quantity, reserved_quantity, warehouse_location, id) 
    values
        (?, ?, ?, ?, ?, ?, ?)
2026-03-16T00:24:57.105+05:30 DEBUG 17704 --- [product-service] [http-nio-8082-exec-1] org.hibernate.SQL                        : 
    insert 
    into
        stock_movements
        (created_at, movement_type, product_id, quantity, reason, reference_id, id) 
    values
        (?, ?, ?, ?, ?, ?, ?)
2026-03-16T00:24:57.106+05:30 DEBUG 17704 --- [product-service] [http-nio-8082-exec-1] org.hibernate.SQL                        : 
    select
        p1_0.id 
    from
        products p1_0 
    where
        p1_0.sku=? 
    limit
        ?
2026-03-16T00:24:57.109+05:30  INFO 17704 --- [product-service] [http-nio-8082-exec-1] c.e.p.service.ProductServiceImpl         : Product created successfully: MEN-JOG-GRY-001 | id: 50005c56-1447-4b42-9c60-13352e4e7e47
2026-03-16T00:24:57.109+05:30  INFO 17704 --- [product-service] [http-nio-8082-exec-1] c.e.p.service.ProductServiceImpl         : Bulk create success: MEN-JOG-GRY-001
2026-03-16T00:24:57.109+05:30  INFO 17704 --- [product-service] [http-nio-8082-exec-1] c.e.p.service.ProductServiceImpl         : Creating product with SKU: WOM-PAL-TEAL-001
2026-03-16T00:24:57.111+05:30 DEBUG 17704 --- [product-service] [http-nio-8082-exec-1] org.hibernate.SQL                        : 
    insert 
    into
        products
        (attributes, average_rating, brand_name, category_id, compare_at_price, cost_price, created_at, description, name, price, review_count, short_description, sku, sold_count, status, tags, updated_at, version, view_count, weight, id) 
    values
        (?, ?, ?, ?, ?, ?, ?, ?, ?, ?, ?, ?, ?, ?, ?, ?, ?, ?, ?, ?, ?)
2026-03-16T00:24:57.111+05:30  INFO 17704 --- [product-service] [kafka-producer-network-thread | producer-1] c.e.p.kafka.KafkaEventPublisher          : Event published → topic: product.created | key: 50005c56-1447-4b42-9c60-13352e4e7e47 | offset: 24
2026-03-16T00:24:57.113+05:30 DEBUG 17704 --- [product-service] [http-nio-8082-exec-1] org.hibernate.SQL                        : 
    insert 
    into
        product_images
        (alt_text, display_order, image_url, is_primary, product_id, id) 
    values
        (?, ?, ?, ?, ?, ?)
2026-03-16T00:24:57.115+05:30 DEBUG 17704 --- [product-service] [http-nio-8082-exec-1] org.hibernate.SQL                        : 
    insert 
    into
        inventories
        (last_updated, low_stock_threshold, product_id, quantity, reserved_quantity, warehouse_location, id) 
    values
        (?, ?, ?, ?, ?, ?, ?)
2026-03-16T00:24:57.115+05:30 DEBUG 17704 --- [product-service] [http-nio-8082-exec-1] org.hibernate.SQL                        : 
    insert 
    into
        stock_movements
        (created_at, movement_type, product_id, quantity, reason, reference_id, id) 
    values
        (?, ?, ?, ?, ?, ?, ?)
2026-03-16T00:24:57.116+05:30 DEBUG 17704 --- [product-service] [http-nio-8082-exec-1] org.hibernate.SQL                        : 
    select
        p1_0.id 
    from
        products p1_0 
    where
        p1_0.sku=? 
    limit
        ?
2026-03-16T00:24:57.118+05:30 DEBUG 17704 --- [product-service] [http-nio-8082-exec-1] org.hibernate.SQL                        : 
    select
        c1_0.id,
        c1_0.created_at,
        c1_0.description,
        c1_0.display_order,
        c1_0.image_url,
        c1_0.is_active,
        c1_0.name,
        c1_0.parent_id,
        c1_0.slug 
    from
        categories c1_0 
    where
        c1_0.id=?
2026-03-16T00:24:57.122+05:30  INFO 17704 --- [product-service] [http-nio-8082-exec-1] c.e.p.service.ProductServiceImpl         : Product created successfully: WOM-PAL-TEAL-001 | id: 7aa196a6-bbf0-4e67-96fb-33f29f396867
2026-03-16T00:24:57.123+05:30  INFO 17704 --- [product-service] [http-nio-8082-exec-1] c.e.p.service.ProductServiceImpl         : Bulk create success: WOM-PAL-TEAL-001
2026-03-16T00:24:57.123+05:30  INFO 17704 --- [product-service] [http-nio-8082-exec-1] c.e.p.service.ProductServiceImpl         : Creating product with SKU: WOM-HEEL-STL-001
2026-03-16T00:24:57.125+05:30 DEBUG 17704 --- [product-service] [http-nio-8082-exec-1] org.hibernate.SQL                        : 
    insert 
    into
        products
        (attributes, average_rating, brand_name, category_id, compare_at_price, cost_price, created_at, description, name, price, review_count, short_description, sku, sold_count, status, tags, updated_at, version, view_count, weight, id) 
    values
        (?, ?, ?, ?, ?, ?, ?, ?, ?, ?, ?, ?, ?, ?, ?, ?, ?, ?, ?, ?, ?)
2026-03-16T00:24:57.126+05:30  INFO 17704 --- [product-service] [kafka-producer-network-thread | producer-1] c.e.p.kafka.KafkaEventPublisher          : Event published → topic: product.created | key: 7aa196a6-bbf0-4e67-96fb-33f29f396867 | offset: 28
2026-03-16T00:24:57.127+05:30 DEBUG 17704 --- [product-service] [http-nio-8082-exec-1] org.hibernate.SQL                        : 
    insert 
    into
        product_images
        (alt_text, display_order, image_url, is_primary, product_id, id) 
    values
        (?, ?, ?, ?, ?, ?)
2026-03-16T00:24:57.128+05:30 DEBUG 17704 --- [product-service] [http-nio-8082-exec-1] org.hibernate.SQL                        : 
    insert 
    into
        inventories
        (last_updated, low_stock_threshold, product_id, quantity, reserved_quantity, warehouse_location, id) 
    values
        (?, ?, ?, ?, ?, ?, ?)
2026-03-16T00:24:57.130+05:30 DEBUG 17704 --- [product-service] [http-nio-8082-exec-1] org.hibernate.SQL                        : 
    insert 
    into
        stock_movements
        (created_at, movement_type, product_id, quantity, reason, reference_id, id) 
    values
        (?, ?, ?, ?, ?, ?, ?)
2026-03-16T00:24:57.131+05:30 DEBUG 17704 --- [product-service] [http-nio-8082-exec-1] org.hibernate.SQL                        : 
    select
        p1_0.id 
    from
        products p1_0 
    where
        p1_0.sku=? 
    limit
        ?
2026-03-16T00:24:57.135+05:30  INFO 17704 --- [product-service] [http-nio-8082-exec-1] c.e.p.service.ProductServiceImpl         : Product created successfully: WOM-HEEL-STL-001 | id: 71baf7f4-d20d-46f1-a5e4-e03adff32460
2026-03-16T00:24:57.135+05:30  INFO 17704 --- [product-service] [http-nio-8082-exec-1] c.e.p.service.ProductServiceImpl         : Bulk create success: WOM-HEEL-STL-001
2026-03-16T00:24:57.135+05:30  INFO 17704 --- [product-service] [http-nio-8082-exec-1] c.e.p.service.ProductServiceImpl         : Creating product with SKU: WOM-BLS-SLK-001
2026-03-16T00:24:57.137+05:30 DEBUG 17704 --- [product-service] [http-nio-8082-exec-1] org.hibernate.SQL                        : 
    insert 
    into
        products
        (attributes, average_rating, brand_name, category_id, compare_at_price, cost_price, created_at, description, name, price, review_count, short_description, sku, sold_count, status, tags, updated_at, version, view_count, weight, id) 
    values
        (?, ?, ?, ?, ?, ?, ?, ?, ?, ?, ?, ?, ?, ?, ?, ?, ?, ?, ?, ?, ?)
2026-03-16T00:24:57.137+05:30  INFO 17704 --- [product-service] [kafka-producer-network-thread | producer-1] c.e.p.kafka.KafkaEventPublisher          : Event published → topic: product.created | key: 71baf7f4-d20d-46f1-a5e4-e03adff32460 | offset: 25
2026-03-16T00:24:57.141+05:30 DEBUG 17704 --- [product-service] [http-nio-8082-exec-1] org.hibernate.SQL                        : 
    insert 
    into
        product_images
        (alt_text, display_order, image_url, is_primary, product_id, id) 
    values
        (?, ?, ?, ?, ?, ?)
2026-03-16T00:24:57.143+05:30 DEBUG 17704 --- [product-service] [http-nio-8082-exec-1] org.hibernate.SQL                        : 
    insert 
    into
        inventories
        (last_updated, low_stock_threshold, product_id, quantity, reserved_quantity, warehouse_location, id) 
    values
        (?, ?, ?, ?, ?, ?, ?)
2026-03-16T00:24:57.144+05:30 DEBUG 17704 --- [product-service] [http-nio-8082-exec-1] org.hibernate.SQL                        : 
    insert 
    into
        stock_movements
        (created_at, movement_type, product_id, quantity, reason, reference_id, id) 
    values
        (?, ?, ?, ?, ?, ?, ?)
2026-03-16T00:24:57.146+05:30 DEBUG 17704 --- [product-service] [http-nio-8082-exec-1] org.hibernate.SQL                        : 
    select
        p1_0.id 
    from
        products p1_0 
    where
        p1_0.sku=? 
    limit
        ?
2026-03-16T00:24:57.148+05:30  INFO 17704 --- [product-service] [http-nio-8082-exec-1] c.e.p.service.ProductServiceImpl         : Product created successfully: WOM-BLS-SLK-001 | id: 881d469f-8878-4cf8-b770-d62b6c234d05
2026-03-16T00:24:57.148+05:30  INFO 17704 --- [product-service] [http-nio-8082-exec-1] c.e.p.service.ProductServiceImpl         : Bulk create success: WOM-BLS-SLK-001
2026-03-16T00:24:57.148+05:30  INFO 17704 --- [product-service] [http-nio-8082-exec-1] c.e.p.service.ProductServiceImpl         : Creating product with SKU: WOM-FLAT-PNK-001
2026-03-16T00:24:57.151+05:30 DEBUG 17704 --- [product-service] [http-nio-8082-exec-1] org.hibernate.SQL                        : 
    insert 
    into
        products
        (attributes, average_rating, brand_name, category_id, compare_at_price, cost_price, created_at, description, name, price, review_count, short_description, sku, sold_count, status, tags, updated_at, version, view_count, weight, id) 
    values
        (?, ?, ?, ?, ?, ?, ?, ?, ?, ?, ?, ?, ?, ?, ?, ?, ?, ?, ?, ?, ?)
2026-03-16T00:24:57.153+05:30  INFO 17704 --- [product-service] [kafka-producer-network-thread | producer-1] c.e.p.kafka.KafkaEventPublisher          : Event published → topic: product.created | key: 881d469f-8878-4cf8-b770-d62b6c234d05 | offset: 24
2026-03-16T00:24:57.154+05:30 DEBUG 17704 --- [product-service] [http-nio-8082-exec-1] org.hibernate.SQL                        : 
    insert 
    into
        product_images
        (alt_text, display_order, image_url, is_primary, product_id, id) 
    values
        (?, ?, ?, ?, ?, ?)
2026-03-16T00:24:57.155+05:30 DEBUG 17704 --- [product-service] [http-nio-8082-exec-1] org.hibernate.SQL                        : 
    insert 
    into
        inventories
        (last_updated, low_stock_threshold, product_id, quantity, reserved_quantity, warehouse_location, id) 
    values
        (?, ?, ?, ?, ?, ?, ?)
2026-03-16T00:24:57.157+05:30 DEBUG 17704 --- [product-service] [http-nio-8082-exec-1] org.hibernate.SQL                        : 
    insert 
    into
        stock_movements
        (created_at, movement_type, product_id, quantity, reason, reference_id, id) 
    values
        (?, ?, ?, ?, ?, ?, ?)
2026-03-16T00:24:57.158+05:30 DEBUG 17704 --- [product-service] [http-nio-8082-exec-1] org.hibernate.SQL                        : 
    select
        p1_0.id 
    from
        products p1_0 
    where
        p1_0.sku=? 
    limit
        ?
2026-03-16T00:24:57.160+05:30  INFO 17704 --- [product-service] [http-nio-8082-exec-1] c.e.p.service.ProductServiceImpl         : Product created successfully: WOM-FLAT-PNK-001 | id: 8f2079d8-83ff-47bc-8c50-4d46bcb9c8b8
2026-03-16T00:24:57.161+05:30  INFO 17704 --- [product-service] [http-nio-8082-exec-1] c.e.p.service.ProductServiceImpl         : Bulk create success: WOM-FLAT-PNK-001
2026-03-16T00:24:57.161+05:30  INFO 17704 --- [product-service] [http-nio-8082-exec-1] c.e.p.service.ProductServiceImpl         : Creating product with SKU: WOM-KURT-RED-001
2026-03-16T00:24:57.162+05:30 DEBUG 17704 --- [product-service] [http-nio-8082-exec-1] org.hibernate.SQL                        : 
    insert 
    into
        products
        (attributes, average_rating, brand_name, category_id, compare_at_price, cost_price, created_at, description, name, price, review_count, short_description, sku, sold_count, status, tags, updated_at, version, view_count, weight, id) 
    values
        (?, ?, ?, ?, ?, ?, ?, ?, ?, ?, ?, ?, ?, ?, ?, ?, ?, ?, ?, ?, ?)
2026-03-16T00:24:57.163+05:30  INFO 17704 --- [product-service] [kafka-producer-network-thread | producer-1] c.e.p.kafka.KafkaEventPublisher          : Event published → topic: product.created | key: 8f2079d8-83ff-47bc-8c50-4d46bcb9c8b8 | offset: 29
2026-03-16T00:24:57.164+05:30 DEBUG 17704 --- [product-service] [http-nio-8082-exec-1] org.hibernate.SQL                        : 
    insert 
    into
        product_images
        (alt_text, display_order, image_url, is_primary, product_id, id) 
    values
        (?, ?, ?, ?, ?, ?)
2026-03-16T00:24:57.165+05:30 DEBUG 17704 --- [product-service] [http-nio-8082-exec-1] org.hibernate.SQL                        : 
    insert 
    into
        inventories
        (last_updated, low_stock_threshold, product_id, quantity, reserved_quantity, warehouse_location, id) 
    values
        (?, ?, ?, ?, ?, ?, ?)
2026-03-16T00:24:57.167+05:30 DEBUG 17704 --- [product-service] [http-nio-8082-exec-1] org.hibernate.SQL                        : 
    insert 
    into
        stock_movements
        (created_at, movement_type, product_id, quantity, reason, reference_id, id) 
    values
        (?, ?, ?, ?, ?, ?, ?)
2026-03-16T00:24:57.170+05:30 DEBUG 17704 --- [product-service] [http-nio-8082-exec-1] org.hibernate.SQL                        : 
    select
        p1_0.id 
    from
        products p1_0 
    where
        p1_0.sku=? 
    limit
        ?
2026-03-16T00:24:57.173+05:30  INFO 17704 --- [product-service] [http-nio-8082-exec-1] c.e.p.service.ProductServiceImpl         : Product created successfully: WOM-KURT-RED-001 | id: 64f4cbce-c0e5-4e45-a2be-c3f925d08afd
2026-03-16T00:24:57.173+05:30  INFO 17704 --- [product-service] [http-nio-8082-exec-1] c.e.p.service.ProductServiceImpl         : Bulk create success: WOM-KURT-RED-001
2026-03-16T00:24:57.174+05:30  INFO 17704 --- [product-service] [http-nio-8082-exec-1] c.e.p.service.ProductServiceImpl         : Creating product with SKU: TOY-NERF-ELT-001
2026-03-16T00:24:57.176+05:30  INFO 17704 --- [product-service] [kafka-producer-network-thread | producer-1] c.e.p.kafka.KafkaEventPublisher          : Event published → topic: product.created | key: 64f4cbce-c0e5-4e45-a2be-c3f925d08afd | offset: 26
2026-03-16T00:24:57.177+05:30 DEBUG 17704 --- [product-service] [http-nio-8082-exec-1] org.hibernate.SQL                        : 
    insert 
    into
        products
        (attributes, average_rating, brand_name, category_id, compare_at_price, cost_price, created_at, description, name, price, review_count, short_description, sku, sold_count, status, tags, updated_at, version, view_count, weight, id) 
    values
        (?, ?, ?, ?, ?, ?, ?, ?, ?, ?, ?, ?, ?, ?, ?, ?, ?, ?, ?, ?, ?)
2026-03-16T00:24:57.179+05:30 DEBUG 17704 --- [product-service] [http-nio-8082-exec-1] org.hibernate.SQL                        : 
    insert 
    into
        product_images
        (alt_text, display_order, image_url, is_primary, product_id, id) 
    values
        (?, ?, ?, ?, ?, ?)
2026-03-16T00:24:57.180+05:30 DEBUG 17704 --- [product-service] [http-nio-8082-exec-1] org.hibernate.SQL                        : 
    insert 
    into
        inventories
        (last_updated, low_stock_threshold, product_id, quantity, reserved_quantity, warehouse_location, id) 
    values
        (?, ?, ?, ?, ?, ?, ?)
2026-03-16T00:24:57.181+05:30 DEBUG 17704 --- [product-service] [http-nio-8082-exec-1] org.hibernate.SQL                        : 
    insert 
    into
        stock_movements
        (created_at, movement_type, product_id, quantity, reason, reference_id, id) 
    values
        (?, ?, ?, ?, ?, ?, ?)
2026-03-16T00:24:57.182+05:30 DEBUG 17704 --- [product-service] [http-nio-8082-exec-1] org.hibernate.SQL                        : 
    select
        p1_0.id 
    from
        products p1_0 
    where
        p1_0.sku=? 
    limit
        ?
2026-03-16T00:24:57.183+05:30 DEBUG 17704 --- [product-service] [http-nio-8082-exec-1] org.hibernate.SQL                        : 
    select
        c1_0.id,
        c1_0.created_at,
        c1_0.description,
        c1_0.display_order,
        c1_0.image_url,
        c1_0.is_active,
        c1_0.name,
        c1_0.parent_id,
        c1_0.slug 
    from
        categories c1_0 
    where
        c1_0.id=?
2026-03-16T00:24:57.188+05:30  INFO 17704 --- [product-service] [http-nio-8082-exec-1] c.e.p.service.ProductServiceImpl         : Product created successfully: TOY-NERF-ELT-001 | id: 3b9ae8eb-fc21-4557-a5aa-915a3925aa7d
2026-03-16T00:24:57.189+05:30  INFO 17704 --- [product-service] [http-nio-8082-exec-1] c.e.p.service.ProductServiceImpl         : Bulk create success: TOY-NERF-ELT-001
2026-03-16T00:24:57.189+05:30  INFO 17704 --- [product-service] [http-nio-8082-exec-1] c.e.p.service.ProductServiceImpl         : Creating product with SKU: TOY-PZL-ANM-001
2026-03-16T00:24:57.192+05:30  INFO 17704 --- [product-service] [kafka-producer-network-thread | producer-1] c.e.p.kafka.KafkaEventPublisher          : Event published → topic: product.created | key: 3b9ae8eb-fc21-4557-a5aa-915a3925aa7d | offset: 30
2026-03-16T00:24:57.192+05:30 DEBUG 17704 --- [product-service] [http-nio-8082-exec-1] org.hibernate.SQL                        : 
    insert 
    into
        products
        (attributes, average_rating, brand_name, category_id, compare_at_price, cost_price, created_at, description, name, price, review_count, short_description, sku, sold_count, status, tags, updated_at, version, view_count, weight, id) 
    values
        (?, ?, ?, ?, ?, ?, ?, ?, ?, ?, ?, ?, ?, ?, ?, ?, ?, ?, ?, ?, ?)
2026-03-16T00:24:57.194+05:30 DEBUG 17704 --- [product-service] [http-nio-8082-exec-1] org.hibernate.SQL                        : 
    insert 
    into
        product_images
        (alt_text, display_order, image_url, is_primary, product_id, id) 
    values
        (?, ?, ?, ?, ?, ?)
2026-03-16T00:24:57.195+05:30 DEBUG 17704 --- [product-service] [http-nio-8082-exec-1] org.hibernate.SQL                        : 
    insert 
    into
        inventories
        (last_updated, low_stock_threshold, product_id, quantity, reserved_quantity, warehouse_location, id) 
    values
        (?, ?, ?, ?, ?, ?, ?)
2026-03-16T00:24:57.196+05:30 DEBUG 17704 --- [product-service] [http-nio-8082-exec-1] org.hibernate.SQL                        : 
    insert 
    into
        stock_movements
        (created_at, movement_type, product_id, quantity, reason, reference_id, id) 
    values
        (?, ?, ?, ?, ?, ?, ?)
2026-03-16T00:24:57.197+05:30 DEBUG 17704 --- [product-service] [http-nio-8082-exec-1] org.hibernate.SQL                        : 
    select
        p1_0.id 
    from
        products p1_0 
    where
        p1_0.sku=? 
    limit
        ?
2026-03-16T00:24:57.201+05:30  INFO 17704 --- [product-service] [http-nio-8082-exec-1] c.e.p.service.ProductServiceImpl         : Product created successfully: TOY-PZL-ANM-001 | id: 25b62060-00ba-4c5c-9d83-0dbabda1f5c6
2026-03-16T00:24:57.201+05:30  INFO 17704 --- [product-service] [http-nio-8082-exec-1] c.e.p.service.ProductServiceImpl         : Bulk create success: TOY-PZL-ANM-001
2026-03-16T00:24:57.202+05:30  INFO 17704 --- [product-service] [http-nio-8082-exec-1] c.e.p.service.ProductServiceImpl         : Creating product with SKU: TOY-BRDG-SNL-001
2026-03-16T00:24:57.206+05:30 DEBUG 17704 --- [product-service] [http-nio-8082-exec-1] org.hibernate.SQL                        : 
    insert 
    into
        products
        (attributes, average_rating, brand_name, category_id, compare_at_price, cost_price, created_at, description, name, price, review_count, short_description, sku, sold_count, status, tags, updated_at, version, view_count, weight, id) 
    values
        (?, ?, ?, ?, ?, ?, ?, ?, ?, ?, ?, ?, ?, ?, ?, ?, ?, ?, ?, ?, ?)
2026-03-16T00:24:57.206+05:30  INFO 17704 --- [product-service] [kafka-producer-network-thread | producer-1] c.e.p.kafka.KafkaEventPublisher          : Event published → topic: product.created | key: 25b62060-00ba-4c5c-9d83-0dbabda1f5c6 | offset: 27
2026-03-16T00:24:57.208+05:30 DEBUG 17704 --- [product-service] [http-nio-8082-exec-1] org.hibernate.SQL                        : 
    insert 
    into
        product_images
        (alt_text, display_order, image_url, is_primary, product_id, id) 
    values
        (?, ?, ?, ?, ?, ?)
2026-03-16T00:24:57.209+05:30 DEBUG 17704 --- [product-service] [http-nio-8082-exec-1] org.hibernate.SQL                        : 
    insert 
    into
        inventories
        (last_updated, low_stock_threshold, product_id, quantity, reserved_quantity, warehouse_location, id) 
    values
        (?, ?, ?, ?, ?, ?, ?)
2026-03-16T00:24:57.210+05:30 DEBUG 17704 --- [product-service] [http-nio-8082-exec-1] org.hibernate.SQL                        : 
    insert 
    into
        stock_movements
        (created_at, movement_type, product_id, quantity, reason, reference_id, id) 
    values
        (?, ?, ?, ?, ?, ?, ?)
2026-03-16T00:24:57.211+05:30 DEBUG 17704 --- [product-service] [http-nio-8082-exec-1] org.hibernate.SQL                        : 
    select
        p1_0.id 
    from
        products p1_0 
    where
        p1_0.sku=? 
    limit
        ?
2026-03-16T00:24:57.213+05:30  INFO 17704 --- [product-service] [http-nio-8082-exec-1] c.e.p.service.ProductServiceImpl         : Product created successfully: TOY-BRDG-SNL-001 | id: a65a5a4c-1ea3-40d4-b7a6-8ee26a003c72
2026-03-16T00:24:57.214+05:30  INFO 17704 --- [product-service] [http-nio-8082-exec-1] c.e.p.service.ProductServiceImpl         : Bulk create success: TOY-BRDG-SNL-001
2026-03-16T00:24:57.214+05:30  INFO 17704 --- [product-service] [http-nio-8082-exec-1] c.e.p.service.ProductServiceImpl         : Creating product with SKU: KID-COST-FAR-001
2026-03-16T00:24:57.218+05:30  INFO 17704 --- [product-service] [kafka-producer-network-thread | producer-1] c.e.p.kafka.KafkaEventPublisher          : Event published → topic: product.created | key: a65a5a4c-1ea3-40d4-b7a6-8ee26a003c72 | offset: 25
2026-03-16T00:24:57.218+05:30 DEBUG 17704 --- [product-service] [http-nio-8082-exec-1] org.hibernate.SQL                        : 
    insert 
    into
        products
        (attributes, average_rating, brand_name, category_id, compare_at_price, cost_price, created_at, description, name, price, review_count, short_description, sku, sold_count, status, tags, updated_at, version, view_count, weight, id) 
    values
        (?, ?, ?, ?, ?, ?, ?, ?, ?, ?, ?, ?, ?, ?, ?, ?, ?, ?, ?, ?, ?)
2026-03-16T00:24:57.222+05:30 DEBUG 17704 --- [product-service] [http-nio-8082-exec-1] org.hibernate.SQL                        : 
    insert 
    into
        product_images
        (alt_text, display_order, image_url, is_primary, product_id, id) 
    values
        (?, ?, ?, ?, ?, ?)
2026-03-16T00:24:57.224+05:30 DEBUG 17704 --- [product-service] [http-nio-8082-exec-1] org.hibernate.SQL                        : 
    insert 
    into
        inventories
        (last_updated, low_stock_threshold, product_id, quantity, reserved_quantity, warehouse_location, id) 
    values
        (?, ?, ?, ?, ?, ?, ?)
2026-03-16T00:24:57.225+05:30 DEBUG 17704 --- [product-service] [http-nio-8082-exec-1] org.hibernate.SQL                        : 
    insert 
    into
        stock_movements
        (created_at, movement_type, product_id, quantity, reason, reference_id, id) 
    values
        (?, ?, ?, ?, ?, ?, ?)
2026-03-16T00:24:57.226+05:30 DEBUG 17704 --- [product-service] [http-nio-8082-exec-1] org.hibernate.SQL                        : 
    select
        p1_0.id 
    from
        products p1_0 
    where
        p1_0.sku=? 
    limit
        ?
2026-03-16T00:24:57.227+05:30 DEBUG 17704 --- [product-service] [http-nio-8082-exec-1] org.hibernate.SQL                        : 
    select
        c1_0.id,
        c1_0.created_at,
        c1_0.description,
        c1_0.display_order,
        c1_0.image_url,
        c1_0.is_active,
        c1_0.name,
        c1_0.parent_id,
        c1_0.slug 
    from
        categories c1_0 
    where
        c1_0.id=?
2026-03-16T00:24:57.237+05:30  INFO 17704 --- [product-service] [http-nio-8082-exec-1] c.e.p.service.ProductServiceImpl         : Product created successfully: KID-COST-FAR-001 | id: f5f78060-9c3a-405c-809c-a6cf8ec21919
2026-03-16T00:24:57.237+05:30  INFO 17704 --- [product-service] [http-nio-8082-exec-1] c.e.p.service.ProductServiceImpl         : Bulk create success: KID-COST-FAR-001
2026-03-16T00:24:57.237+05:30  INFO 17704 --- [product-service] [http-nio-8082-exec-1] c.e.p.service.ProductServiceImpl         : Creating product with SKU: KID-SHRT-DNM-001
2026-03-16T00:24:57.240+05:30  INFO 17704 --- [product-service] [kafka-producer-network-thread | producer-1] c.e.p.kafka.KafkaEventPublisher          : Event published → topic: product.created | key: f5f78060-9c3a-405c-809c-a6cf8ec21919 | offset: 28
2026-03-16T00:24:57.240+05:30 DEBUG 17704 --- [product-service] [http-nio-8082-exec-1] org.hibernate.SQL                        : 
    insert 
    into
        products
        (attributes, average_rating, brand_name, category_id, compare_at_price, cost_price, created_at, description, name, price, review_count, short_description, sku, sold_count, status, tags, updated_at, version, view_count, weight, id) 
    values
        (?, ?, ?, ?, ?, ?, ?, ?, ?, ?, ?, ?, ?, ?, ?, ?, ?, ?, ?, ?, ?)
2026-03-16T00:24:57.243+05:30 DEBUG 17704 --- [product-service] [http-nio-8082-exec-1] org.hibernate.SQL                        : 
    insert 
    into
        product_images
        (alt_text, display_order, image_url, is_primary, product_id, id) 
    values
        (?, ?, ?, ?, ?, ?)
2026-03-16T00:24:57.245+05:30 DEBUG 17704 --- [product-service] [http-nio-8082-exec-1] org.hibernate.SQL                        : 
    insert 
    into
        inventories
        (last_updated, low_stock_threshold, product_id, quantity, reserved_quantity, warehouse_location, id) 
    values
        (?, ?, ?, ?, ?, ?, ?)
2026-03-16T00:24:57.247+05:30 DEBUG 17704 --- [product-service] [http-nio-8082-exec-1] org.hibernate.SQL                        : 
    insert 
    into
        stock_movements
        (created_at, movement_type, product_id, quantity, reason, reference_id, id) 
    values
        (?, ?, ?, ?, ?, ?, ?)
2026-03-16T00:24:57.249+05:30 DEBUG 17704 --- [product-service] [http-nio-8082-exec-1] org.hibernate.SQL                        : 
    select
        p1_0.id 
    from
        products p1_0 
    where
        p1_0.sku=? 
    limit
        ?
2026-03-16T00:24:57.257+05:30  INFO 17704 --- [product-service] [http-nio-8082-exec-1] c.e.p.service.ProductServiceImpl         : Product created successfully: KID-SHRT-DNM-001 | id: 50522630-5801-43f2-88cb-c3678643425f
2026-03-16T00:24:57.258+05:30  INFO 17704 --- [product-service] [http-nio-8082-exec-1] c.e.p.service.ProductServiceImpl         : Bulk create success: KID-SHRT-DNM-001
2026-03-16T00:24:57.258+05:30  INFO 17704 --- [product-service] [http-nio-8082-exec-1] c.e.p.service.ProductServiceImpl         : Creating product with SKU: HOME-PILW-GEO-001
2026-03-16T00:24:57.261+05:30 DEBUG 17704 --- [product-service] [http-nio-8082-exec-1] org.hibernate.SQL                        : 
    insert 
    into
        products
        (attributes, average_rating, brand_name, category_id, compare_at_price, cost_price, created_at, description, name, price, review_count, short_description, sku, sold_count, status, tags, updated_at, version, view_count, weight, id) 
    values
        (?, ?, ?, ?, ?, ?, ?, ?, ?, ?, ?, ?, ?, ?, ?, ?, ?, ?, ?, ?, ?)
2026-03-16T00:24:57.263+05:30  INFO 17704 --- [product-service] [kafka-producer-network-thread | producer-1] c.e.p.kafka.KafkaEventPublisher          : Event published → topic: product.created | key: 50522630-5801-43f2-88cb-c3678643425f | offset: 26
2026-03-16T00:24:57.264+05:30 DEBUG 17704 --- [product-service] [http-nio-8082-exec-1] org.hibernate.SQL                        : 
    insert 
    into
        product_images
        (alt_text, display_order, image_url, is_primary, product_id, id) 
    values
        (?, ?, ?, ?, ?, ?)
2026-03-16T00:24:57.266+05:30 DEBUG 17704 --- [product-service] [http-nio-8082-exec-1] org.hibernate.SQL                        : 
    insert 
    into
        inventories
        (last_updated, low_stock_threshold, product_id, quantity, reserved_quantity, warehouse_location, id) 
    values
        (?, ?, ?, ?, ?, ?, ?)
2026-03-16T00:24:57.270+05:30 DEBUG 17704 --- [product-service] [http-nio-8082-exec-1] org.hibernate.SQL                        : 
    insert 
    into
        stock_movements
        (created_at, movement_type, product_id, quantity, reason, reference_id, id) 
    values
        (?, ?, ?, ?, ?, ?, ?)
2026-03-16T00:24:57.273+05:30 DEBUG 17704 --- [product-service] [http-nio-8082-exec-1] org.hibernate.SQL                        : 
    select
        p1_0.id 
    from
        products p1_0 
    where
        p1_0.sku=? 
    limit
        ?
2026-03-16T00:24:57.276+05:30 DEBUG 17704 --- [product-service] [http-nio-8082-exec-1] org.hibernate.SQL                        : 
    select
        c1_0.id,
        c1_0.created_at,
        c1_0.description,
        c1_0.display_order,
        c1_0.image_url,
        c1_0.is_active,
        c1_0.name,
        c1_0.parent_id,
        c1_0.slug 
    from
        categories c1_0 
    where
        c1_0.id=?
2026-03-16T00:24:57.280+05:30  INFO 17704 --- [product-service] [http-nio-8082-exec-1] c.e.p.service.ProductServiceImpl         : Product created successfully: HOME-PILW-GEO-001 | id: f95e851e-eec2-4d77-b598-66770c76f2ea
2026-03-16T00:24:57.280+05:30  INFO 17704 --- [product-service] [http-nio-8082-exec-1] c.e.p.service.ProductServiceImpl         : Bulk create success: HOME-PILW-GEO-001
2026-03-16T00:24:57.280+05:30  INFO 17704 --- [product-service] [http-nio-8082-exec-1] c.e.p.service.ProductServiceImpl         : Creating product with SKU: HOME-FRM-WOD-001
2026-03-16T00:24:57.282+05:30  INFO 17704 --- [product-service] [kafka-producer-network-thread | producer-1] c.e.p.kafka.KafkaEventPublisher          : Event published → topic: product.created | key: f95e851e-eec2-4d77-b598-66770c76f2ea | offset: 31
2026-03-16T00:24:57.283+05:30 DEBUG 17704 --- [product-service] [http-nio-8082-exec-1] org.hibernate.SQL                        : 
    insert 
    into
        products
        (attributes, average_rating, brand_name, category_id, compare_at_price, cost_price, created_at, description, name, price, review_count, short_description, sku, sold_count, status, tags, updated_at, version, view_count, weight, id) 
    values
        (?, ?, ?, ?, ?, ?, ?, ?, ?, ?, ?, ?, ?, ?, ?, ?, ?, ?, ?, ?, ?)
2026-03-16T00:24:57.296+05:30 DEBUG 17704 --- [product-service] [http-nio-8082-exec-1] org.hibernate.SQL                        : 
    insert 
    into
        product_images
        (alt_text, display_order, image_url, is_primary, product_id, id) 
    values
        (?, ?, ?, ?, ?, ?)
2026-03-16T00:24:57.298+05:30 DEBUG 17704 --- [product-service] [http-nio-8082-exec-1] org.hibernate.SQL                        : 
    insert 
    into
        inventories
        (last_updated, low_stock_threshold, product_id, quantity, reserved_quantity, warehouse_location, id) 
    values
        (?, ?, ?, ?, ?, ?, ?)
2026-03-16T00:24:57.303+05:30 DEBUG 17704 --- [product-service] [http-nio-8082-exec-1] org.hibernate.SQL                        : 
    insert 
    into
        stock_movements
        (created_at, movement_type, product_id, quantity, reason, reference_id, id) 
    values
        (?, ?, ?, ?, ?, ?, ?)
2026-03-16T00:24:57.306+05:30 DEBUG 17704 --- [product-service] [http-nio-8082-exec-1] org.hibernate.SQL                        : 
    select
        p1_0.id 
    from
        products p1_0 
    where
        p1_0.sku=? 
    limit
        ?
2026-03-16T00:24:57.310+05:30  INFO 17704 --- [product-service] [http-nio-8082-exec-1] c.e.p.service.ProductServiceImpl         : Product created successfully: HOME-FRM-WOD-001 | id: e506d3d8-dec2-496d-8a7e-2370a98c255e
2026-03-16T00:24:57.310+05:30  INFO 17704 --- [product-service] [http-nio-8082-exec-1] c.e.p.service.ProductServiceImpl         : Bulk create success: HOME-FRM-WOD-001
2026-03-16T00:24:57.310+05:30  INFO 17704 --- [product-service] [http-nio-8082-exec-1] c.e.p.service.ProductServiceImpl         : Creating product with SKU: HOME-PLT-TRC-001
2026-03-16T00:24:57.313+05:30  INFO 17704 --- [product-service] [kafka-producer-network-thread | producer-1] c.e.p.kafka.KafkaEventPublisher          : Event published → topic: product.created | key: e506d3d8-dec2-496d-8a7e-2370a98c255e | offset: 29
2026-03-16T00:24:57.315+05:30 DEBUG 17704 --- [product-service] [http-nio-8082-exec-1] org.hibernate.SQL                        : 
    insert 
    into
        products
        (attributes, average_rating, brand_name, category_id, compare_at_price, cost_price, created_at, description, name, price, review_count, short_description, sku, sold_count, status, tags, updated_at, version, view_count, weight, id) 
    values
        (?, ?, ?, ?, ?, ?, ?, ?, ?, ?, ?, ?, ?, ?, ?, ?, ?, ?, ?, ?, ?)
2026-03-16T00:24:57.318+05:30 DEBUG 17704 --- [product-service] [http-nio-8082-exec-1] org.hibernate.SQL                        : 
    insert 
    into
        product_images
        (alt_text, display_order, image_url, is_primary, product_id, id) 
    values
        (?, ?, ?, ?, ?, ?)
2026-03-16T00:24:57.322+05:30 DEBUG 17704 --- [product-service] [http-nio-8082-exec-1] org.hibernate.SQL                        : 
    insert 
    into
        inventories
        (last_updated, low_stock_threshold, product_id, quantity, reserved_quantity, warehouse_location, id) 
    values
        (?, ?, ?, ?, ?, ?, ?)
2026-03-16T00:24:57.325+05:30 DEBUG 17704 --- [product-service] [http-nio-8082-exec-1] org.hibernate.SQL                        : 
    insert 
    into
        stock_movements
        (created_at, movement_type, product_id, quantity, reason, reference_id, id) 
    values
        (?, ?, ?, ?, ?, ?, ?)
2026-03-16T00:24:57.327+05:30 DEBUG 17704 --- [product-service] [http-nio-8082-exec-1] org.hibernate.SQL                        : 
    select
        p1_0.id 
    from
        products p1_0 
    where
        p1_0.sku=? 
    limit
        ?
2026-03-16T00:24:57.341+05:30  INFO 17704 --- [product-service] [http-nio-8082-exec-1] c.e.p.service.ProductServiceImpl         : Product created successfully: HOME-PLT-TRC-001 | id: 8b845dc4-30de-47a3-b3d4-98b41fc0ff6f
2026-03-16T00:24:57.342+05:30  INFO 17704 --- [product-service] [http-nio-8082-exec-1] c.e.p.service.ProductServiceImpl         : Bulk create success: HOME-PLT-TRC-001
2026-03-16T00:24:57.342+05:30  INFO 17704 --- [product-service] [http-nio-8082-exec-1] c.e.p.service.ProductServiceImpl         : Creating product with SKU: HOME-BLKT-FLC-001
2026-03-16T00:24:57.346+05:30  INFO 17704 --- [product-service] [kafka-producer-network-thread | producer-1] c.e.p.kafka.KafkaEventPublisher          : Event published → topic: product.created | key: 8b845dc4-30de-47a3-b3d4-98b41fc0ff6f | offset: 27
2026-03-16T00:24:57.348+05:30 DEBUG 17704 --- [product-service] [http-nio-8082-exec-1] org.hibernate.SQL                        : 
    insert 
    into
        products
        (attributes, average_rating, brand_name, category_id, compare_at_price, cost_price, created_at, description, name, price, review_count, short_description, sku, sold_count, status, tags, updated_at, version, view_count, weight, id) 
    values
        (?, ?, ?, ?, ?, ?, ?, ?, ?, ?, ?, ?, ?, ?, ?, ?, ?, ?, ?, ?, ?)
2026-03-16T00:24:57.354+05:30 DEBUG 17704 --- [product-service] [http-nio-8082-exec-1] org.hibernate.SQL                        : 
    insert 
    into
        product_images
        (alt_text, display_order, image_url, is_primary, product_id, id) 
    values
        (?, ?, ?, ?, ?, ?)
2026-03-16T00:24:57.356+05:30 DEBUG 17704 --- [product-service] [http-nio-8082-exec-1] org.hibernate.SQL                        : 
    insert 
    into
        inventories
        (last_updated, low_stock_threshold, product_id, quantity, reserved_quantity, warehouse_location, id) 
    values
        (?, ?, ?, ?, ?, ?, ?)
2026-03-16T00:24:57.360+05:30 DEBUG 17704 --- [product-service] [http-nio-8082-exec-1] org.hibernate.SQL                        : 
    insert 
    into
        stock_movements
        (created_at, movement_type, product_id, quantity, reason, reference_id, id) 
    values
        (?, ?, ?, ?, ?, ?, ?)
2026-03-16T00:24:57.362+05:30 DEBUG 17704 --- [product-service] [http-nio-8082-exec-1] org.hibernate.SQL                        : 
    select
        p1_0.id 
    from
        products p1_0 
    where
        p1_0.sku=? 
    limit
        ?
2026-03-16T00:24:57.366+05:30  INFO 17704 --- [product-service] [http-nio-8082-exec-1] c.e.p.service.ProductServiceImpl         : Product created successfully: HOME-BLKT-FLC-001 | id: 84f4b069-b42f-4dd4-872d-33ae01aaeb1c
2026-03-16T00:24:57.367+05:30  INFO 17704 --- [product-service] [http-nio-8082-exec-1] c.e.p.service.ProductServiceImpl         : Bulk create success: HOME-BLKT-FLC-001
2026-03-16T00:24:57.367+05:30  INFO 17704 --- [product-service] [http-nio-8082-exec-1] c.e.p.service.ProductServiceImpl         : Creating product with SKU: HOME-CNT-GLS-001
2026-03-16T00:24:57.370+05:30  INFO 17704 --- [product-service] [kafka-producer-network-thread | producer-1] c.e.p.kafka.KafkaEventPublisher          : Event published → topic: product.created | key: 84f4b069-b42f-4dd4-872d-33ae01aaeb1c | offset: 32
2026-03-16T00:24:57.374+05:30 DEBUG 17704 --- [product-service] [http-nio-8082-exec-1] org.hibernate.SQL                        : 
    insert 
    into
        products
        (attributes, average_rating, brand_name, category_id, compare_at_price, cost_price, created_at, description, name, price, review_count, short_description, sku, sold_count, status, tags, updated_at, version, view_count, weight, id) 
    values
        (?, ?, ?, ?, ?, ?, ?, ?, ?, ?, ?, ?, ?, ?, ?, ?, ?, ?, ?, ?, ?)
2026-03-16T00:24:57.384+05:30 DEBUG 17704 --- [product-service] [http-nio-8082-exec-1] org.hibernate.SQL                        : 
    insert 
    into
        product_images
        (alt_text, display_order, image_url, is_primary, product_id, id) 
    values
        (?, ?, ?, ?, ?, ?)
2026-03-16T00:24:57.386+05:30 DEBUG 17704 --- [product-service] [http-nio-8082-exec-1] org.hibernate.SQL                        : 
    insert 
    into
        inventories
        (last_updated, low_stock_threshold, product_id, quantity, reserved_quantity, warehouse_location, id) 
    values
        (?, ?, ?, ?, ?, ?, ?)
2026-03-16T00:24:57.387+05:30 DEBUG 17704 --- [product-service] [http-nio-8082-exec-1] org.hibernate.SQL                        : 
    insert 
    into
        stock_movements
        (created_at, movement_type, product_id, quantity, reason, reference_id, id) 
    values
        (?, ?, ?, ?, ?, ?, ?)
2026-03-16T00:24:57.389+05:30 DEBUG 17704 --- [product-service] [http-nio-8082-exec-1] org.hibernate.SQL                        : 
    select
        p1_0.id 
    from
        products p1_0 
    where
        p1_0.sku=? 
    limit
        ?
2026-03-16T00:24:57.393+05:30  INFO 17704 --- [product-service] [http-nio-8082-exec-1] c.e.p.service.ProductServiceImpl         : Product created successfully: HOME-CNT-GLS-001 | id: 4ac2e588-27b1-4f32-8c19-8c711af082c0
2026-03-16T00:24:57.394+05:30  INFO 17704 --- [product-service] [http-nio-8082-exec-1] c.e.p.service.ProductServiceImpl         : Bulk create success: HOME-CNT-GLS-001
2026-03-16T00:24:57.394+05:30  INFO 17704 --- [product-service] [http-nio-8082-exec-1] c.e.p.service.ProductServiceImpl         : Creating product with SKU: PHN-RME-GT6-128
2026-03-16T00:24:57.397+05:30  INFO 17704 --- [product-service] [kafka-producer-network-thread | producer-1] c.e.p.kafka.KafkaEventPublisher          : Event published → topic: product.created | key: 4ac2e588-27b1-4f32-8c19-8c711af082c0 | offset: 28
2026-03-16T00:24:57.398+05:30 DEBUG 17704 --- [product-service] [http-nio-8082-exec-1] org.hibernate.SQL                        : 
    insert 
    into
        products
        (attributes, average_rating, brand_name, category_id, compare_at_price, cost_price, created_at, description, name, price, review_count, short_description, sku, sold_count, status, tags, updated_at, version, view_count, weight, id) 
    values
        (?, ?, ?, ?, ?, ?, ?, ?, ?, ?, ?, ?, ?, ?, ?, ?, ?, ?, ?, ?, ?)
2026-03-16T00:24:57.401+05:30 DEBUG 17704 --- [product-service] [http-nio-8082-exec-1] org.hibernate.SQL                        : 
    insert 
    into
        product_images
        (alt_text, display_order, image_url, is_primary, product_id, id) 
    values
        (?, ?, ?, ?, ?, ?)
2026-03-16T00:24:57.404+05:30 DEBUG 17704 --- [product-service] [http-nio-8082-exec-1] org.hibernate.SQL                        : 
    insert 
    into
        inventories
        (last_updated, low_stock_threshold, product_id, quantity, reserved_quantity, warehouse_location, id) 
    values
        (?, ?, ?, ?, ?, ?, ?)
2026-03-16T00:24:57.407+05:30 DEBUG 17704 --- [product-service] [http-nio-8082-exec-1] org.hibernate.SQL                        : 
    insert 
    into
        stock_movements
        (created_at, movement_type, product_id, quantity, reason, reference_id, id) 
    values
        (?, ?, ?, ?, ?, ?, ?)
2026-03-16T00:24:57.409+05:30 DEBUG 17704 --- [product-service] [http-nio-8082-exec-1] org.hibernate.SQL                        : 
    select
        p1_0.id 
    from
        products p1_0 
    where
        p1_0.sku=? 
    limit
        ?
2026-03-16T00:24:57.411+05:30 DEBUG 17704 --- [product-service] [http-nio-8082-exec-1] org.hibernate.SQL                        : 
    select
        c1_0.id,
        c1_0.created_at,
        c1_0.description,
        c1_0.display_order,
        c1_0.image_url,
        c1_0.is_active,
        c1_0.name,
        c1_0.parent_id,
        c1_0.slug 
    from
        categories c1_0 
    where
        c1_0.id=?
2026-03-16T00:24:57.417+05:30  INFO 17704 --- [product-service] [http-nio-8082-exec-1] c.e.p.service.ProductServiceImpl         : Product created successfully: PHN-RME-GT6-128 | id: 57d39fa9-d741-444f-bdd8-0333d400da66
2026-03-16T00:24:57.417+05:30  INFO 17704 --- [product-service] [http-nio-8082-exec-1] c.e.p.service.ProductServiceImpl         : Bulk create success: PHN-RME-GT6-128
2026-03-16T00:24:57.417+05:30  INFO 17704 --- [product-service] [http-nio-8082-exec-1] c.e.p.service.ProductServiceImpl         : Creating product with SKU: PHN-OPP-R11P-256
2026-03-16T00:24:57.420+05:30  INFO 17704 --- [product-service] [kafka-producer-network-thread | producer-1] c.e.p.kafka.KafkaEventPublisher          : Event published → topic: product.created | key: 57d39fa9-d741-444f-bdd8-0333d400da66 | offset: 33
2026-03-16T00:24:57.431+05:30 DEBUG 17704 --- [product-service] [http-nio-8082-exec-1] org.hibernate.SQL                        : 
    insert 
    into
        products
        (attributes, average_rating, brand_name, category_id, compare_at_price, cost_price, created_at, description, name, price, review_count, short_description, sku, sold_count, status, tags, updated_at, version, view_count, weight, id) 
    values
        (?, ?, ?, ?, ?, ?, ?, ?, ?, ?, ?, ?, ?, ?, ?, ?, ?, ?, ?, ?, ?)
2026-03-16T00:24:57.436+05:30 DEBUG 17704 --- [product-service] [http-nio-8082-exec-1] org.hibernate.SQL                        : 
    insert 
    into
        product_images
        (alt_text, display_order, image_url, is_primary, product_id, id) 
    values
        (?, ?, ?, ?, ?, ?)
2026-03-16T00:24:57.438+05:30 DEBUG 17704 --- [product-service] [http-nio-8082-exec-1] org.hibernate.SQL                        : 
    insert 
    into
        inventories
        (last_updated, low_stock_threshold, product_id, quantity, reserved_quantity, warehouse_location, id) 
    values
        (?, ?, ?, ?, ?, ?, ?)
2026-03-16T00:24:57.441+05:30 DEBUG 17704 --- [product-service] [http-nio-8082-exec-1] org.hibernate.SQL                        : 
    insert 
    into
        stock_movements
        (created_at, movement_type, product_id, quantity, reason, reference_id, id) 
    values
        (?, ?, ?, ?, ?, ?, ?)
2026-03-16T00:24:57.443+05:30 DEBUG 17704 --- [product-service] [http-nio-8082-exec-1] org.hibernate.SQL                        : 
    select
        p1_0.id 
    from
        products p1_0 
    where
        p1_0.sku=? 
    limit
        ?
2026-03-16T00:24:57.448+05:30  INFO 17704 --- [product-service] [http-nio-8082-exec-1] c.e.p.service.ProductServiceImpl         : Product created successfully: PHN-OPP-R11P-256 | id: 690e72f7-dff5-45f2-9357-f1e0d22ffef7
2026-03-16T00:24:57.451+05:30  INFO 17704 --- [product-service] [http-nio-8082-exec-1] c.e.p.service.ProductServiceImpl         : Bulk create success: PHN-OPP-R11P-256
2026-03-16T00:24:57.451+05:30  INFO 17704 --- [product-service] [http-nio-8082-exec-1] c.e.p.service.ProductServiceImpl         : Creating product with SKU: PHN-IQOO12-256
2026-03-16T00:24:57.452+05:30  INFO 17704 --- [product-service] [kafka-producer-network-thread | producer-1] c.e.p.kafka.KafkaEventPublisher          : Event published → topic: product.created | key: 690e72f7-dff5-45f2-9357-f1e0d22ffef7 | offset: 34
2026-03-16T00:24:57.458+05:30 DEBUG 17704 --- [product-service] [http-nio-8082-exec-1] org.hibernate.SQL                        : 
    insert 
    into
        products
        (attributes, average_rating, brand_name, category_id, compare_at_price, cost_price, created_at, description, name, price, review_count, short_description, sku, sold_count, status, tags, updated_at, version, view_count, weight, id) 
    values
        (?, ?, ?, ?, ?, ?, ?, ?, ?, ?, ?, ?, ?, ?, ?, ?, ?, ?, ?, ?, ?)
2026-03-16T00:24:57.463+05:30 DEBUG 17704 --- [product-service] [http-nio-8082-exec-1] org.hibernate.SQL                        : 
    insert 
    into
        product_images
        (alt_text, display_order, image_url, is_primary, product_id, id) 
    values
        (?, ?, ?, ?, ?, ?)
2026-03-16T00:24:57.465+05:30 DEBUG 17704 --- [product-service] [http-nio-8082-exec-1] org.hibernate.SQL                        : 
    insert 
    into
        inventories
        (last_updated, low_stock_threshold, product_id, quantity, reserved_quantity, warehouse_location, id) 
    values
        (?, ?, ?, ?, ?, ?, ?)
2026-03-16T00:24:57.467+05:30 DEBUG 17704 --- [product-service] [http-nio-8082-exec-1] org.hibernate.SQL                        : 
    insert 
    into
        stock_movements
        (created_at, movement_type, product_id, quantity, reason, reference_id, id) 
    values
        (?, ?, ?, ?, ?, ?, ?)
2026-03-16T00:24:57.470+05:30 DEBUG 17704 --- [product-service] [http-nio-8082-exec-1] org.hibernate.SQL                        : 
    select
        p1_0.id 
    from
        products p1_0 
    where
        p1_0.sku=? 
    limit
        ?
2026-03-16T00:24:57.474+05:30  INFO 17704 --- [product-service] [http-nio-8082-exec-1] c.e.p.service.ProductServiceImpl         : Product created successfully: PHN-IQOO12-256 | id: 918f0edf-4061-44d6-8f64-096d52d58d6f
2026-03-16T00:24:57.475+05:30  INFO 17704 --- [product-service] [http-nio-8082-exec-1] c.e.p.service.ProductServiceImpl         : Bulk create success: PHN-IQOO12-256
2026-03-16T00:24:57.475+05:30  INFO 17704 --- [product-service] [http-nio-8082-exec-1] c.e.p.service.ProductServiceImpl         : Creating product with SKU: WTC-BOT-XTD-001
2026-03-16T00:24:57.478+05:30  INFO 17704 --- [product-service] [kafka-producer-network-thread | producer-1] c.e.p.kafka.KafkaEventPublisher          : Event published → topic: product.created | key: 918f0edf-4061-44d6-8f64-096d52d58d6f | offset: 30
2026-03-16T00:24:57.485+05:30 DEBUG 17704 --- [product-service] [http-nio-8082-exec-1] org.hibernate.SQL                        : 
    insert 
    into
        products
        (attributes, average_rating, brand_name, category_id, compare_at_price, cost_price, created_at, description, name, price, review_count, short_description, sku, sold_count, status, tags, updated_at, version, view_count, weight, id) 
    values
        (?, ?, ?, ?, ?, ?, ?, ?, ?, ?, ?, ?, ?, ?, ?, ?, ?, ?, ?, ?, ?)
2026-03-16T00:24:57.489+05:30 DEBUG 17704 --- [product-service] [http-nio-8082-exec-1] org.hibernate.SQL                        : 
    insert 
    into
        product_images
        (alt_text, display_order, image_url, is_primary, product_id, id) 
    values
        (?, ?, ?, ?, ?, ?)
2026-03-16T00:24:57.492+05:30 DEBUG 17704 --- [product-service] [http-nio-8082-exec-1] org.hibernate.SQL                        : 
    insert 
    into
        inventories
        (last_updated, low_stock_threshold, product_id, quantity, reserved_quantity, warehouse_location, id) 
    values
        (?, ?, ?, ?, ?, ?, ?)
2026-03-16T00:24:57.494+05:30 DEBUG 17704 --- [product-service] [http-nio-8082-exec-1] org.hibernate.SQL                        : 
    insert 
    into
        stock_movements
        (created_at, movement_type, product_id, quantity, reason, reference_id, id) 
    values
        (?, ?, ?, ?, ?, ?, ?)
2026-03-16T00:24:57.495+05:30 DEBUG 17704 --- [product-service] [http-nio-8082-exec-1] org.hibernate.SQL                        : 
    select
        p1_0.id 
    from
        products p1_0 
    where
        p1_0.sku=? 
    limit
        ?
2026-03-16T00:24:57.498+05:30 DEBUG 17704 --- [product-service] [http-nio-8082-exec-1] org.hibernate.SQL                        : 
    select
        c1_0.id,
        c1_0.created_at,
        c1_0.description,
        c1_0.display_order,
        c1_0.image_url,
        c1_0.is_active,
        c1_0.name,
        c1_0.parent_id,
        c1_0.slug 
    from
        categories c1_0 
    where
        c1_0.id=?
2026-03-16T00:24:57.506+05:30  INFO 17704 --- [product-service] [http-nio-8082-exec-1] c.e.p.service.ProductServiceImpl         : Product created successfully: WTC-BOT-XTD-001 | id: af8d9a56-e749-4c3e-b91b-1daa9facc75e
2026-03-16T00:24:57.506+05:30  INFO 17704 --- [product-service] [http-nio-8082-exec-1] c.e.p.service.ProductServiceImpl         : Bulk create success: WTC-BOT-XTD-001
2026-03-16T00:24:57.506+05:30  INFO 17704 --- [product-service] [http-nio-8082-exec-1] c.e.p.service.ProductServiceImpl         : Creating product with SKU: WTC-FSL-G6-001
2026-03-16T00:24:57.510+05:30  INFO 17704 --- [product-service] [kafka-producer-network-thread | producer-1] c.e.p.kafka.KafkaEventPublisher          : Event published → topic: product.created | key: af8d9a56-e749-4c3e-b91b-1daa9facc75e | offset: 35
2026-03-16T00:24:57.511+05:30 DEBUG 17704 --- [product-service] [http-nio-8082-exec-1] org.hibernate.SQL                        : 
    insert 
    into
        products
        (attributes, average_rating, brand_name, category_id, compare_at_price, cost_price, created_at, description, name, price, review_count, short_description, sku, sold_count, status, tags, updated_at, version, view_count, weight, id) 
    values
        (?, ?, ?, ?, ?, ?, ?, ?, ?, ?, ?, ?, ?, ?, ?, ?, ?, ?, ?, ?, ?)
2026-03-16T00:24:57.514+05:30 DEBUG 17704 --- [product-service] [http-nio-8082-exec-1] org.hibernate.SQL                        : 
    insert 
    into
        product_images
        (alt_text, display_order, image_url, is_primary, product_id, id) 
    values
        (?, ?, ?, ?, ?, ?)
2026-03-16T00:24:57.515+05:30 DEBUG 17704 --- [product-service] [http-nio-8082-exec-1] org.hibernate.SQL                        : 
    insert 
    into
        inventories
        (last_updated, low_stock_threshold, product_id, quantity, reserved_quantity, warehouse_location, id) 
    values
        (?, ?, ?, ?, ?, ?, ?)
2026-03-16T00:24:57.516+05:30 DEBUG 17704 --- [product-service] [http-nio-8082-exec-1] org.hibernate.SQL                        : 
    insert 
    into
        stock_movements
        (created_at, movement_type, product_id, quantity, reason, reference_id, id) 
    values
        (?, ?, ?, ?, ?, ?, ?)
2026-03-16T00:24:57.520+05:30 DEBUG 17704 --- [product-service] [http-nio-8082-exec-1] org.hibernate.SQL                        : 
    select
        p1_0.id 
    from
        products p1_0 
    where
        p1_0.sku=? 
    limit
        ?
2026-03-16T00:24:57.526+05:30  INFO 17704 --- [product-service] [kafka-producer-network-thread | producer-1] c.e.p.kafka.KafkaEventPublisher          : Event published → topic: product.created | key: 86c1b35b-196a-423b-bc08-0e41b5169ed6 | offset: 36
2026-03-16T00:24:57.524+05:30  INFO 17704 --- [product-service] [http-nio-8082-exec-1] c.e.p.service.ProductServiceImpl         : Product created successfully: WTC-FSL-G6-001 | id: 86c1b35b-196a-423b-bc08-0e41b5169ed6
2026-03-16T00:24:57.527+05:30  INFO 17704 --- [product-service] [http-nio-8082-exec-1] c.e.p.service.ProductServiceImpl         : Bulk create success: WTC-FSL-G6-001
2026-03-16T00:24:57.527+05:30  INFO 17704 --- [product-service] [http-nio-8082-exec-1] c.e.p.service.ProductServiceImpl         : Creating product with SKU: WTC-DW-CLB-001
2026-03-16T00:24:57.530+05:30 DEBUG 17704 --- [product-service] [http-nio-8082-exec-1] org.hibernate.SQL                        : 
    insert 
    into
        products
        (attributes, average_rating, brand_name, category_id, compare_at_price, cost_price, created_at, description, name, price, review_count, short_description, sku, sold_count, status, tags, updated_at, version, view_count, weight, id) 
    values
        (?, ?, ?, ?, ?, ?, ?, ?, ?, ?, ?, ?, ?, ?, ?, ?, ?, ?, ?, ?, ?)
2026-03-16T00:24:57.533+05:30 DEBUG 17704 --- [product-service] [http-nio-8082-exec-1] org.hibernate.SQL                        : 
    insert 
    into
        product_images
        (alt_text, display_order, image_url, is_primary, product_id, id) 
    values
        (?, ?, ?, ?, ?, ?)
2026-03-16T00:24:57.535+05:30 DEBUG 17704 --- [product-service] [http-nio-8082-exec-1] org.hibernate.SQL                        : 
    insert 
    into
        inventories
        (last_updated, low_stock_threshold, product_id, quantity, reserved_quantity, warehouse_location, id) 
    values
        (?, ?, ?, ?, ?, ?, ?)
2026-03-16T00:24:57.538+05:30 DEBUG 17704 --- [product-service] [http-nio-8082-exec-1] org.hibernate.SQL                        : 
    insert 
    into
        stock_movements
        (created_at, movement_type, product_id, quantity, reason, reference_id, id) 
    values
        (?, ?, ?, ?, ?, ?, ?)
2026-03-16T00:24:57.539+05:30 DEBUG 17704 --- [product-service] [http-nio-8082-exec-1] org.hibernate.SQL                        : 
    select
        p1_0.id 
    from
        products p1_0 
    where
        p1_0.sku=? 
    limit
        ?
2026-03-16T00:24:57.542+05:30  INFO 17704 --- [product-service] [http-nio-8082-exec-1] c.e.p.service.ProductServiceImpl         : Product created successfully: WTC-DW-CLB-001 | id: 0f3de344-2162-4d5b-91bc-5e9a1cc909fe
2026-03-16T00:24:57.543+05:30  INFO 17704 --- [product-service] [http-nio-8082-exec-1] c.e.p.service.ProductServiceImpl         : Bulk create success: WTC-DW-CLB-001
2026-03-16T00:24:57.543+05:30  INFO 17704 --- [product-service] [http-nio-8082-exec-1] c.e.p.service.ProductServiceImpl         : Creating product with SKU: GAD-ZEB-WCM-001
2026-03-16T00:24:57.546+05:30  INFO 17704 --- [product-service] [kafka-producer-network-thread | producer-1] c.e.p.kafka.KafkaEventPublisher          : Event published → topic: product.created | key: 0f3de344-2162-4d5b-91bc-5e9a1cc909fe | offset: 29
2026-03-16T00:24:57.547+05:30 DEBUG 17704 --- [product-service] [http-nio-8082-exec-1] org.hibernate.SQL                        : 
    insert 
    into
        products
        (attributes, average_rating, brand_name, category_id, compare_at_price, cost_price, created_at, description, name, price, review_count, short_description, sku, sold_count, status, tags, updated_at, version, view_count, weight, id) 
    values
        (?, ?, ?, ?, ?, ?, ?, ?, ?, ?, ?, ?, ?, ?, ?, ?, ?, ?, ?, ?, ?)
2026-03-16T00:24:57.551+05:30 DEBUG 17704 --- [product-service] [http-nio-8082-exec-1] org.hibernate.SQL                        : 
    insert 
    into
        product_images
        (alt_text, display_order, image_url, is_primary, product_id, id) 
    values
        (?, ?, ?, ?, ?, ?)
2026-03-16T00:24:57.553+05:30 DEBUG 17704 --- [product-service] [http-nio-8082-exec-1] org.hibernate.SQL                        : 
    insert 
    into
        inventories
        (last_updated, low_stock_threshold, product_id, quantity, reserved_quantity, warehouse_location, id) 
    values
        (?, ?, ?, ?, ?, ?, ?)
2026-03-16T00:24:57.555+05:30 DEBUG 17704 --- [product-service] [http-nio-8082-exec-1] org.hibernate.SQL                        : 
    insert 
    into
        stock_movements
        (created_at, movement_type, product_id, quantity, reason, reference_id, id) 
    values
        (?, ?, ?, ?, ?, ?, ?)
2026-03-16T00:24:57.557+05:30 DEBUG 17704 --- [product-service] [http-nio-8082-exec-1] org.hibernate.SQL                        : 
    select
        p1_0.id 
    from
        products p1_0 
    where
        p1_0.sku=? 
    limit
        ?
2026-03-16T00:24:57.559+05:30 DEBUG 17704 --- [product-service] [http-nio-8082-exec-1] org.hibernate.SQL                        : 
    select
        c1_0.id,
        c1_0.created_at,
        c1_0.description,
        c1_0.display_order,
        c1_0.image_url,
        c1_0.is_active,
        c1_0.name,
        c1_0.parent_id,
        c1_0.slug 
    from
        categories c1_0 
    where
        c1_0.id=?
2026-03-16T00:24:57.562+05:30  INFO 17704 --- [product-service] [http-nio-8082-exec-1] c.e.p.service.ProductServiceImpl         : Product created successfully: GAD-ZEB-WCM-001 | id: ddf1ce4f-b638-45ca-bdc8-60aa6e7008d2
2026-03-16T00:24:57.562+05:30  INFO 17704 --- [product-service] [http-nio-8082-exec-1] c.e.p.service.ProductServiceImpl         : Bulk create success: GAD-ZEB-WCM-001
2026-03-16T00:24:57.562+05:30  INFO 17704 --- [product-service] [http-nio-8082-exec-1] c.e.p.service.ProductServiceImpl         : Creating product with SKU: GAD-HP-LJM209-001
2026-03-16T00:24:57.565+05:30  INFO 17704 --- [product-service] [kafka-producer-network-thread | producer-1] c.e.p.kafka.KafkaEventPublisher          : Event published → topic: product.created | key: ddf1ce4f-b638-45ca-bdc8-60aa6e7008d2 | offset: 37
2026-03-16T00:24:57.570+05:30 DEBUG 17704 --- [product-service] [http-nio-8082-exec-1] org.hibernate.SQL                        : 
    insert 
    into
        products
        (attributes, average_rating, brand_name, category_id, compare_at_price, cost_price, created_at, description, name, price, review_count, short_description, sku, sold_count, status, tags, updated_at, version, view_count, weight, id) 
    values
        (?, ?, ?, ?, ?, ?, ?, ?, ?, ?, ?, ?, ?, ?, ?, ?, ?, ?, ?, ?, ?)
2026-03-16T00:24:57.573+05:30 DEBUG 17704 --- [product-service] [http-nio-8082-exec-1] org.hibernate.SQL                        : 
    insert 
    into
        product_images
        (alt_text, display_order, image_url, is_primary, product_id, id) 
    values
        (?, ?, ?, ?, ?, ?)
2026-03-16T00:24:57.582+05:30 DEBUG 17704 --- [product-service] [http-nio-8082-exec-1] org.hibernate.SQL                        : 
    insert 
    into
        inventories
        (last_updated, low_stock_threshold, product_id, quantity, reserved_quantity, warehouse_location, id) 
    values
        (?, ?, ?, ?, ?, ?, ?)
2026-03-16T00:24:57.585+05:30 DEBUG 17704 --- [product-service] [http-nio-8082-exec-1] org.hibernate.SQL                        : 
    insert 
    into
        stock_movements
        (created_at, movement_type, product_id, quantity, reason, reference_id, id) 
    values
        (?, ?, ?, ?, ?, ?, ?)
2026-03-16T00:24:57.589+05:30 DEBUG 17704 --- [product-service] [http-nio-8082-exec-1] org.hibernate.SQL                        : 
    select
        p1_0.id 
    from
        products p1_0 
    where
        p1_0.sku=? 
    limit
        ?
2026-03-16T00:24:57.602+05:30  INFO 17704 --- [product-service] [http-nio-8082-exec-1] c.e.p.service.ProductServiceImpl         : Product created successfully: GAD-HP-LJM209-001 | id: 46c1c892-91c7-4237-8a10-f24c30bb2d12
2026-03-16T00:24:57.603+05:30  INFO 17704 --- [product-service] [http-nio-8082-exec-1] c.e.p.service.ProductServiceImpl         : Bulk create success: GAD-HP-LJM209-001
2026-03-16T00:24:57.603+05:30  INFO 17704 --- [product-service] [http-nio-8082-exec-1] c.e.p.service.ProductServiceImpl         : Creating product with SKU: GAD-SMS-25W-001
2026-03-16T00:24:57.606+05:30  INFO 17704 --- [product-service] [kafka-producer-network-thread | producer-1] c.e.p.kafka.KafkaEventPublisher          : Event published → topic: product.created | key: 46c1c892-91c7-4237-8a10-f24c30bb2d12 | offset: 31
2026-03-16T00:24:57.607+05:30 DEBUG 17704 --- [product-service] [http-nio-8082-exec-1] org.hibernate.SQL                        : 
    insert 
    into
        products
        (attributes, average_rating, brand_name, category_id, compare_at_price, cost_price, created_at, description, name, price, review_count, short_description, sku, sold_count, status, tags, updated_at, version, view_count, weight, id) 
    values
        (?, ?, ?, ?, ?, ?, ?, ?, ?, ?, ?, ?, ?, ?, ?, ?, ?, ?, ?, ?, ?)
2026-03-16T00:24:57.611+05:30 DEBUG 17704 --- [product-service] [http-nio-8082-exec-1] org.hibernate.SQL                        : 
    insert 
    into
        product_images
        (alt_text, display_order, image_url, is_primary, product_id, id) 
    values
        (?, ?, ?, ?, ?, ?)
2026-03-16T00:24:57.612+05:30 DEBUG 17704 --- [product-service] [http-nio-8082-exec-1] org.hibernate.SQL                        : 
    insert 
    into
        inventories
        (last_updated, low_stock_threshold, product_id, quantity, reserved_quantity, warehouse_location, id) 
    values
        (?, ?, ?, ?, ?, ?, ?)
2026-03-16T00:24:57.614+05:30 DEBUG 17704 --- [product-service] [http-nio-8082-exec-1] org.hibernate.SQL                        : 
    insert 
    into
        stock_movements
        (created_at, movement_type, product_id, quantity, reason, reference_id, id) 
    values
        (?, ?, ?, ?, ?, ?, ?)
2026-03-16T00:24:57.615+05:30 DEBUG 17704 --- [product-service] [http-nio-8082-exec-1] org.hibernate.SQL                        : 
    select
        p1_0.id 
    from
        products p1_0 
    where
        p1_0.sku=? 
    limit
        ?
2026-03-16T00:24:57.622+05:30  INFO 17704 --- [product-service] [http-nio-8082-exec-1] c.e.p.service.ProductServiceImpl         : Product created successfully: GAD-SMS-25W-001 | id: 08031afb-bb5b-4b99-84f4-68025e38781c
2026-03-16T00:24:57.622+05:30  INFO 17704 --- [product-service] [http-nio-8082-exec-1] c.e.p.service.ProductServiceImpl         : Bulk create success: GAD-SMS-25W-001
2026-03-16T00:24:57.623+05:30  INFO 17704 --- [product-service] [http-nio-8082-exec-1] c.e.p.service.ProductServiceImpl         : Bulk create complete — success: 28 | failed: 0
2026-03-16T00:24:57.625+05:30  INFO 17704 --- [product-service] [kafka-producer-network-thread | producer-1] c.e.p.kafka.KafkaEventPublisher          : Event published → topic: product.created | key: 08031afb-bb5b-4b99-84f4-68025e38781c | offset: 38
2026-03-16T00:24:57.625+05:30 DEBUG 17704 --- [product-service] [http-nio-8082-exec-1] org.hibernate.SQL                        : 
    insert 
    into
        products
        (attributes, average_rating, brand_name, category_id, compare_at_price, cost_price, created_at, description, name, price, review_count, short_description, sku, sold_count, status, tags, updated_at, version, view_count, weight, id) 
    values
        (?, ?, ?, ?, ?, ?, ?, ?, ?, ?, ?, ?, ?, ?, ?, ?, ?, ?, ?, ?, ?)
2026-03-16T00:24:57.628+05:30 DEBUG 17704 --- [product-service] [http-nio-8082-exec-1] org.hibernate.SQL                        : 
    insert 
    into
        product_images
        (alt_text, display_order, image_url, is_primary, product_id, id) 
    values
        (?, ?, ?, ?, ?, ?)
2026-03-16T00:24:57.629+05:30 DEBUG 17704 --- [product-service] [http-nio-8082-exec-1] org.hibernate.SQL                        : 
    insert 
    into
        inventories
        (last_updated, low_stock_threshold, product_id, quantity, reserved_quantity, warehouse_location, id) 
    values
        (?, ?, ?, ?, ?, ?, ?)
2026-03-16T00:24:57.631+05:30 DEBUG 17704 --- [product-service] [http-nio-8082-exec-1] org.hibernate.SQL                        : 
    insert 
    into
        stock_movements
        (created_at, movement_type, product_id, quantity, reason, reference_id, id) 
    values
        (?, ?, ?, ?, ?, ?, ?)
2026-03-16T00:25:27.637+05:30  INFO 17704 --- [product-service] [kafka-producer-network-thread | producer-1] org.apache.kafka.clients.NetworkClient   : [Producer clientId=producer-1] Node -1 disconnected.
2026-03-16T00:28:38.980+05:30  WARN 17704 --- [product-service] [http-nio-8082-exec-6] org.hibernate.orm.query                  : HHH90003004: firstResult/maxResults specified with collection fetch; applying in memory
2026-03-16T00:28:38.980+05:30 DEBUG 17704 --- [product-service] [http-nio-8082-exec-6] org.hibernate.SQL                        : 
    select
        distinct p1_0.id,
        p1_0.attributes,
        p1_0.average_rating,
        p1_0.brand_name,
        p1_0.category_id,
        c1_0.id,
        c1_0.created_at,
        c1_0.description,
        c1_0.display_order,
        c1_0.image_url,
        c1_0.is_active,
        c1_0.name,
        c1_0.parent_id,
        c1_0.slug,
        p1_0.compare_at_price,
        p1_0.cost_price,
        p1_0.created_at,
        p1_0.description,
        i1_0.product_id,
        i1_0.id,
        i1_0.alt_text,
        i1_0.display_order,
        i1_0.image_url,
        i1_0.is_primary,
        i2_0.id,
        i2_0.last_updated,
        i2_0.low_stock_threshold,
        i2_0.product_id,
        i2_0.quantity,
        i2_0.reserved_quantity,
        i2_0.warehouse_location,
        p1_0.name,
        p1_0.price,
        p1_0.review_count,
        p1_0.short_description,
        p1_0.sku,
        p1_0.sold_count,
        p1_0.status,
        p1_0.tags,
        p1_0.updated_at,
        p1_0.version,
        p1_0.view_count,
        p1_0.weight 
    from
        products p1_0 
    left join
        product_images i1_0 
            on p1_0.id=i1_0.product_id 
    left join
        inventories i2_0 
            on p1_0.id=i2_0.product_id 
    left join
        categories c1_0 
            on c1_0.id=p1_0.category_id 
    where
        p1_0.status=? 
    order by
        p1_0.created_at desc
2026-03-16T00:28:58.423+05:30  WARN 17704 --- [product-service] [http-nio-8082-exec-8] org.hibernate.orm.query                  : HHH90003004: firstResult/maxResults specified with collection fetch; applying in memory
2026-03-16T00:28:58.424+05:30 DEBUG 17704 --- [product-service] [http-nio-8082-exec-8] org.hibernate.SQL                        : 
    select
        distinct p1_0.id,
        p1_0.attributes,
        p1_0.average_rating,
        p1_0.brand_name,
        p1_0.category_id,
        c1_0.id,
        c1_0.created_at,
        c1_0.description,
        c1_0.display_order,
        c1_0.image_url,
        c1_0.is_active,
        c1_0.name,
        c1_0.parent_id,
        c1_0.slug,
        p1_0.compare_at_price,
        p1_0.cost_price,
        p1_0.created_at,
        p1_0.description,
        i1_0.product_id,
        i1_0.id,
        i1_0.alt_text,
        i1_0.display_order,
        i1_0.image_url,
        i1_0.is_primary,
        i2_0.id,
        i2_0.last_updated,
        i2_0.low_stock_threshold,
        i2_0.product_id,
        i2_0.quantity,
        i2_0.reserved_quantity,
        i2_0.warehouse_location,
        p1_0.name,
        p1_0.price,
        p1_0.review_count,
        p1_0.short_description,
        p1_0.sku,
        p1_0.sold_count,
        p1_0.status,
        p1_0.tags,
        p1_0.updated_at,
        p1_0.version,
        p1_0.view_count,
        p1_0.weight 
    from
        products p1_0 
    left join
        product_images i1_0 
            on p1_0.id=i1_0.product_id 
    left join
        inventories i2_0 
            on p1_0.id=i2_0.product_id 
    left join
        categories c1_0 
            on c1_0.id=p1_0.category_id 
    where
        p1_0.status=? 
    order by
        p1_0.created_at desc
2026-03-16T00:29:19.230+05:30  WARN 17704 --- [product-service] [http-nio-8082-exec-3] org.hibernate.orm.query                  : HHH90003004: firstResult/maxResults specified with collection fetch; applying in memory
2026-03-16T00:29:19.231+05:30 DEBUG 17704 --- [product-service] [http-nio-8082-exec-3] org.hibernate.SQL                        : 
    select
        distinct p1_0.id,
        p1_0.attributes,
        p1_0.average_rating,
        p1_0.brand_name,
        p1_0.category_id,
        c1_0.id,
        c1_0.created_at,
        c1_0.description,
        c1_0.display_order,
        c1_0.image_url,
        c1_0.is_active,
        c1_0.name,
        c1_0.parent_id,
        c1_0.slug,
        p1_0.compare_at_price,
        p1_0.cost_price,
        p1_0.created_at,
        p1_0.description,
        i1_0.product_id,
        i1_0.id,
        i1_0.alt_text,
        i1_0.display_order,
        i1_0.image_url,
        i1_0.is_primary,
        i2_0.id,
        i2_0.last_updated,
        i2_0.low_stock_threshold,
        i2_0.product_id,
        i2_0.quantity,
        i2_0.reserved_quantity,
        i2_0.warehouse_location,
        p1_0.name,
        p1_0.price,
        p1_0.review_count,
        p1_0.short_description,
        p1_0.sku,
        p1_0.sold_count,
        p1_0.status,
        p1_0.tags,
        p1_0.updated_at,
        p1_0.version,
        p1_0.view_count,
        p1_0.weight 
    from
        products p1_0 
    left join
        product_images i1_0 
            on p1_0.id=i1_0.product_id 
    left join
        inventories i2_0 
            on p1_0.id=i2_0.product_id 
    left join
        categories c1_0 
            on c1_0.id=p1_0.category_id 
    where
        p1_0.status=? 
    order by
        p1_0.created_at desc
2026-03-16T00:29:19.325+05:30 DEBUG 17704 --- [product-service] [http-nio-8082-exec-3] org.hibernate.SQL                        : 
    select
        count(distinct p1_0.id) 
    from
        products p1_0 
    left join
        product_images i1_0 
            on p1_0.id=i1_0.product_id 
    where
        p1_0.status=?
2026-03-16T00:29:28.062+05:30  WARN 17704 --- [product-service] [http-nio-8082-exec-10] org.hibernate.orm.query                  : HHH90003004: firstResult/maxResults specified with collection fetch; applying in memory
2026-03-16T00:29:28.063+05:30 DEBUG 17704 --- [product-service] [http-nio-8082-exec-10] org.hibernate.SQL                        : 
    select
        distinct p1_0.id,
        p1_0.attributes,
        p1_0.average_rating,
        p1_0.brand_name,
        p1_0.category_id,
        c1_0.id,
        c1_0.created_at,
        c1_0.description,
        c1_0.display_order,
        c1_0.image_url,
        c1_0.is_active,
        c1_0.name,
        c1_0.parent_id,
        c1_0.slug,
        p1_0.compare_at_price,
        p1_0.cost_price,
        p1_0.created_at,
        p1_0.description,
        i1_0.product_id,
        i1_0.id,
        i1_0.alt_text,
        i1_0.display_order,
        i1_0.image_url,
        i1_0.is_primary,
        i2_0.id,
        i2_0.last_updated,
        i2_0.low_stock_threshold,
        i2_0.product_id,
        i2_0.quantity,
        i2_0.reserved_quantity,
        i2_0.warehouse_location,
        p1_0.name,
        p1_0.price,
        p1_0.review_count,
        p1_0.short_description,
        p1_0.sku,
        p1_0.sold_count,
        p1_0.status,
        p1_0.tags,
        p1_0.updated_at,
        p1_0.version,
        p1_0.view_count,
        p1_0.weight 
    from
        products p1_0 
    left join
        product_images i1_0 
            on p1_0.id=i1_0.product_id 
    left join
        inventories i2_0 
            on p1_0.id=i2_0.product_id 
    left join
        categories c1_0 
            on c1_0.id=p1_0.category_id 
    where
        p1_0.status=? 
    order by
        p1_0.created_at desc
2026-03-16T00:29:28.073+05:30 DEBUG 17704 --- [product-service] [http-nio-8082-exec-10] org.hibernate.SQL                        : 
    select
        count(distinct p1_0.id) 
    from
        products p1_0 
    left join
        product_images i1_0 
            on p1_0.id=i1_0.product_id 
    where
        p1_0.status=?
2026-03-16T00:29:35.996+05:30  WARN 17704 --- [product-service] [http-nio-8082-exec-1] org.hibernate.orm.query                  : HHH90003004: firstResult/maxResults specified with collection fetch; applying in memory
2026-03-16T00:29:35.997+05:30 DEBUG 17704 --- [product-service] [http-nio-8082-exec-1] org.hibernate.SQL                        : 
    select
        distinct p1_0.id,
        p1_0.attributes,
        p1_0.average_rating,
        p1_0.brand_name,
        p1_0.category_id,
        c1_0.id,
        c1_0.created_at,
        c1_0.description,
        c1_0.display_order,
        c1_0.image_url,
        c1_0.is_active,
        c1_0.name,
        c1_0.parent_id,
        c1_0.slug,
        p1_0.compare_at_price,
        p1_0.cost_price,
        p1_0.created_at,
        p1_0.description,
        i1_0.product_id,
        i1_0.id,
        i1_0.alt_text,
        i1_0.display_order,
        i1_0.image_url,
        i1_0.is_primary,
        i2_0.id,
        i2_0.last_updated,
        i2_0.low_stock_threshold,
        i2_0.product_id,
        i2_0.quantity,
        i2_0.reserved_quantity,
        i2_0.warehouse_location,
        p1_0.name,
        p1_0.price,
        p1_0.review_count,
        p1_0.short_description,
        p1_0.sku,
        p1_0.sold_count,
        p1_0.status,
        p1_0.tags,
        p1_0.updated_at,
        p1_0.version,
        p1_0.view_count,
        p1_0.weight 
    from
        products p1_0 
    left join
        product_images i1_0 
            on p1_0.id=i1_0.product_id 
    left join
        inventories i2_0 
            on p1_0.id=i2_0.product_id 
    left join
        categories c1_0 
            on c1_0.id=p1_0.category_id 
    where
        p1_0.status=? 
    order by
        p1_0.created_at desc
