2026-03-14T17:11:12.610+05:30  INFO 7704 --- [product-service] [main] c.e.p.ProductServiceApplication          : Starting ProductServiceApplication using Java 21.0.2 with PID 7704 (F:\Ecommerce Production Level Application\product-service\target\classes started by nanda royality in F:\Ecommerce Production Level Application\user-service)
2026-03-14T17:11:12.613+05:30 DEBUG 7704 --- [product-service] [main] c.e.p.ProductServiceApplication          : Running with Spring Boot v3.2.3, Spring v6.1.4
2026-03-14T17:11:12.614+05:30  INFO 7704 --- [product-service] [main] c.e.p.ProductServiceApplication          : No active profile set, falling back to 1 default profile: "default"
2026-03-14T17:11:16.275+05:30  INFO 7704 --- [product-service] [main] .s.d.r.c.RepositoryConfigurationDelegate : Multiple Spring Data modules found, entering strict repository configuration mode
2026-03-14T17:11:16.279+05:30  INFO 7704 --- [product-service] [main] .s.d.r.c.RepositoryConfigurationDelegate : Bootstrapping Spring Data JPA repositories in DEFAULT mode.
2026-03-14T17:11:16.529+05:30  INFO 7704 --- [product-service] [main] .s.d.r.c.RepositoryConfigurationDelegate : Finished Spring Data repository scanning in 241 ms. Found 5 JPA repository interfaces.
2026-03-14T17:11:16.978+05:30  INFO 7704 --- [product-service] [main] o.s.cloud.context.scope.GenericScope     : BeanFactory id=1ab17dc5-7629-3be5-b8c9-7636bc1185b2
2026-03-14T17:11:18.502+05:30  INFO 7704 --- [product-service] [main] o.s.b.w.embedded.tomcat.TomcatWebServer  : Tomcat initialized with port 8082 (http)
2026-03-14T17:11:18.530+05:30  INFO 7704 --- [product-service] [main] o.apache.catalina.core.StandardService   : Starting service [Tomcat]
2026-03-14T17:11:18.531+05:30  INFO 7704 --- [product-service] [main] o.apache.catalina.core.StandardEngine    : Starting Servlet engine: [Apache Tomcat/10.1.19]
2026-03-14T17:11:18.679+05:30  INFO 7704 --- [product-service] [main] o.a.c.c.C.[Tomcat].[localhost].[/]       : Initializing Spring embedded WebApplicationContext
2026-03-14T17:11:18.679+05:30  INFO 7704 --- [product-service] [main] w.s.c.ServletWebServerApplicationContext : Root WebApplicationContext: initialization completed in 5956 ms
2026-03-14T17:11:19.041+05:30 DEBUG 7704 --- [product-service] [main] c.e.p.security.JwtAuthenticationFilter   : Filter 'jwtAuthenticationFilter' configured for use
2026-03-14T17:11:19.194+05:30  INFO 7704 --- [product-service] [main] com.zaxxer.hikari.HikariDataSource       : ProductServicePool - Starting...
2026-03-14T17:11:19.999+05:30  INFO 7704 --- [product-service] [main] com.zaxxer.hikari.pool.HikariPool        : ProductServicePool - Added connection com.mysql.cj.jdbc.ConnectionImpl@4db568e1
2026-03-14T17:11:20.001+05:30  INFO 7704 --- [product-service] [main] com.zaxxer.hikari.HikariDataSource       : ProductServicePool - Start completed.
2026-03-14T17:11:20.158+05:30  INFO 7704 --- [product-service] [main] o.f.c.internal.license.VersionPrinter    : Flyway Community Edition 9.22.3 by Redgate
2026-03-14T17:11:20.159+05:30  INFO 7704 --- [product-service] [main] o.f.c.internal.license.VersionPrinter    : See release notes here: https://rd.gt/416ObMi
2026-03-14T17:11:20.159+05:30  INFO 7704 --- [product-service] [main] o.f.c.internal.license.VersionPrinter    : 
2026-03-14T17:11:20.297+05:30  INFO 7704 --- [product-service] [main] org.flywaydb.core.FlywayExecutor         : Database: jdbc:mysql://localhost:3306/product_db (MySQL 8.0)
2026-03-14T17:11:20.460+05:30  INFO 7704 --- [product-service] [main] o.f.c.i.s.JdbcTableSchemaHistory         : Schema history table `product_db`.`flyway_schema_history` does not exist yet
2026-03-14T17:11:20.466+05:30  INFO 7704 --- [product-service] [main] o.f.core.internal.command.DbValidate     : Successfully validated 0 migrations (execution time 00:00.058s)
2026-03-14T17:11:20.467+05:30  WARN 7704 --- [product-service] [main] o.f.core.internal.command.DbValidate     : No migrations found. Are your locations set up correctly?
2026-03-14T17:11:20.744+05:30  INFO 7704 --- [product-service] [main] o.f.c.i.s.JdbcTableSchemaHistory         : Creating Schema History table `product_db`.`flyway_schema_history` ...
2026-03-14T17:11:21.156+05:30  INFO 7704 --- [product-service] [main] o.f.core.internal.command.DbMigrate      : Current version of schema `product_db`: << Empty Schema >>
2026-03-14T17:11:21.165+05:30  INFO 7704 --- [product-service] [main] o.f.core.internal.command.DbMigrate      : Schema `product_db` is up to date. No migration necessary.
2026-03-14T17:11:21.452+05:30  INFO 7704 --- [product-service] [main] o.hibernate.jpa.internal.util.LogHelper  : HHH000204: Processing PersistenceUnitInfo [name: default]
2026-03-14T17:11:21.692+05:30  INFO 7704 --- [product-service] [main] org.hibernate.Version                    : HHH000412: Hibernate ORM core version 6.4.4.Final
2026-03-14T17:11:21.747+05:30  INFO 7704 --- [product-service] [main] o.h.c.internal.RegionFactoryInitiator    : HHH000026: Second-level cache disabled
2026-03-14T17:11:22.146+05:30  INFO 7704 --- [product-service] [main] o.s.o.j.p.SpringPersistenceUnitInfo      : No LoadTimeWeaver setup: ignoring JPA class transformer
2026-03-14T17:11:22.238+05:30  WARN 7704 --- [product-service] [main] org.hibernate.orm.deprecation            : HHH90000025: MySQLDialect does not need to be specified explicitly using 'hibernate.dialect' (remove the property setting and it will be selected by default)
2026-03-14T17:11:22.394+05:30 ERROR 7704 --- [product-service] [main] j.LocalContainerEntityManagerFactoryBean : Failed to initialize JPA EntityManagerFactory: Entity 'com.ecommerce.product_service.entity.Category' has no identifier (every '@Entity' class must declare or inherit at least one '@Id' or '@EmbeddedId' property)
2026-03-14T17:11:22.395+05:30  WARN 7704 --- [product-service] [main] ConfigServletWebServerApplicationContext : Exception encountered during context initialization - cancelling refresh attempt: org.springframework.beans.factory.BeanCreationException: Error creating bean with name 'entityManagerFactory' defined in class path resource [org/springframework/boot/autoconfigure/orm/jpa/HibernateJpaConfiguration.class]: Entity 'com.ecommerce.product_service.entity.Category' has no identifier (every '@Entity' class must declare or inherit at least one '@Id' or '@EmbeddedId' property)
2026-03-14T17:11:22.395+05:30  INFO 7704 --- [product-service] [main] com.zaxxer.hikari.HikariDataSource       : ProductServicePool - Shutdown initiated...
2026-03-14T17:11:22.402+05:30  INFO 7704 --- [product-service] [main] com.zaxxer.hikari.HikariDataSource       : ProductServicePool - Shutdown completed.
2026-03-14T17:11:22.406+05:30  INFO 7704 --- [product-service] [main] o.apache.catalina.core.StandardService   : Stopping service [Tomcat]
2026-03-14T17:11:22.430+05:30  INFO 7704 --- [product-service] [main] .s.b.a.l.ConditionEvaluationReportLogger : 

Error starting ApplicationContext. To display the condition evaluation report re-run your application with 'debug' enabled.
2026-03-14T17:11:22.451+05:30 ERROR 7704 --- [product-service] [main] o.s.boot.SpringApplication               : Application run failed

org.springframework.beans.factory.BeanCreationException: Error creating bean with name 'entityManagerFactory' defined in class path resource [org/springframework/boot/autoconfigure/orm/jpa/HibernateJpaConfiguration.class]: Entity 'com.ecommerce.product_service.entity.Category' has no identifier (every '@Entity' class must declare or inherit at least one '@Id' or '@EmbeddedId' property)
	at org.springframework.beans.factory.support.AbstractAutowireCapableBeanFactory.initializeBean(AbstractAutowireCapableBeanFactory.java:1786) ~[spring-beans-6.1.4.jar:6.1.4]
	at org.springframework.beans.factory.support.AbstractAutowireCapableBeanFactory.doCreateBean(AbstractAutowireCapableBeanFactory.java:600) ~[spring-beans-6.1.4.jar:6.1.4]
	at org.springframework.beans.factory.support.AbstractAutowireCapableBeanFactory.createBean(AbstractAutowireCapableBeanFactory.java:522) ~[spring-beans-6.1.4.jar:6.1.4]
	at org.springframework.beans.factory.support.AbstractBeanFactory.lambda$doGetBean$0(AbstractBeanFactory.java:325) ~[spring-beans-6.1.4.jar:6.1.4]
	at org.springframework.beans.factory.support.DefaultSingletonBeanRegistry.getSingleton(DefaultSingletonBeanRegistry.java:234) ~[spring-beans-6.1.4.jar:6.1.4]
	at org.springframework.beans.factory.support.AbstractBeanFactory.doGetBean(AbstractBeanFactory.java:323) ~[spring-beans-6.1.4.jar:6.1.4]
	at org.springframework.beans.factory.support.AbstractBeanFactory.getBean(AbstractBeanFactory.java:199) ~[spring-beans-6.1.4.jar:6.1.4]
	at org.springframework.context.support.AbstractApplicationContext.getBean(AbstractApplicationContext.java:1231) ~[spring-context-6.1.4.jar:6.1.4]
	at org.springframework.context.support.AbstractApplicationContext.finishBeanFactoryInitialization(AbstractApplicationContext.java:949) ~[spring-context-6.1.4.jar:6.1.4]
	at org.springframework.context.support.AbstractApplicationContext.refresh(AbstractApplicationContext.java:624) ~[spring-context-6.1.4.jar:6.1.4]
	at org.springframework.boot.web.servlet.context.ServletWebServerApplicationContext.refresh(ServletWebServerApplicationContext.java:146) ~[spring-boot-3.2.3.jar:3.2.3]
	at org.springframework.boot.SpringApplication.refresh(SpringApplication.java:754) ~[spring-boot-3.2.3.jar:3.2.3]
	at org.springframework.boot.SpringApplication.refreshContext(SpringApplication.java:456) ~[spring-boot-3.2.3.jar:3.2.3]
	at org.springframework.boot.SpringApplication.run(SpringApplication.java:334) ~[spring-boot-3.2.3.jar:3.2.3]
	at org.springframework.boot.SpringApplication.run(SpringApplication.java:1354) ~[spring-boot-3.2.3.jar:3.2.3]
	at org.springframework.boot.SpringApplication.run(SpringApplication.java:1343) ~[spring-boot-3.2.3.jar:3.2.3]
	at com.ecommerce.product_service.ProductServiceApplication.main(ProductServiceApplication.java:14) ~[classes/:na]
Caused by: org.hibernate.AnnotationException: Entity 'com.ecommerce.product_service.entity.Category' has no identifier (every '@Entity' class must declare or inherit at least one '@Id' or '@EmbeddedId' property)
	at org.hibernate.boot.model.internal.InheritanceState.determineDefaultAccessType(InheritanceState.java:279) ~[hibernate-core-6.4.4.Final.jar:6.4.4.Final]
	at org.hibernate.boot.model.internal.InheritanceState.getElementsToProcess(InheritanceState.java:215) ~[hibernate-core-6.4.4.Final.jar:6.4.4.Final]
	at org.hibernate.boot.model.internal.InheritanceState.postProcess(InheritanceState.java:160) ~[hibernate-core-6.4.4.Final.jar:6.4.4.Final]
	at org.hibernate.boot.model.internal.EntityBinder.handleIdentifier(EntityBinder.java:348) ~[hibernate-core-6.4.4.Final.jar:6.4.4.Final]
	at org.hibernate.boot.model.internal.EntityBinder.bindEntityClass(EntityBinder.java:237) ~[hibernate-core-6.4.4.Final.jar:6.4.4.Final]
	at org.hibernate.boot.model.internal.AnnotationBinder.bindClass(AnnotationBinder.java:423) ~[hibernate-core-6.4.4.Final.jar:6.4.4.Final]
	at org.hibernate.boot.model.source.internal.annotations.AnnotationMetadataSourceProcessorImpl.processEntityHierarchies(AnnotationMetadataSourceProcessorImpl.java:256) ~[hibernate-core-6.4.4.Final.jar:6.4.4.Final]
	at org.hibernate.boot.model.process.spi.MetadataBuildingProcess$1.processEntityHierarchies(MetadataBuildingProcess.java:279) ~[hibernate-core-6.4.4.Final.jar:6.4.4.Final]
	at org.hibernate.boot.model.process.spi.MetadataBuildingProcess.complete(MetadataBuildingProcess.java:322) ~[hibernate-core-6.4.4.Final.jar:6.4.4.Final]
	at org.hibernate.jpa.boot.internal.EntityManagerFactoryBuilderImpl.metadata(EntityManagerFactoryBuilderImpl.java:1432) ~[hibernate-core-6.4.4.Final.jar:6.4.4.Final]
	at org.hibernate.jpa.boot.internal.EntityManagerFactoryBuilderImpl.build(EntityManagerFactoryBuilderImpl.java:1503) ~[hibernate-core-6.4.4.Final.jar:6.4.4.Final]
	at org.springframework.orm.jpa.vendor.SpringHibernateJpaPersistenceProvider.createContainerEntityManagerFactory(SpringHibernateJpaPersistenceProvider.java:75) ~[spring-orm-6.1.4.jar:6.1.4]
	at org.springframework.orm.jpa.LocalContainerEntityManagerFactoryBean.createNativeEntityManagerFactory(LocalContainerEntityManagerFactoryBean.java:388) ~[spring-orm-6.1.4.jar:6.1.4]
	at org.springframework.orm.jpa.AbstractEntityManagerFactoryBean.buildNativeEntityManagerFactory(AbstractEntityManagerFactoryBean.java:409) ~[spring-orm-6.1.4.jar:6.1.4]
	at org.springframework.orm.jpa.AbstractEntityManagerFactoryBean.afterPropertiesSet(AbstractEntityManagerFactoryBean.java:396) ~[spring-orm-6.1.4.jar:6.1.4]
	at org.springframework.orm.jpa.LocalContainerEntityManagerFactoryBean.afterPropertiesSet(LocalContainerEntityManagerFactoryBean.java:364) ~[spring-orm-6.1.4.jar:6.1.4]
	at org.springframework.beans.factory.support.AbstractAutowireCapableBeanFactory.invokeInitMethods(AbstractAutowireCapableBeanFactory.java:1833) ~[spring-beans-6.1.4.jar:6.1.4]
	at org.springframework.beans.factory.support.AbstractAutowireCapableBeanFactory.initializeBean(AbstractAutowireCapableBeanFactory.java:1782) ~[spring-beans-6.1.4.jar:6.1.4]
	... 16 common frames omitted

2026-03-14T17:20:39.084+05:30  INFO 1416 --- [product-service] [main] c.e.p.ProductServiceApplication          : Starting ProductServiceApplication using Java 21.0.2 with PID 1416 (F:\Ecommerce Production Level Application\product-service\target\classes started by nanda royality in F:\Ecommerce Production Level Application\user-service)
2026-03-14T17:20:39.094+05:30 DEBUG 1416 --- [product-service] [main] c.e.p.ProductServiceApplication          : Running with Spring Boot v3.2.3, Spring v6.1.4
2026-03-14T17:20:39.096+05:30  INFO 1416 --- [product-service] [main] c.e.p.ProductServiceApplication          : No active profile set, falling back to 1 default profile: "default"
2026-03-14T17:20:41.467+05:30  INFO 1416 --- [product-service] [main] .s.d.r.c.RepositoryConfigurationDelegate : Multiple Spring Data modules found, entering strict repository configuration mode
2026-03-14T17:20:41.470+05:30  INFO 1416 --- [product-service] [main] .s.d.r.c.RepositoryConfigurationDelegate : Bootstrapping Spring Data JPA repositories in DEFAULT mode.
2026-03-14T17:20:41.737+05:30  INFO 1416 --- [product-service] [main] .s.d.r.c.RepositoryConfigurationDelegate : Finished Spring Data repository scanning in 250 ms. Found 5 JPA repository interfaces.
2026-03-14T17:20:42.213+05:30  INFO 1416 --- [product-service] [main] o.s.cloud.context.scope.GenericScope     : BeanFactory id=1ab17dc5-7629-3be5-b8c9-7636bc1185b2
2026-03-14T17:20:43.385+05:30  INFO 1416 --- [product-service] [main] o.s.b.w.embedded.tomcat.TomcatWebServer  : Tomcat initialized with port 8082 (http)
2026-03-14T17:20:43.411+05:30  INFO 1416 --- [product-service] [main] o.apache.catalina.core.StandardService   : Starting service [Tomcat]
2026-03-14T17:20:43.412+05:30  INFO 1416 --- [product-service] [main] o.apache.catalina.core.StandardEngine    : Starting Servlet engine: [Apache Tomcat/10.1.19]
2026-03-14T17:20:43.561+05:30  INFO 1416 --- [product-service] [main] o.a.c.c.C.[Tomcat].[localhost].[/]       : Initializing Spring embedded WebApplicationContext
2026-03-14T17:20:43.562+05:30  INFO 1416 --- [product-service] [main] w.s.c.ServletWebServerApplicationContext : Root WebApplicationContext: initialization completed in 4352 ms
2026-03-14T17:20:44.002+05:30 DEBUG 1416 --- [product-service] [main] c.e.p.security.JwtAuthenticationFilter   : Filter 'jwtAuthenticationFilter' configured for use
2026-03-14T17:20:44.178+05:30  INFO 1416 --- [product-service] [main] com.zaxxer.hikari.HikariDataSource       : ProductServicePool - Starting...
2026-03-14T17:20:44.448+05:30  INFO 1416 --- [product-service] [main] com.zaxxer.hikari.pool.HikariPool        : ProductServicePool - Added connection com.mysql.cj.jdbc.ConnectionImpl@1ac25dbb
2026-03-14T17:20:44.451+05:30  INFO 1416 --- [product-service] [main] com.zaxxer.hikari.HikariDataSource       : ProductServicePool - Start completed.
2026-03-14T17:20:44.611+05:30  INFO 1416 --- [product-service] [main] o.f.c.internal.license.VersionPrinter    : Flyway Community Edition 9.22.3 by Redgate
2026-03-14T17:20:44.611+05:30  INFO 1416 --- [product-service] [main] o.f.c.internal.license.VersionPrinter    : See release notes here: https://rd.gt/416ObMi
2026-03-14T17:20:44.611+05:30  INFO 1416 --- [product-service] [main] o.f.c.internal.license.VersionPrinter    : 
2026-03-14T17:20:44.653+05:30  INFO 1416 --- [product-service] [main] org.flywaydb.core.FlywayExecutor         : Database: jdbc:mysql://localhost:3306/product_db (MySQL 8.0)
2026-03-14T17:20:44.724+05:30  INFO 1416 --- [product-service] [main] o.f.core.internal.command.DbValidate     : Successfully validated 0 migrations (execution time 00:00.031s)
2026-03-14T17:20:44.725+05:30  WARN 1416 --- [product-service] [main] o.f.core.internal.command.DbValidate     : No migrations found. Are your locations set up correctly?
2026-03-14T17:20:44.753+05:30  INFO 1416 --- [product-service] [main] o.f.core.internal.command.DbMigrate      : Current version of schema `product_db`: << Empty Schema >>
2026-03-14T17:20:44.763+05:30  INFO 1416 --- [product-service] [main] o.f.core.internal.command.DbMigrate      : Schema `product_db` is up to date. No migration necessary.
2026-03-14T17:20:44.892+05:30  INFO 1416 --- [product-service] [main] o.hibernate.jpa.internal.util.LogHelper  : HHH000204: Processing PersistenceUnitInfo [name: default]
2026-03-14T17:20:44.981+05:30  INFO 1416 --- [product-service] [main] org.hibernate.Version                    : HHH000412: Hibernate ORM core version 6.4.4.Final
2026-03-14T17:20:45.047+05:30  INFO 1416 --- [product-service] [main] o.h.c.internal.RegionFactoryInitiator    : HHH000026: Second-level cache disabled
2026-03-14T17:20:45.388+05:30  INFO 1416 --- [product-service] [main] o.s.o.j.p.SpringPersistenceUnitInfo      : No LoadTimeWeaver setup: ignoring JPA class transformer
2026-03-14T17:20:45.476+05:30  WARN 1416 --- [product-service] [main] org.hibernate.orm.deprecation            : HHH90000025: MySQLDialect does not need to be specified explicitly using 'hibernate.dialect' (remove the property setting and it will be selected by default)
2026-03-14T17:20:45.663+05:30 ERROR 1416 --- [product-service] [main] j.LocalContainerEntityManagerFactoryBean : Failed to initialize JPA EntityManagerFactory: Entity 'com.ecommerce.product_service.entity.Category' has no identifier (every '@Entity' class must declare or inherit at least one '@Id' or '@EmbeddedId' property)
2026-03-14T17:20:45.664+05:30  WARN 1416 --- [product-service] [main] ConfigServletWebServerApplicationContext : Exception encountered during context initialization - cancelling refresh attempt: org.springframework.beans.factory.BeanCreationException: Error creating bean with name 'entityManagerFactory' defined in class path resource [org/springframework/boot/autoconfigure/orm/jpa/HibernateJpaConfiguration.class]: Entity 'com.ecommerce.product_service.entity.Category' has no identifier (every '@Entity' class must declare or inherit at least one '@Id' or '@EmbeddedId' property)
2026-03-14T17:20:45.665+05:30  INFO 1416 --- [product-service] [main] com.zaxxer.hikari.HikariDataSource       : ProductServicePool - Shutdown initiated...
2026-03-14T17:20:45.675+05:30  INFO 1416 --- [product-service] [main] com.zaxxer.hikari.HikariDataSource       : ProductServicePool - Shutdown completed.
2026-03-14T17:20:45.680+05:30  INFO 1416 --- [product-service] [main] o.apache.catalina.core.StandardService   : Stopping service [Tomcat]
2026-03-14T17:20:45.716+05:30  INFO 1416 --- [product-service] [main] .s.b.a.l.ConditionEvaluationReportLogger : 

Error starting ApplicationContext. To display the condition evaluation report re-run your application with 'debug' enabled.
2026-03-14T17:20:45.741+05:30 ERROR 1416 --- [product-service] [main] o.s.boot.SpringApplication               : Application run failed

org.springframework.beans.factory.BeanCreationException: Error creating bean with name 'entityManagerFactory' defined in class path resource [org/springframework/boot/autoconfigure/orm/jpa/HibernateJpaConfiguration.class]: Entity 'com.ecommerce.product_service.entity.Category' has no identifier (every '@Entity' class must declare or inherit at least one '@Id' or '@EmbeddedId' property)
	at org.springframework.beans.factory.support.AbstractAutowireCapableBeanFactory.initializeBean(AbstractAutowireCapableBeanFactory.java:1786) ~[spring-beans-6.1.4.jar:6.1.4]
	at org.springframework.beans.factory.support.AbstractAutowireCapableBeanFactory.doCreateBean(AbstractAutowireCapableBeanFactory.java:600) ~[spring-beans-6.1.4.jar:6.1.4]
	at org.springframework.beans.factory.support.AbstractAutowireCapableBeanFactory.createBean(AbstractAutowireCapableBeanFactory.java:522) ~[spring-beans-6.1.4.jar:6.1.4]
	at org.springframework.beans.factory.support.AbstractBeanFactory.lambda$doGetBean$0(AbstractBeanFactory.java:325) ~[spring-beans-6.1.4.jar:6.1.4]
	at org.springframework.beans.factory.support.DefaultSingletonBeanRegistry.getSingleton(DefaultSingletonBeanRegistry.java:234) ~[spring-beans-6.1.4.jar:6.1.4]
	at org.springframework.beans.factory.support.AbstractBeanFactory.doGetBean(AbstractBeanFactory.java:323) ~[spring-beans-6.1.4.jar:6.1.4]
	at org.springframework.beans.factory.support.AbstractBeanFactory.getBean(AbstractBeanFactory.java:199) ~[spring-beans-6.1.4.jar:6.1.4]
	at org.springframework.context.support.AbstractApplicationContext.getBean(AbstractApplicationContext.java:1231) ~[spring-context-6.1.4.jar:6.1.4]
	at org.springframework.context.support.AbstractApplicationContext.finishBeanFactoryInitialization(AbstractApplicationContext.java:949) ~[spring-context-6.1.4.jar:6.1.4]
	at org.springframework.context.support.AbstractApplicationContext.refresh(AbstractApplicationContext.java:624) ~[spring-context-6.1.4.jar:6.1.4]
	at org.springframework.boot.web.servlet.context.ServletWebServerApplicationContext.refresh(ServletWebServerApplicationContext.java:146) ~[spring-boot-3.2.3.jar:3.2.3]
	at org.springframework.boot.SpringApplication.refresh(SpringApplication.java:754) ~[spring-boot-3.2.3.jar:3.2.3]
	at org.springframework.boot.SpringApplication.refreshContext(SpringApplication.java:456) ~[spring-boot-3.2.3.jar:3.2.3]
	at org.springframework.boot.SpringApplication.run(SpringApplication.java:334) ~[spring-boot-3.2.3.jar:3.2.3]
	at org.springframework.boot.SpringApplication.run(SpringApplication.java:1354) ~[spring-boot-3.2.3.jar:3.2.3]
	at org.springframework.boot.SpringApplication.run(SpringApplication.java:1343) ~[spring-boot-3.2.3.jar:3.2.3]
	at com.ecommerce.product_service.ProductServiceApplication.main(ProductServiceApplication.java:14) ~[classes/:na]
Caused by: org.hibernate.AnnotationException: Entity 'com.ecommerce.product_service.entity.Category' has no identifier (every '@Entity' class must declare or inherit at least one '@Id' or '@EmbeddedId' property)
	at org.hibernate.boot.model.internal.InheritanceState.determineDefaultAccessType(InheritanceState.java:279) ~[hibernate-core-6.4.4.Final.jar:6.4.4.Final]
	at org.hibernate.boot.model.internal.InheritanceState.getElementsToProcess(InheritanceState.java:215) ~[hibernate-core-6.4.4.Final.jar:6.4.4.Final]
	at org.hibernate.boot.model.internal.InheritanceState.postProcess(InheritanceState.java:160) ~[hibernate-core-6.4.4.Final.jar:6.4.4.Final]
	at org.hibernate.boot.model.internal.EntityBinder.handleIdentifier(EntityBinder.java:348) ~[hibernate-core-6.4.4.Final.jar:6.4.4.Final]
	at org.hibernate.boot.model.internal.EntityBinder.bindEntityClass(EntityBinder.java:237) ~[hibernate-core-6.4.4.Final.jar:6.4.4.Final]
	at org.hibernate.boot.model.internal.AnnotationBinder.bindClass(AnnotationBinder.java:423) ~[hibernate-core-6.4.4.Final.jar:6.4.4.Final]
	at org.hibernate.boot.model.source.internal.annotations.AnnotationMetadataSourceProcessorImpl.processEntityHierarchies(AnnotationMetadataSourceProcessorImpl.java:256) ~[hibernate-core-6.4.4.Final.jar:6.4.4.Final]
	at org.hibernate.boot.model.process.spi.MetadataBuildingProcess$1.processEntityHierarchies(MetadataBuildingProcess.java:279) ~[hibernate-core-6.4.4.Final.jar:6.4.4.Final]
	at org.hibernate.boot.model.process.spi.MetadataBuildingProcess.complete(MetadataBuildingProcess.java:322) ~[hibernate-core-6.4.4.Final.jar:6.4.4.Final]
	at org.hibernate.jpa.boot.internal.EntityManagerFactoryBuilderImpl.metadata(EntityManagerFactoryBuilderImpl.java:1432) ~[hibernate-core-6.4.4.Final.jar:6.4.4.Final]
	at org.hibernate.jpa.boot.internal.EntityManagerFactoryBuilderImpl.build(EntityManagerFactoryBuilderImpl.java:1503) ~[hibernate-core-6.4.4.Final.jar:6.4.4.Final]
	at org.springframework.orm.jpa.vendor.SpringHibernateJpaPersistenceProvider.createContainerEntityManagerFactory(SpringHibernateJpaPersistenceProvider.java:75) ~[spring-orm-6.1.4.jar:6.1.4]
	at org.springframework.orm.jpa.LocalContainerEntityManagerFactoryBean.createNativeEntityManagerFactory(LocalContainerEntityManagerFactoryBean.java:388) ~[spring-orm-6.1.4.jar:6.1.4]
	at org.springframework.orm.jpa.AbstractEntityManagerFactoryBean.buildNativeEntityManagerFactory(AbstractEntityManagerFactoryBean.java:409) ~[spring-orm-6.1.4.jar:6.1.4]
	at org.springframework.orm.jpa.AbstractEntityManagerFactoryBean.afterPropertiesSet(AbstractEntityManagerFactoryBean.java:396) ~[spring-orm-6.1.4.jar:6.1.4]
	at org.springframework.orm.jpa.LocalContainerEntityManagerFactoryBean.afterPropertiesSet(LocalContainerEntityManagerFactoryBean.java:364) ~[spring-orm-6.1.4.jar:6.1.4]
	at org.springframework.beans.factory.support.AbstractAutowireCapableBeanFactory.invokeInitMethods(AbstractAutowireCapableBeanFactory.java:1833) ~[spring-beans-6.1.4.jar:6.1.4]
	at org.springframework.beans.factory.support.AbstractAutowireCapableBeanFactory.initializeBean(AbstractAutowireCapableBeanFactory.java:1782) ~[spring-beans-6.1.4.jar:6.1.4]
	... 16 common frames omitted

2026-03-14T17:23:34.265+05:30  INFO 23360 --- [product-service] [main] c.e.p.ProductServiceApplication          : Starting ProductServiceApplication using Java 21.0.2 with PID 23360 (F:\Ecommerce Production Level Application\product-service\target\classes started by nanda royality in F:\Ecommerce Production Level Application\user-service)
2026-03-14T17:23:34.276+05:30 DEBUG 23360 --- [product-service] [main] c.e.p.ProductServiceApplication          : Running with Spring Boot v3.2.3, Spring v6.1.4
2026-03-14T17:23:34.278+05:30  INFO 23360 --- [product-service] [main] c.e.p.ProductServiceApplication          : No active profile set, falling back to 1 default profile: "default"
2026-03-14T17:23:36.760+05:30  INFO 23360 --- [product-service] [main] .s.d.r.c.RepositoryConfigurationDelegate : Multiple Spring Data modules found, entering strict repository configuration mode
2026-03-14T17:23:36.763+05:30  INFO 23360 --- [product-service] [main] .s.d.r.c.RepositoryConfigurationDelegate : Bootstrapping Spring Data JPA repositories in DEFAULT mode.
2026-03-14T17:23:36.970+05:30  INFO 23360 --- [product-service] [main] .s.d.r.c.RepositoryConfigurationDelegate : Finished Spring Data repository scanning in 196 ms. Found 5 JPA repository interfaces.
2026-03-14T17:23:37.350+05:30  INFO 23360 --- [product-service] [main] o.s.cloud.context.scope.GenericScope     : BeanFactory id=1ab17dc5-7629-3be5-b8c9-7636bc1185b2
2026-03-14T17:23:38.509+05:30  INFO 23360 --- [product-service] [main] o.s.b.w.embedded.tomcat.TomcatWebServer  : Tomcat initialized with port 8082 (http)
2026-03-14T17:23:38.526+05:30  INFO 23360 --- [product-service] [main] o.apache.catalina.core.StandardService   : Starting service [Tomcat]
2026-03-14T17:23:38.527+05:30  INFO 23360 --- [product-service] [main] o.apache.catalina.core.StandardEngine    : Starting Servlet engine: [Apache Tomcat/10.1.19]
2026-03-14T17:23:38.663+05:30  INFO 23360 --- [product-service] [main] o.a.c.c.C.[Tomcat].[localhost].[/]       : Initializing Spring embedded WebApplicationContext
2026-03-14T17:23:38.664+05:30  INFO 23360 --- [product-service] [main] w.s.c.ServletWebServerApplicationContext : Root WebApplicationContext: initialization completed in 4278 ms
2026-03-14T17:23:38.961+05:30 DEBUG 23360 --- [product-service] [main] c.e.p.security.JwtAuthenticationFilter   : Filter 'jwtAuthenticationFilter' configured for use
2026-03-14T17:23:39.093+05:30  INFO 23360 --- [product-service] [main] com.zaxxer.hikari.HikariDataSource       : ProductServicePool - Starting...
2026-03-14T17:23:39.466+05:30  INFO 23360 --- [product-service] [main] com.zaxxer.hikari.pool.HikariPool        : ProductServicePool - Added connection com.mysql.cj.jdbc.ConnectionImpl@7bc8ffbc
2026-03-14T17:23:39.469+05:30  INFO 23360 --- [product-service] [main] com.zaxxer.hikari.HikariDataSource       : ProductServicePool - Start completed.
2026-03-14T17:23:39.632+05:30  INFO 23360 --- [product-service] [main] o.f.c.internal.license.VersionPrinter    : Flyway Community Edition 9.22.3 by Redgate
2026-03-14T17:23:39.633+05:30  INFO 23360 --- [product-service] [main] o.f.c.internal.license.VersionPrinter    : See release notes here: https://rd.gt/416ObMi
2026-03-14T17:23:39.633+05:30  INFO 23360 --- [product-service] [main] o.f.c.internal.license.VersionPrinter    : 
2026-03-14T17:23:39.688+05:30  INFO 23360 --- [product-service] [main] org.flywaydb.core.FlywayExecutor         : Database: jdbc:mysql://localhost:3306/product_db (MySQL 8.0)
2026-03-14T17:23:39.779+05:30  INFO 23360 --- [product-service] [main] o.f.core.internal.command.DbValidate     : Successfully validated 0 migrations (execution time 00:00.025s)
2026-03-14T17:23:39.780+05:30  WARN 23360 --- [product-service] [main] o.f.core.internal.command.DbValidate     : No migrations found. Are your locations set up correctly?
2026-03-14T17:23:39.796+05:30  INFO 23360 --- [product-service] [main] o.f.core.internal.command.DbMigrate      : Current version of schema `product_db`: << Empty Schema >>
2026-03-14T17:23:39.802+05:30  INFO 23360 --- [product-service] [main] o.f.core.internal.command.DbMigrate      : Schema `product_db` is up to date. No migration necessary.
2026-03-14T17:23:40.275+05:30  INFO 23360 --- [product-service] [main] o.hibernate.jpa.internal.util.LogHelper  : HHH000204: Processing PersistenceUnitInfo [name: default]
2026-03-14T17:23:40.374+05:30  INFO 23360 --- [product-service] [main] org.hibernate.Version                    : HHH000412: Hibernate ORM core version 6.4.4.Final
2026-03-14T17:23:40.431+05:30  INFO 23360 --- [product-service] [main] o.h.c.internal.RegionFactoryInitiator    : HHH000026: Second-level cache disabled
2026-03-14T17:23:40.789+05:30  INFO 23360 --- [product-service] [main] o.s.o.j.p.SpringPersistenceUnitInfo      : No LoadTimeWeaver setup: ignoring JPA class transformer
2026-03-14T17:23:40.893+05:30  WARN 23360 --- [product-service] [main] org.hibernate.orm.deprecation            : HHH90000025: MySQLDialect does not need to be specified explicitly using 'hibernate.dialect' (remove the property setting and it will be selected by default)
2026-03-14T17:23:41.101+05:30 ERROR 23360 --- [product-service] [main] j.LocalContainerEntityManagerFactoryBean : Failed to initialize JPA EntityManagerFactory: Entity 'com.ecommerce.product_service.entity.Category' has no identifier (every '@Entity' class must declare or inherit at least one '@Id' or '@EmbeddedId' property)
2026-03-14T17:23:41.102+05:30  WARN 23360 --- [product-service] [main] ConfigServletWebServerApplicationContext : Exception encountered during context initialization - cancelling refresh attempt: org.springframework.beans.factory.BeanCreationException: Error creating bean with name 'entityManagerFactory' defined in class path resource [org/springframework/boot/autoconfigure/orm/jpa/HibernateJpaConfiguration.class]: Entity 'com.ecommerce.product_service.entity.Category' has no identifier (every '@Entity' class must declare or inherit at least one '@Id' or '@EmbeddedId' property)
2026-03-14T17:23:41.103+05:30  INFO 23360 --- [product-service] [main] com.zaxxer.hikari.HikariDataSource       : ProductServicePool - Shutdown initiated...
2026-03-14T17:23:41.116+05:30  INFO 23360 --- [product-service] [main] com.zaxxer.hikari.HikariDataSource       : ProductServicePool - Shutdown completed.
2026-03-14T17:23:41.122+05:30  INFO 23360 --- [product-service] [main] o.apache.catalina.core.StandardService   : Stopping service [Tomcat]
2026-03-14T17:23:41.157+05:30  INFO 23360 --- [product-service] [main] .s.b.a.l.ConditionEvaluationReportLogger : 

Error starting ApplicationContext. To display the condition evaluation report re-run your application with 'debug' enabled.
2026-03-14T17:23:41.193+05:30 ERROR 23360 --- [product-service] [main] o.s.boot.SpringApplication               : Application run failed

org.springframework.beans.factory.BeanCreationException: Error creating bean with name 'entityManagerFactory' defined in class path resource [org/springframework/boot/autoconfigure/orm/jpa/HibernateJpaConfiguration.class]: Entity 'com.ecommerce.product_service.entity.Category' has no identifier (every '@Entity' class must declare or inherit at least one '@Id' or '@EmbeddedId' property)
	at org.springframework.beans.factory.support.AbstractAutowireCapableBeanFactory.initializeBean(AbstractAutowireCapableBeanFactory.java:1786) ~[spring-beans-6.1.4.jar:6.1.4]
	at org.springframework.beans.factory.support.AbstractAutowireCapableBeanFactory.doCreateBean(AbstractAutowireCapableBeanFactory.java:600) ~[spring-beans-6.1.4.jar:6.1.4]
	at org.springframework.beans.factory.support.AbstractAutowireCapableBeanFactory.createBean(AbstractAutowireCapableBeanFactory.java:522) ~[spring-beans-6.1.4.jar:6.1.4]
	at org.springframework.beans.factory.support.AbstractBeanFactory.lambda$doGetBean$0(AbstractBeanFactory.java:325) ~[spring-beans-6.1.4.jar:6.1.4]
	at org.springframework.beans.factory.support.DefaultSingletonBeanRegistry.getSingleton(DefaultSingletonBeanRegistry.java:234) ~[spring-beans-6.1.4.jar:6.1.4]
	at org.springframework.beans.factory.support.AbstractBeanFactory.doGetBean(AbstractBeanFactory.java:323) ~[spring-beans-6.1.4.jar:6.1.4]
	at org.springframework.beans.factory.support.AbstractBeanFactory.getBean(AbstractBeanFactory.java:199) ~[spring-beans-6.1.4.jar:6.1.4]
	at org.springframework.context.support.AbstractApplicationContext.getBean(AbstractApplicationContext.java:1231) ~[spring-context-6.1.4.jar:6.1.4]
	at org.springframework.context.support.AbstractApplicationContext.finishBeanFactoryInitialization(AbstractApplicationContext.java:949) ~[spring-context-6.1.4.jar:6.1.4]
	at org.springframework.context.support.AbstractApplicationContext.refresh(AbstractApplicationContext.java:624) ~[spring-context-6.1.4.jar:6.1.4]
	at org.springframework.boot.web.servlet.context.ServletWebServerApplicationContext.refresh(ServletWebServerApplicationContext.java:146) ~[spring-boot-3.2.3.jar:3.2.3]
	at org.springframework.boot.SpringApplication.refresh(SpringApplication.java:754) ~[spring-boot-3.2.3.jar:3.2.3]
	at org.springframework.boot.SpringApplication.refreshContext(SpringApplication.java:456) ~[spring-boot-3.2.3.jar:3.2.3]
	at org.springframework.boot.SpringApplication.run(SpringApplication.java:334) ~[spring-boot-3.2.3.jar:3.2.3]
	at org.springframework.boot.SpringApplication.run(SpringApplication.java:1354) ~[spring-boot-3.2.3.jar:3.2.3]
	at org.springframework.boot.SpringApplication.run(SpringApplication.java:1343) ~[spring-boot-3.2.3.jar:3.2.3]
	at com.ecommerce.product_service.ProductServiceApplication.main(ProductServiceApplication.java:14) ~[classes/:na]
Caused by: org.hibernate.AnnotationException: Entity 'com.ecommerce.product_service.entity.Category' has no identifier (every '@Entity' class must declare or inherit at least one '@Id' or '@EmbeddedId' property)
	at org.hibernate.boot.model.internal.InheritanceState.getElementsToProcess(InheritanceState.java:235) ~[hibernate-core-6.4.4.Final.jar:6.4.4.Final]
	at org.hibernate.boot.model.internal.InheritanceState.postProcess(InheritanceState.java:160) ~[hibernate-core-6.4.4.Final.jar:6.4.4.Final]
	at org.hibernate.boot.model.internal.EntityBinder.handleIdentifier(EntityBinder.java:348) ~[hibernate-core-6.4.4.Final.jar:6.4.4.Final]
	at org.hibernate.boot.model.internal.EntityBinder.bindEntityClass(EntityBinder.java:237) ~[hibernate-core-6.4.4.Final.jar:6.4.4.Final]
	at org.hibernate.boot.model.internal.AnnotationBinder.bindClass(AnnotationBinder.java:423) ~[hibernate-core-6.4.4.Final.jar:6.4.4.Final]
	at org.hibernate.boot.model.source.internal.annotations.AnnotationMetadataSourceProcessorImpl.processEntityHierarchies(AnnotationMetadataSourceProcessorImpl.java:256) ~[hibernate-core-6.4.4.Final.jar:6.4.4.Final]
	at org.hibernate.boot.model.process.spi.MetadataBuildingProcess$1.processEntityHierarchies(MetadataBuildingProcess.java:279) ~[hibernate-core-6.4.4.Final.jar:6.4.4.Final]
	at org.hibernate.boot.model.process.spi.MetadataBuildingProcess.complete(MetadataBuildingProcess.java:322) ~[hibernate-core-6.4.4.Final.jar:6.4.4.Final]
	at org.hibernate.jpa.boot.internal.EntityManagerFactoryBuilderImpl.metadata(EntityManagerFactoryBuilderImpl.java:1432) ~[hibernate-core-6.4.4.Final.jar:6.4.4.Final]
	at org.hibernate.jpa.boot.internal.EntityManagerFactoryBuilderImpl.build(EntityManagerFactoryBuilderImpl.java:1503) ~[hibernate-core-6.4.4.Final.jar:6.4.4.Final]
	at org.springframework.orm.jpa.vendor.SpringHibernateJpaPersistenceProvider.createContainerEntityManagerFactory(SpringHibernateJpaPersistenceProvider.java:75) ~[spring-orm-6.1.4.jar:6.1.4]
	at org.springframework.orm.jpa.LocalContainerEntityManagerFactoryBean.createNativeEntityManagerFactory(LocalContainerEntityManagerFactoryBean.java:388) ~[spring-orm-6.1.4.jar:6.1.4]
	at org.springframework.orm.jpa.AbstractEntityManagerFactoryBean.buildNativeEntityManagerFactory(AbstractEntityManagerFactoryBean.java:409) ~[spring-orm-6.1.4.jar:6.1.4]
	at org.springframework.orm.jpa.AbstractEntityManagerFactoryBean.afterPropertiesSet(AbstractEntityManagerFactoryBean.java:396) ~[spring-orm-6.1.4.jar:6.1.4]
	at org.springframework.orm.jpa.LocalContainerEntityManagerFactoryBean.afterPropertiesSet(LocalContainerEntityManagerFactoryBean.java:364) ~[spring-orm-6.1.4.jar:6.1.4]
	at org.springframework.beans.factory.support.AbstractAutowireCapableBeanFactory.invokeInitMethods(AbstractAutowireCapableBeanFactory.java:1833) ~[spring-beans-6.1.4.jar:6.1.4]
	at org.springframework.beans.factory.support.AbstractAutowireCapableBeanFactory.initializeBean(AbstractAutowireCapableBeanFactory.java:1782) ~[spring-beans-6.1.4.jar:6.1.4]
	... 16 common frames omitted

2026-03-14T17:27:38.726+05:30  INFO 11864 --- [product-service] [main] c.e.p.ProductServiceApplication          : Starting ProductServiceApplication using Java 21.0.2 with PID 11864 (F:\Ecommerce Production Level Application\product-service\target\classes started by nanda royality in F:\Ecommerce Production Level Application\user-service)
2026-03-14T17:27:38.739+05:30 DEBUG 11864 --- [product-service] [main] c.e.p.ProductServiceApplication          : Running with Spring Boot v3.2.3, Spring v6.1.4
2026-03-14T17:27:38.740+05:30  INFO 11864 --- [product-service] [main] c.e.p.ProductServiceApplication          : No active profile set, falling back to 1 default profile: "default"
2026-03-14T17:27:40.753+05:30  INFO 11864 --- [product-service] [main] .s.d.r.c.RepositoryConfigurationDelegate : Multiple Spring Data modules found, entering strict repository configuration mode
2026-03-14T17:27:40.755+05:30  INFO 11864 --- [product-service] [main] .s.d.r.c.RepositoryConfigurationDelegate : Bootstrapping Spring Data JPA repositories in DEFAULT mode.
2026-03-14T17:27:40.941+05:30  INFO 11864 --- [product-service] [main] .s.d.r.c.RepositoryConfigurationDelegate : Finished Spring Data repository scanning in 176 ms. Found 5 JPA repository interfaces.
2026-03-14T17:27:41.281+05:30  INFO 11864 --- [product-service] [main] o.s.cloud.context.scope.GenericScope     : BeanFactory id=1ab17dc5-7629-3be5-b8c9-7636bc1185b2
2026-03-14T17:27:42.333+05:30  INFO 11864 --- [product-service] [main] o.s.b.w.embedded.tomcat.TomcatWebServer  : Tomcat initialized with port 8082 (http)
2026-03-14T17:27:42.350+05:30  INFO 11864 --- [product-service] [main] o.apache.catalina.core.StandardService   : Starting service [Tomcat]
2026-03-14T17:27:42.351+05:30  INFO 11864 --- [product-service] [main] o.apache.catalina.core.StandardEngine    : Starting Servlet engine: [Apache Tomcat/10.1.19]
2026-03-14T17:27:42.474+05:30  INFO 11864 --- [product-service] [main] o.a.c.c.C.[Tomcat].[localhost].[/]       : Initializing Spring embedded WebApplicationContext
2026-03-14T17:27:42.474+05:30  INFO 11864 --- [product-service] [main] w.s.c.ServletWebServerApplicationContext : Root WebApplicationContext: initialization completed in 3647 ms
2026-03-14T17:27:42.760+05:30 DEBUG 11864 --- [product-service] [main] c.e.p.security.JwtAuthenticationFilter   : Filter 'jwtAuthenticationFilter' configured for use
2026-03-14T17:27:42.862+05:30  INFO 11864 --- [product-service] [main] com.zaxxer.hikari.HikariDataSource       : ProductServicePool - Starting...
2026-03-14T17:27:43.084+05:30  INFO 11864 --- [product-service] [main] com.zaxxer.hikari.pool.HikariPool        : ProductServicePool - Added connection com.mysql.cj.jdbc.ConnectionImpl@50734cea
2026-03-14T17:27:43.087+05:30  INFO 11864 --- [product-service] [main] com.zaxxer.hikari.HikariDataSource       : ProductServicePool - Start completed.
2026-03-14T17:27:43.220+05:30  INFO 11864 --- [product-service] [main] o.f.c.internal.license.VersionPrinter    : Flyway Community Edition 9.22.3 by Redgate
2026-03-14T17:27:43.220+05:30  INFO 11864 --- [product-service] [main] o.f.c.internal.license.VersionPrinter    : See release notes here: https://rd.gt/416ObMi
2026-03-14T17:27:43.220+05:30  INFO 11864 --- [product-service] [main] o.f.c.internal.license.VersionPrinter    : 
2026-03-14T17:27:43.246+05:30  INFO 11864 --- [product-service] [main] org.flywaydb.core.FlywayExecutor         : Database: jdbc:mysql://localhost:3306/product_db (MySQL 8.0)
2026-03-14T17:27:43.299+05:30  INFO 11864 --- [product-service] [main] o.f.core.internal.command.DbValidate     : Successfully validated 0 migrations (execution time 00:00.021s)
2026-03-14T17:27:43.299+05:30  WARN 11864 --- [product-service] [main] o.f.core.internal.command.DbValidate     : No migrations found. Are your locations set up correctly?
2026-03-14T17:27:43.319+05:30  INFO 11864 --- [product-service] [main] o.f.core.internal.command.DbMigrate      : Current version of schema `product_db`: << Empty Schema >>
2026-03-14T17:27:43.328+05:30  INFO 11864 --- [product-service] [main] o.f.core.internal.command.DbMigrate      : Schema `product_db` is up to date. No migration necessary.
2026-03-14T17:27:43.477+05:30  INFO 11864 --- [product-service] [main] o.hibernate.jpa.internal.util.LogHelper  : HHH000204: Processing PersistenceUnitInfo [name: default]
2026-03-14T17:27:43.608+05:30  INFO 11864 --- [product-service] [main] org.hibernate.Version                    : HHH000412: Hibernate ORM core version 6.4.4.Final
2026-03-14T17:27:43.689+05:30  INFO 11864 --- [product-service] [main] o.h.c.internal.RegionFactoryInitiator    : HHH000026: Second-level cache disabled
2026-03-14T17:27:44.119+05:30  INFO 11864 --- [product-service] [main] o.s.o.j.p.SpringPersistenceUnitInfo      : No LoadTimeWeaver setup: ignoring JPA class transformer
2026-03-14T17:27:44.214+05:30  WARN 11864 --- [product-service] [main] org.hibernate.orm.deprecation            : HHH90000025: MySQLDialect does not need to be specified explicitly using 'hibernate.dialect' (remove the property setting and it will be selected by default)
2026-03-14T17:27:44.429+05:30 ERROR 11864 --- [product-service] [main] j.LocalContainerEntityManagerFactoryBean : Failed to initialize JPA EntityManagerFactory: Entity 'com.ecommerce.product_service.entity.Category' has no identifier (every '@Entity' class must declare or inherit at least one '@Id' or '@EmbeddedId' property)
2026-03-14T17:27:44.430+05:30  WARN 11864 --- [product-service] [main] ConfigServletWebServerApplicationContext : Exception encountered during context initialization - cancelling refresh attempt: org.springframework.beans.factory.BeanCreationException: Error creating bean with name 'entityManagerFactory' defined in class path resource [org/springframework/boot/autoconfigure/orm/jpa/HibernateJpaConfiguration.class]: Entity 'com.ecommerce.product_service.entity.Category' has no identifier (every '@Entity' class must declare or inherit at least one '@Id' or '@EmbeddedId' property)
2026-03-14T17:27:44.430+05:30  INFO 11864 --- [product-service] [main] com.zaxxer.hikari.HikariDataSource       : ProductServicePool - Shutdown initiated...
2026-03-14T17:27:44.439+05:30  INFO 11864 --- [product-service] [main] com.zaxxer.hikari.HikariDataSource       : ProductServicePool - Shutdown completed.
2026-03-14T17:27:44.443+05:30  INFO 11864 --- [product-service] [main] o.apache.catalina.core.StandardService   : Stopping service [Tomcat]
2026-03-14T17:27:44.470+05:30  INFO 11864 --- [product-service] [main] .s.b.a.l.ConditionEvaluationReportLogger : 

Error starting ApplicationContext. To display the condition evaluation report re-run your application with 'debug' enabled.
2026-03-14T17:27:44.494+05:30 ERROR 11864 --- [product-service] [main] o.s.boot.SpringApplication               : Application run failed

org.springframework.beans.factory.BeanCreationException: Error creating bean with name 'entityManagerFactory' defined in class path resource [org/springframework/boot/autoconfigure/orm/jpa/HibernateJpaConfiguration.class]: Entity 'com.ecommerce.product_service.entity.Category' has no identifier (every '@Entity' class must declare or inherit at least one '@Id' or '@EmbeddedId' property)
	at org.springframework.beans.factory.support.AbstractAutowireCapableBeanFactory.initializeBean(AbstractAutowireCapableBeanFactory.java:1786) ~[spring-beans-6.1.4.jar:6.1.4]
	at org.springframework.beans.factory.support.AbstractAutowireCapableBeanFactory.doCreateBean(AbstractAutowireCapableBeanFactory.java:600) ~[spring-beans-6.1.4.jar:6.1.4]
	at org.springframework.beans.factory.support.AbstractAutowireCapableBeanFactory.createBean(AbstractAutowireCapableBeanFactory.java:522) ~[spring-beans-6.1.4.jar:6.1.4]
	at org.springframework.beans.factory.support.AbstractBeanFactory.lambda$doGetBean$0(AbstractBeanFactory.java:325) ~[spring-beans-6.1.4.jar:6.1.4]
	at org.springframework.beans.factory.support.DefaultSingletonBeanRegistry.getSingleton(DefaultSingletonBeanRegistry.java:234) ~[spring-beans-6.1.4.jar:6.1.4]
	at org.springframework.beans.factory.support.AbstractBeanFactory.doGetBean(AbstractBeanFactory.java:323) ~[spring-beans-6.1.4.jar:6.1.4]
	at org.springframework.beans.factory.support.AbstractBeanFactory.getBean(AbstractBeanFactory.java:199) ~[spring-beans-6.1.4.jar:6.1.4]
	at org.springframework.context.support.AbstractApplicationContext.getBean(AbstractApplicationContext.java:1231) ~[spring-context-6.1.4.jar:6.1.4]
	at org.springframework.context.support.AbstractApplicationContext.finishBeanFactoryInitialization(AbstractApplicationContext.java:949) ~[spring-context-6.1.4.jar:6.1.4]
	at org.springframework.context.support.AbstractApplicationContext.refresh(AbstractApplicationContext.java:624) ~[spring-context-6.1.4.jar:6.1.4]
	at org.springframework.boot.web.servlet.context.ServletWebServerApplicationContext.refresh(ServletWebServerApplicationContext.java:146) ~[spring-boot-3.2.3.jar:3.2.3]
	at org.springframework.boot.SpringApplication.refresh(SpringApplication.java:754) ~[spring-boot-3.2.3.jar:3.2.3]
	at org.springframework.boot.SpringApplication.refreshContext(SpringApplication.java:456) ~[spring-boot-3.2.3.jar:3.2.3]
	at org.springframework.boot.SpringApplication.run(SpringApplication.java:334) ~[spring-boot-3.2.3.jar:3.2.3]
	at org.springframework.boot.SpringApplication.run(SpringApplication.java:1354) ~[spring-boot-3.2.3.jar:3.2.3]
	at org.springframework.boot.SpringApplication.run(SpringApplication.java:1343) ~[spring-boot-3.2.3.jar:3.2.3]
	at com.ecommerce.product_service.ProductServiceApplication.main(ProductServiceApplication.java:14) ~[classes/:na]
Caused by: org.hibernate.AnnotationException: Entity 'com.ecommerce.product_service.entity.Category' has no identifier (every '@Entity' class must declare or inherit at least one '@Id' or '@EmbeddedId' property)
	at org.hibernate.boot.model.internal.InheritanceState.getElementsToProcess(InheritanceState.java:235) ~[hibernate-core-6.4.4.Final.jar:6.4.4.Final]
	at org.hibernate.boot.model.internal.InheritanceState.postProcess(InheritanceState.java:160) ~[hibernate-core-6.4.4.Final.jar:6.4.4.Final]
	at org.hibernate.boot.model.internal.EntityBinder.handleIdentifier(EntityBinder.java:348) ~[hibernate-core-6.4.4.Final.jar:6.4.4.Final]
	at org.hibernate.boot.model.internal.EntityBinder.bindEntityClass(EntityBinder.java:237) ~[hibernate-core-6.4.4.Final.jar:6.4.4.Final]
	at org.hibernate.boot.model.internal.AnnotationBinder.bindClass(AnnotationBinder.java:423) ~[hibernate-core-6.4.4.Final.jar:6.4.4.Final]
	at org.hibernate.boot.model.source.internal.annotations.AnnotationMetadataSourceProcessorImpl.processEntityHierarchies(AnnotationMetadataSourceProcessorImpl.java:256) ~[hibernate-core-6.4.4.Final.jar:6.4.4.Final]
	at org.hibernate.boot.model.process.spi.MetadataBuildingProcess$1.processEntityHierarchies(MetadataBuildingProcess.java:279) ~[hibernate-core-6.4.4.Final.jar:6.4.4.Final]
	at org.hibernate.boot.model.process.spi.MetadataBuildingProcess.complete(MetadataBuildingProcess.java:322) ~[hibernate-core-6.4.4.Final.jar:6.4.4.Final]
	at org.hibernate.jpa.boot.internal.EntityManagerFactoryBuilderImpl.metadata(EntityManagerFactoryBuilderImpl.java:1432) ~[hibernate-core-6.4.4.Final.jar:6.4.4.Final]
	at org.hibernate.jpa.boot.internal.EntityManagerFactoryBuilderImpl.build(EntityManagerFactoryBuilderImpl.java:1503) ~[hibernate-core-6.4.4.Final.jar:6.4.4.Final]
	at org.springframework.orm.jpa.vendor.SpringHibernateJpaPersistenceProvider.createContainerEntityManagerFactory(SpringHibernateJpaPersistenceProvider.java:75) ~[spring-orm-6.1.4.jar:6.1.4]
	at org.springframework.orm.jpa.LocalContainerEntityManagerFactoryBean.createNativeEntityManagerFactory(LocalContainerEntityManagerFactoryBean.java:388) ~[spring-orm-6.1.4.jar:6.1.4]
	at org.springframework.orm.jpa.AbstractEntityManagerFactoryBean.buildNativeEntityManagerFactory(AbstractEntityManagerFactoryBean.java:409) ~[spring-orm-6.1.4.jar:6.1.4]
	at org.springframework.orm.jpa.AbstractEntityManagerFactoryBean.afterPropertiesSet(AbstractEntityManagerFactoryBean.java:396) ~[spring-orm-6.1.4.jar:6.1.4]
	at org.springframework.orm.jpa.LocalContainerEntityManagerFactoryBean.afterPropertiesSet(LocalContainerEntityManagerFactoryBean.java:364) ~[spring-orm-6.1.4.jar:6.1.4]
	at org.springframework.beans.factory.support.AbstractAutowireCapableBeanFactory.invokeInitMethods(AbstractAutowireCapableBeanFactory.java:1833) ~[spring-beans-6.1.4.jar:6.1.4]
	at org.springframework.beans.factory.support.AbstractAutowireCapableBeanFactory.initializeBean(AbstractAutowireCapableBeanFactory.java:1782) ~[spring-beans-6.1.4.jar:6.1.4]
	... 16 common frames omitted

2026-03-14T17:27:51.597+05:30  INFO 16392 --- [product-service] [main] c.e.p.ProductServiceApplication          : Starting ProductServiceApplication using Java 21.0.2 with PID 16392 (F:\Ecommerce Production Level Application\product-service\target\classes started by nanda royality in F:\Ecommerce Production Level Application\user-service)
2026-03-14T17:27:51.598+05:30 DEBUG 16392 --- [product-service] [main] c.e.p.ProductServiceApplication          : Running with Spring Boot v3.2.3, Spring v6.1.4
2026-03-14T17:27:51.600+05:30  INFO 16392 --- [product-service] [main] c.e.p.ProductServiceApplication          : No active profile set, falling back to 1 default profile: "default"
2026-03-14T17:27:53.580+05:30  INFO 16392 --- [product-service] [main] .s.d.r.c.RepositoryConfigurationDelegate : Multiple Spring Data modules found, entering strict repository configuration mode
2026-03-14T17:27:53.582+05:30  INFO 16392 --- [product-service] [main] .s.d.r.c.RepositoryConfigurationDelegate : Bootstrapping Spring Data JPA repositories in DEFAULT mode.
2026-03-14T17:27:53.787+05:30  INFO 16392 --- [product-service] [main] .s.d.r.c.RepositoryConfigurationDelegate : Finished Spring Data repository scanning in 195 ms. Found 5 JPA repository interfaces.
2026-03-14T17:27:54.162+05:30  INFO 16392 --- [product-service] [main] o.s.cloud.context.scope.GenericScope     : BeanFactory id=1ab17dc5-7629-3be5-b8c9-7636bc1185b2
2026-03-14T17:27:55.186+05:30  INFO 16392 --- [product-service] [main] o.s.b.w.embedded.tomcat.TomcatWebServer  : Tomcat initialized with port 8082 (http)
2026-03-14T17:27:55.207+05:30  INFO 16392 --- [product-service] [main] o.apache.catalina.core.StandardService   : Starting service [Tomcat]
2026-03-14T17:27:55.208+05:30  INFO 16392 --- [product-service] [main] o.apache.catalina.core.StandardEngine    : Starting Servlet engine: [Apache Tomcat/10.1.19]
2026-03-14T17:27:55.335+05:30  INFO 16392 --- [product-service] [main] o.a.c.c.C.[Tomcat].[localhost].[/]       : Initializing Spring embedded WebApplicationContext
2026-03-14T17:27:55.336+05:30  INFO 16392 --- [product-service] [main] w.s.c.ServletWebServerApplicationContext : Root WebApplicationContext: initialization completed in 3650 ms
2026-03-14T17:27:55.675+05:30 DEBUG 16392 --- [product-service] [main] c.e.p.security.JwtAuthenticationFilter   : Filter 'jwtAuthenticationFilter' configured for use
2026-03-14T17:27:55.783+05:30  INFO 16392 --- [product-service] [main] com.zaxxer.hikari.HikariDataSource       : ProductServicePool - Starting...
2026-03-14T17:27:56.020+05:30  INFO 16392 --- [product-service] [main] com.zaxxer.hikari.pool.HikariPool        : ProductServicePool - Added connection com.mysql.cj.jdbc.ConnectionImpl@4e357792
2026-03-14T17:27:56.023+05:30  INFO 16392 --- [product-service] [main] com.zaxxer.hikari.HikariDataSource       : ProductServicePool - Start completed.
2026-03-14T17:27:56.167+05:30  INFO 16392 --- [product-service] [main] o.f.c.internal.license.VersionPrinter    : Flyway Community Edition 9.22.3 by Redgate
2026-03-14T17:27:56.167+05:30  INFO 16392 --- [product-service] [main] o.f.c.internal.license.VersionPrinter    : See release notes here: https://rd.gt/416ObMi
2026-03-14T17:27:56.167+05:30  INFO 16392 --- [product-service] [main] o.f.c.internal.license.VersionPrinter    : 
2026-03-14T17:27:56.190+05:30  INFO 16392 --- [product-service] [main] org.flywaydb.core.FlywayExecutor         : Database: jdbc:mysql://localhost:3306/product_db (MySQL 8.0)
2026-03-14T17:27:56.244+05:30  INFO 16392 --- [product-service] [main] o.f.core.internal.command.DbValidate     : Successfully validated 0 migrations (execution time 00:00.025s)
2026-03-14T17:27:56.245+05:30  WARN 16392 --- [product-service] [main] o.f.core.internal.command.DbValidate     : No migrations found. Are your locations set up correctly?
2026-03-14T17:27:56.271+05:30  INFO 16392 --- [product-service] [main] o.f.core.internal.command.DbMigrate      : Current version of schema `product_db`: << Empty Schema >>
2026-03-14T17:27:56.281+05:30  INFO 16392 --- [product-service] [main] o.f.core.internal.command.DbMigrate      : Schema `product_db` is up to date. No migration necessary.
2026-03-14T17:27:56.445+05:30  INFO 16392 --- [product-service] [main] o.hibernate.jpa.internal.util.LogHelper  : HHH000204: Processing PersistenceUnitInfo [name: default]
2026-03-14T17:27:56.552+05:30  INFO 16392 --- [product-service] [main] org.hibernate.Version                    : HHH000412: Hibernate ORM core version 6.4.4.Final
2026-03-14T17:27:56.601+05:30  INFO 16392 --- [product-service] [main] o.h.c.internal.RegionFactoryInitiator    : HHH000026: Second-level cache disabled
2026-03-14T17:27:56.904+05:30  INFO 16392 --- [product-service] [main] o.s.o.j.p.SpringPersistenceUnitInfo      : No LoadTimeWeaver setup: ignoring JPA class transformer
2026-03-14T17:27:56.974+05:30  WARN 16392 --- [product-service] [main] org.hibernate.orm.deprecation            : HHH90000025: MySQLDialect does not need to be specified explicitly using 'hibernate.dialect' (remove the property setting and it will be selected by default)
2026-03-14T17:27:57.156+05:30 ERROR 16392 --- [product-service] [main] j.LocalContainerEntityManagerFactoryBean : Failed to initialize JPA EntityManagerFactory: Entity 'com.ecommerce.product_service.entity.Category' has no identifier (every '@Entity' class must declare or inherit at least one '@Id' or '@EmbeddedId' property)
2026-03-14T17:27:57.157+05:30  WARN 16392 --- [product-service] [main] ConfigServletWebServerApplicationContext : Exception encountered during context initialization - cancelling refresh attempt: org.springframework.beans.factory.BeanCreationException: Error creating bean with name 'entityManagerFactory' defined in class path resource [org/springframework/boot/autoconfigure/orm/jpa/HibernateJpaConfiguration.class]: Entity 'com.ecommerce.product_service.entity.Category' has no identifier (every '@Entity' class must declare or inherit at least one '@Id' or '@EmbeddedId' property)
2026-03-14T17:27:57.157+05:30  INFO 16392 --- [product-service] [main] com.zaxxer.hikari.HikariDataSource       : ProductServicePool - Shutdown initiated...
2026-03-14T17:27:57.166+05:30  INFO 16392 --- [product-service] [main] com.zaxxer.hikari.HikariDataSource       : ProductServicePool - Shutdown completed.
2026-03-14T17:27:57.169+05:30  INFO 16392 --- [product-service] [main] o.apache.catalina.core.StandardService   : Stopping service [Tomcat]
2026-03-14T17:27:57.195+05:30  INFO 16392 --- [product-service] [main] .s.b.a.l.ConditionEvaluationReportLogger : 

Error starting ApplicationContext. To display the condition evaluation report re-run your application with 'debug' enabled.
2026-03-14T17:27:57.217+05:30 ERROR 16392 --- [product-service] [main] o.s.boot.SpringApplication               : Application run failed

org.springframework.beans.factory.BeanCreationException: Error creating bean with name 'entityManagerFactory' defined in class path resource [org/springframework/boot/autoconfigure/orm/jpa/HibernateJpaConfiguration.class]: Entity 'com.ecommerce.product_service.entity.Category' has no identifier (every '@Entity' class must declare or inherit at least one '@Id' or '@EmbeddedId' property)
	at org.springframework.beans.factory.support.AbstractAutowireCapableBeanFactory.initializeBean(AbstractAutowireCapableBeanFactory.java:1786) ~[spring-beans-6.1.4.jar:6.1.4]
	at org.springframework.beans.factory.support.AbstractAutowireCapableBeanFactory.doCreateBean(AbstractAutowireCapableBeanFactory.java:600) ~[spring-beans-6.1.4.jar:6.1.4]
	at org.springframework.beans.factory.support.AbstractAutowireCapableBeanFactory.createBean(AbstractAutowireCapableBeanFactory.java:522) ~[spring-beans-6.1.4.jar:6.1.4]
	at org.springframework.beans.factory.support.AbstractBeanFactory.lambda$doGetBean$0(AbstractBeanFactory.java:325) ~[spring-beans-6.1.4.jar:6.1.4]
	at org.springframework.beans.factory.support.DefaultSingletonBeanRegistry.getSingleton(DefaultSingletonBeanRegistry.java:234) ~[spring-beans-6.1.4.jar:6.1.4]
	at org.springframework.beans.factory.support.AbstractBeanFactory.doGetBean(AbstractBeanFactory.java:323) ~[spring-beans-6.1.4.jar:6.1.4]
	at org.springframework.beans.factory.support.AbstractBeanFactory.getBean(AbstractBeanFactory.java:199) ~[spring-beans-6.1.4.jar:6.1.4]
	at org.springframework.context.support.AbstractApplicationContext.getBean(AbstractApplicationContext.java:1231) ~[spring-context-6.1.4.jar:6.1.4]
	at org.springframework.context.support.AbstractApplicationContext.finishBeanFactoryInitialization(AbstractApplicationContext.java:949) ~[spring-context-6.1.4.jar:6.1.4]
	at org.springframework.context.support.AbstractApplicationContext.refresh(AbstractApplicationContext.java:624) ~[spring-context-6.1.4.jar:6.1.4]
	at org.springframework.boot.web.servlet.context.ServletWebServerApplicationContext.refresh(ServletWebServerApplicationContext.java:146) ~[spring-boot-3.2.3.jar:3.2.3]
	at org.springframework.boot.SpringApplication.refresh(SpringApplication.java:754) ~[spring-boot-3.2.3.jar:3.2.3]
	at org.springframework.boot.SpringApplication.refreshContext(SpringApplication.java:456) ~[spring-boot-3.2.3.jar:3.2.3]
	at org.springframework.boot.SpringApplication.run(SpringApplication.java:334) ~[spring-boot-3.2.3.jar:3.2.3]
	at org.springframework.boot.SpringApplication.run(SpringApplication.java:1354) ~[spring-boot-3.2.3.jar:3.2.3]
	at org.springframework.boot.SpringApplication.run(SpringApplication.java:1343) ~[spring-boot-3.2.3.jar:3.2.3]
	at com.ecommerce.product_service.ProductServiceApplication.main(ProductServiceApplication.java:14) ~[classes/:na]
Caused by: org.hibernate.AnnotationException: Entity 'com.ecommerce.product_service.entity.Category' has no identifier (every '@Entity' class must declare or inherit at least one '@Id' or '@EmbeddedId' property)
	at org.hibernate.boot.model.internal.InheritanceState.getElementsToProcess(InheritanceState.java:235) ~[hibernate-core-6.4.4.Final.jar:6.4.4.Final]
	at org.hibernate.boot.model.internal.InheritanceState.postProcess(InheritanceState.java:160) ~[hibernate-core-6.4.4.Final.jar:6.4.4.Final]
	at org.hibernate.boot.model.internal.EntityBinder.handleIdentifier(EntityBinder.java:348) ~[hibernate-core-6.4.4.Final.jar:6.4.4.Final]
	at org.hibernate.boot.model.internal.EntityBinder.bindEntityClass(EntityBinder.java:237) ~[hibernate-core-6.4.4.Final.jar:6.4.4.Final]
	at org.hibernate.boot.model.internal.AnnotationBinder.bindClass(AnnotationBinder.java:423) ~[hibernate-core-6.4.4.Final.jar:6.4.4.Final]
	at org.hibernate.boot.model.source.internal.annotations.AnnotationMetadataSourceProcessorImpl.processEntityHierarchies(AnnotationMetadataSourceProcessorImpl.java:256) ~[hibernate-core-6.4.4.Final.jar:6.4.4.Final]
	at org.hibernate.boot.model.process.spi.MetadataBuildingProcess$1.processEntityHierarchies(MetadataBuildingProcess.java:279) ~[hibernate-core-6.4.4.Final.jar:6.4.4.Final]
	at org.hibernate.boot.model.process.spi.MetadataBuildingProcess.complete(MetadataBuildingProcess.java:322) ~[hibernate-core-6.4.4.Final.jar:6.4.4.Final]
	at org.hibernate.jpa.boot.internal.EntityManagerFactoryBuilderImpl.metadata(EntityManagerFactoryBuilderImpl.java:1432) ~[hibernate-core-6.4.4.Final.jar:6.4.4.Final]
	at org.hibernate.jpa.boot.internal.EntityManagerFactoryBuilderImpl.build(EntityManagerFactoryBuilderImpl.java:1503) ~[hibernate-core-6.4.4.Final.jar:6.4.4.Final]
	at org.springframework.orm.jpa.vendor.SpringHibernateJpaPersistenceProvider.createContainerEntityManagerFactory(SpringHibernateJpaPersistenceProvider.java:75) ~[spring-orm-6.1.4.jar:6.1.4]
	at org.springframework.orm.jpa.LocalContainerEntityManagerFactoryBean.createNativeEntityManagerFactory(LocalContainerEntityManagerFactoryBean.java:388) ~[spring-orm-6.1.4.jar:6.1.4]
	at org.springframework.orm.jpa.AbstractEntityManagerFactoryBean.buildNativeEntityManagerFactory(AbstractEntityManagerFactoryBean.java:409) ~[spring-orm-6.1.4.jar:6.1.4]
	at org.springframework.orm.jpa.AbstractEntityManagerFactoryBean.afterPropertiesSet(AbstractEntityManagerFactoryBean.java:396) ~[spring-orm-6.1.4.jar:6.1.4]
	at org.springframework.orm.jpa.LocalContainerEntityManagerFactoryBean.afterPropertiesSet(LocalContainerEntityManagerFactoryBean.java:364) ~[spring-orm-6.1.4.jar:6.1.4]
	at org.springframework.beans.factory.support.AbstractAutowireCapableBeanFactory.invokeInitMethods(AbstractAutowireCapableBeanFactory.java:1833) ~[spring-beans-6.1.4.jar:6.1.4]
	at org.springframework.beans.factory.support.AbstractAutowireCapableBeanFactory.initializeBean(AbstractAutowireCapableBeanFactory.java:1782) ~[spring-beans-6.1.4.jar:6.1.4]
	... 16 common frames omitted

2026-03-14T17:37:27.774+05:30  INFO 29076 --- [product-service] [main] c.e.p.ProductServiceApplication          : Starting ProductServiceApplication using Java 21.0.2 with PID 29076 (F:\Ecommerce Production Level Application\product-service\target\classes started by nanda royality in F:\Ecommerce Production Level Application\user-service)
2026-03-14T17:37:27.781+05:30 DEBUG 29076 --- [product-service] [main] c.e.p.ProductServiceApplication          : Running with Spring Boot v3.2.3, Spring v6.1.4
2026-03-14T17:37:27.783+05:30  INFO 29076 --- [product-service] [main] c.e.p.ProductServiceApplication          : No active profile set, falling back to 1 default profile: "default"
2026-03-14T17:37:30.008+05:30  INFO 29076 --- [product-service] [main] .s.d.r.c.RepositoryConfigurationDelegate : Multiple Spring Data modules found, entering strict repository configuration mode
2026-03-14T17:37:30.010+05:30  INFO 29076 --- [product-service] [main] .s.d.r.c.RepositoryConfigurationDelegate : Bootstrapping Spring Data JPA repositories in DEFAULT mode.
2026-03-14T17:37:30.257+05:30  INFO 29076 --- [product-service] [main] .s.d.r.c.RepositoryConfigurationDelegate : Finished Spring Data repository scanning in 235 ms. Found 5 JPA repository interfaces.
2026-03-14T17:37:30.674+05:30  INFO 29076 --- [product-service] [main] o.s.cloud.context.scope.GenericScope     : BeanFactory id=1ab17dc5-7629-3be5-b8c9-7636bc1185b2
2026-03-14T17:37:31.833+05:30  INFO 29076 --- [product-service] [main] o.s.b.w.embedded.tomcat.TomcatWebServer  : Tomcat initialized with port 8082 (http)
2026-03-14T17:37:31.849+05:30  INFO 29076 --- [product-service] [main] o.apache.catalina.core.StandardService   : Starting service [Tomcat]
2026-03-14T17:37:31.849+05:30  INFO 29076 --- [product-service] [main] o.apache.catalina.core.StandardEngine    : Starting Servlet engine: [Apache Tomcat/10.1.19]
2026-03-14T17:37:31.971+05:30  INFO 29076 --- [product-service] [main] o.a.c.c.C.[Tomcat].[localhost].[/]       : Initializing Spring embedded WebApplicationContext
2026-03-14T17:37:31.971+05:30  INFO 29076 --- [product-service] [main] w.s.c.ServletWebServerApplicationContext : Root WebApplicationContext: initialization completed in 4085 ms
2026-03-14T17:37:32.323+05:30 DEBUG 29076 --- [product-service] [main] c.e.p.security.JwtAuthenticationFilter   : Filter 'jwtAuthenticationFilter' configured for use
2026-03-14T17:37:32.462+05:30  INFO 29076 --- [product-service] [main] com.zaxxer.hikari.HikariDataSource       : ProductServicePool - Starting...
2026-03-14T17:37:32.795+05:30  INFO 29076 --- [product-service] [main] com.zaxxer.hikari.pool.HikariPool        : ProductServicePool - Added connection com.mysql.cj.jdbc.ConnectionImpl@5cf072ea
2026-03-14T17:37:32.798+05:30  INFO 29076 --- [product-service] [main] com.zaxxer.hikari.HikariDataSource       : ProductServicePool - Start completed.
2026-03-14T17:37:32.943+05:30  INFO 29076 --- [product-service] [main] o.f.c.internal.license.VersionPrinter    : Flyway Community Edition 9.22.3 by Redgate
2026-03-14T17:37:32.943+05:30  INFO 29076 --- [product-service] [main] o.f.c.internal.license.VersionPrinter    : See release notes here: https://rd.gt/416ObMi
2026-03-14T17:37:32.943+05:30  INFO 29076 --- [product-service] [main] o.f.c.internal.license.VersionPrinter    : 
2026-03-14T17:37:33.009+05:30  INFO 29076 --- [product-service] [main] org.flywaydb.core.FlywayExecutor         : Database: jdbc:mysql://localhost:3306/product_db (MySQL 8.0)
2026-03-14T17:37:33.115+05:30  INFO 29076 --- [product-service] [main] o.f.core.internal.command.DbValidate     : Successfully validated 0 migrations (execution time 00:00.036s)
2026-03-14T17:37:33.115+05:30  WARN 29076 --- [product-service] [main] o.f.core.internal.command.DbValidate     : No migrations found. Are your locations set up correctly?
2026-03-14T17:37:33.130+05:30  INFO 29076 --- [product-service] [main] o.f.core.internal.command.DbMigrate      : Current version of schema `product_db`: << Empty Schema >>
2026-03-14T17:37:33.135+05:30  INFO 29076 --- [product-service] [main] o.f.core.internal.command.DbMigrate      : Schema `product_db` is up to date. No migration necessary.
2026-03-14T17:37:33.289+05:30  INFO 29076 --- [product-service] [main] o.hibernate.jpa.internal.util.LogHelper  : HHH000204: Processing PersistenceUnitInfo [name: default]
2026-03-14T17:37:33.408+05:30  INFO 29076 --- [product-service] [main] org.hibernate.Version                    : HHH000412: Hibernate ORM core version 6.4.4.Final
2026-03-14T17:37:33.458+05:30  INFO 29076 --- [product-service] [main] o.h.c.internal.RegionFactoryInitiator    : HHH000026: Second-level cache disabled
2026-03-14T17:37:33.746+05:30  INFO 29076 --- [product-service] [main] o.s.o.j.p.SpringPersistenceUnitInfo      : No LoadTimeWeaver setup: ignoring JPA class transformer
2026-03-14T17:37:33.818+05:30  WARN 29076 --- [product-service] [main] org.hibernate.orm.deprecation            : HHH90000025: MySQLDialect does not need to be specified explicitly using 'hibernate.dialect' (remove the property setting and it will be selected by default)
2026-03-14T17:37:34.054+05:30 ERROR 29076 --- [product-service] [main] j.LocalContainerEntityManagerFactoryBean : Failed to initialize JPA EntityManagerFactory: Entity 'com.ecommerce.product_service.entity.Category' has no identifier (every '@Entity' class must declare or inherit at least one '@Id' or '@EmbeddedId' property)
2026-03-14T17:37:34.245+05:30  WARN 29076 --- [product-service] [main] ConfigServletWebServerApplicationContext : Exception encountered during context initialization - cancelling refresh attempt: org.springframework.beans.factory.BeanCreationException: Error creating bean with name 'entityManagerFactory' defined in class path resource [org/springframework/boot/autoconfigure/orm/jpa/HibernateJpaConfiguration.class]: Entity 'com.ecommerce.product_service.entity.Category' has no identifier (every '@Entity' class must declare or inherit at least one '@Id' or '@EmbeddedId' property)
2026-03-14T17:37:34.246+05:30  INFO 29076 --- [product-service] [main] com.zaxxer.hikari.HikariDataSource       : ProductServicePool - Shutdown initiated...
2026-03-14T17:37:34.253+05:30  INFO 29076 --- [product-service] [main] com.zaxxer.hikari.HikariDataSource       : ProductServicePool - Shutdown completed.
2026-03-14T17:37:34.255+05:30  INFO 29076 --- [product-service] [main] o.apache.catalina.core.StandardService   : Stopping service [Tomcat]
2026-03-14T17:37:34.276+05:30  INFO 29076 --- [product-service] [main] .s.b.a.l.ConditionEvaluationReportLogger : 

Error starting ApplicationContext. To display the condition evaluation report re-run your application with 'debug' enabled.
2026-03-14T17:37:34.299+05:30 ERROR 29076 --- [product-service] [main] o.s.boot.SpringApplication               : Application run failed

org.springframework.beans.factory.BeanCreationException: Error creating bean with name 'entityManagerFactory' defined in class path resource [org/springframework/boot/autoconfigure/orm/jpa/HibernateJpaConfiguration.class]: Entity 'com.ecommerce.product_service.entity.Category' has no identifier (every '@Entity' class must declare or inherit at least one '@Id' or '@EmbeddedId' property)
	at org.springframework.beans.factory.support.AbstractAutowireCapableBeanFactory.initializeBean(AbstractAutowireCapableBeanFactory.java:1786) ~[spring-beans-6.1.4.jar:6.1.4]
	at org.springframework.beans.factory.support.AbstractAutowireCapableBeanFactory.doCreateBean(AbstractAutowireCapableBeanFactory.java:600) ~[spring-beans-6.1.4.jar:6.1.4]
	at org.springframework.beans.factory.support.AbstractAutowireCapableBeanFactory.createBean(AbstractAutowireCapableBeanFactory.java:522) ~[spring-beans-6.1.4.jar:6.1.4]
	at org.springframework.beans.factory.support.AbstractBeanFactory.lambda$doGetBean$0(AbstractBeanFactory.java:325) ~[spring-beans-6.1.4.jar:6.1.4]
	at org.springframework.beans.factory.support.DefaultSingletonBeanRegistry.getSingleton(DefaultSingletonBeanRegistry.java:234) ~[spring-beans-6.1.4.jar:6.1.4]
	at org.springframework.beans.factory.support.AbstractBeanFactory.doGetBean(AbstractBeanFactory.java:323) ~[spring-beans-6.1.4.jar:6.1.4]
	at org.springframework.beans.factory.support.AbstractBeanFactory.getBean(AbstractBeanFactory.java:199) ~[spring-beans-6.1.4.jar:6.1.4]
	at org.springframework.context.support.AbstractApplicationContext.getBean(AbstractApplicationContext.java:1231) ~[spring-context-6.1.4.jar:6.1.4]
	at org.springframework.context.support.AbstractApplicationContext.finishBeanFactoryInitialization(AbstractApplicationContext.java:949) ~[spring-context-6.1.4.jar:6.1.4]
	at org.springframework.context.support.AbstractApplicationContext.refresh(AbstractApplicationContext.java:624) ~[spring-context-6.1.4.jar:6.1.4]
	at org.springframework.boot.web.servlet.context.ServletWebServerApplicationContext.refresh(ServletWebServerApplicationContext.java:146) ~[spring-boot-3.2.3.jar:3.2.3]
	at org.springframework.boot.SpringApplication.refresh(SpringApplication.java:754) ~[spring-boot-3.2.3.jar:3.2.3]
	at org.springframework.boot.SpringApplication.refreshContext(SpringApplication.java:456) ~[spring-boot-3.2.3.jar:3.2.3]
	at org.springframework.boot.SpringApplication.run(SpringApplication.java:334) ~[spring-boot-3.2.3.jar:3.2.3]
	at org.springframework.boot.SpringApplication.run(SpringApplication.java:1354) ~[spring-boot-3.2.3.jar:3.2.3]
	at org.springframework.boot.SpringApplication.run(SpringApplication.java:1343) ~[spring-boot-3.2.3.jar:3.2.3]
	at com.ecommerce.product_service.ProductServiceApplication.main(ProductServiceApplication.java:14) ~[classes/:na]
Caused by: org.hibernate.AnnotationException: Entity 'com.ecommerce.product_service.entity.Category' has no identifier (every '@Entity' class must declare or inherit at least one '@Id' or '@EmbeddedId' property)
	at org.hibernate.boot.model.internal.InheritanceState.getElementsToProcess(InheritanceState.java:235) ~[hibernate-core-6.4.4.Final.jar:6.4.4.Final]
	at org.hibernate.boot.model.internal.InheritanceState.postProcess(InheritanceState.java:160) ~[hibernate-core-6.4.4.Final.jar:6.4.4.Final]
	at org.hibernate.boot.model.internal.EntityBinder.handleIdentifier(EntityBinder.java:348) ~[hibernate-core-6.4.4.Final.jar:6.4.4.Final]
	at org.hibernate.boot.model.internal.EntityBinder.bindEntityClass(EntityBinder.java:237) ~[hibernate-core-6.4.4.Final.jar:6.4.4.Final]
	at org.hibernate.boot.model.internal.AnnotationBinder.bindClass(AnnotationBinder.java:423) ~[hibernate-core-6.4.4.Final.jar:6.4.4.Final]
	at org.hibernate.boot.model.source.internal.annotations.AnnotationMetadataSourceProcessorImpl.processEntityHierarchies(AnnotationMetadataSourceProcessorImpl.java:256) ~[hibernate-core-6.4.4.Final.jar:6.4.4.Final]
	at org.hibernate.boot.model.process.spi.MetadataBuildingProcess$1.processEntityHierarchies(MetadataBuildingProcess.java:279) ~[hibernate-core-6.4.4.Final.jar:6.4.4.Final]
	at org.hibernate.boot.model.process.spi.MetadataBuildingProcess.complete(MetadataBuildingProcess.java:322) ~[hibernate-core-6.4.4.Final.jar:6.4.4.Final]
	at org.hibernate.jpa.boot.internal.EntityManagerFactoryBuilderImpl.metadata(EntityManagerFactoryBuilderImpl.java:1432) ~[hibernate-core-6.4.4.Final.jar:6.4.4.Final]
	at org.hibernate.jpa.boot.internal.EntityManagerFactoryBuilderImpl.build(EntityManagerFactoryBuilderImpl.java:1503) ~[hibernate-core-6.4.4.Final.jar:6.4.4.Final]
	at org.springframework.orm.jpa.vendor.SpringHibernateJpaPersistenceProvider.createContainerEntityManagerFactory(SpringHibernateJpaPersistenceProvider.java:75) ~[spring-orm-6.1.4.jar:6.1.4]
	at org.springframework.orm.jpa.LocalContainerEntityManagerFactoryBean.createNativeEntityManagerFactory(LocalContainerEntityManagerFactoryBean.java:388) ~[spring-orm-6.1.4.jar:6.1.4]
	at org.springframework.orm.jpa.AbstractEntityManagerFactoryBean.buildNativeEntityManagerFactory(AbstractEntityManagerFactoryBean.java:409) ~[spring-orm-6.1.4.jar:6.1.4]
	at org.springframework.orm.jpa.AbstractEntityManagerFactoryBean.afterPropertiesSet(AbstractEntityManagerFactoryBean.java:396) ~[spring-orm-6.1.4.jar:6.1.4]
	at org.springframework.orm.jpa.LocalContainerEntityManagerFactoryBean.afterPropertiesSet(LocalContainerEntityManagerFactoryBean.java:364) ~[spring-orm-6.1.4.jar:6.1.4]
	at org.springframework.beans.factory.support.AbstractAutowireCapableBeanFactory.invokeInitMethods(AbstractAutowireCapableBeanFactory.java:1833) ~[spring-beans-6.1.4.jar:6.1.4]
	at org.springframework.beans.factory.support.AbstractAutowireCapableBeanFactory.initializeBean(AbstractAutowireCapableBeanFactory.java:1782) ~[spring-beans-6.1.4.jar:6.1.4]
	... 16 common frames omitted

2026-03-14T17:39:20.855+05:30  INFO 7400 --- [product-service] [main] c.e.p.ProductServiceApplication          : Starting ProductServiceApplication using Java 21.0.2 with PID 7400 (F:\Ecommerce Production Level Application\product-service\target\classes started by nanda royality in F:\Ecommerce Production Level Application\user-service)
2026-03-14T17:39:20.856+05:30 DEBUG 7400 --- [product-service] [main] c.e.p.ProductServiceApplication          : Running with Spring Boot v3.2.3, Spring v6.1.4
2026-03-14T17:39:20.857+05:30  INFO 7400 --- [product-service] [main] c.e.p.ProductServiceApplication          : No active profile set, falling back to 1 default profile: "default"
2026-03-14T17:39:22.472+05:30  INFO 7400 --- [product-service] [main] .s.d.r.c.RepositoryConfigurationDelegate : Multiple Spring Data modules found, entering strict repository configuration mode
2026-03-14T17:39:22.475+05:30  INFO 7400 --- [product-service] [main] .s.d.r.c.RepositoryConfigurationDelegate : Bootstrapping Spring Data JPA repositories in DEFAULT mode.
2026-03-14T17:39:22.684+05:30  INFO 7400 --- [product-service] [main] .s.d.r.c.RepositoryConfigurationDelegate : Finished Spring Data repository scanning in 198 ms. Found 5 JPA repository interfaces.
2026-03-14T17:39:23.035+05:30  INFO 7400 --- [product-service] [main] o.s.cloud.context.scope.GenericScope     : BeanFactory id=1ab17dc5-7629-3be5-b8c9-7636bc1185b2
2026-03-14T17:39:24.098+05:30  INFO 7400 --- [product-service] [main] o.s.b.w.embedded.tomcat.TomcatWebServer  : Tomcat initialized with port 8082 (http)
2026-03-14T17:39:24.117+05:30  INFO 7400 --- [product-service] [main] o.apache.catalina.core.StandardService   : Starting service [Tomcat]
2026-03-14T17:39:24.118+05:30  INFO 7400 --- [product-service] [main] o.apache.catalina.core.StandardEngine    : Starting Servlet engine: [Apache Tomcat/10.1.19]
2026-03-14T17:39:24.250+05:30  INFO 7400 --- [product-service] [main] o.a.c.c.C.[Tomcat].[localhost].[/]       : Initializing Spring embedded WebApplicationContext
2026-03-14T17:39:24.251+05:30  INFO 7400 --- [product-service] [main] w.s.c.ServletWebServerApplicationContext : Root WebApplicationContext: initialization completed in 3326 ms
2026-03-14T17:39:24.561+05:30 DEBUG 7400 --- [product-service] [main] c.e.p.security.JwtAuthenticationFilter   : Filter 'jwtAuthenticationFilter' configured for use
2026-03-14T17:39:24.664+05:30  INFO 7400 --- [product-service] [main] com.zaxxer.hikari.HikariDataSource       : ProductServicePool - Starting...
2026-03-14T17:39:24.887+05:30  INFO 7400 --- [product-service] [main] com.zaxxer.hikari.pool.HikariPool        : ProductServicePool - Added connection com.mysql.cj.jdbc.ConnectionImpl@1ac25dbb
2026-03-14T17:39:24.890+05:30  INFO 7400 --- [product-service] [main] com.zaxxer.hikari.HikariDataSource       : ProductServicePool - Start completed.
2026-03-14T17:39:25.011+05:30  INFO 7400 --- [product-service] [main] o.f.c.internal.license.VersionPrinter    : Flyway Community Edition 9.22.3 by Redgate
2026-03-14T17:39:25.011+05:30  INFO 7400 --- [product-service] [main] o.f.c.internal.license.VersionPrinter    : See release notes here: https://rd.gt/416ObMi
2026-03-14T17:39:25.011+05:30  INFO 7400 --- [product-service] [main] o.f.c.internal.license.VersionPrinter    : 
2026-03-14T17:39:25.039+05:30  INFO 7400 --- [product-service] [main] org.flywaydb.core.FlywayExecutor         : Database: jdbc:mysql://localhost:3306/product_db (MySQL 8.0)
2026-03-14T17:39:25.081+05:30  INFO 7400 --- [product-service] [main] o.f.core.internal.command.DbValidate     : Successfully validated 0 migrations (execution time 00:00.018s)
2026-03-14T17:39:25.081+05:30  WARN 7400 --- [product-service] [main] o.f.core.internal.command.DbValidate     : No migrations found. Are your locations set up correctly?
2026-03-14T17:39:25.100+05:30  INFO 7400 --- [product-service] [main] o.f.core.internal.command.DbMigrate      : Current version of schema `product_db`: << Empty Schema >>
2026-03-14T17:39:25.106+05:30  INFO 7400 --- [product-service] [main] o.f.core.internal.command.DbMigrate      : Schema `product_db` is up to date. No migration necessary.
2026-03-14T17:39:25.256+05:30  INFO 7400 --- [product-service] [main] o.hibernate.jpa.internal.util.LogHelper  : HHH000204: Processing PersistenceUnitInfo [name: default]
2026-03-14T17:39:25.350+05:30  INFO 7400 --- [product-service] [main] org.hibernate.Version                    : HHH000412: Hibernate ORM core version 6.4.4.Final
2026-03-14T17:39:25.406+05:30  INFO 7400 --- [product-service] [main] o.h.c.internal.RegionFactoryInitiator    : HHH000026: Second-level cache disabled
2026-03-14T17:39:25.709+05:30  INFO 7400 --- [product-service] [main] o.s.o.j.p.SpringPersistenceUnitInfo      : No LoadTimeWeaver setup: ignoring JPA class transformer
2026-03-14T17:39:25.786+05:30  WARN 7400 --- [product-service] [main] org.hibernate.orm.deprecation            : HHH90000025: MySQLDialect does not need to be specified explicitly using 'hibernate.dialect' (remove the property setting and it will be selected by default)
2026-03-14T17:39:25.958+05:30 ERROR 7400 --- [product-service] [main] j.LocalContainerEntityManagerFactoryBean : Failed to initialize JPA EntityManagerFactory: Entity 'com.ecommerce.product_service.entity.Category' has no identifier (every '@Entity' class must declare or inherit at least one '@Id' or '@EmbeddedId' property)
2026-03-14T17:39:25.959+05:30  WARN 7400 --- [product-service] [main] ConfigServletWebServerApplicationContext : Exception encountered during context initialization - cancelling refresh attempt: org.springframework.beans.factory.BeanCreationException: Error creating bean with name 'entityManagerFactory' defined in class path resource [org/springframework/boot/autoconfigure/orm/jpa/HibernateJpaConfiguration.class]: Entity 'com.ecommerce.product_service.entity.Category' has no identifier (every '@Entity' class must declare or inherit at least one '@Id' or '@EmbeddedId' property)
2026-03-14T17:39:25.959+05:30  INFO 7400 --- [product-service] [main] com.zaxxer.hikari.HikariDataSource       : ProductServicePool - Shutdown initiated...
2026-03-14T17:39:25.970+05:30  INFO 7400 --- [product-service] [main] com.zaxxer.hikari.HikariDataSource       : ProductServicePool - Shutdown completed.
2026-03-14T17:39:25.974+05:30  INFO 7400 --- [product-service] [main] o.apache.catalina.core.StandardService   : Stopping service [Tomcat]
2026-03-14T17:39:25.998+05:30  INFO 7400 --- [product-service] [main] .s.b.a.l.ConditionEvaluationReportLogger : 

Error starting ApplicationContext. To display the condition evaluation report re-run your application with 'debug' enabled.
2026-03-14T17:39:26.025+05:30 ERROR 7400 --- [product-service] [main] o.s.boot.SpringApplication               : Application run failed

org.springframework.beans.factory.BeanCreationException: Error creating bean with name 'entityManagerFactory' defined in class path resource [org/springframework/boot/autoconfigure/orm/jpa/HibernateJpaConfiguration.class]: Entity 'com.ecommerce.product_service.entity.Category' has no identifier (every '@Entity' class must declare or inherit at least one '@Id' or '@EmbeddedId' property)
	at org.springframework.beans.factory.support.AbstractAutowireCapableBeanFactory.initializeBean(AbstractAutowireCapableBeanFactory.java:1786) ~[spring-beans-6.1.4.jar:6.1.4]
	at org.springframework.beans.factory.support.AbstractAutowireCapableBeanFactory.doCreateBean(AbstractAutowireCapableBeanFactory.java:600) ~[spring-beans-6.1.4.jar:6.1.4]
	at org.springframework.beans.factory.support.AbstractAutowireCapableBeanFactory.createBean(AbstractAutowireCapableBeanFactory.java:522) ~[spring-beans-6.1.4.jar:6.1.4]
	at org.springframework.beans.factory.support.AbstractBeanFactory.lambda$doGetBean$0(AbstractBeanFactory.java:325) ~[spring-beans-6.1.4.jar:6.1.4]
	at org.springframework.beans.factory.support.DefaultSingletonBeanRegistry.getSingleton(DefaultSingletonBeanRegistry.java:234) ~[spring-beans-6.1.4.jar:6.1.4]
	at org.springframework.beans.factory.support.AbstractBeanFactory.doGetBean(AbstractBeanFactory.java:323) ~[spring-beans-6.1.4.jar:6.1.4]
	at org.springframework.beans.factory.support.AbstractBeanFactory.getBean(AbstractBeanFactory.java:199) ~[spring-beans-6.1.4.jar:6.1.4]
	at org.springframework.context.support.AbstractApplicationContext.getBean(AbstractApplicationContext.java:1231) ~[spring-context-6.1.4.jar:6.1.4]
	at org.springframework.context.support.AbstractApplicationContext.finishBeanFactoryInitialization(AbstractApplicationContext.java:949) ~[spring-context-6.1.4.jar:6.1.4]
	at org.springframework.context.support.AbstractApplicationContext.refresh(AbstractApplicationContext.java:624) ~[spring-context-6.1.4.jar:6.1.4]
	at org.springframework.boot.web.servlet.context.ServletWebServerApplicationContext.refresh(ServletWebServerApplicationContext.java:146) ~[spring-boot-3.2.3.jar:3.2.3]
	at org.springframework.boot.SpringApplication.refresh(SpringApplication.java:754) ~[spring-boot-3.2.3.jar:3.2.3]
	at org.springframework.boot.SpringApplication.refreshContext(SpringApplication.java:456) ~[spring-boot-3.2.3.jar:3.2.3]
	at org.springframework.boot.SpringApplication.run(SpringApplication.java:334) ~[spring-boot-3.2.3.jar:3.2.3]
	at org.springframework.boot.SpringApplication.run(SpringApplication.java:1354) ~[spring-boot-3.2.3.jar:3.2.3]
	at org.springframework.boot.SpringApplication.run(SpringApplication.java:1343) ~[spring-boot-3.2.3.jar:3.2.3]
	at com.ecommerce.product_service.ProductServiceApplication.main(ProductServiceApplication.java:14) ~[classes/:na]
Caused by: org.hibernate.AnnotationException: Entity 'com.ecommerce.product_service.entity.Category' has no identifier (every '@Entity' class must declare or inherit at least one '@Id' or '@EmbeddedId' property)
	at org.hibernate.boot.model.internal.InheritanceState.getElementsToProcess(InheritanceState.java:235) ~[hibernate-core-6.4.4.Final.jar:6.4.4.Final]
	at org.hibernate.boot.model.internal.InheritanceState.postProcess(InheritanceState.java:160) ~[hibernate-core-6.4.4.Final.jar:6.4.4.Final]
	at org.hibernate.boot.model.internal.EntityBinder.handleIdentifier(EntityBinder.java:348) ~[hibernate-core-6.4.4.Final.jar:6.4.4.Final]
	at org.hibernate.boot.model.internal.EntityBinder.bindEntityClass(EntityBinder.java:237) ~[hibernate-core-6.4.4.Final.jar:6.4.4.Final]
	at org.hibernate.boot.model.internal.AnnotationBinder.bindClass(AnnotationBinder.java:423) ~[hibernate-core-6.4.4.Final.jar:6.4.4.Final]
	at org.hibernate.boot.model.source.internal.annotations.AnnotationMetadataSourceProcessorImpl.processEntityHierarchies(AnnotationMetadataSourceProcessorImpl.java:256) ~[hibernate-core-6.4.4.Final.jar:6.4.4.Final]
	at org.hibernate.boot.model.process.spi.MetadataBuildingProcess$1.processEntityHierarchies(MetadataBuildingProcess.java:279) ~[hibernate-core-6.4.4.Final.jar:6.4.4.Final]
	at org.hibernate.boot.model.process.spi.MetadataBuildingProcess.complete(MetadataBuildingProcess.java:322) ~[hibernate-core-6.4.4.Final.jar:6.4.4.Final]
	at org.hibernate.jpa.boot.internal.EntityManagerFactoryBuilderImpl.metadata(EntityManagerFactoryBuilderImpl.java:1432) ~[hibernate-core-6.4.4.Final.jar:6.4.4.Final]
	at org.hibernate.jpa.boot.internal.EntityManagerFactoryBuilderImpl.build(EntityManagerFactoryBuilderImpl.java:1503) ~[hibernate-core-6.4.4.Final.jar:6.4.4.Final]
	at org.springframework.orm.jpa.vendor.SpringHibernateJpaPersistenceProvider.createContainerEntityManagerFactory(SpringHibernateJpaPersistenceProvider.java:75) ~[spring-orm-6.1.4.jar:6.1.4]
	at org.springframework.orm.jpa.LocalContainerEntityManagerFactoryBean.createNativeEntityManagerFactory(LocalContainerEntityManagerFactoryBean.java:388) ~[spring-orm-6.1.4.jar:6.1.4]
	at org.springframework.orm.jpa.AbstractEntityManagerFactoryBean.buildNativeEntityManagerFactory(AbstractEntityManagerFactoryBean.java:409) ~[spring-orm-6.1.4.jar:6.1.4]
	at org.springframework.orm.jpa.AbstractEntityManagerFactoryBean.afterPropertiesSet(AbstractEntityManagerFactoryBean.java:396) ~[spring-orm-6.1.4.jar:6.1.4]
	at org.springframework.orm.jpa.LocalContainerEntityManagerFactoryBean.afterPropertiesSet(LocalContainerEntityManagerFactoryBean.java:364) ~[spring-orm-6.1.4.jar:6.1.4]
	at org.springframework.beans.factory.support.AbstractAutowireCapableBeanFactory.invokeInitMethods(AbstractAutowireCapableBeanFactory.java:1833) ~[spring-beans-6.1.4.jar:6.1.4]
	at org.springframework.beans.factory.support.AbstractAutowireCapableBeanFactory.initializeBean(AbstractAutowireCapableBeanFactory.java:1782) ~[spring-beans-6.1.4.jar:6.1.4]
	... 16 common frames omitted

2026-03-14T17:45:14.578+05:30  INFO 9732 --- [product-service] [main] c.e.p.ProductServiceApplication          : Starting ProductServiceApplication using Java 21.0.2 with PID 9732 (F:\Ecommerce Production Level Application\product-service\target\classes started by nanda royality in F:\Ecommerce Production Level Application\user-service)
2026-03-14T17:45:14.581+05:30 DEBUG 9732 --- [product-service] [main] c.e.p.ProductServiceApplication          : Running with Spring Boot v3.2.3, Spring v6.1.4
2026-03-14T17:45:14.582+05:30  INFO 9732 --- [product-service] [main] c.e.p.ProductServiceApplication          : No active profile set, falling back to 1 default profile: "default"
2026-03-14T17:45:16.707+05:30  INFO 9732 --- [product-service] [main] .s.d.r.c.RepositoryConfigurationDelegate : Multiple Spring Data modules found, entering strict repository configuration mode
2026-03-14T17:45:16.709+05:30  INFO 9732 --- [product-service] [main] .s.d.r.c.RepositoryConfigurationDelegate : Bootstrapping Spring Data JPA repositories in DEFAULT mode.
2026-03-14T17:45:16.972+05:30  INFO 9732 --- [product-service] [main] .s.d.r.c.RepositoryConfigurationDelegate : Finished Spring Data repository scanning in 245 ms. Found 5 JPA repository interfaces.
2026-03-14T17:45:17.360+05:30  INFO 9732 --- [product-service] [main] o.s.cloud.context.scope.GenericScope     : BeanFactory id=1ab17dc5-7629-3be5-b8c9-7636bc1185b2
2026-03-14T17:45:18.378+05:30  INFO 9732 --- [product-service] [main] o.s.b.w.embedded.tomcat.TomcatWebServer  : Tomcat initialized with port 8082 (http)
2026-03-14T17:45:18.396+05:30  INFO 9732 --- [product-service] [main] o.apache.catalina.core.StandardService   : Starting service [Tomcat]
2026-03-14T17:45:18.396+05:30  INFO 9732 --- [product-service] [main] o.apache.catalina.core.StandardEngine    : Starting Servlet engine: [Apache Tomcat/10.1.19]
2026-03-14T17:45:18.538+05:30  INFO 9732 --- [product-service] [main] o.a.c.c.C.[Tomcat].[localhost].[/]       : Initializing Spring embedded WebApplicationContext
2026-03-14T17:45:18.538+05:30  INFO 9732 --- [product-service] [main] w.s.c.ServletWebServerApplicationContext : Root WebApplicationContext: initialization completed in 3855 ms
2026-03-14T17:45:18.919+05:30 DEBUG 9732 --- [product-service] [main] c.e.p.security.JwtAuthenticationFilter   : Filter 'jwtAuthenticationFilter' configured for use
2026-03-14T17:45:19.036+05:30  INFO 9732 --- [product-service] [main] com.zaxxer.hikari.HikariDataSource       : ProductServicePool - Starting...
2026-03-14T17:45:19.324+05:30  INFO 9732 --- [product-service] [main] com.zaxxer.hikari.pool.HikariPool        : ProductServicePool - Added connection com.mysql.cj.jdbc.ConnectionImpl@1aaaabd1
2026-03-14T17:45:19.329+05:30  INFO 9732 --- [product-service] [main] com.zaxxer.hikari.HikariDataSource       : ProductServicePool - Start completed.
2026-03-14T17:45:19.500+05:30  INFO 9732 --- [product-service] [main] o.f.c.internal.license.VersionPrinter    : Flyway Community Edition 9.22.3 by Redgate
2026-03-14T17:45:19.501+05:30  INFO 9732 --- [product-service] [main] o.f.c.internal.license.VersionPrinter    : See release notes here: https://rd.gt/416ObMi
2026-03-14T17:45:19.501+05:30  INFO 9732 --- [product-service] [main] o.f.c.internal.license.VersionPrinter    : 
2026-03-14T17:45:19.533+05:30  INFO 9732 --- [product-service] [main] org.flywaydb.core.FlywayExecutor         : Database: jdbc:mysql://localhost:3306/product_db (MySQL 8.0)
2026-03-14T17:45:19.595+05:30  INFO 9732 --- [product-service] [main] o.f.core.internal.command.DbValidate     : Successfully validated 0 migrations (execution time 00:00.027s)
2026-03-14T17:45:19.595+05:30  WARN 9732 --- [product-service] [main] o.f.core.internal.command.DbValidate     : No migrations found. Are your locations set up correctly?
2026-03-14T17:45:19.616+05:30  INFO 9732 --- [product-service] [main] o.f.core.internal.command.DbMigrate      : Current version of schema `product_db`: << Empty Schema >>
2026-03-14T17:45:19.622+05:30  INFO 9732 --- [product-service] [main] o.f.core.internal.command.DbMigrate      : Schema `product_db` is up to date. No migration necessary.
2026-03-14T17:45:19.788+05:30  INFO 9732 --- [product-service] [main] o.hibernate.jpa.internal.util.LogHelper  : HHH000204: Processing PersistenceUnitInfo [name: default]
2026-03-14T17:45:19.901+05:30  INFO 9732 --- [product-service] [main] org.hibernate.Version                    : HHH000412: Hibernate ORM core version 6.4.4.Final
2026-03-14T17:45:19.955+05:30  INFO 9732 --- [product-service] [main] o.h.c.internal.RegionFactoryInitiator    : HHH000026: Second-level cache disabled
2026-03-14T17:45:20.294+05:30  INFO 9732 --- [product-service] [main] o.s.o.j.p.SpringPersistenceUnitInfo      : No LoadTimeWeaver setup: ignoring JPA class transformer
2026-03-14T17:45:20.378+05:30  WARN 9732 --- [product-service] [main] org.hibernate.orm.deprecation            : HHH90000025: MySQLDialect does not need to be specified explicitly using 'hibernate.dialect' (remove the property setting and it will be selected by default)
2026-03-14T17:45:20.830+05:30  WARN 9732 --- [product-service] [main] ConfigServletWebServerApplicationContext : Exception encountered during context initialization - cancelling refresh attempt: org.springframework.beans.factory.BeanCreationException: Error creating bean with name 'entityManagerFactory' defined in class path resource [org/springframework/boot/autoconfigure/orm/jpa/HibernateJpaConfiguration.class]: scale has no meaning for SQL floating point types
2026-03-14T17:45:20.831+05:30  INFO 9732 --- [product-service] [main] com.zaxxer.hikari.HikariDataSource       : ProductServicePool - Shutdown initiated...
2026-03-14T17:45:20.840+05:30  INFO 9732 --- [product-service] [main] com.zaxxer.hikari.HikariDataSource       : ProductServicePool - Shutdown completed.
2026-03-14T17:45:20.843+05:30  INFO 9732 --- [product-service] [main] o.apache.catalina.core.StandardService   : Stopping service [Tomcat]
2026-03-14T17:45:20.870+05:30  INFO 9732 --- [product-service] [main] .s.b.a.l.ConditionEvaluationReportLogger : 

Error starting ApplicationContext. To display the condition evaluation report re-run your application with 'debug' enabled.
2026-03-14T17:45:20.898+05:30 ERROR 9732 --- [product-service] [main] o.s.boot.SpringApplication               : Application run failed

org.springframework.beans.factory.BeanCreationException: Error creating bean with name 'entityManagerFactory' defined in class path resource [org/springframework/boot/autoconfigure/orm/jpa/HibernateJpaConfiguration.class]: scale has no meaning for SQL floating point types
	at org.springframework.beans.factory.support.AbstractAutowireCapableBeanFactory.initializeBean(AbstractAutowireCapableBeanFactory.java:1786) ~[spring-beans-6.1.4.jar:6.1.4]
	at org.springframework.beans.factory.support.AbstractAutowireCapableBeanFactory.doCreateBean(AbstractAutowireCapableBeanFactory.java:600) ~[spring-beans-6.1.4.jar:6.1.4]
	at org.springframework.beans.factory.support.AbstractAutowireCapableBeanFactory.createBean(AbstractAutowireCapableBeanFactory.java:522) ~[spring-beans-6.1.4.jar:6.1.4]
	at org.springframework.beans.factory.support.AbstractBeanFactory.lambda$doGetBean$0(AbstractBeanFactory.java:325) ~[spring-beans-6.1.4.jar:6.1.4]
	at org.springframework.beans.factory.support.DefaultSingletonBeanRegistry.getSingleton(DefaultSingletonBeanRegistry.java:234) ~[spring-beans-6.1.4.jar:6.1.4]
	at org.springframework.beans.factory.support.AbstractBeanFactory.doGetBean(AbstractBeanFactory.java:323) ~[spring-beans-6.1.4.jar:6.1.4]
	at org.springframework.beans.factory.support.AbstractBeanFactory.getBean(AbstractBeanFactory.java:199) ~[spring-beans-6.1.4.jar:6.1.4]
	at org.springframework.context.support.AbstractApplicationContext.getBean(AbstractApplicationContext.java:1231) ~[spring-context-6.1.4.jar:6.1.4]
	at org.springframework.context.support.AbstractApplicationContext.finishBeanFactoryInitialization(AbstractApplicationContext.java:949) ~[spring-context-6.1.4.jar:6.1.4]
	at org.springframework.context.support.AbstractApplicationContext.refresh(AbstractApplicationContext.java:624) ~[spring-context-6.1.4.jar:6.1.4]
	at org.springframework.boot.web.servlet.context.ServletWebServerApplicationContext.refresh(ServletWebServerApplicationContext.java:146) ~[spring-boot-3.2.3.jar:3.2.3]
	at org.springframework.boot.SpringApplication.refresh(SpringApplication.java:754) ~[spring-boot-3.2.3.jar:3.2.3]
	at org.springframework.boot.SpringApplication.refreshContext(SpringApplication.java:456) ~[spring-boot-3.2.3.jar:3.2.3]
	at org.springframework.boot.SpringApplication.run(SpringApplication.java:334) ~[spring-boot-3.2.3.jar:3.2.3]
	at org.springframework.boot.SpringApplication.run(SpringApplication.java:1354) ~[spring-boot-3.2.3.jar:3.2.3]
	at org.springframework.boot.SpringApplication.run(SpringApplication.java:1343) ~[spring-boot-3.2.3.jar:3.2.3]
	at com.ecommerce.product_service.ProductServiceApplication.main(ProductServiceApplication.java:14) ~[classes/:na]
Caused by: java.lang.IllegalArgumentException: scale has no meaning for SQL floating point types
	at org.hibernate.dialect.Dialect$SizeStrategyImpl.resolveSize(Dialect.java:5060) ~[hibernate-core-6.4.4.Final.jar:6.4.4.Final]
	at org.hibernate.dialect.MySQLDialect$1.resolveSize(MySQLDialect.java:146) ~[hibernate-core-6.4.4.Final.jar:6.4.4.Final]
	at org.hibernate.mapping.Column.calculateColumnSize(Column.java:435) ~[hibernate-core-6.4.4.Final.jar:6.4.4.Final]
	at org.hibernate.mapping.BasicValue.resolve(BasicValue.java:356) ~[hibernate-core-6.4.4.Final.jar:6.4.4.Final]
	at org.hibernate.mapping.BasicValue.resolve(BasicValue.java:335) ~[hibernate-core-6.4.4.Final.jar:6.4.4.Final]
	at org.hibernate.boot.internal.InFlightMetadataCollectorImpl.lambda$processValueResolvers$4(InFlightMetadataCollectorImpl.java:1800) ~[hibernate-core-6.4.4.Final.jar:6.4.4.Final]
	at java.base/java.util.ArrayList.removeIf(ArrayList.java:1765) ~[na:na]
	at java.base/java.util.ArrayList.removeIf(ArrayList.java:1743) ~[na:na]
	at org.hibernate.boot.internal.InFlightMetadataCollectorImpl.processValueResolvers(InFlightMetadataCollectorImpl.java:1799) ~[hibernate-core-6.4.4.Final.jar:6.4.4.Final]
	at org.hibernate.boot.internal.InFlightMetadataCollectorImpl.processSecondPasses(InFlightMetadataCollectorImpl.java:1785) ~[hibernate-core-6.4.4.Final.jar:6.4.4.Final]
	at org.hibernate.boot.model.process.spi.MetadataBuildingProcess.complete(MetadataBuildingProcess.java:332) ~[hibernate-core-6.4.4.Final.jar:6.4.4.Final]
	at org.hibernate.jpa.boot.internal.EntityManagerFactoryBuilderImpl.metadata(EntityManagerFactoryBuilderImpl.java:1432) ~[hibernate-core-6.4.4.Final.jar:6.4.4.Final]
	at org.hibernate.jpa.boot.internal.EntityManagerFactoryBuilderImpl.build(EntityManagerFactoryBuilderImpl.java:1503) ~[hibernate-core-6.4.4.Final.jar:6.4.4.Final]
	at org.springframework.orm.jpa.vendor.SpringHibernateJpaPersistenceProvider.createContainerEntityManagerFactory(SpringHibernateJpaPersistenceProvider.java:75) ~[spring-orm-6.1.4.jar:6.1.4]
	at org.springframework.orm.jpa.LocalContainerEntityManagerFactoryBean.createNativeEntityManagerFactory(LocalContainerEntityManagerFactoryBean.java:388) ~[spring-orm-6.1.4.jar:6.1.4]
	at org.springframework.orm.jpa.AbstractEntityManagerFactoryBean.buildNativeEntityManagerFactory(AbstractEntityManagerFactoryBean.java:409) ~[spring-orm-6.1.4.jar:6.1.4]
	at org.springframework.orm.jpa.AbstractEntityManagerFactoryBean.afterPropertiesSet(AbstractEntityManagerFactoryBean.java:396) ~[spring-orm-6.1.4.jar:6.1.4]
	at org.springframework.orm.jpa.LocalContainerEntityManagerFactoryBean.afterPropertiesSet(LocalContainerEntityManagerFactoryBean.java:364) ~[spring-orm-6.1.4.jar:6.1.4]
	at org.springframework.beans.factory.support.AbstractAutowireCapableBeanFactory.invokeInitMethods(AbstractAutowireCapableBeanFactory.java:1833) ~[spring-beans-6.1.4.jar:6.1.4]
	at org.springframework.beans.factory.support.AbstractAutowireCapableBeanFactory.initializeBean(AbstractAutowireCapableBeanFactory.java:1782) ~[spring-beans-6.1.4.jar:6.1.4]
	... 16 common frames omitted

2026-03-14T17:48:59.465+05:30  INFO 25548 --- [product-service] [main] c.e.p.ProductServiceApplication          : Starting ProductServiceApplication using Java 21.0.2 with PID 25548 (F:\Ecommerce Production Level Application\product-service\target\classes started by nanda royality in F:\Ecommerce Production Level Application\user-service)
2026-03-14T17:48:59.477+05:30 DEBUG 25548 --- [product-service] [main] c.e.p.ProductServiceApplication          : Running with Spring Boot v3.2.3, Spring v6.1.4
2026-03-14T17:48:59.479+05:30  INFO 25548 --- [product-service] [main] c.e.p.ProductServiceApplication          : No active profile set, falling back to 1 default profile: "default"
2026-03-14T17:49:01.827+05:30  INFO 25548 --- [product-service] [main] .s.d.r.c.RepositoryConfigurationDelegate : Multiple Spring Data modules found, entering strict repository configuration mode
2026-03-14T17:49:01.831+05:30  INFO 25548 --- [product-service] [main] .s.d.r.c.RepositoryConfigurationDelegate : Bootstrapping Spring Data JPA repositories in DEFAULT mode.
2026-03-14T17:49:02.069+05:30  INFO 25548 --- [product-service] [main] .s.d.r.c.RepositoryConfigurationDelegate : Finished Spring Data repository scanning in 226 ms. Found 5 JPA repository interfaces.
2026-03-14T17:49:02.456+05:30  INFO 25548 --- [product-service] [main] o.s.cloud.context.scope.GenericScope     : BeanFactory id=1ab17dc5-7629-3be5-b8c9-7636bc1185b2
2026-03-14T17:49:03.597+05:30  INFO 25548 --- [product-service] [main] o.s.b.w.embedded.tomcat.TomcatWebServer  : Tomcat initialized with port 8082 (http)
2026-03-14T17:49:03.618+05:30  INFO 25548 --- [product-service] [main] o.apache.catalina.core.StandardService   : Starting service [Tomcat]
2026-03-14T17:49:03.618+05:30  INFO 25548 --- [product-service] [main] o.apache.catalina.core.StandardEngine    : Starting Servlet engine: [Apache Tomcat/10.1.19]
2026-03-14T17:49:03.739+05:30  INFO 25548 --- [product-service] [main] o.a.c.c.C.[Tomcat].[localhost].[/]       : Initializing Spring embedded WebApplicationContext
2026-03-14T17:49:03.740+05:30  INFO 25548 --- [product-service] [main] w.s.c.ServletWebServerApplicationContext : Root WebApplicationContext: initialization completed in 4152 ms
2026-03-14T17:49:04.095+05:30 DEBUG 25548 --- [product-service] [main] c.e.p.security.JwtAuthenticationFilter   : Filter 'jwtAuthenticationFilter' configured for use
2026-03-14T17:49:04.252+05:30  INFO 25548 --- [product-service] [main] com.zaxxer.hikari.HikariDataSource       : ProductServicePool - Starting...
2026-03-14T17:49:04.679+05:30  INFO 25548 --- [product-service] [main] com.zaxxer.hikari.pool.HikariPool        : ProductServicePool - Added connection com.mysql.cj.jdbc.ConnectionImpl@6651efa4
2026-03-14T17:49:04.684+05:30  INFO 25548 --- [product-service] [main] com.zaxxer.hikari.HikariDataSource       : ProductServicePool - Start completed.
2026-03-14T17:49:04.920+05:30  INFO 25548 --- [product-service] [main] o.f.c.internal.license.VersionPrinter    : Flyway Community Edition 9.22.3 by Redgate
2026-03-14T17:49:04.921+05:30  INFO 25548 --- [product-service] [main] o.f.c.internal.license.VersionPrinter    : See release notes here: https://rd.gt/416ObMi
2026-03-14T17:49:04.921+05:30  INFO 25548 --- [product-service] [main] o.f.c.internal.license.VersionPrinter    : 
2026-03-14T17:49:05.009+05:30  INFO 25548 --- [product-service] [main] org.flywaydb.core.FlywayExecutor         : Database: jdbc:mysql://localhost:3306/product_db (MySQL 8.0)
2026-03-14T17:49:05.115+05:30  INFO 25548 --- [product-service] [main] o.f.core.internal.command.DbValidate     : Successfully validated 0 migrations (execution time 00:00.037s)
2026-03-14T17:49:05.116+05:30  WARN 25548 --- [product-service] [main] o.f.core.internal.command.DbValidate     : No migrations found. Are your locations set up correctly?
2026-03-14T17:49:05.135+05:30  INFO 25548 --- [product-service] [main] o.f.core.internal.command.DbMigrate      : Current version of schema `product_db`: << Empty Schema >>
2026-03-14T17:49:05.142+05:30  INFO 25548 --- [product-service] [main] o.f.core.internal.command.DbMigrate      : Schema `product_db` is up to date. No migration necessary.
2026-03-14T17:49:05.331+05:30  INFO 25548 --- [product-service] [main] o.hibernate.jpa.internal.util.LogHelper  : HHH000204: Processing PersistenceUnitInfo [name: default]
2026-03-14T17:49:05.455+05:30  INFO 25548 --- [product-service] [main] org.hibernate.Version                    : HHH000412: Hibernate ORM core version 6.4.4.Final
2026-03-14T17:49:05.512+05:30  INFO 25548 --- [product-service] [main] o.h.c.internal.RegionFactoryInitiator    : HHH000026: Second-level cache disabled
2026-03-14T17:49:05.894+05:30  INFO 25548 --- [product-service] [main] o.s.o.j.p.SpringPersistenceUnitInfo      : No LoadTimeWeaver setup: ignoring JPA class transformer
2026-03-14T17:49:05.998+05:30  WARN 25548 --- [product-service] [main] org.hibernate.orm.deprecation            : HHH90000025: MySQLDialect does not need to be specified explicitly using 'hibernate.dialect' (remove the property setting and it will be selected by default)
2026-03-14T17:49:06.346+05:30  WARN 25548 --- [product-service] [main] ConfigServletWebServerApplicationContext : Exception encountered during context initialization - cancelling refresh attempt: org.springframework.beans.factory.BeanCreationException: Error creating bean with name 'entityManagerFactory' defined in class path resource [org/springframework/boot/autoconfigure/orm/jpa/HibernateJpaConfiguration.class]: scale has no meaning for SQL floating point types
2026-03-14T17:49:06.347+05:30  INFO 25548 --- [product-service] [main] com.zaxxer.hikari.HikariDataSource       : ProductServicePool - Shutdown initiated...
2026-03-14T17:49:06.357+05:30  INFO 25548 --- [product-service] [main] com.zaxxer.hikari.HikariDataSource       : ProductServicePool - Shutdown completed.
2026-03-14T17:49:06.362+05:30  INFO 25548 --- [product-service] [main] o.apache.catalina.core.StandardService   : Stopping service [Tomcat]
2026-03-14T17:49:06.393+05:30  INFO 25548 --- [product-service] [main] .s.b.a.l.ConditionEvaluationReportLogger : 

Error starting ApplicationContext. To display the condition evaluation report re-run your application with 'debug' enabled.
2026-03-14T17:49:06.426+05:30 ERROR 25548 --- [product-service] [main] o.s.boot.SpringApplication               : Application run failed

org.springframework.beans.factory.BeanCreationException: Error creating bean with name 'entityManagerFactory' defined in class path resource [org/springframework/boot/autoconfigure/orm/jpa/HibernateJpaConfiguration.class]: scale has no meaning for SQL floating point types
	at org.springframework.beans.factory.support.AbstractAutowireCapableBeanFactory.initializeBean(AbstractAutowireCapableBeanFactory.java:1786) ~[spring-beans-6.1.4.jar:6.1.4]
	at org.springframework.beans.factory.support.AbstractAutowireCapableBeanFactory.doCreateBean(AbstractAutowireCapableBeanFactory.java:600) ~[spring-beans-6.1.4.jar:6.1.4]
	at org.springframework.beans.factory.support.AbstractAutowireCapableBeanFactory.createBean(AbstractAutowireCapableBeanFactory.java:522) ~[spring-beans-6.1.4.jar:6.1.4]
	at org.springframework.beans.factory.support.AbstractBeanFactory.lambda$doGetBean$0(AbstractBeanFactory.java:325) ~[spring-beans-6.1.4.jar:6.1.4]
	at org.springframework.beans.factory.support.DefaultSingletonBeanRegistry.getSingleton(DefaultSingletonBeanRegistry.java:234) ~[spring-beans-6.1.4.jar:6.1.4]
	at org.springframework.beans.factory.support.AbstractBeanFactory.doGetBean(AbstractBeanFactory.java:323) ~[spring-beans-6.1.4.jar:6.1.4]
	at org.springframework.beans.factory.support.AbstractBeanFactory.getBean(AbstractBeanFactory.java:199) ~[spring-beans-6.1.4.jar:6.1.4]
	at org.springframework.context.support.AbstractApplicationContext.getBean(AbstractApplicationContext.java:1231) ~[spring-context-6.1.4.jar:6.1.4]
	at org.springframework.context.support.AbstractApplicationContext.finishBeanFactoryInitialization(AbstractApplicationContext.java:949) ~[spring-context-6.1.4.jar:6.1.4]
	at org.springframework.context.support.AbstractApplicationContext.refresh(AbstractApplicationContext.java:624) ~[spring-context-6.1.4.jar:6.1.4]
	at org.springframework.boot.web.servlet.context.ServletWebServerApplicationContext.refresh(ServletWebServerApplicationContext.java:146) ~[spring-boot-3.2.3.jar:3.2.3]
	at org.springframework.boot.SpringApplication.refresh(SpringApplication.java:754) ~[spring-boot-3.2.3.jar:3.2.3]
	at org.springframework.boot.SpringApplication.refreshContext(SpringApplication.java:456) ~[spring-boot-3.2.3.jar:3.2.3]
	at org.springframework.boot.SpringApplication.run(SpringApplication.java:334) ~[spring-boot-3.2.3.jar:3.2.3]
	at org.springframework.boot.SpringApplication.run(SpringApplication.java:1354) ~[spring-boot-3.2.3.jar:3.2.3]
	at org.springframework.boot.SpringApplication.run(SpringApplication.java:1343) ~[spring-boot-3.2.3.jar:3.2.3]
	at com.ecommerce.product_service.ProductServiceApplication.main(ProductServiceApplication.java:14) ~[classes/:na]
Caused by: java.lang.IllegalArgumentException: scale has no meaning for SQL floating point types
	at org.hibernate.dialect.Dialect$SizeStrategyImpl.resolveSize(Dialect.java:5060) ~[hibernate-core-6.4.4.Final.jar:6.4.4.Final]
	at org.hibernate.dialect.MySQLDialect$1.resolveSize(MySQLDialect.java:146) ~[hibernate-core-6.4.4.Final.jar:6.4.4.Final]
	at org.hibernate.mapping.Column.calculateColumnSize(Column.java:435) ~[hibernate-core-6.4.4.Final.jar:6.4.4.Final]
	at org.hibernate.mapping.BasicValue.resolve(BasicValue.java:356) ~[hibernate-core-6.4.4.Final.jar:6.4.4.Final]
	at org.hibernate.mapping.BasicValue.resolve(BasicValue.java:335) ~[hibernate-core-6.4.4.Final.jar:6.4.4.Final]
	at org.hibernate.boot.internal.InFlightMetadataCollectorImpl.lambda$processValueResolvers$4(InFlightMetadataCollectorImpl.java:1800) ~[hibernate-core-6.4.4.Final.jar:6.4.4.Final]
	at java.base/java.util.ArrayList.removeIf(ArrayList.java:1765) ~[na:na]
	at java.base/java.util.ArrayList.removeIf(ArrayList.java:1743) ~[na:na]
	at org.hibernate.boot.internal.InFlightMetadataCollectorImpl.processValueResolvers(InFlightMetadataCollectorImpl.java:1799) ~[hibernate-core-6.4.4.Final.jar:6.4.4.Final]
	at org.hibernate.boot.internal.InFlightMetadataCollectorImpl.processSecondPasses(InFlightMetadataCollectorImpl.java:1785) ~[hibernate-core-6.4.4.Final.jar:6.4.4.Final]
	at org.hibernate.boot.model.process.spi.MetadataBuildingProcess.complete(MetadataBuildingProcess.java:332) ~[hibernate-core-6.4.4.Final.jar:6.4.4.Final]
	at org.hibernate.jpa.boot.internal.EntityManagerFactoryBuilderImpl.metadata(EntityManagerFactoryBuilderImpl.java:1432) ~[hibernate-core-6.4.4.Final.jar:6.4.4.Final]
	at org.hibernate.jpa.boot.internal.EntityManagerFactoryBuilderImpl.build(EntityManagerFactoryBuilderImpl.java:1503) ~[hibernate-core-6.4.4.Final.jar:6.4.4.Final]
	at org.springframework.orm.jpa.vendor.SpringHibernateJpaPersistenceProvider.createContainerEntityManagerFactory(SpringHibernateJpaPersistenceProvider.java:75) ~[spring-orm-6.1.4.jar:6.1.4]
	at org.springframework.orm.jpa.LocalContainerEntityManagerFactoryBean.createNativeEntityManagerFactory(LocalContainerEntityManagerFactoryBean.java:388) ~[spring-orm-6.1.4.jar:6.1.4]
	at org.springframework.orm.jpa.AbstractEntityManagerFactoryBean.buildNativeEntityManagerFactory(AbstractEntityManagerFactoryBean.java:409) ~[spring-orm-6.1.4.jar:6.1.4]
	at org.springframework.orm.jpa.AbstractEntityManagerFactoryBean.afterPropertiesSet(AbstractEntityManagerFactoryBean.java:396) ~[spring-orm-6.1.4.jar:6.1.4]
	at org.springframework.orm.jpa.LocalContainerEntityManagerFactoryBean.afterPropertiesSet(LocalContainerEntityManagerFactoryBean.java:364) ~[spring-orm-6.1.4.jar:6.1.4]
	at org.springframework.beans.factory.support.AbstractAutowireCapableBeanFactory.invokeInitMethods(AbstractAutowireCapableBeanFactory.java:1833) ~[spring-beans-6.1.4.jar:6.1.4]
	at org.springframework.beans.factory.support.AbstractAutowireCapableBeanFactory.initializeBean(AbstractAutowireCapableBeanFactory.java:1782) ~[spring-beans-6.1.4.jar:6.1.4]
	... 16 common frames omitted

2026-03-14T17:58:33.770+05:30  INFO 10284 --- [product-service] [main] c.e.p.ProductServiceApplication          : Starting ProductServiceApplication using Java 21.0.2 with PID 10284 (F:\Ecommerce Production Level Application\product-service\target\classes started by nanda royality in F:\Ecommerce Production Level Application\user-service)
2026-03-14T17:58:33.786+05:30 DEBUG 10284 --- [product-service] [main] c.e.p.ProductServiceApplication          : Running with Spring Boot v3.2.3, Spring v6.1.4
2026-03-14T17:58:33.787+05:30  INFO 10284 --- [product-service] [main] c.e.p.ProductServiceApplication          : No active profile set, falling back to 1 default profile: "default"
2026-03-14T17:58:36.303+05:30  INFO 10284 --- [product-service] [main] .s.d.r.c.RepositoryConfigurationDelegate : Multiple Spring Data modules found, entering strict repository configuration mode
2026-03-14T17:58:36.305+05:30  INFO 10284 --- [product-service] [main] .s.d.r.c.RepositoryConfigurationDelegate : Bootstrapping Spring Data JPA repositories in DEFAULT mode.
2026-03-14T17:58:36.552+05:30  INFO 10284 --- [product-service] [main] .s.d.r.c.RepositoryConfigurationDelegate : Finished Spring Data repository scanning in 237 ms. Found 5 JPA repository interfaces.
2026-03-14T17:58:36.973+05:30  INFO 10284 --- [product-service] [main] o.s.cloud.context.scope.GenericScope     : BeanFactory id=1ab17dc5-7629-3be5-b8c9-7636bc1185b2
2026-03-14T17:58:38.060+05:30  INFO 10284 --- [product-service] [main] o.s.b.w.embedded.tomcat.TomcatWebServer  : Tomcat initialized with port 8082 (http)
2026-03-14T17:58:38.079+05:30  INFO 10284 --- [product-service] [main] o.apache.catalina.core.StandardService   : Starting service [Tomcat]
2026-03-14T17:58:38.080+05:30  INFO 10284 --- [product-service] [main] o.apache.catalina.core.StandardEngine    : Starting Servlet engine: [Apache Tomcat/10.1.19]
2026-03-14T17:58:38.214+05:30  INFO 10284 --- [product-service] [main] o.a.c.c.C.[Tomcat].[localhost].[/]       : Initializing Spring embedded WebApplicationContext
2026-03-14T17:58:38.214+05:30  INFO 10284 --- [product-service] [main] w.s.c.ServletWebServerApplicationContext : Root WebApplicationContext: initialization completed in 4332 ms
2026-03-14T17:58:38.567+05:30 DEBUG 10284 --- [product-service] [main] c.e.p.security.JwtAuthenticationFilter   : Filter 'jwtAuthenticationFilter' configured for use
2026-03-14T17:58:38.732+05:30  INFO 10284 --- [product-service] [main] com.zaxxer.hikari.HikariDataSource       : ProductServicePool - Starting...
2026-03-14T17:58:39.081+05:30  INFO 10284 --- [product-service] [main] com.zaxxer.hikari.pool.HikariPool        : ProductServicePool - Added connection com.mysql.cj.jdbc.ConnectionImpl@40b70f31
2026-03-14T17:58:39.084+05:30  INFO 10284 --- [product-service] [main] com.zaxxer.hikari.HikariDataSource       : ProductServicePool - Start completed.
2026-03-14T17:58:39.248+05:30  INFO 10284 --- [product-service] [main] o.f.c.internal.license.VersionPrinter    : Flyway Community Edition 9.22.3 by Redgate
2026-03-14T17:58:39.249+05:30  INFO 10284 --- [product-service] [main] o.f.c.internal.license.VersionPrinter    : See release notes here: https://rd.gt/416ObMi
2026-03-14T17:58:39.249+05:30  INFO 10284 --- [product-service] [main] o.f.c.internal.license.VersionPrinter    : 
2026-03-14T17:58:39.304+05:30  INFO 10284 --- [product-service] [main] org.flywaydb.core.FlywayExecutor         : Database: jdbc:mysql://localhost:3306/product_db (MySQL 8.0)
2026-03-14T17:58:39.429+05:30  INFO 10284 --- [product-service] [main] o.f.core.internal.command.DbValidate     : Successfully validated 0 migrations (execution time 00:00.039s)
2026-03-14T17:58:39.429+05:30  WARN 10284 --- [product-service] [main] o.f.core.internal.command.DbValidate     : No migrations found. Are your locations set up correctly?
2026-03-14T17:58:39.446+05:30  INFO 10284 --- [product-service] [main] o.f.core.internal.command.DbMigrate      : Current version of schema `product_db`: << Empty Schema >>
2026-03-14T17:58:39.451+05:30  INFO 10284 --- [product-service] [main] o.f.core.internal.command.DbMigrate      : Schema `product_db` is up to date. No migration necessary.
2026-03-14T17:58:39.610+05:30  INFO 10284 --- [product-service] [main] o.hibernate.jpa.internal.util.LogHelper  : HHH000204: Processing PersistenceUnitInfo [name: default]
2026-03-14T17:58:39.713+05:30  INFO 10284 --- [product-service] [main] org.hibernate.Version                    : HHH000412: Hibernate ORM core version 6.4.4.Final
2026-03-14T17:58:39.755+05:30  INFO 10284 --- [product-service] [main] o.h.c.internal.RegionFactoryInitiator    : HHH000026: Second-level cache disabled
2026-03-14T17:58:40.056+05:30  INFO 10284 --- [product-service] [main] o.s.o.j.p.SpringPersistenceUnitInfo      : No LoadTimeWeaver setup: ignoring JPA class transformer
2026-03-14T17:58:40.137+05:30  WARN 10284 --- [product-service] [main] org.hibernate.orm.deprecation            : HHH90000025: MySQLDialect does not need to be specified explicitly using 'hibernate.dialect' (remove the property setting and it will be selected by default)
2026-03-14T17:58:40.494+05:30  WARN 10284 --- [product-service] [main] ConfigServletWebServerApplicationContext : Exception encountered during context initialization - cancelling refresh attempt: org.springframework.beans.factory.BeanCreationException: Error creating bean with name 'entityManagerFactory' defined in class path resource [org/springframework/boot/autoconfigure/orm/jpa/HibernateJpaConfiguration.class]: scale has no meaning for SQL floating point types
2026-03-14T17:58:40.495+05:30  INFO 10284 --- [product-service] [main] com.zaxxer.hikari.HikariDataSource       : ProductServicePool - Shutdown initiated...
2026-03-14T17:58:40.506+05:30  INFO 10284 --- [product-service] [main] com.zaxxer.hikari.HikariDataSource       : ProductServicePool - Shutdown completed.
2026-03-14T17:58:40.511+05:30  INFO 10284 --- [product-service] [main] o.apache.catalina.core.StandardService   : Stopping service [Tomcat]
2026-03-14T17:58:40.540+05:30  INFO 10284 --- [product-service] [main] .s.b.a.l.ConditionEvaluationReportLogger : 

Error starting ApplicationContext. To display the condition evaluation report re-run your application with 'debug' enabled.
2026-03-14T17:58:40.564+05:30 ERROR 10284 --- [product-service] [main] o.s.boot.SpringApplication               : Application run failed

org.springframework.beans.factory.BeanCreationException: Error creating bean with name 'entityManagerFactory' defined in class path resource [org/springframework/boot/autoconfigure/orm/jpa/HibernateJpaConfiguration.class]: scale has no meaning for SQL floating point types
	at org.springframework.beans.factory.support.AbstractAutowireCapableBeanFactory.initializeBean(AbstractAutowireCapableBeanFactory.java:1786) ~[spring-beans-6.1.4.jar:6.1.4]
	at org.springframework.beans.factory.support.AbstractAutowireCapableBeanFactory.doCreateBean(AbstractAutowireCapableBeanFactory.java:600) ~[spring-beans-6.1.4.jar:6.1.4]
	at org.springframework.beans.factory.support.AbstractAutowireCapableBeanFactory.createBean(AbstractAutowireCapableBeanFactory.java:522) ~[spring-beans-6.1.4.jar:6.1.4]
	at org.springframework.beans.factory.support.AbstractBeanFactory.lambda$doGetBean$0(AbstractBeanFactory.java:325) ~[spring-beans-6.1.4.jar:6.1.4]
	at org.springframework.beans.factory.support.DefaultSingletonBeanRegistry.getSingleton(DefaultSingletonBeanRegistry.java:234) ~[spring-beans-6.1.4.jar:6.1.4]
	at org.springframework.beans.factory.support.AbstractBeanFactory.doGetBean(AbstractBeanFactory.java:323) ~[spring-beans-6.1.4.jar:6.1.4]
	at org.springframework.beans.factory.support.AbstractBeanFactory.getBean(AbstractBeanFactory.java:199) ~[spring-beans-6.1.4.jar:6.1.4]
	at org.springframework.context.support.AbstractApplicationContext.getBean(AbstractApplicationContext.java:1231) ~[spring-context-6.1.4.jar:6.1.4]
	at org.springframework.context.support.AbstractApplicationContext.finishBeanFactoryInitialization(AbstractApplicationContext.java:949) ~[spring-context-6.1.4.jar:6.1.4]
	at org.springframework.context.support.AbstractApplicationContext.refresh(AbstractApplicationContext.java:624) ~[spring-context-6.1.4.jar:6.1.4]
	at org.springframework.boot.web.servlet.context.ServletWebServerApplicationContext.refresh(ServletWebServerApplicationContext.java:146) ~[spring-boot-3.2.3.jar:3.2.3]
	at org.springframework.boot.SpringApplication.refresh(SpringApplication.java:754) ~[spring-boot-3.2.3.jar:3.2.3]
	at org.springframework.boot.SpringApplication.refreshContext(SpringApplication.java:456) ~[spring-boot-3.2.3.jar:3.2.3]
	at org.springframework.boot.SpringApplication.run(SpringApplication.java:334) ~[spring-boot-3.2.3.jar:3.2.3]
	at org.springframework.boot.SpringApplication.run(SpringApplication.java:1354) ~[spring-boot-3.2.3.jar:3.2.3]
	at org.springframework.boot.SpringApplication.run(SpringApplication.java:1343) ~[spring-boot-3.2.3.jar:3.2.3]
	at com.ecommerce.product_service.ProductServiceApplication.main(ProductServiceApplication.java:14) ~[classes/:na]
Caused by: java.lang.IllegalArgumentException: scale has no meaning for SQL floating point types
	at org.hibernate.dialect.Dialect$SizeStrategyImpl.resolveSize(Dialect.java:5060) ~[hibernate-core-6.4.4.Final.jar:6.4.4.Final]
	at org.hibernate.dialect.MySQLDialect$1.resolveSize(MySQLDialect.java:146) ~[hibernate-core-6.4.4.Final.jar:6.4.4.Final]
	at org.hibernate.mapping.Column.calculateColumnSize(Column.java:435) ~[hibernate-core-6.4.4.Final.jar:6.4.4.Final]
	at org.hibernate.mapping.BasicValue.resolve(BasicValue.java:356) ~[hibernate-core-6.4.4.Final.jar:6.4.4.Final]
	at org.hibernate.mapping.BasicValue.resolve(BasicValue.java:335) ~[hibernate-core-6.4.4.Final.jar:6.4.4.Final]
	at org.hibernate.boot.internal.InFlightMetadataCollectorImpl.lambda$processValueResolvers$4(InFlightMetadataCollectorImpl.java:1800) ~[hibernate-core-6.4.4.Final.jar:6.4.4.Final]
	at java.base/java.util.ArrayList.removeIf(ArrayList.java:1765) ~[na:na]
	at java.base/java.util.ArrayList.removeIf(ArrayList.java:1743) ~[na:na]
	at org.hibernate.boot.internal.InFlightMetadataCollectorImpl.processValueResolvers(InFlightMetadataCollectorImpl.java:1799) ~[hibernate-core-6.4.4.Final.jar:6.4.4.Final]
	at org.hibernate.boot.internal.InFlightMetadataCollectorImpl.processSecondPasses(InFlightMetadataCollectorImpl.java:1785) ~[hibernate-core-6.4.4.Final.jar:6.4.4.Final]
	at org.hibernate.boot.model.process.spi.MetadataBuildingProcess.complete(MetadataBuildingProcess.java:332) ~[hibernate-core-6.4.4.Final.jar:6.4.4.Final]
	at org.hibernate.jpa.boot.internal.EntityManagerFactoryBuilderImpl.metadata(EntityManagerFactoryBuilderImpl.java:1432) ~[hibernate-core-6.4.4.Final.jar:6.4.4.Final]
	at org.hibernate.jpa.boot.internal.EntityManagerFactoryBuilderImpl.build(EntityManagerFactoryBuilderImpl.java:1503) ~[hibernate-core-6.4.4.Final.jar:6.4.4.Final]
	at org.springframework.orm.jpa.vendor.SpringHibernateJpaPersistenceProvider.createContainerEntityManagerFactory(SpringHibernateJpaPersistenceProvider.java:75) ~[spring-orm-6.1.4.jar:6.1.4]
	at org.springframework.orm.jpa.LocalContainerEntityManagerFactoryBean.createNativeEntityManagerFactory(LocalContainerEntityManagerFactoryBean.java:388) ~[spring-orm-6.1.4.jar:6.1.4]
	at org.springframework.orm.jpa.AbstractEntityManagerFactoryBean.buildNativeEntityManagerFactory(AbstractEntityManagerFactoryBean.java:409) ~[spring-orm-6.1.4.jar:6.1.4]
	at org.springframework.orm.jpa.AbstractEntityManagerFactoryBean.afterPropertiesSet(AbstractEntityManagerFactoryBean.java:396) ~[spring-orm-6.1.4.jar:6.1.4]
	at org.springframework.orm.jpa.LocalContainerEntityManagerFactoryBean.afterPropertiesSet(LocalContainerEntityManagerFactoryBean.java:364) ~[spring-orm-6.1.4.jar:6.1.4]
	at org.springframework.beans.factory.support.AbstractAutowireCapableBeanFactory.invokeInitMethods(AbstractAutowireCapableBeanFactory.java:1833) ~[spring-beans-6.1.4.jar:6.1.4]
	at org.springframework.beans.factory.support.AbstractAutowireCapableBeanFactory.initializeBean(AbstractAutowireCapableBeanFactory.java:1782) ~[spring-beans-6.1.4.jar:6.1.4]
	... 16 common frames omitted

2026-03-14T18:02:04.310+05:30  INFO 8200 --- [product-service] [main] c.e.p.ProductServiceApplication          : Starting ProductServiceApplication using Java 21.0.2 with PID 8200 (F:\Ecommerce Production Level Application\product-service\target\classes started by nanda royality in F:\Ecommerce Production Level Application\user-service)
2026-03-14T18:02:04.338+05:30 DEBUG 8200 --- [product-service] [main] c.e.p.ProductServiceApplication          : Running with Spring Boot v3.2.3, Spring v6.1.4
2026-03-14T18:02:04.340+05:30  INFO 8200 --- [product-service] [main] c.e.p.ProductServiceApplication          : No active profile set, falling back to 1 default profile: "default"
2026-03-14T18:02:06.539+05:30  INFO 8200 --- [product-service] [main] .s.d.r.c.RepositoryConfigurationDelegate : Multiple Spring Data modules found, entering strict repository configuration mode
2026-03-14T18:02:06.542+05:30  INFO 8200 --- [product-service] [main] .s.d.r.c.RepositoryConfigurationDelegate : Bootstrapping Spring Data JPA repositories in DEFAULT mode.
2026-03-14T18:02:06.783+05:30  INFO 8200 --- [product-service] [main] .s.d.r.c.RepositoryConfigurationDelegate : Finished Spring Data repository scanning in 231 ms. Found 5 JPA repository interfaces.
2026-03-14T18:02:07.232+05:30  INFO 8200 --- [product-service] [main] o.s.cloud.context.scope.GenericScope     : BeanFactory id=1ab17dc5-7629-3be5-b8c9-7636bc1185b2
2026-03-14T18:02:08.587+05:30  INFO 8200 --- [product-service] [main] o.s.b.w.embedded.tomcat.TomcatWebServer  : Tomcat initialized with port 8082 (http)
2026-03-14T18:02:08.620+05:30  INFO 8200 --- [product-service] [main] o.apache.catalina.core.StandardService   : Starting service [Tomcat]
2026-03-14T18:02:08.620+05:30  INFO 8200 --- [product-service] [main] o.apache.catalina.core.StandardEngine    : Starting Servlet engine: [Apache Tomcat/10.1.19]
2026-03-14T18:02:08.784+05:30  INFO 8200 --- [product-service] [main] o.a.c.c.C.[Tomcat].[localhost].[/]       : Initializing Spring embedded WebApplicationContext
2026-03-14T18:02:08.785+05:30  INFO 8200 --- [product-service] [main] w.s.c.ServletWebServerApplicationContext : Root WebApplicationContext: initialization completed in 4341 ms
2026-03-14T18:02:09.243+05:30 DEBUG 8200 --- [product-service] [main] c.e.p.security.JwtAuthenticationFilter   : Filter 'jwtAuthenticationFilter' configured for use
2026-03-14T18:02:09.407+05:30  INFO 8200 --- [product-service] [main] com.zaxxer.hikari.HikariDataSource       : ProductServicePool - Starting...
2026-03-14T18:02:09.772+05:30  INFO 8200 --- [product-service] [main] com.zaxxer.hikari.pool.HikariPool        : ProductServicePool - Added connection com.mysql.cj.jdbc.ConnectionImpl@3adde4ea
2026-03-14T18:02:09.775+05:30  INFO 8200 --- [product-service] [main] com.zaxxer.hikari.HikariDataSource       : ProductServicePool - Start completed.
2026-03-14T18:02:09.947+05:30  INFO 8200 --- [product-service] [main] o.f.c.internal.license.VersionPrinter    : Flyway Community Edition 9.22.3 by Redgate
2026-03-14T18:02:09.947+05:30  INFO 8200 --- [product-service] [main] o.f.c.internal.license.VersionPrinter    : See release notes here: https://rd.gt/416ObMi
2026-03-14T18:02:09.947+05:30  INFO 8200 --- [product-service] [main] o.f.c.internal.license.VersionPrinter    : 
2026-03-14T18:02:10.014+05:30  INFO 8200 --- [product-service] [main] org.flywaydb.core.FlywayExecutor         : Database: jdbc:mysql://localhost:3306/product_db (MySQL 8.0)
2026-03-14T18:02:10.119+05:30  INFO 8200 --- [product-service] [main] o.f.core.internal.command.DbValidate     : Successfully validated 0 migrations (execution time 00:00.040s)
2026-03-14T18:02:10.120+05:30  WARN 8200 --- [product-service] [main] o.f.core.internal.command.DbValidate     : No migrations found. Are your locations set up correctly?
2026-03-14T18:02:10.143+05:30  INFO 8200 --- [product-service] [main] o.f.core.internal.command.DbMigrate      : Current version of schema `product_db`: << Empty Schema >>
2026-03-14T18:02:10.160+05:30  INFO 8200 --- [product-service] [main] o.f.core.internal.command.DbMigrate      : Schema `product_db` is up to date. No migration necessary.
2026-03-14T18:02:10.493+05:30  INFO 8200 --- [product-service] [main] o.hibernate.jpa.internal.util.LogHelper  : HHH000204: Processing PersistenceUnitInfo [name: default]
2026-03-14T18:02:10.846+05:30  INFO 8200 --- [product-service] [main] org.hibernate.Version                    : HHH000412: Hibernate ORM core version 6.4.4.Final
2026-03-14T18:02:10.941+05:30  INFO 8200 --- [product-service] [main] o.h.c.internal.RegionFactoryInitiator    : HHH000026: Second-level cache disabled
2026-03-14T18:02:11.310+05:30  INFO 8200 --- [product-service] [main] o.s.o.j.p.SpringPersistenceUnitInfo      : No LoadTimeWeaver setup: ignoring JPA class transformer
2026-03-14T18:02:11.413+05:30  WARN 8200 --- [product-service] [main] org.hibernate.orm.deprecation            : HHH90000025: MySQLDialect does not need to be specified explicitly using 'hibernate.dialect' (remove the property setting and it will be selected by default)
2026-03-14T18:02:11.781+05:30  WARN 8200 --- [product-service] [main] ConfigServletWebServerApplicationContext : Exception encountered during context initialization - cancelling refresh attempt: org.springframework.beans.factory.BeanCreationException: Error creating bean with name 'entityManagerFactory' defined in class path resource [org/springframework/boot/autoconfigure/orm/jpa/HibernateJpaConfiguration.class]: scale has no meaning for SQL floating point types
2026-03-14T18:02:11.781+05:30  INFO 8200 --- [product-service] [main] com.zaxxer.hikari.HikariDataSource       : ProductServicePool - Shutdown initiated...
2026-03-14T18:02:11.790+05:30  INFO 8200 --- [product-service] [main] com.zaxxer.hikari.HikariDataSource       : ProductServicePool - Shutdown completed.
2026-03-14T18:02:11.795+05:30  INFO 8200 --- [product-service] [main] o.apache.catalina.core.StandardService   : Stopping service [Tomcat]
2026-03-14T18:02:11.820+05:30  INFO 8200 --- [product-service] [main] .s.b.a.l.ConditionEvaluationReportLogger : 

Error starting ApplicationContext. To display the condition evaluation report re-run your application with 'debug' enabled.
2026-03-14T18:02:11.842+05:30 ERROR 8200 --- [product-service] [main] o.s.boot.SpringApplication               : Application run failed

org.springframework.beans.factory.BeanCreationException: Error creating bean with name 'entityManagerFactory' defined in class path resource [org/springframework/boot/autoconfigure/orm/jpa/HibernateJpaConfiguration.class]: scale has no meaning for SQL floating point types
	at org.springframework.beans.factory.support.AbstractAutowireCapableBeanFactory.initializeBean(AbstractAutowireCapableBeanFactory.java:1786) ~[spring-beans-6.1.4.jar:6.1.4]
	at org.springframework.beans.factory.support.AbstractAutowireCapableBeanFactory.doCreateBean(AbstractAutowireCapableBeanFactory.java:600) ~[spring-beans-6.1.4.jar:6.1.4]
	at org.springframework.beans.factory.support.AbstractAutowireCapableBeanFactory.createBean(AbstractAutowireCapableBeanFactory.java:522) ~[spring-beans-6.1.4.jar:6.1.4]
	at org.springframework.beans.factory.support.AbstractBeanFactory.lambda$doGetBean$0(AbstractBeanFactory.java:325) ~[spring-beans-6.1.4.jar:6.1.4]
	at org.springframework.beans.factory.support.DefaultSingletonBeanRegistry.getSingleton(DefaultSingletonBeanRegistry.java:234) ~[spring-beans-6.1.4.jar:6.1.4]
	at org.springframework.beans.factory.support.AbstractBeanFactory.doGetBean(AbstractBeanFactory.java:323) ~[spring-beans-6.1.4.jar:6.1.4]
	at org.springframework.beans.factory.support.AbstractBeanFactory.getBean(AbstractBeanFactory.java:199) ~[spring-beans-6.1.4.jar:6.1.4]
	at org.springframework.context.support.AbstractApplicationContext.getBean(AbstractApplicationContext.java:1231) ~[spring-context-6.1.4.jar:6.1.4]
	at org.springframework.context.support.AbstractApplicationContext.finishBeanFactoryInitialization(AbstractApplicationContext.java:949) ~[spring-context-6.1.4.jar:6.1.4]
	at org.springframework.context.support.AbstractApplicationContext.refresh(AbstractApplicationContext.java:624) ~[spring-context-6.1.4.jar:6.1.4]
	at org.springframework.boot.web.servlet.context.ServletWebServerApplicationContext.refresh(ServletWebServerApplicationContext.java:146) ~[spring-boot-3.2.3.jar:3.2.3]
	at org.springframework.boot.SpringApplication.refresh(SpringApplication.java:754) ~[spring-boot-3.2.3.jar:3.2.3]
	at org.springframework.boot.SpringApplication.refreshContext(SpringApplication.java:456) ~[spring-boot-3.2.3.jar:3.2.3]
	at org.springframework.boot.SpringApplication.run(SpringApplication.java:334) ~[spring-boot-3.2.3.jar:3.2.3]
	at org.springframework.boot.SpringApplication.run(SpringApplication.java:1354) ~[spring-boot-3.2.3.jar:3.2.3]
	at org.springframework.boot.SpringApplication.run(SpringApplication.java:1343) ~[spring-boot-3.2.3.jar:3.2.3]
	at com.ecommerce.product_service.ProductServiceApplication.main(ProductServiceApplication.java:14) ~[classes/:na]
Caused by: java.lang.IllegalArgumentException: scale has no meaning for SQL floating point types
	at org.hibernate.dialect.Dialect$SizeStrategyImpl.resolveSize(Dialect.java:5060) ~[hibernate-core-6.4.4.Final.jar:6.4.4.Final]
	at org.hibernate.dialect.MySQLDialect$1.resolveSize(MySQLDialect.java:146) ~[hibernate-core-6.4.4.Final.jar:6.4.4.Final]
	at org.hibernate.mapping.Column.calculateColumnSize(Column.java:435) ~[hibernate-core-6.4.4.Final.jar:6.4.4.Final]
	at org.hibernate.mapping.BasicValue.resolve(BasicValue.java:356) ~[hibernate-core-6.4.4.Final.jar:6.4.4.Final]
	at org.hibernate.mapping.BasicValue.resolve(BasicValue.java:335) ~[hibernate-core-6.4.4.Final.jar:6.4.4.Final]
	at org.hibernate.boot.internal.InFlightMetadataCollectorImpl.lambda$processValueResolvers$4(InFlightMetadataCollectorImpl.java:1800) ~[hibernate-core-6.4.4.Final.jar:6.4.4.Final]
	at java.base/java.util.ArrayList.removeIf(ArrayList.java:1765) ~[na:na]
	at java.base/java.util.ArrayList.removeIf(ArrayList.java:1743) ~[na:na]
	at org.hibernate.boot.internal.InFlightMetadataCollectorImpl.processValueResolvers(InFlightMetadataCollectorImpl.java:1799) ~[hibernate-core-6.4.4.Final.jar:6.4.4.Final]
	at org.hibernate.boot.internal.InFlightMetadataCollectorImpl.processSecondPasses(InFlightMetadataCollectorImpl.java:1785) ~[hibernate-core-6.4.4.Final.jar:6.4.4.Final]
	at org.hibernate.boot.model.process.spi.MetadataBuildingProcess.complete(MetadataBuildingProcess.java:332) ~[hibernate-core-6.4.4.Final.jar:6.4.4.Final]
	at org.hibernate.jpa.boot.internal.EntityManagerFactoryBuilderImpl.metadata(EntityManagerFactoryBuilderImpl.java:1432) ~[hibernate-core-6.4.4.Final.jar:6.4.4.Final]
	at org.hibernate.jpa.boot.internal.EntityManagerFactoryBuilderImpl.build(EntityManagerFactoryBuilderImpl.java:1503) ~[hibernate-core-6.4.4.Final.jar:6.4.4.Final]
	at org.springframework.orm.jpa.vendor.SpringHibernateJpaPersistenceProvider.createContainerEntityManagerFactory(SpringHibernateJpaPersistenceProvider.java:75) ~[spring-orm-6.1.4.jar:6.1.4]
	at org.springframework.orm.jpa.LocalContainerEntityManagerFactoryBean.createNativeEntityManagerFactory(LocalContainerEntityManagerFactoryBean.java:388) ~[spring-orm-6.1.4.jar:6.1.4]
	at org.springframework.orm.jpa.AbstractEntityManagerFactoryBean.buildNativeEntityManagerFactory(AbstractEntityManagerFactoryBean.java:409) ~[spring-orm-6.1.4.jar:6.1.4]
	at org.springframework.orm.jpa.AbstractEntityManagerFactoryBean.afterPropertiesSet(AbstractEntityManagerFactoryBean.java:396) ~[spring-orm-6.1.4.jar:6.1.4]
	at org.springframework.orm.jpa.LocalContainerEntityManagerFactoryBean.afterPropertiesSet(LocalContainerEntityManagerFactoryBean.java:364) ~[spring-orm-6.1.4.jar:6.1.4]
	at org.springframework.beans.factory.support.AbstractAutowireCapableBeanFactory.invokeInitMethods(AbstractAutowireCapableBeanFactory.java:1833) ~[spring-beans-6.1.4.jar:6.1.4]
	at org.springframework.beans.factory.support.AbstractAutowireCapableBeanFactory.initializeBean(AbstractAutowireCapableBeanFactory.java:1782) ~[spring-beans-6.1.4.jar:6.1.4]
	... 16 common frames omitted

2026-03-14T18:05:20.396+05:30  INFO 16264 --- [product-service] [main] c.e.p.ProductServiceApplication          : Starting ProductServiceApplication using Java 21.0.2 with PID 16264 (F:\Ecommerce Production Level Application\product-service\target\classes started by nanda royality in F:\Ecommerce Production Level Application\user-service)
2026-03-14T18:05:20.405+05:30 DEBUG 16264 --- [product-service] [main] c.e.p.ProductServiceApplication          : Running with Spring Boot v3.2.3, Spring v6.1.4
2026-03-14T18:05:20.417+05:30  INFO 16264 --- [product-service] [main] c.e.p.ProductServiceApplication          : No active profile set, falling back to 1 default profile: "default"
2026-03-14T18:05:22.762+05:30  INFO 16264 --- [product-service] [main] .s.d.r.c.RepositoryConfigurationDelegate : Multiple Spring Data modules found, entering strict repository configuration mode
2026-03-14T18:05:22.764+05:30  INFO 16264 --- [product-service] [main] .s.d.r.c.RepositoryConfigurationDelegate : Bootstrapping Spring Data JPA repositories in DEFAULT mode.
2026-03-14T18:05:23.038+05:30  INFO 16264 --- [product-service] [main] .s.d.r.c.RepositoryConfigurationDelegate : Finished Spring Data repository scanning in 259 ms. Found 5 JPA repository interfaces.
2026-03-14T18:05:23.508+05:30  INFO 16264 --- [product-service] [main] o.s.cloud.context.scope.GenericScope     : BeanFactory id=1ab17dc5-7629-3be5-b8c9-7636bc1185b2
2026-03-14T18:05:24.661+05:30  INFO 16264 --- [product-service] [main] o.s.b.w.embedded.tomcat.TomcatWebServer  : Tomcat initialized with port 8082 (http)
2026-03-14T18:05:24.683+05:30  INFO 16264 --- [product-service] [main] o.apache.catalina.core.StandardService   : Starting service [Tomcat]
2026-03-14T18:05:24.684+05:30  INFO 16264 --- [product-service] [main] o.apache.catalina.core.StandardEngine    : Starting Servlet engine: [Apache Tomcat/10.1.19]
2026-03-14T18:05:24.828+05:30  INFO 16264 --- [product-service] [main] o.a.c.c.C.[Tomcat].[localhost].[/]       : Initializing Spring embedded WebApplicationContext
2026-03-14T18:05:24.829+05:30  INFO 16264 --- [product-service] [main] w.s.c.ServletWebServerApplicationContext : Root WebApplicationContext: initialization completed in 4327 ms
2026-03-14T18:05:25.229+05:30 DEBUG 16264 --- [product-service] [main] c.e.p.security.JwtAuthenticationFilter   : Filter 'jwtAuthenticationFilter' configured for use
2026-03-14T18:05:25.353+05:30  INFO 16264 --- [product-service] [main] com.zaxxer.hikari.HikariDataSource       : ProductServicePool - Starting...
2026-03-14T18:05:25.679+05:30  INFO 16264 --- [product-service] [main] com.zaxxer.hikari.pool.HikariPool        : ProductServicePool - Added connection com.mysql.cj.jdbc.ConnectionImpl@1aaaabd1
2026-03-14T18:05:25.682+05:30  INFO 16264 --- [product-service] [main] com.zaxxer.hikari.HikariDataSource       : ProductServicePool - Start completed.
2026-03-14T18:05:25.833+05:30  INFO 16264 --- [product-service] [main] o.f.c.internal.license.VersionPrinter    : Flyway Community Edition 9.22.3 by Redgate
2026-03-14T18:05:25.834+05:30  INFO 16264 --- [product-service] [main] o.f.c.internal.license.VersionPrinter    : See release notes here: https://rd.gt/416ObMi
2026-03-14T18:05:25.834+05:30  INFO 16264 --- [product-service] [main] o.f.c.internal.license.VersionPrinter    : 
2026-03-14T18:05:25.880+05:30  INFO 16264 --- [product-service] [main] org.flywaydb.core.FlywayExecutor         : Database: jdbc:mysql://localhost:3306/product_db (MySQL 8.0)
2026-03-14T18:05:25.988+05:30  INFO 16264 --- [product-service] [main] o.f.core.internal.command.DbValidate     : Successfully validated 0 migrations (execution time 00:00.040s)
2026-03-14T18:05:25.988+05:30  WARN 16264 --- [product-service] [main] o.f.core.internal.command.DbValidate     : No migrations found. Are your locations set up correctly?
2026-03-14T18:05:26.003+05:30  INFO 16264 --- [product-service] [main] o.f.core.internal.command.DbMigrate      : Current version of schema `product_db`: << Empty Schema >>
2026-03-14T18:05:26.009+05:30  INFO 16264 --- [product-service] [main] o.f.core.internal.command.DbMigrate      : Schema `product_db` is up to date. No migration necessary.
2026-03-14T18:05:26.162+05:30  INFO 16264 --- [product-service] [main] o.hibernate.jpa.internal.util.LogHelper  : HHH000204: Processing PersistenceUnitInfo [name: default]
2026-03-14T18:05:26.269+05:30  INFO 16264 --- [product-service] [main] org.hibernate.Version                    : HHH000412: Hibernate ORM core version 6.4.4.Final
2026-03-14T18:05:26.326+05:30  INFO 16264 --- [product-service] [main] o.h.c.internal.RegionFactoryInitiator    : HHH000026: Second-level cache disabled
2026-03-14T18:05:26.660+05:30  INFO 16264 --- [product-service] [main] o.s.o.j.p.SpringPersistenceUnitInfo      : No LoadTimeWeaver setup: ignoring JPA class transformer
2026-03-14T18:05:26.771+05:30  WARN 16264 --- [product-service] [main] org.hibernate.orm.deprecation            : HHH90000025: MySQLDialect does not need to be specified explicitly using 'hibernate.dialect' (remove the property setting and it will be selected by default)
2026-03-14T18:05:28.080+05:30  INFO 16264 --- [product-service] [main] o.h.e.t.j.p.i.JtaPlatformInitiator       : HHH000489: No JTA platform available (set 'hibernate.transaction.jta.platform' to enable JTA platform integration)
2026-03-14T18:05:28.130+05:30 DEBUG 16264 --- [product-service] [main] org.hibernate.SQL                        : 
    create table categories (
        id varchar(36) not null,
        created_at datetime(6),
        description varchar(500),
        display_order integer,
        image_url varchar(500),
        is_active bit not null,
        name varchar(100) not null,
        slug varchar(120) not null,
        parent_id varchar(36),
        primary key (id)
    ) engine=InnoDB
2026-03-14T18:05:28.220+05:30 DEBUG 16264 --- [product-service] [main] org.hibernate.SQL                        : 
    create table inventories (
        id varchar(36) not null,
        last_updated datetime(6),
        low_stock_threshold integer,
        quantity integer not null,
        reserved_quantity integer,
        warehouse_location varchar(100),
        product_id varchar(36) not null,
        primary key (id)
    ) engine=InnoDB
2026-03-14T18:05:28.244+05:30 DEBUG 16264 --- [product-service] [main] org.hibernate.SQL                        : 
    create table product_images (
        id varchar(36) not null,
        alt_text varchar(200),
        display_order integer,
        image_url varchar(500) not null,
        is_primary bit,
        product_id varchar(36) not null,
        primary key (id)
    ) engine=InnoDB
2026-03-14T18:05:28.268+05:30 DEBUG 16264 --- [product-service] [main] org.hibernate.SQL                        : 
    create table product_reviews (
        id varchar(36) not null,
        comment TEXT,
        created_at datetime(6),
        helpful_count integer,
        is_approved bit,
        is_verified_purchase bit,
        rating integer not null,
        title varchar(200),
        user_id varchar(36) not null,
        product_id varchar(36) not null,
        primary key (id)
    ) engine=InnoDB
2026-03-14T18:05:28.287+05:30 DEBUG 16264 --- [product-service] [main] org.hibernate.SQL                        : 
    create table products (
        id varchar(36) not null,
        attributes JSON,
        average_rating float(53),
        brand_name varchar(100),
        compare_at_price decimal(10,2),
        cost_price decimal(10,2),
        created_at datetime(6),
        description TEXT not null,
        name varchar(200) not null,
        price decimal(10,2) not null,
        review_count integer,
        short_description varchar(500),
        sku varchar(30) not null,
        sold_count bigint,
        status enum ('DRAFT','ACTIVE','INACTIVE','DELETED') not null,
        tags JSON,
        updated_at datetime(6),
        version bigint,
        view_count bigint,
        weight float(53),
        category_id varchar(36) not null,
        primary key (id)
    ) engine=InnoDB
2026-03-14T18:05:28.314+05:30 DEBUG 16264 --- [product-service] [main] org.hibernate.SQL                        : 
    create table stock_movements (
        id varchar(36) not null,
        created_at datetime(6),
        movement_type enum ('PURCHASE','SALE','RETURN','ADJUSTMENT') not null,
        quantity integer not null,
        reason varchar(500),
        reference_id varchar(36),
        product_id varchar(36) not null,
        primary key (id)
    ) engine=InnoDB
2026-03-14T18:05:28.351+05:30 DEBUG 16264 --- [product-service] [main] org.hibernate.SQL                        : 
    alter table categories 
       drop index UK_oul14ho7bctbefv8jywp5v3i2
2026-03-14T18:05:28.451+05:30 DEBUG 16264 --- [product-service] [main] org.hibernate.SQL                        : 
    alter table categories 
       add constraint UK_oul14ho7bctbefv8jywp5v3i2 unique (slug)
2026-03-14T18:05:28.523+05:30 DEBUG 16264 --- [product-service] [main] org.hibernate.SQL                        : 
    alter table inventories 
       drop index UK_3bms153u88bt0daekfy4qpj6k
2026-03-14T18:05:28.530+05:30 DEBUG 16264 --- [product-service] [main] org.hibernate.SQL                        : 
    alter table inventories 
       add constraint UK_3bms153u88bt0daekfy4qpj6k unique (product_id)
2026-03-14T18:05:28.559+05:30 DEBUG 16264 --- [product-service] [main] org.hibernate.SQL                        : 
    alter table product_reviews 
       drop index UKi8pvlswx9d9ul91orv429gxf
2026-03-14T18:05:28.566+05:30 DEBUG 16264 --- [product-service] [main] org.hibernate.SQL                        : 
    alter table product_reviews 
       add constraint UKi8pvlswx9d9ul91orv429gxf unique (product_id, user_id)
2026-03-14T18:05:28.588+05:30 DEBUG 16264 --- [product-service] [main] org.hibernate.SQL                        : 
    create index idx_product_status 
       on products (status)
2026-03-14T18:05:28.618+05:30 DEBUG 16264 --- [product-service] [main] org.hibernate.SQL                        : 
    create index idx_product_category 
       on products (category_id)
2026-03-14T18:05:28.639+05:30 DEBUG 16264 --- [product-service] [main] org.hibernate.SQL                        : 
    alter table products 
       drop index idx_product_sku
2026-03-14T18:05:28.640+05:30 DEBUG 16264 --- [product-service] [main] org.hibernate.SQL                        : 
    alter table products 
       add constraint idx_product_sku unique (sku)
2026-03-14T18:05:28.673+05:30 DEBUG 16264 --- [product-service] [main] org.hibernate.SQL                        : 
    alter table categories 
       add constraint FKsaok720gsu4u2wrgbk10b5n8d 
       foreign key (parent_id) 
       references categories (id)
2026-03-14T18:05:28.745+05:30 DEBUG 16264 --- [product-service] [main] org.hibernate.SQL                        : 
    alter table inventories 
       add constraint FK8drmqyx629j3oo8ct9jnc5y3y 
       foreign key (product_id) 
       references products (id)
2026-03-14T18:05:28.809+05:30 DEBUG 16264 --- [product-service] [main] org.hibernate.SQL                        : 
    alter table product_images 
       add constraint FKqnq71xsohugpqwf3c9gxmsuy 
       foreign key (product_id) 
       references products (id)
2026-03-14T18:05:28.863+05:30 DEBUG 16264 --- [product-service] [main] org.hibernate.SQL                        : 
    alter table product_reviews 
       add constraint FK35kxxqe2g9r4mww80w9e3tnw9 
       foreign key (product_id) 
       references products (id)
2026-03-14T18:05:28.919+05:30 DEBUG 16264 --- [product-service] [main] org.hibernate.SQL                        : 
    alter table products 
       add constraint FKog2rp4qthbtt2lfyhfo32lsw9 
       foreign key (category_id) 
       references categories (id)
2026-03-14T18:05:28.991+05:30 DEBUG 16264 --- [product-service] [main] org.hibernate.SQL                        : 
    alter table stock_movements 
       add constraint FKjcaag8ogfjxpwmqypi1wfdaog 
       foreign key (product_id) 
       references products (id)
2026-03-14T18:05:29.046+05:30  INFO 16264 --- [product-service] [main] j.LocalContainerEntityManagerFactoryBean : Initialized JPA EntityManagerFactory for persistence unit 'default'
2026-03-14T18:05:29.789+05:30  INFO 16264 --- [product-service] [main] o.s.d.j.r.query.QueryEnhancerFactory     : Hibernate is in classpath; If applicable, HQL parser will be used.
2026-03-14T18:05:31.545+05:30  WARN 16264 --- [product-service] [main] .s.s.UserDetailsServiceAutoConfiguration : 

Using generated security password: 43917740-5c03-4dc6-8792-0c44ccbbc479

This generated password is for development use only. Your security configuration must be updated before running your application in production.

2026-03-14T18:05:32.358+05:30  INFO 16264 --- [product-service] [main] o.s.b.a.e.web.EndpointLinksResolver      : Exposing 1 endpoint(s) beneath base path '/actuator'
2026-03-14T18:05:32.562+05:30  INFO 16264 --- [product-service] [main] o.s.s.web.DefaultSecurityFilterChain     : Will secure any request with [org.springframework.security.web.session.DisableEncodeUrlFilter@34d5d5f7, org.springframework.security.web.context.request.async.WebAsyncManagerIntegrationFilter@17eac1b5, org.springframework.security.web.context.SecurityContextHolderFilter@7cff8996, org.springframework.security.web.header.HeaderWriterFilter@2653b95f, org.springframework.web.filter.CorsFilter@1d88414a, org.springframework.security.web.authentication.logout.LogoutFilter@11a0aee8, com.ecommerce.product_service.security.JwtAuthenticationFilter@1fc5c0b2, org.springframework.security.web.savedrequest.RequestCacheAwareFilter@18abaf2c, org.springframework.security.web.servletapi.SecurityContextHolderAwareRequestFilter@6516a5e9, org.springframework.security.web.authentication.AnonymousAuthenticationFilter@7cd6e9dd, org.springframework.security.web.session.SessionManagementFilter@27afeede, org.springframework.security.web.access.ExceptionTranslationFilter@38071cdb, org.springframework.security.web.access.intercept.AuthorizationFilter@2360414f]
2026-03-14T18:05:33.904+05:30  INFO 16264 --- [product-service] [main] o.a.k.clients.admin.AdminClientConfig    : AdminClientConfig values: 
	auto.include.jmx.reporter = true
	bootstrap.servers = [localhost:9092]
	client.dns.lookup = use_all_dns_ips
	client.id = 
	connections.max.idle.ms = 300000
	default.api.timeout.ms = 60000
	metadata.max.age.ms = 300000
	metric.reporters = []
	metrics.num.samples = 2
	metrics.recording.level = INFO
	metrics.sample.window.ms = 30000
	receive.buffer.bytes = 65536
	reconnect.backoff.max.ms = 1000
	reconnect.backoff.ms = 50
	request.timeout.ms = 30000
	retries = 2147483647
	retry.backoff.ms = 100
	sasl.client.callback.handler.class = null
	sasl.jaas.config = null
	sasl.kerberos.kinit.cmd = /usr/bin/kinit
	sasl.kerberos.min.time.before.relogin = 60000
	sasl.kerberos.service.name = null
	sasl.kerberos.ticket.renew.jitter = 0.05
	sasl.kerberos.ticket.renew.window.factor = 0.8
	sasl.login.callback.handler.class = null
	sasl.login.class = null
	sasl.login.connect.timeout.ms = null
	sasl.login.read.timeout.ms = null
	sasl.login.refresh.buffer.seconds = 300
	sasl.login.refresh.min.period.seconds = 60
	sasl.login.refresh.window.factor = 0.8
	sasl.login.refresh.window.jitter = 0.05
	sasl.login.retry.backoff.max.ms = 10000
	sasl.login.retry.backoff.ms = 100
	sasl.mechanism = GSSAPI
	sasl.oauthbearer.clock.skew.seconds = 30
	sasl.oauthbearer.expected.audience = null
	sasl.oauthbearer.expected.issuer = null
	sasl.oauthbearer.jwks.endpoint.refresh.ms = 3600000
	sasl.oauthbearer.jwks.endpoint.retry.backoff.max.ms = 10000
	sasl.oauthbearer.jwks.endpoint.retry.backoff.ms = 100
	sasl.oauthbearer.jwks.endpoint.url = null
	sasl.oauthbearer.scope.claim.name = scope
	sasl.oauthbearer.sub.claim.name = sub
	sasl.oauthbearer.token.endpoint.url = null
	security.protocol = PLAINTEXT
	security.providers = null
	send.buffer.bytes = 131072
	socket.connection.setup.timeout.max.ms = 30000
	socket.connection.setup.timeout.ms = 10000
	ssl.cipher.suites = null
	ssl.enabled.protocols = [TLSv1.2, TLSv1.3]
	ssl.endpoint.identification.algorithm = https
	ssl.engine.factory.class = null
	ssl.key.password = null
	ssl.keymanager.algorithm = SunX509
	ssl.keystore.certificate.chain = null
	ssl.keystore.key = null
	ssl.keystore.location = null
	ssl.keystore.password = null
	ssl.keystore.type = JKS
	ssl.protocol = TLSv1.3
	ssl.provider = null
	ssl.secure.random.implementation = null
	ssl.trustmanager.algorithm = PKIX
	ssl.truststore.certificates = null
	ssl.truststore.location = null
	ssl.truststore.password = null
	ssl.truststore.type = JKS

2026-03-14T18:05:34.273+05:30  INFO 16264 --- [product-service] [main] o.a.kafka.common.utils.AppInfoParser     : Kafka version: 3.6.1
2026-03-14T18:05:34.274+05:30  INFO 16264 --- [product-service] [main] o.a.kafka.common.utils.AppInfoParser     : Kafka commitId: 5e3c2b738d253ff5
2026-03-14T18:05:34.274+05:30  INFO 16264 --- [product-service] [main] o.a.kafka.common.utils.AppInfoParser     : Kafka startTimeMs: 1773491734271
2026-03-14T18:05:37.485+05:30  INFO 16264 --- [product-service] [kafka-admin-client-thread | adminclient-1] o.a.kafka.common.utils.AppInfoParser     : App info kafka.admin.client for adminclient-1 unregistered
2026-03-14T18:05:37.489+05:30  INFO 16264 --- [product-service] [kafka-admin-client-thread | adminclient-1] o.apache.kafka.common.metrics.Metrics    : Metrics scheduler closed
2026-03-14T18:05:37.489+05:30  INFO 16264 --- [product-service] [kafka-admin-client-thread | adminclient-1] o.apache.kafka.common.metrics.Metrics    : Closing reporter org.apache.kafka.common.metrics.JmxReporter
2026-03-14T18:05:37.489+05:30  INFO 16264 --- [product-service] [kafka-admin-client-thread | adminclient-1] o.apache.kafka.common.metrics.Metrics    : Metrics reporters closed
2026-03-14T18:05:37.507+05:30  INFO 16264 --- [product-service] [main] o.s.b.w.embedded.tomcat.TomcatWebServer  : Tomcat started on port 8082 (http) with context path ''
2026-03-14T18:05:37.532+05:30  INFO 16264 --- [product-service] [main] c.e.p.ProductServiceApplication          : Started ProductServiceApplication in 17.999 seconds (process running for 19.034)
2026-03-14T22:40:32.464+05:30  WARN 16264 --- [product-service] [ProductServicePool housekeeper] com.zaxxer.hikari.pool.HikariPool        : ProductServicePool - Thread starvation or clock leap detected (housekeeper delta=4h23m45s571ms198µs600ns).
2026-03-14T22:44:11.385+05:30  INFO 9068 --- [product-service] [main] c.e.p.ProductServiceApplication          : Starting ProductServiceApplication using Java 21.0.2 with PID 9068 (F:\Ecommerce Production Level Application\product-service\target\classes started by nanda royality in F:\Ecommerce Production Level Application\user-service)
2026-03-14T22:44:11.392+05:30 DEBUG 9068 --- [product-service] [main] c.e.p.ProductServiceApplication          : Running with Spring Boot v3.2.3, Spring v6.1.4
2026-03-14T22:44:11.393+05:30  INFO 9068 --- [product-service] [main] c.e.p.ProductServiceApplication          : No active profile set, falling back to 1 default profile: "default"
2026-03-14T22:44:13.001+05:30  INFO 9068 --- [product-service] [main] .s.d.r.c.RepositoryConfigurationDelegate : Multiple Spring Data modules found, entering strict repository configuration mode
2026-03-14T22:44:13.002+05:30  INFO 9068 --- [product-service] [main] .s.d.r.c.RepositoryConfigurationDelegate : Bootstrapping Spring Data JPA repositories in DEFAULT mode.
2026-03-14T22:44:13.154+05:30  INFO 9068 --- [product-service] [main] .s.d.r.c.RepositoryConfigurationDelegate : Finished Spring Data repository scanning in 141 ms. Found 5 JPA repository interfaces.
2026-03-14T22:44:13.480+05:30  INFO 9068 --- [product-service] [main] o.s.cloud.context.scope.GenericScope     : BeanFactory id=1ab17dc5-7629-3be5-b8c9-7636bc1185b2
2026-03-14T22:44:14.345+05:30  INFO 9068 --- [product-service] [main] o.s.b.w.embedded.tomcat.TomcatWebServer  : Tomcat initialized with port 8082 (http)
2026-03-14T22:44:14.359+05:30  INFO 9068 --- [product-service] [main] o.apache.catalina.core.StandardService   : Starting service [Tomcat]
2026-03-14T22:44:14.359+05:30  INFO 9068 --- [product-service] [main] o.apache.catalina.core.StandardEngine    : Starting Servlet engine: [Apache Tomcat/10.1.19]
2026-03-14T22:44:14.451+05:30  INFO 9068 --- [product-service] [main] o.a.c.c.C.[Tomcat].[localhost].[/]       : Initializing Spring embedded WebApplicationContext
2026-03-14T22:44:14.451+05:30  INFO 9068 --- [product-service] [main] w.s.c.ServletWebServerApplicationContext : Root WebApplicationContext: initialization completed in 2987 ms
2026-03-14T22:44:14.703+05:30 DEBUG 9068 --- [product-service] [main] c.e.p.security.JwtAuthenticationFilter   : Filter 'jwtAuthenticationFilter' configured for use
2026-03-14T22:44:14.796+05:30  INFO 9068 --- [product-service] [main] com.zaxxer.hikari.HikariDataSource       : ProductServicePool - Starting...
2026-03-14T22:44:14.981+05:30  INFO 9068 --- [product-service] [main] com.zaxxer.hikari.pool.HikariPool        : ProductServicePool - Added connection com.mysql.cj.jdbc.ConnectionImpl@3adde4ea
2026-03-14T22:44:14.984+05:30  INFO 9068 --- [product-service] [main] com.zaxxer.hikari.HikariDataSource       : ProductServicePool - Start completed.
2026-03-14T22:44:15.083+05:30  INFO 9068 --- [product-service] [main] o.f.c.internal.license.VersionPrinter    : Flyway Community Edition 9.22.3 by Redgate
2026-03-14T22:44:15.083+05:30  INFO 9068 --- [product-service] [main] o.f.c.internal.license.VersionPrinter    : See release notes here: https://rd.gt/416ObMi
2026-03-14T22:44:15.083+05:30  INFO 9068 --- [product-service] [main] o.f.c.internal.license.VersionPrinter    : 
2026-03-14T22:44:15.129+05:30  INFO 9068 --- [product-service] [main] org.flywaydb.core.FlywayExecutor         : Database: jdbc:mysql://localhost:3306/product_db (MySQL 8.0)
2026-03-14T22:44:15.180+05:30  INFO 9068 --- [product-service] [main] o.f.core.internal.command.DbValidate     : Successfully validated 0 migrations (execution time 00:00.023s)
2026-03-14T22:44:15.180+05:30  WARN 9068 --- [product-service] [main] o.f.core.internal.command.DbValidate     : No migrations found. Are your locations set up correctly?
2026-03-14T22:44:15.200+05:30  INFO 9068 --- [product-service] [main] o.f.core.internal.command.DbMigrate      : Current version of schema `product_db`: << Empty Schema >>
2026-03-14T22:44:15.206+05:30  INFO 9068 --- [product-service] [main] o.f.core.internal.command.DbMigrate      : Schema `product_db` is up to date. No migration necessary.
2026-03-14T22:44:15.344+05:30  INFO 9068 --- [product-service] [main] o.hibernate.jpa.internal.util.LogHelper  : HHH000204: Processing PersistenceUnitInfo [name: default]
2026-03-14T22:44:15.399+05:30  INFO 9068 --- [product-service] [main] org.hibernate.Version                    : HHH000412: Hibernate ORM core version 6.4.4.Final
2026-03-14T22:44:15.443+05:30  INFO 9068 --- [product-service] [main] o.h.c.internal.RegionFactoryInitiator    : HHH000026: Second-level cache disabled
2026-03-14T22:44:15.682+05:30  INFO 9068 --- [product-service] [main] o.s.o.j.p.SpringPersistenceUnitInfo      : No LoadTimeWeaver setup: ignoring JPA class transformer
2026-03-14T22:44:15.745+05:30  WARN 9068 --- [product-service] [main] org.hibernate.orm.deprecation            : HHH90000025: MySQLDialect does not need to be specified explicitly using 'hibernate.dialect' (remove the property setting and it will be selected by default)
2026-03-14T22:44:16.652+05:30  INFO 9068 --- [product-service] [main] o.h.e.t.j.p.i.JtaPlatformInitiator       : HHH000489: No JTA platform available (set 'hibernate.transaction.jta.platform' to enable JTA platform integration)
2026-03-14T22:44:16.824+05:30  INFO 9068 --- [product-service] [main] j.LocalContainerEntityManagerFactoryBean : Initialized JPA EntityManagerFactory for persistence unit 'default'
2026-03-14T22:44:17.344+05:30  INFO 9068 --- [product-service] [main] o.s.d.j.r.query.QueryEnhancerFactory     : Hibernate is in classpath; If applicable, HQL parser will be used.
2026-03-14T22:44:18.528+05:30  WARN 9068 --- [product-service] [main] .s.s.UserDetailsServiceAutoConfiguration : 

Using generated security password: bc548678-b190-4a48-ae13-21190d78172d

This generated password is for development use only. Your security configuration must be updated before running your application in production.

2026-03-14T22:44:19.055+05:30  INFO 9068 --- [product-service] [main] o.s.b.a.e.web.EndpointLinksResolver      : Exposing 1 endpoint(s) beneath base path '/actuator'
2026-03-14T22:44:19.150+05:30  INFO 9068 --- [product-service] [main] o.s.s.web.DefaultSecurityFilterChain     : Will secure any request with [org.springframework.security.web.session.DisableEncodeUrlFilter@4337cf96, org.springframework.security.web.context.request.async.WebAsyncManagerIntegrationFilter@50bf00c2, org.springframework.security.web.context.SecurityContextHolderFilter@398efb4d, org.springframework.security.web.header.HeaderWriterFilter@2081b4a8, org.springframework.web.filter.CorsFilter@171f9f2c, org.springframework.security.web.authentication.logout.LogoutFilter@67a8a641, com.ecommerce.product_service.security.JwtAuthenticationFilter@1fc5c0b2, org.springframework.security.web.savedrequest.RequestCacheAwareFilter@580930b7, org.springframework.security.web.servletapi.SecurityContextHolderAwareRequestFilter@303fe95c, org.springframework.security.web.authentication.AnonymousAuthenticationFilter@745955ba, org.springframework.security.web.session.SessionManagementFilter@2fdc88b4, org.springframework.security.web.access.ExceptionTranslationFilter@4ea0ec5e, org.springframework.security.web.access.intercept.AuthorizationFilter@7a72fc23]
2026-03-14T22:44:20.113+05:30  INFO 9068 --- [product-service] [main] o.a.k.clients.admin.AdminClientConfig    : AdminClientConfig values: 
	auto.include.jmx.reporter = true
	bootstrap.servers = [localhost:9092]
	client.dns.lookup = use_all_dns_ips
	client.id = 
	connections.max.idle.ms = 300000
	default.api.timeout.ms = 60000
	metadata.max.age.ms = 300000
	metric.reporters = []
	metrics.num.samples = 2
	metrics.recording.level = INFO
	metrics.sample.window.ms = 30000
	receive.buffer.bytes = 65536
	reconnect.backoff.max.ms = 1000
	reconnect.backoff.ms = 50
	request.timeout.ms = 30000
	retries = 2147483647
	retry.backoff.ms = 100
	sasl.client.callback.handler.class = null
	sasl.jaas.config = null
	sasl.kerberos.kinit.cmd = /usr/bin/kinit
	sasl.kerberos.min.time.before.relogin = 60000
	sasl.kerberos.service.name = null
	sasl.kerberos.ticket.renew.jitter = 0.05
	sasl.kerberos.ticket.renew.window.factor = 0.8
	sasl.login.callback.handler.class = null
	sasl.login.class = null
	sasl.login.connect.timeout.ms = null
	sasl.login.read.timeout.ms = null
	sasl.login.refresh.buffer.seconds = 300
	sasl.login.refresh.min.period.seconds = 60
	sasl.login.refresh.window.factor = 0.8
	sasl.login.refresh.window.jitter = 0.05
	sasl.login.retry.backoff.max.ms = 10000
	sasl.login.retry.backoff.ms = 100
	sasl.mechanism = GSSAPI
	sasl.oauthbearer.clock.skew.seconds = 30
	sasl.oauthbearer.expected.audience = null
	sasl.oauthbearer.expected.issuer = null
	sasl.oauthbearer.jwks.endpoint.refresh.ms = 3600000
	sasl.oauthbearer.jwks.endpoint.retry.backoff.max.ms = 10000
	sasl.oauthbearer.jwks.endpoint.retry.backoff.ms = 100
	sasl.oauthbearer.jwks.endpoint.url = null
	sasl.oauthbearer.scope.claim.name = scope
	sasl.oauthbearer.sub.claim.name = sub
	sasl.oauthbearer.token.endpoint.url = null
	security.protocol = PLAINTEXT
	security.providers = null
	send.buffer.bytes = 131072
	socket.connection.setup.timeout.max.ms = 30000
	socket.connection.setup.timeout.ms = 10000
	ssl.cipher.suites = null
	ssl.enabled.protocols = [TLSv1.2, TLSv1.3]
	ssl.endpoint.identification.algorithm = https
	ssl.engine.factory.class = null
	ssl.key.password = null
	ssl.keymanager.algorithm = SunX509
	ssl.keystore.certificate.chain = null
	ssl.keystore.key = null
	ssl.keystore.location = null
	ssl.keystore.password = null
	ssl.keystore.type = JKS
	ssl.protocol = TLSv1.3
	ssl.provider = null
	ssl.secure.random.implementation = null
	ssl.trustmanager.algorithm = PKIX
	ssl.truststore.certificates = null
	ssl.truststore.location = null
	ssl.truststore.password = null
	ssl.truststore.type = JKS

2026-03-14T22:44:20.275+05:30  INFO 9068 --- [product-service] [main] o.a.kafka.common.utils.AppInfoParser     : Kafka version: 3.6.1
2026-03-14T22:44:20.276+05:30  INFO 9068 --- [product-service] [main] o.a.kafka.common.utils.AppInfoParser     : Kafka commitId: 5e3c2b738d253ff5
2026-03-14T22:44:20.276+05:30  INFO 9068 --- [product-service] [main] o.a.kafka.common.utils.AppInfoParser     : Kafka startTimeMs: 1773508460274
2026-03-14T22:44:20.720+05:30  INFO 9068 --- [product-service] [kafka-admin-client-thread | adminclient-1] o.a.kafka.common.utils.AppInfoParser     : App info kafka.admin.client for adminclient-1 unregistered
2026-03-14T22:44:20.726+05:30  INFO 9068 --- [product-service] [kafka-admin-client-thread | adminclient-1] o.apache.kafka.common.metrics.Metrics    : Metrics scheduler closed
2026-03-14T22:44:20.726+05:30  INFO 9068 --- [product-service] [kafka-admin-client-thread | adminclient-1] o.apache.kafka.common.metrics.Metrics    : Closing reporter org.apache.kafka.common.metrics.JmxReporter
2026-03-14T22:44:20.726+05:30  INFO 9068 --- [product-service] [kafka-admin-client-thread | adminclient-1] o.apache.kafka.common.metrics.Metrics    : Metrics reporters closed
2026-03-14T22:44:20.745+05:30  INFO 9068 --- [product-service] [main] o.s.b.w.embedded.tomcat.TomcatWebServer  : Tomcat started on port 8082 (http) with context path ''
2026-03-14T22:44:20.769+05:30  INFO 9068 --- [product-service] [main] c.e.p.ProductServiceApplication          : Started ProductServiceApplication in 10.095 seconds (process running for 10.786)
2026-03-14T22:55:41.179+05:30  INFO 9068 --- [product-service] [http-nio-8082-exec-1] o.a.c.c.C.[Tomcat].[localhost].[/]       : Initializing Spring DispatcherServlet 'dispatcherServlet'
2026-03-14T22:55:41.195+05:30  INFO 9068 --- [product-service] [http-nio-8082-exec-1] o.s.web.servlet.DispatcherServlet        : Initializing Servlet 'dispatcherServlet'
2026-03-14T22:55:41.267+05:30  INFO 9068 --- [product-service] [http-nio-8082-exec-1] o.s.web.servlet.DispatcherServlet        : Completed initialization in 71 ms
2026-03-14T22:55:42.264+05:30  INFO 9068 --- [product-service] [http-nio-8082-exec-10] o.springdoc.api.AbstractOpenApiResource  : Init duration for springdoc-openapi is: 437 ms
2026-03-14T23:01:33.105+05:30  INFO 9068 --- [product-service] [SpringApplicationShutdownHook] j.LocalContainerEntityManagerFactoryBean : Closing JPA EntityManagerFactory for persistence unit 'default'
2026-03-14T23:01:33.184+05:30  INFO 9068 --- [product-service] [SpringApplicationShutdownHook] com.zaxxer.hikari.HikariDataSource       : ProductServicePool - Shutdown initiated...
2026-03-14T23:01:33.295+05:30  INFO 9068 --- [product-service] [SpringApplicationShutdownHook] com.zaxxer.hikari.HikariDataSource       : ProductServicePool - Shutdown completed.
2026-03-14T23:01:43.859+05:30  INFO 25476 --- [product-service] [main] c.e.p.ProductServiceApplication          : Starting ProductServiceApplication using Java 21.0.2 with PID 25476 (F:\Ecommerce Production Level Application\product-service\target\classes started by nanda royality in F:\Ecommerce Production Level Application\user-service)
2026-03-14T23:01:43.862+05:30 DEBUG 25476 --- [product-service] [main] c.e.p.ProductServiceApplication          : Running with Spring Boot v3.2.3, Spring v6.1.4
2026-03-14T23:01:43.863+05:30  INFO 25476 --- [product-service] [main] c.e.p.ProductServiceApplication          : No active profile set, falling back to 1 default profile: "default"
2026-03-14T23:01:46.450+05:30  INFO 25476 --- [product-service] [main] .s.d.r.c.RepositoryConfigurationDelegate : Multiple Spring Data modules found, entering strict repository configuration mode
2026-03-14T23:01:46.452+05:30  INFO 25476 --- [product-service] [main] .s.d.r.c.RepositoryConfigurationDelegate : Bootstrapping Spring Data JPA repositories in DEFAULT mode.
2026-03-14T23:01:46.704+05:30  INFO 25476 --- [product-service] [main] .s.d.r.c.RepositoryConfigurationDelegate : Finished Spring Data repository scanning in 225 ms. Found 5 JPA repository interfaces.
2026-03-14T23:01:47.043+05:30  INFO 25476 --- [product-service] [main] o.s.cloud.context.scope.GenericScope     : BeanFactory id=53a89b90-b998-346a-b126-5c5a932464bc
2026-03-14T23:01:48.264+05:30  INFO 25476 --- [product-service] [main] o.s.b.w.embedded.tomcat.TomcatWebServer  : Tomcat initialized with port 8082 (http)
2026-03-14T23:01:48.289+05:30  INFO 25476 --- [product-service] [main] o.apache.catalina.core.StandardService   : Starting service [Tomcat]
2026-03-14T23:01:48.289+05:30  INFO 25476 --- [product-service] [main] o.apache.catalina.core.StandardEngine    : Starting Servlet engine: [Apache Tomcat/10.1.19]
2026-03-14T23:01:48.431+05:30  INFO 25476 --- [product-service] [main] o.a.c.c.C.[Tomcat].[localhost].[/]       : Initializing Spring embedded WebApplicationContext
2026-03-14T23:01:48.431+05:30  INFO 25476 --- [product-service] [main] w.s.c.ServletWebServerApplicationContext : Root WebApplicationContext: initialization completed in 4443 ms
2026-03-14T23:01:48.754+05:30 DEBUG 25476 --- [product-service] [main] c.e.p.security.JwtAuthenticationFilter   : Filter 'jwtAuthenticationFilter' configured for use
2026-03-14T23:01:48.875+05:30  INFO 25476 --- [product-service] [main] com.zaxxer.hikari.HikariDataSource       : ProductServicePool - Starting...
2026-03-14T23:01:49.205+05:30  INFO 25476 --- [product-service] [main] com.zaxxer.hikari.pool.HikariPool        : ProductServicePool - Added connection com.mysql.cj.jdbc.ConnectionImpl@65a2755e
2026-03-14T23:01:49.208+05:30  INFO 25476 --- [product-service] [main] com.zaxxer.hikari.HikariDataSource       : ProductServicePool - Start completed.
2026-03-14T23:01:49.350+05:30  INFO 25476 --- [product-service] [main] o.f.c.internal.license.VersionPrinter    : Flyway Community Edition 9.22.3 by Redgate
2026-03-14T23:01:49.351+05:30  INFO 25476 --- [product-service] [main] o.f.c.internal.license.VersionPrinter    : See release notes here: https://rd.gt/416ObMi
2026-03-14T23:01:49.351+05:30  INFO 25476 --- [product-service] [main] o.f.c.internal.license.VersionPrinter    : 
2026-03-14T23:01:49.421+05:30  INFO 25476 --- [product-service] [main] org.flywaydb.core.FlywayExecutor         : Database: jdbc:mysql://localhost:3306/product_db (MySQL 8.0)
2026-03-14T23:01:49.539+05:30  INFO 25476 --- [product-service] [main] o.f.core.internal.command.DbValidate     : Successfully validated 0 migrations (execution time 00:00.041s)
2026-03-14T23:01:49.539+05:30  WARN 25476 --- [product-service] [main] o.f.core.internal.command.DbValidate     : No migrations found. Are your locations set up correctly?
2026-03-14T23:01:49.554+05:30  INFO 25476 --- [product-service] [main] o.f.core.internal.command.DbMigrate      : Current version of schema `product_db`: << Empty Schema >>
2026-03-14T23:01:49.560+05:30  INFO 25476 --- [product-service] [main] o.f.core.internal.command.DbMigrate      : Schema `product_db` is up to date. No migration necessary.
2026-03-14T23:01:49.712+05:30  INFO 25476 --- [product-service] [main] o.hibernate.jpa.internal.util.LogHelper  : HHH000204: Processing PersistenceUnitInfo [name: default]
2026-03-14T23:01:49.843+05:30  INFO 25476 --- [product-service] [main] org.hibernate.Version                    : HHH000412: Hibernate ORM core version 6.4.4.Final
2026-03-14T23:01:49.904+05:30  INFO 25476 --- [product-service] [main] o.h.c.internal.RegionFactoryInitiator    : HHH000026: Second-level cache disabled
2026-03-14T23:01:50.213+05:30  INFO 25476 --- [product-service] [main] o.s.o.j.p.SpringPersistenceUnitInfo      : No LoadTimeWeaver setup: ignoring JPA class transformer
2026-03-14T23:01:50.313+05:30  WARN 25476 --- [product-service] [main] org.hibernate.orm.deprecation            : HHH90000025: MySQLDialect does not need to be specified explicitly using 'hibernate.dialect' (remove the property setting and it will be selected by default)
2026-03-14T23:01:51.438+05:30  INFO 25476 --- [product-service] [main] o.h.e.t.j.p.i.JtaPlatformInitiator       : HHH000489: No JTA platform available (set 'hibernate.transaction.jta.platform' to enable JTA platform integration)
2026-03-14T23:01:51.597+05:30  INFO 25476 --- [product-service] [main] j.LocalContainerEntityManagerFactoryBean : Initialized JPA EntityManagerFactory for persistence unit 'default'
2026-03-14T23:01:52.165+05:30  INFO 25476 --- [product-service] [main] o.s.d.j.r.query.QueryEnhancerFactory     : Hibernate is in classpath; If applicable, HQL parser will be used.
2026-03-14T23:01:53.988+05:30  WARN 25476 --- [product-service] [main] .s.s.UserDetailsServiceAutoConfiguration : 

Using generated security password: d9795946-775e-44a2-befc-76fb8d723361

This generated password is for development use only. Your security configuration must be updated before running your application in production.

2026-03-14T23:01:54.682+05:30  INFO 25476 --- [product-service] [main] o.s.b.a.e.web.EndpointLinksResolver      : Exposing 1 endpoint(s) beneath base path '/actuator'
2026-03-14T23:01:54.839+05:30  INFO 25476 --- [product-service] [main] o.s.s.web.DefaultSecurityFilterChain     : Will secure any request with [org.springframework.security.web.session.DisableEncodeUrlFilter@27ae4c06, org.springframework.security.web.context.request.async.WebAsyncManagerIntegrationFilter@6ec2108c, org.springframework.security.web.context.SecurityContextHolderFilter@335f5370, org.springframework.security.web.header.HeaderWriterFilter@4c4da7ec, org.springframework.web.filter.CorsFilter@767f4a69, org.springframework.security.web.authentication.logout.LogoutFilter@1c2a9464, com.ecommerce.product_service.security.JwtAuthenticationFilter@546083d6, org.springframework.security.web.savedrequest.RequestCacheAwareFilter@57bfaa41, org.springframework.security.web.servletapi.SecurityContextHolderAwareRequestFilter@48b745af, org.springframework.security.web.authentication.AnonymousAuthenticationFilter@1f628b31, org.springframework.security.web.session.SessionManagementFilter@589b0021, org.springframework.security.web.access.ExceptionTranslationFilter@22ef78d8, org.springframework.security.web.access.intercept.AuthorizationFilter@2fc578cf]
2026-03-14T23:01:56.067+05:30  INFO 25476 --- [product-service] [main] o.a.k.clients.admin.AdminClientConfig    : AdminClientConfig values: 
	auto.include.jmx.reporter = true
	bootstrap.servers = [localhost:9092]
	client.dns.lookup = use_all_dns_ips
	client.id = 
	connections.max.idle.ms = 300000
	default.api.timeout.ms = 60000
	metadata.max.age.ms = 300000
	metric.reporters = []
	metrics.num.samples = 2
	metrics.recording.level = INFO
	metrics.sample.window.ms = 30000
	receive.buffer.bytes = 65536
	reconnect.backoff.max.ms = 1000
	reconnect.backoff.ms = 50
	request.timeout.ms = 30000
	retries = 2147483647
	retry.backoff.ms = 100
	sasl.client.callback.handler.class = null
	sasl.jaas.config = null
	sasl.kerberos.kinit.cmd = /usr/bin/kinit
	sasl.kerberos.min.time.before.relogin = 60000
	sasl.kerberos.service.name = null
	sasl.kerberos.ticket.renew.jitter = 0.05
	sasl.kerberos.ticket.renew.window.factor = 0.8
	sasl.login.callback.handler.class = null
	sasl.login.class = null
	sasl.login.connect.timeout.ms = null
	sasl.login.read.timeout.ms = null
	sasl.login.refresh.buffer.seconds = 300
	sasl.login.refresh.min.period.seconds = 60
	sasl.login.refresh.window.factor = 0.8
	sasl.login.refresh.window.jitter = 0.05
	sasl.login.retry.backoff.max.ms = 10000
	sasl.login.retry.backoff.ms = 100
	sasl.mechanism = GSSAPI
	sasl.oauthbearer.clock.skew.seconds = 30
	sasl.oauthbearer.expected.audience = null
	sasl.oauthbearer.expected.issuer = null
	sasl.oauthbearer.jwks.endpoint.refresh.ms = 3600000
	sasl.oauthbearer.jwks.endpoint.retry.backoff.max.ms = 10000
	sasl.oauthbearer.jwks.endpoint.retry.backoff.ms = 100
	sasl.oauthbearer.jwks.endpoint.url = null
	sasl.oauthbearer.scope.claim.name = scope
	sasl.oauthbearer.sub.claim.name = sub
	sasl.oauthbearer.token.endpoint.url = null
	security.protocol = PLAINTEXT
	security.providers = null
	send.buffer.bytes = 131072
	socket.connection.setup.timeout.max.ms = 30000
	socket.connection.setup.timeout.ms = 10000
	ssl.cipher.suites = null
	ssl.enabled.protocols = [TLSv1.2, TLSv1.3]
	ssl.endpoint.identification.algorithm = https
	ssl.engine.factory.class = null
	ssl.key.password = null
	ssl.keymanager.algorithm = SunX509
	ssl.keystore.certificate.chain = null
	ssl.keystore.key = null
	ssl.keystore.location = null
	ssl.keystore.password = null
	ssl.keystore.type = JKS
	ssl.protocol = TLSv1.3
	ssl.provider = null
	ssl.secure.random.implementation = null
	ssl.trustmanager.algorithm = PKIX
	ssl.truststore.certificates = null
	ssl.truststore.location = null
	ssl.truststore.password = null
	ssl.truststore.type = JKS

2026-03-14T23:01:56.292+05:30  INFO 25476 --- [product-service] [main] o.a.kafka.common.utils.AppInfoParser     : Kafka version: 3.6.1
2026-03-14T23:01:56.293+05:30  INFO 25476 --- [product-service] [main] o.a.kafka.common.utils.AppInfoParser     : Kafka commitId: 5e3c2b738d253ff5
2026-03-14T23:01:56.293+05:30  INFO 25476 --- [product-service] [main] o.a.kafka.common.utils.AppInfoParser     : Kafka startTimeMs: 1773509516291
2026-03-14T23:01:56.740+05:30  INFO 25476 --- [product-service] [kafka-admin-client-thread | adminclient-1] o.a.kafka.common.utils.AppInfoParser     : App info kafka.admin.client for adminclient-1 unregistered
2026-03-14T23:01:56.744+05:30  INFO 25476 --- [product-service] [kafka-admin-client-thread | adminclient-1] o.apache.kafka.common.metrics.Metrics    : Metrics scheduler closed
2026-03-14T23:01:56.745+05:30  INFO 25476 --- [product-service] [kafka-admin-client-thread | adminclient-1] o.apache.kafka.common.metrics.Metrics    : Closing reporter org.apache.kafka.common.metrics.JmxReporter
2026-03-14T23:01:56.745+05:30  INFO 25476 --- [product-service] [kafka-admin-client-thread | adminclient-1] o.apache.kafka.common.metrics.Metrics    : Metrics reporters closed
2026-03-14T23:01:56.766+05:30  INFO 25476 --- [product-service] [main] o.s.b.w.embedded.tomcat.TomcatWebServer  : Tomcat started on port 8082 (http) with context path ''
2026-03-14T23:01:56.800+05:30  INFO 25476 --- [product-service] [main] c.e.p.ProductServiceApplication          : Started ProductServiceApplication in 13.837 seconds (process running for 15.022)
2026-03-14T23:02:16.206+05:30  INFO 25476 --- [product-service] [http-nio-8082-exec-1] o.a.c.c.C.[Tomcat].[localhost].[/]       : Initializing Spring DispatcherServlet 'dispatcherServlet'
2026-03-14T23:02:16.206+05:30  INFO 25476 --- [product-service] [http-nio-8082-exec-1] o.s.web.servlet.DispatcherServlet        : Initializing Servlet 'dispatcherServlet'
2026-03-14T23:02:16.207+05:30  INFO 25476 --- [product-service] [http-nio-8082-exec-1] o.s.web.servlet.DispatcherServlet        : Completed initialization in 1 ms
2026-03-14T23:02:17.625+05:30  INFO 25476 --- [product-service] [http-nio-8082-exec-9] o.springdoc.api.AbstractOpenApiResource  : Init duration for springdoc-openapi is: 863 ms
2026-03-14T23:03:12.204+05:30 DEBUG 25476 --- [product-service] [http-nio-8082-exec-10] c.e.p.service.ProductServiceImpl         : Fetching all products with filter: ProductFilterRequest(q=null, categoryId=null, minPrice=null, maxPrice=null, brand=null, inStock=null, minRating=null, tags=null, sort=newest, page=0, size=20)
2026-03-14T23:03:12.350+05:30 DEBUG 25476 --- [product-service] [http-nio-8082-exec-10] org.hibernate.SQL                        : 
    select
        p1_0.id,
        p1_0.attributes,
        p1_0.average_rating,
        p1_0.brand_name,
        p1_0.category_id,
        p1_0.compare_at_price,
        p1_0.cost_price,
        p1_0.created_at,
        p1_0.description,
        p1_0.name,
        p1_0.price,
        p1_0.review_count,
        p1_0.short_description,
        p1_0.sku,
        p1_0.sold_count,
        p1_0.status,
        p1_0.tags,
        p1_0.updated_at,
        p1_0.version,
        p1_0.view_count,
        p1_0.weight 
    from
        products p1_0 
    where
        p1_0.status=? 
    order by
        p1_0.created_at desc 
    limit
        ?, ?
2026-03-14T23:03:12.381+05:30 DEBUG 25476 --- [product-service] [http-nio-8082-exec-10] org.hibernate.SQL                        : 
    select
        pi1_0.id,
        pi1_0.last_updated,
        pi1_0.low_stock_threshold,
        pi1_0.product_id,
        pi1_0.quantity,
        pi1_0.reserved_quantity,
        pi1_0.warehouse_location 
    from
        inventories pi1_0 
    where
        pi1_0.product_id=?
2026-03-14T23:03:12.395+05:30 DEBUG 25476 --- [product-service] [http-nio-8082-exec-10] org.hibernate.SQL                        : 
    select
        pi1_0.id,
        pi1_0.last_updated,
        pi1_0.low_stock_threshold,
        pi1_0.product_id,
        pi1_0.quantity,
        pi1_0.reserved_quantity,
        pi1_0.warehouse_location 
    from
        inventories pi1_0 
    where
        pi1_0.product_id=?
2026-03-14T23:03:12.398+05:30 DEBUG 25476 --- [product-service] [http-nio-8082-exec-10] org.hibernate.SQL                        : 
    select
        pi1_0.id,
        pi1_0.last_updated,
        pi1_0.low_stock_threshold,
        pi1_0.product_id,
        pi1_0.quantity,
        pi1_0.reserved_quantity,
        pi1_0.warehouse_location 
    from
        inventories pi1_0 
    where
        pi1_0.product_id=?
2026-03-14T23:03:12.400+05:30 DEBUG 25476 --- [product-service] [http-nio-8082-exec-10] org.hibernate.SQL                        : 
    select
        pi1_0.id,
        pi1_0.last_updated,
        pi1_0.low_stock_threshold,
        pi1_0.product_id,
        pi1_0.quantity,
        pi1_0.reserved_quantity,
        pi1_0.warehouse_location 
    from
        inventories pi1_0 
    where
        pi1_0.product_id=?
2026-03-14T23:03:12.402+05:30 DEBUG 25476 --- [product-service] [http-nio-8082-exec-10] org.hibernate.SQL                        : 
    select
        pi1_0.id,
        pi1_0.last_updated,
        pi1_0.low_stock_threshold,
        pi1_0.product_id,
        pi1_0.quantity,
        pi1_0.reserved_quantity,
        pi1_0.warehouse_location 
    from
        inventories pi1_0 
    where
        pi1_0.product_id=?
2026-03-14T23:03:12.415+05:30 ERROR 25476 --- [product-service] [http-nio-8082-exec-10] c.e.p.exception.GlobalExceptionHandler   : Unexpected error [/api/v1/products]: failed to lazily initialize a collection of role: com.ecommerce.product_service.entity.Product.images: could not initialize proxy - no Session

org.hibernate.LazyInitializationException: failed to lazily initialize a collection of role: com.ecommerce.product_service.entity.Product.images: could not initialize proxy - no Session
	at org.hibernate.collection.spi.AbstractPersistentCollection.throwLazyInitializationException(AbstractPersistentCollection.java:634) ~[hibernate-core-6.4.4.Final.jar:6.4.4.Final]
	at org.hibernate.collection.spi.AbstractPersistentCollection.withTemporarySessionIfNeeded(AbstractPersistentCollection.java:217) ~[hibernate-core-6.4.4.Final.jar:6.4.4.Final]
	at org.hibernate.collection.spi.AbstractPersistentCollection.initialize(AbstractPersistentCollection.java:613) ~[hibernate-core-6.4.4.Final.jar:6.4.4.Final]
	at org.hibernate.collection.spi.AbstractPersistentCollection.read(AbstractPersistentCollection.java:136) ~[hibernate-core-6.4.4.Final.jar:6.4.4.Final]
	at org.hibernate.collection.spi.PersistentBag.iterator(PersistentBag.java:371) ~[hibernate-core-6.4.4.Final.jar:6.4.4.Final]
	at java.base/java.util.Spliterators$IteratorSpliterator.estimateSize(Spliterators.java:1959) ~[na:na]
	at java.base/java.util.Spliterator.getExactSizeIfKnown(Spliterator.java:414) ~[na:na]
	at java.base/java.util.stream.AbstractPipeline.copyInto(AbstractPipeline.java:508) ~[na:na]
	at java.base/java.util.stream.AbstractPipeline.wrapAndCopyInto(AbstractPipeline.java:499) ~[na:na]
	at java.base/java.util.stream.ReduceOps$ReduceOp.evaluateSequential(ReduceOps.java:921) ~[na:na]
	at java.base/java.util.stream.AbstractPipeline.evaluate(AbstractPipeline.java:234) ~[na:na]
	at java.base/java.util.stream.ReferencePipeline.collect(ReferencePipeline.java:682) ~[na:na]
	at com.ecommerce.product_service.service.ProductServiceImpl.toProductResponse(ProductServiceImpl.java:603) ~[classes/:na]
	at java.base/java.util.stream.ReferencePipeline$3$1.accept(ReferencePipeline.java:197) ~[na:na]
	at java.base/java.util.ArrayList$Itr.forEachRemaining(ArrayList.java:1085) ~[na:na]
	at java.base/java.util.Spliterators$IteratorSpliterator.forEachRemaining(Spliterators.java:1939) ~[na:na]
	at java.base/java.util.stream.AbstractPipeline.copyInto(AbstractPipeline.java:509) ~[na:na]
	at java.base/java.util.stream.AbstractPipeline.wrapAndCopyInto(AbstractPipeline.java:499) ~[na:na]
	at java.base/java.util.stream.ReduceOps$ReduceOp.evaluateSequential(ReduceOps.java:921) ~[na:na]
	at java.base/java.util.stream.AbstractPipeline.evaluate(AbstractPipeline.java:234) ~[na:na]
	at java.base/java.util.stream.ReferencePipeline.collect(ReferencePipeline.java:682) ~[na:na]
	at org.springframework.data.domain.Chunk.getConvertedContent(Chunk.java:121) ~[spring-data-commons-3.2.3.jar:3.2.3]
	at org.springframework.data.domain.PageImpl.map(PageImpl.java:86) ~[spring-data-commons-3.2.3.jar:3.2.3]
	at com.ecommerce.product_service.service.ProductServiceImpl.getAllProducts(ProductServiceImpl.java:56) ~[classes/:na]
	at java.base/jdk.internal.reflect.DirectMethodHandleAccessor.invoke(DirectMethodHandleAccessor.java:103) ~[na:na]
	at java.base/java.lang.reflect.Method.invoke(Method.java:580) ~[na:na]
	at org.springframework.aop.support.AopUtils.invokeJoinpointUsingReflection(AopUtils.java:351) ~[spring-aop-6.1.4.jar:6.1.4]
	at org.springframework.aop.framework.CglibAopProxy$DynamicAdvisedInterceptor.intercept(CglibAopProxy.java:713) ~[spring-aop-6.1.4.jar:6.1.4]
	at com.ecommerce.product_service.service.ProductServiceImpl$$SpringCGLIB$$0.getAllProducts(<generated>) ~[classes/:na]
	at com.ecommerce.product_service.controller.ProductControllerImpl.getAllProducts(ProductControllerImpl.java:43) ~[classes/:na]
	at java.base/jdk.internal.reflect.DirectMethodHandleAccessor.invoke(DirectMethodHandleAccessor.java:103) ~[na:na]
	at java.base/java.lang.reflect.Method.invoke(Method.java:580) ~[na:na]
	at org.springframework.web.method.support.InvocableHandlerMethod.doInvoke(InvocableHandlerMethod.java:259) ~[spring-web-6.1.4.jar:6.1.4]
	at org.springframework.web.method.support.InvocableHandlerMethod.invokeForRequest(InvocableHandlerMethod.java:192) ~[spring-web-6.1.4.jar:6.1.4]
	at org.springframework.web.servlet.mvc.method.annotation.ServletInvocableHandlerMethod.invokeAndHandle(ServletInvocableHandlerMethod.java:118) ~[spring-webmvc-6.1.4.jar:6.1.4]
	at org.springframework.web.servlet.mvc.method.annotation.RequestMappingHandlerAdapter.invokeHandlerMethod(RequestMappingHandlerAdapter.java:920) ~[spring-webmvc-6.1.4.jar:6.1.4]
	at org.springframework.web.servlet.mvc.method.annotation.RequestMappingHandlerAdapter.handleInternal(RequestMappingHandlerAdapter.java:830) ~[spring-webmvc-6.1.4.jar:6.1.4]
	at org.springframework.web.servlet.mvc.method.AbstractHandlerMethodAdapter.handle(AbstractHandlerMethodAdapter.java:87) ~[spring-webmvc-6.1.4.jar:6.1.4]
	at org.springframework.web.servlet.DispatcherServlet.doDispatch(DispatcherServlet.java:1089) ~[spring-webmvc-6.1.4.jar:6.1.4]
	at org.springframework.web.servlet.DispatcherServlet.doService(DispatcherServlet.java:979) ~[spring-webmvc-6.1.4.jar:6.1.4]
	at org.springframework.web.servlet.FrameworkServlet.processRequest(FrameworkServlet.java:1014) ~[spring-webmvc-6.1.4.jar:6.1.4]
	at org.springframework.web.servlet.FrameworkServlet.doGet(FrameworkServlet.java:903) ~[spring-webmvc-6.1.4.jar:6.1.4]
	at jakarta.servlet.http.HttpServlet.service(HttpServlet.java:564) ~[tomcat-embed-core-10.1.19.jar:6.0]
	at org.springframework.web.servlet.FrameworkServlet.service(FrameworkServlet.java:885) ~[spring-webmvc-6.1.4.jar:6.1.4]
	at jakarta.servlet.http.HttpServlet.service(HttpServlet.java:658) ~[tomcat-embed-core-10.1.19.jar:6.0]
	at org.apache.catalina.core.ApplicationFilterChain.internalDoFilter(ApplicationFilterChain.java:205) ~[tomcat-embed-core-10.1.19.jar:10.1.19]
	at org.apache.catalina.core.ApplicationFilterChain.doFilter(ApplicationFilterChain.java:149) ~[tomcat-embed-core-10.1.19.jar:10.1.19]
	at org.apache.tomcat.websocket.server.WsFilter.doFilter(WsFilter.java:51) ~[tomcat-embed-websocket-10.1.19.jar:10.1.19]
	at org.apache.catalina.core.ApplicationFilterChain.internalDoFilter(ApplicationFilterChain.java:174) ~[tomcat-embed-core-10.1.19.jar:10.1.19]
	at org.apache.catalina.core.ApplicationFilterChain.doFilter(ApplicationFilterChain.java:149) ~[tomcat-embed-core-10.1.19.jar:10.1.19]
	at org.springframework.web.filter.OncePerRequestFilter.doFilter(OncePerRequestFilter.java:110) ~[spring-web-6.1.4.jar:6.1.4]
	at org.apache.catalina.core.ApplicationFilterChain.internalDoFilter(ApplicationFilterChain.java:174) ~[tomcat-embed-core-10.1.19.jar:10.1.19]
	at org.apache.catalina.core.ApplicationFilterChain.doFilter(ApplicationFilterChain.java:149) ~[tomcat-embed-core-10.1.19.jar:10.1.19]
	at org.springframework.web.filter.CompositeFilter$VirtualFilterChain.doFilter(CompositeFilter.java:108) ~[spring-web-6.1.4.jar:6.1.4]
	at org.springframework.security.web.FilterChainProxy.lambda$doFilterInternal$3(FilterChainProxy.java:231) ~[spring-security-web-6.2.2.jar:6.2.2]
	at org.springframework.security.web.ObservationFilterChainDecorator$FilterObservation$SimpleFilterObservation.lambda$wrap$1(ObservationFilterChainDecorator.java:479) ~[spring-security-web-6.2.2.jar:6.2.2]
	at org.springframework.security.web.ObservationFilterChainDecorator$AroundFilterObservation$SimpleAroundFilterObservation.lambda$wrap$1(ObservationFilterChainDecorator.java:340) ~[spring-security-web-6.2.2.jar:6.2.2]
	at org.springframework.security.web.ObservationFilterChainDecorator.lambda$wrapSecured$0(ObservationFilterChainDecorator.java:82) ~[spring-security-web-6.2.2.jar:6.2.2]
	at org.springframework.security.web.ObservationFilterChainDecorator$VirtualFilterChain.doFilter(ObservationFilterChainDecorator.java:128) ~[spring-security-web-6.2.2.jar:6.2.2]
	at org.springframework.security.web.access.intercept.AuthorizationFilter.doFilter(AuthorizationFilter.java:100) ~[spring-security-web-6.2.2.jar:6.2.2]
	at org.springframework.security.web.ObservationFilterChainDecorator$ObservationFilter.wrapFilter(ObservationFilterChainDecorator.java:240) ~[spring-security-web-6.2.2.jar:6.2.2]
	at org.springframework.security.web.ObservationFilterChainDecorator$ObservationFilter.doFilter(ObservationFilterChainDecorator.java:227) ~[spring-security-web-6.2.2.jar:6.2.2]
	at org.springframework.security.web.ObservationFilterChainDecorator$VirtualFilterChain.doFilter(ObservationFilterChainDecorator.java:137) ~[spring-security-web-6.2.2.jar:6.2.2]
	at org.springframework.security.web.access.ExceptionTranslationFilter.doFilter(ExceptionTranslationFilter.java:126) ~[spring-security-web-6.2.2.jar:6.2.2]
	at org.springframework.security.web.access.ExceptionTranslationFilter.doFilter(ExceptionTranslationFilter.java:120) ~[spring-security-web-6.2.2.jar:6.2.2]
	at org.springframework.security.web.ObservationFilterChainDecorator$ObservationFilter.wrapFilter(ObservationFilterChainDecorator.java:240) ~[spring-security-web-6.2.2.jar:6.2.2]
	at org.springframework.security.web.ObservationFilterChainDecorator$ObservationFilter.doFilter(ObservationFilterChainDecorator.java:227) ~[spring-security-web-6.2.2.jar:6.2.2]
	at org.springframework.security.web.ObservationFilterChainDecorator$VirtualFilterChain.doFilter(ObservationFilterChainDecorator.java:137) ~[spring-security-web-6.2.2.jar:6.2.2]
	at org.springframework.security.web.session.SessionManagementFilter.doFilter(SessionManagementFilter.java:131) ~[spring-security-web-6.2.2.jar:6.2.2]
	at org.springframework.security.web.session.SessionManagementFilter.doFilter(SessionManagementFilter.java:85) ~[spring-security-web-6.2.2.jar:6.2.2]
	at org.springframework.security.web.ObservationFilterChainDecorator$ObservationFilter.wrapFilter(ObservationFilterChainDecorator.java:240) ~[spring-security-web-6.2.2.jar:6.2.2]
	at org.springframework.security.web.ObservationFilterChainDecorator$ObservationFilter.doFilter(ObservationFilterChainDecorator.java:227) ~[spring-security-web-6.2.2.jar:6.2.2]
	at org.springframework.security.web.ObservationFilterChainDecorator$VirtualFilterChain.doFilter(ObservationFilterChainDecorator.java:137) ~[spring-security-web-6.2.2.jar:6.2.2]
	at org.springframework.security.web.authentication.AnonymousAuthenticationFilter.doFilter(AnonymousAuthenticationFilter.java:100) ~[spring-security-web-6.2.2.jar:6.2.2]
	at org.springframework.security.web.ObservationFilterChainDecorator$ObservationFilter.wrapFilter(ObservationFilterChainDecorator.java:240) ~[spring-security-web-6.2.2.jar:6.2.2]
	at org.springframework.security.web.ObservationFilterChainDecorator$ObservationFilter.doFilter(ObservationFilterChainDecorator.java:227) ~[spring-security-web-6.2.2.jar:6.2.2]
	at org.springframework.security.web.ObservationFilterChainDecorator$VirtualFilterChain.doFilter(ObservationFilterChainDecorator.java:137) ~[spring-security-web-6.2.2.jar:6.2.2]
	at org.springframework.security.web.servletapi.SecurityContextHolderAwareRequestFilter.doFilter(SecurityContextHolderAwareRequestFilter.java:179) ~[spring-security-web-6.2.2.jar:6.2.2]
	at org.springframework.security.web.ObservationFilterChainDecorator$ObservationFilter.wrapFilter(ObservationFilterChainDecorator.java:240) ~[spring-security-web-6.2.2.jar:6.2.2]
	at org.springframework.security.web.ObservationFilterChainDecorator$ObservationFilter.doFilter(ObservationFilterChainDecorator.java:227) ~[spring-security-web-6.2.2.jar:6.2.2]
	at org.springframework.security.web.ObservationFilterChainDecorator$VirtualFilterChain.doFilter(ObservationFilterChainDecorator.java:137) ~[spring-security-web-6.2.2.jar:6.2.2]
	at org.springframework.security.web.savedrequest.RequestCacheAwareFilter.doFilter(RequestCacheAwareFilter.java:63) ~[spring-security-web-6.2.2.jar:6.2.2]
	at org.springframework.security.web.ObservationFilterChainDecorator$ObservationFilter.wrapFilter(ObservationFilterChainDecorator.java:240) ~[spring-security-web-6.2.2.jar:6.2.2]
	at org.springframework.security.web.ObservationFilterChainDecorator$ObservationFilter.doFilter(ObservationFilterChainDecorator.java:227) ~[spring-security-web-6.2.2.jar:6.2.2]
	at org.springframework.security.web.ObservationFilterChainDecorator$VirtualFilterChain.doFilter(ObservationFilterChainDecorator.java:137) ~[spring-security-web-6.2.2.jar:6.2.2]
	at com.ecommerce.product_service.security.JwtAuthenticationFilter.doFilterInternal(JwtAuthenticationFilter.java:67) ~[classes/:na]
	at org.springframework.web.filter.OncePerRequestFilter.doFilter(OncePerRequestFilter.java:116) ~[spring-web-6.1.4.jar:6.1.4]
	at org.springframework.security.web.ObservationFilterChainDecorator$ObservationFilter.wrapFilter(ObservationFilterChainDecorator.java:240) ~[spring-security-web-6.2.2.jar:6.2.2]
	at org.springframework.security.web.ObservationFilterChainDecorator$ObservationFilter.doFilter(ObservationFilterChainDecorator.java:227) ~[spring-security-web-6.2.2.jar:6.2.2]
	at org.springframework.security.web.ObservationFilterChainDecorator$VirtualFilterChain.doFilter(ObservationFilterChainDecorator.java:137) ~[spring-security-web-6.2.2.jar:6.2.2]
	at org.springframework.security.web.authentication.logout.LogoutFilter.doFilter(LogoutFilter.java:107) ~[spring-security-web-6.2.2.jar:6.2.2]
	at org.springframework.security.web.authentication.logout.LogoutFilter.doFilter(LogoutFilter.java:93) ~[spring-security-web-6.2.2.jar:6.2.2]
	at org.springframework.security.web.ObservationFilterChainDecorator$ObservationFilter.wrapFilter(ObservationFilterChainDecorator.java:240) ~[spring-security-web-6.2.2.jar:6.2.2]
	at org.springframework.security.web.ObservationFilterChainDecorator$ObservationFilter.doFilter(ObservationFilterChainDecorator.java:227) ~[spring-security-web-6.2.2.jar:6.2.2]
	at org.springframework.security.web.ObservationFilterChainDecorator$VirtualFilterChain.doFilter(ObservationFilterChainDecorator.java:137) ~[spring-security-web-6.2.2.jar:6.2.2]
	at org.springframework.web.filter.CorsFilter.doFilterInternal(CorsFilter.java:91) ~[spring-web-6.1.4.jar:6.1.4]
	at org.springframework.web.filter.OncePerRequestFilter.doFilter(OncePerRequestFilter.java:116) ~[spring-web-6.1.4.jar:6.1.4]
	at org.springframework.security.web.ObservationFilterChainDecorator$ObservationFilter.wrapFilter(ObservationFilterChainDecorator.java:240) ~[spring-security-web-6.2.2.jar:6.2.2]
	at org.springframework.security.web.ObservationFilterChainDecorator$ObservationFilter.doFilter(ObservationFilterChainDecorator.java:227) ~[spring-security-web-6.2.2.jar:6.2.2]
	at org.springframework.security.web.ObservationFilterChainDecorator$VirtualFilterChain.doFilter(ObservationFilterChainDecorator.java:137) ~[spring-security-web-6.2.2.jar:6.2.2]
	at org.springframework.security.web.header.HeaderWriterFilter.doHeadersAfter(HeaderWriterFilter.java:90) ~[spring-security-web-6.2.2.jar:6.2.2]
	at org.springframework.security.web.header.HeaderWriterFilter.doFilterInternal(HeaderWriterFilter.java:75) ~[spring-security-web-6.2.2.jar:6.2.2]
	at org.springframework.web.filter.OncePerRequestFilter.doFilter(OncePerRequestFilter.java:116) ~[spring-web-6.1.4.jar:6.1.4]
	at org.springframework.security.web.ObservationFilterChainDecorator$ObservationFilter.wrapFilter(ObservationFilterChainDecorator.java:240) ~[spring-security-web-6.2.2.jar:6.2.2]
	at org.springframework.security.web.ObservationFilterChainDecorator$ObservationFilter.doFilter(ObservationFilterChainDecorator.java:227) ~[spring-security-web-6.2.2.jar:6.2.2]
	at org.springframework.security.web.ObservationFilterChainDecorator$VirtualFilterChain.doFilter(ObservationFilterChainDecorator.java:137) ~[spring-security-web-6.2.2.jar:6.2.2]
	at org.springframework.security.web.context.SecurityContextHolderFilter.doFilter(SecurityContextHolderFilter.java:82) ~[spring-security-web-6.2.2.jar:6.2.2]
	at org.springframework.security.web.context.SecurityContextHolderFilter.doFilter(SecurityContextHolderFilter.java:69) ~[spring-security-web-6.2.2.jar:6.2.2]
	at org.springframework.security.web.ObservationFilterChainDecorator$ObservationFilter.wrapFilter(ObservationFilterChainDecorator.java:240) ~[spring-security-web-6.2.2.jar:6.2.2]
	at org.springframework.security.web.ObservationFilterChainDecorator$ObservationFilter.doFilter(ObservationFilterChainDecorator.java:227) ~[spring-security-web-6.2.2.jar:6.2.2]
	at org.springframework.security.web.ObservationFilterChainDecorator$VirtualFilterChain.doFilter(ObservationFilterChainDecorator.java:137) ~[spring-security-web-6.2.2.jar:6.2.2]
	at org.springframework.security.web.context.request.async.WebAsyncManagerIntegrationFilter.doFilterInternal(WebAsyncManagerIntegrationFilter.java:62) ~[spring-security-web-6.2.2.jar:6.2.2]
	at org.springframework.web.filter.OncePerRequestFilter.doFilter(OncePerRequestFilter.java:116) ~[spring-web-6.1.4.jar:6.1.4]
	at org.springframework.security.web.ObservationFilterChainDecorator$ObservationFilter.wrapFilter(ObservationFilterChainDecorator.java:240) ~[spring-security-web-6.2.2.jar:6.2.2]
	at org.springframework.security.web.ObservationFilterChainDecorator$ObservationFilter.doFilter(ObservationFilterChainDecorator.java:227) ~[spring-security-web-6.2.2.jar:6.2.2]
	at org.springframework.security.web.ObservationFilterChainDecorator$VirtualFilterChain.doFilter(ObservationFilterChainDecorator.java:137) ~[spring-security-web-6.2.2.jar:6.2.2]
	at org.springframework.security.web.session.DisableEncodeUrlFilter.doFilterInternal(DisableEncodeUrlFilter.java:42) ~[spring-security-web-6.2.2.jar:6.2.2]
	at org.springframework.web.filter.OncePerRequestFilter.doFilter(OncePerRequestFilter.java:116) ~[spring-web-6.1.4.jar:6.1.4]
	at org.springframework.security.web.ObservationFilterChainDecorator$ObservationFilter.wrapFilter(ObservationFilterChainDecorator.java:240) ~[spring-security-web-6.2.2.jar:6.2.2]
	at org.springframework.security.web.ObservationFilterChainDecorator$AroundFilterObservation$SimpleAroundFilterObservation.lambda$wrap$0(ObservationFilterChainDecorator.java:323) ~[spring-security-web-6.2.2.jar:6.2.2]
	at org.springframework.security.web.ObservationFilterChainDecorator$ObservationFilter.doFilter(ObservationFilterChainDecorator.java:224) ~[spring-security-web-6.2.2.jar:6.2.2]
	at org.springframework.security.web.ObservationFilterChainDecorator$VirtualFilterChain.doFilter(ObservationFilterChainDecorator.java:137) ~[spring-security-web-6.2.2.jar:6.2.2]
	at org.springframework.security.web.FilterChainProxy.doFilterInternal(FilterChainProxy.java:233) ~[spring-security-web-6.2.2.jar:6.2.2]
	at org.springframework.security.web.FilterChainProxy.doFilter(FilterChainProxy.java:191) ~[spring-security-web-6.2.2.jar:6.2.2]
	at org.springframework.web.filter.CompositeFilter$VirtualFilterChain.doFilter(CompositeFilter.java:113) ~[spring-web-6.1.4.jar:6.1.4]
	at org.springframework.web.servlet.handler.HandlerMappingIntrospector.lambda$createCacheFilter$3(HandlerMappingIntrospector.java:195) ~[spring-webmvc-6.1.4.jar:6.1.4]
	at org.springframework.web.filter.CompositeFilter$VirtualFilterChain.doFilter(CompositeFilter.java:113) ~[spring-web-6.1.4.jar:6.1.4]
	at org.springframework.web.filter.CompositeFilter.doFilter(CompositeFilter.java:74) ~[spring-web-6.1.4.jar:6.1.4]
	at org.springframework.security.config.annotation.web.configuration.WebMvcSecurityConfiguration$CompositeFilterChainProxy.doFilter(WebMvcSecurityConfiguration.java:230) ~[spring-security-config-6.2.2.jar:6.2.2]
	at org.springframework.web.filter.DelegatingFilterProxy.invokeDelegate(DelegatingFilterProxy.java:352) ~[spring-web-6.1.4.jar:6.1.4]
	at org.springframework.web.filter.DelegatingFilterProxy.doFilter(DelegatingFilterProxy.java:268) ~[spring-web-6.1.4.jar:6.1.4]
	at org.apache.catalina.core.ApplicationFilterChain.internalDoFilter(ApplicationFilterChain.java:174) ~[tomcat-embed-core-10.1.19.jar:10.1.19]
	at org.apache.catalina.core.ApplicationFilterChain.doFilter(ApplicationFilterChain.java:149) ~[tomcat-embed-core-10.1.19.jar:10.1.19]
	at org.springframework.web.filter.RequestContextFilter.doFilterInternal(RequestContextFilter.java:100) ~[spring-web-6.1.4.jar:6.1.4]
	at org.springframework.web.filter.OncePerRequestFilter.doFilter(OncePerRequestFilter.java:116) ~[spring-web-6.1.4.jar:6.1.4]
	at org.apache.catalina.core.ApplicationFilterChain.internalDoFilter(ApplicationFilterChain.java:174) ~[tomcat-embed-core-10.1.19.jar:10.1.19]
	at org.apache.catalina.core.ApplicationFilterChain.doFilter(ApplicationFilterChain.java:149) ~[tomcat-embed-core-10.1.19.jar:10.1.19]
	at org.springframework.web.filter.FormContentFilter.doFilterInternal(FormContentFilter.java:93) ~[spring-web-6.1.4.jar:6.1.4]
	at org.springframework.web.filter.OncePerRequestFilter.doFilter(OncePerRequestFilter.java:116) ~[spring-web-6.1.4.jar:6.1.4]
	at org.apache.catalina.core.ApplicationFilterChain.internalDoFilter(ApplicationFilterChain.java:174) ~[tomcat-embed-core-10.1.19.jar:10.1.19]
	at org.apache.catalina.core.ApplicationFilterChain.doFilter(ApplicationFilterChain.java:149) ~[tomcat-embed-core-10.1.19.jar:10.1.19]
	at org.springframework.web.filter.ServerHttpObservationFilter.doFilterInternal(ServerHttpObservationFilter.java:109) ~[spring-web-6.1.4.jar:6.1.4]
	at org.springframework.web.filter.OncePerRequestFilter.doFilter(OncePerRequestFilter.java:116) ~[spring-web-6.1.4.jar:6.1.4]
	at org.apache.catalina.core.ApplicationFilterChain.internalDoFilter(ApplicationFilterChain.java:174) ~[tomcat-embed-core-10.1.19.jar:10.1.19]
	at org.apache.catalina.core.ApplicationFilterChain.doFilter(ApplicationFilterChain.java:149) ~[tomcat-embed-core-10.1.19.jar:10.1.19]
	at org.springframework.web.filter.CharacterEncodingFilter.doFilterInternal(CharacterEncodingFilter.java:201) ~[spring-web-6.1.4.jar:6.1.4]
	at org.springframework.web.filter.OncePerRequestFilter.doFilter(OncePerRequestFilter.java:116) ~[spring-web-6.1.4.jar:6.1.4]
	at org.apache.catalina.core.ApplicationFilterChain.internalDoFilter(ApplicationFilterChain.java:174) ~[tomcat-embed-core-10.1.19.jar:10.1.19]
	at org.apache.catalina.core.ApplicationFilterChain.doFilter(ApplicationFilterChain.java:149) ~[tomcat-embed-core-10.1.19.jar:10.1.19]
	at org.apache.catalina.core.StandardWrapperValve.invoke(StandardWrapperValve.java:167) ~[tomcat-embed-core-10.1.19.jar:10.1.19]
	at org.apache.catalina.core.StandardContextValve.invoke(StandardContextValve.java:90) ~[tomcat-embed-core-10.1.19.jar:10.1.19]
	at org.apache.catalina.authenticator.AuthenticatorBase.invoke(AuthenticatorBase.java:482) ~[tomcat-embed-core-10.1.19.jar:10.1.19]
	at org.apache.catalina.core.StandardHostValve.invoke(StandardHostValve.java:115) ~[tomcat-embed-core-10.1.19.jar:10.1.19]
	at org.apache.catalina.valves.ErrorReportValve.invoke(ErrorReportValve.java:93) ~[tomcat-embed-core-10.1.19.jar:10.1.19]
	at org.apache.catalina.core.StandardEngineValve.invoke(StandardEngineValve.java:74) ~[tomcat-embed-core-10.1.19.jar:10.1.19]
	at org.apache.catalina.connector.CoyoteAdapter.service(CoyoteAdapter.java:344) ~[tomcat-embed-core-10.1.19.jar:10.1.19]
	at org.apache.coyote.http11.Http11Processor.service(Http11Processor.java:391) ~[tomcat-embed-core-10.1.19.jar:10.1.19]
	at org.apache.coyote.AbstractProcessorLight.process(AbstractProcessorLight.java:63) ~[tomcat-embed-core-10.1.19.jar:10.1.19]
	at org.apache.coyote.AbstractProtocol$ConnectionHandler.process(AbstractProtocol.java:896) ~[tomcat-embed-core-10.1.19.jar:10.1.19]
	at org.apache.tomcat.util.net.NioEndpoint$SocketProcessor.doRun(NioEndpoint.java:1744) ~[tomcat-embed-core-10.1.19.jar:10.1.19]
	at org.apache.tomcat.util.net.SocketProcessorBase.run(SocketProcessorBase.java:52) ~[tomcat-embed-core-10.1.19.jar:10.1.19]
	at org.apache.tomcat.util.threads.ThreadPoolExecutor.runWorker(ThreadPoolExecutor.java:1191) ~[tomcat-embed-core-10.1.19.jar:10.1.19]
	at org.apache.tomcat.util.threads.ThreadPoolExecutor$Worker.run(ThreadPoolExecutor.java:659) ~[tomcat-embed-core-10.1.19.jar:10.1.19]
	at org.apache.tomcat.util.threads.TaskThread$WrappingRunnable.run(TaskThread.java:63) ~[tomcat-embed-core-10.1.19.jar:10.1.19]
	at java.base/java.lang.Thread.run(Thread.java:1583) ~[na:na]

2026-03-14T23:18:32.967+05:30  INFO 25476 --- [product-service] [SpringApplicationShutdownHook] j.LocalContainerEntityManagerFactoryBean : Closing JPA EntityManagerFactory for persistence unit 'default'
2026-03-14T23:18:33.050+05:30  INFO 25476 --- [product-service] [SpringApplicationShutdownHook] com.zaxxer.hikari.HikariDataSource       : ProductServicePool - Shutdown initiated...
2026-03-14T23:18:33.147+05:30  INFO 25476 --- [product-service] [SpringApplicationShutdownHook] com.zaxxer.hikari.HikariDataSource       : ProductServicePool - Shutdown completed.
2026-03-14T23:18:42.838+05:30  INFO 16296 --- [product-service] [main] c.e.p.ProductServiceApplication          : Starting ProductServiceApplication using Java 21.0.2 with PID 16296 (F:\Ecommerce Production Level Application\product-service\target\classes started by nanda royality in F:\Ecommerce Production Level Application\user-service)
2026-03-14T23:18:42.840+05:30 DEBUG 16296 --- [product-service] [main] c.e.p.ProductServiceApplication          : Running with Spring Boot v3.2.3, Spring v6.1.4
2026-03-14T23:18:42.840+05:30  INFO 16296 --- [product-service] [main] c.e.p.ProductServiceApplication          : No active profile set, falling back to 1 default profile: "default"
2026-03-14T23:18:45.292+05:30  INFO 16296 --- [product-service] [main] .s.d.r.c.RepositoryConfigurationDelegate : Multiple Spring Data modules found, entering strict repository configuration mode
2026-03-14T23:18:45.294+05:30  INFO 16296 --- [product-service] [main] .s.d.r.c.RepositoryConfigurationDelegate : Bootstrapping Spring Data JPA repositories in DEFAULT mode.
2026-03-14T23:18:45.523+05:30  INFO 16296 --- [product-service] [main] .s.d.r.c.RepositoryConfigurationDelegate : Finished Spring Data repository scanning in 216 ms. Found 5 JPA repository interfaces.
2026-03-14T23:18:45.868+05:30  INFO 16296 --- [product-service] [main] o.s.cloud.context.scope.GenericScope     : BeanFactory id=53a89b90-b998-346a-b126-5c5a932464bc
2026-03-14T23:18:46.953+05:30  INFO 16296 --- [product-service] [main] o.s.b.w.embedded.tomcat.TomcatWebServer  : Tomcat initialized with port 8082 (http)
2026-03-14T23:18:46.984+05:30  INFO 16296 --- [product-service] [main] o.apache.catalina.core.StandardService   : Starting service [Tomcat]
2026-03-14T23:18:46.985+05:30  INFO 16296 --- [product-service] [main] o.apache.catalina.core.StandardEngine    : Starting Servlet engine: [Apache Tomcat/10.1.19]
2026-03-14T23:18:47.127+05:30  INFO 16296 --- [product-service] [main] o.a.c.c.C.[Tomcat].[localhost].[/]       : Initializing Spring embedded WebApplicationContext
2026-03-14T23:18:47.128+05:30  INFO 16296 --- [product-service] [main] w.s.c.ServletWebServerApplicationContext : Root WebApplicationContext: initialization completed in 4196 ms
2026-03-14T23:18:47.492+05:30 DEBUG 16296 --- [product-service] [main] c.e.p.security.JwtAuthenticationFilter   : Filter 'jwtAuthenticationFilter' configured for use
2026-03-14T23:18:47.615+05:30  INFO 16296 --- [product-service] [main] com.zaxxer.hikari.HikariDataSource       : ProductServicePool - Starting...
2026-03-14T23:18:47.898+05:30  INFO 16296 --- [product-service] [main] com.zaxxer.hikari.pool.HikariPool        : ProductServicePool - Added connection com.mysql.cj.jdbc.ConnectionImpl@649009d6
2026-03-14T23:18:47.901+05:30  INFO 16296 --- [product-service] [main] com.zaxxer.hikari.HikariDataSource       : ProductServicePool - Start completed.
2026-03-14T23:18:48.039+05:30  INFO 16296 --- [product-service] [main] o.f.c.internal.license.VersionPrinter    : Flyway Community Edition 9.22.3 by Redgate
2026-03-14T23:18:48.040+05:30  INFO 16296 --- [product-service] [main] o.f.c.internal.license.VersionPrinter    : See release notes here: https://rd.gt/416ObMi
2026-03-14T23:18:48.040+05:30  INFO 16296 --- [product-service] [main] o.f.c.internal.license.VersionPrinter    : 
2026-03-14T23:18:48.134+05:30  INFO 16296 --- [product-service] [main] org.flywaydb.core.FlywayExecutor         : Database: jdbc:mysql://localhost:3306/product_db (MySQL 8.0)
2026-03-14T23:18:48.286+05:30  INFO 16296 --- [product-service] [main] o.f.core.internal.command.DbValidate     : Successfully validated 0 migrations (execution time 00:00.077s)
2026-03-14T23:18:48.287+05:30  WARN 16296 --- [product-service] [main] o.f.core.internal.command.DbValidate     : No migrations found. Are your locations set up correctly?
2026-03-14T23:18:48.304+05:30  INFO 16296 --- [product-service] [main] o.f.core.internal.command.DbMigrate      : Current version of schema `product_db`: << Empty Schema >>
2026-03-14T23:18:48.310+05:30  INFO 16296 --- [product-service] [main] o.f.core.internal.command.DbMigrate      : Schema `product_db` is up to date. No migration necessary.
2026-03-14T23:18:48.463+05:30  INFO 16296 --- [product-service] [main] o.hibernate.jpa.internal.util.LogHelper  : HHH000204: Processing PersistenceUnitInfo [name: default]
2026-03-14T23:18:48.573+05:30  INFO 16296 --- [product-service] [main] org.hibernate.Version                    : HHH000412: Hibernate ORM core version 6.4.4.Final
2026-03-14T23:18:48.634+05:30  INFO 16296 --- [product-service] [main] o.h.c.internal.RegionFactoryInitiator    : HHH000026: Second-level cache disabled
2026-03-14T23:18:48.944+05:30  INFO 16296 --- [product-service] [main] o.s.o.j.p.SpringPersistenceUnitInfo      : No LoadTimeWeaver setup: ignoring JPA class transformer
2026-03-14T23:18:49.059+05:30  WARN 16296 --- [product-service] [main] org.hibernate.orm.deprecation            : HHH90000025: MySQLDialect does not need to be specified explicitly using 'hibernate.dialect' (remove the property setting and it will be selected by default)
2026-03-14T23:18:50.252+05:30  INFO 16296 --- [product-service] [main] o.h.e.t.j.p.i.JtaPlatformInitiator       : HHH000489: No JTA platform available (set 'hibernate.transaction.jta.platform' to enable JTA platform integration)
2026-03-14T23:18:50.404+05:30  INFO 16296 --- [product-service] [main] j.LocalContainerEntityManagerFactoryBean : Initialized JPA EntityManagerFactory for persistence unit 'default'
2026-03-14T23:18:52.670+05:30  INFO 16296 --- [product-service] [main] o.s.d.j.r.query.QueryEnhancerFactory     : Hibernate is in classpath; If applicable, HQL parser will be used.
2026-03-14T23:18:55.883+05:30  WARN 16296 --- [product-service] [main] .s.s.UserDetailsServiceAutoConfiguration : 

Using generated security password: 7efcaf6d-bd83-4466-8c2f-cf738c967a03

This generated password is for development use only. Your security configuration must be updated before running your application in production.

2026-03-14T23:18:57.030+05:30  INFO 16296 --- [product-service] [main] o.s.b.a.e.web.EndpointLinksResolver      : Exposing 1 endpoint(s) beneath base path '/actuator'
2026-03-14T23:18:57.222+05:30  INFO 16296 --- [product-service] [main] o.s.s.web.DefaultSecurityFilterChain     : Will secure any request with [org.springframework.security.web.session.DisableEncodeUrlFilter@70d259a5, org.springframework.security.web.context.request.async.WebAsyncManagerIntegrationFilter@cf39749, org.springframework.security.web.context.SecurityContextHolderFilter@6e5e36ab, org.springframework.security.web.header.HeaderWriterFilter@598138b, org.springframework.web.filter.CorsFilter@1345d18f, org.springframework.security.web.authentication.logout.LogoutFilter@35067738, com.ecommerce.product_service.security.JwtAuthenticationFilter@74a5bef0, org.springframework.security.web.savedrequest.RequestCacheAwareFilter@60274863, org.springframework.security.web.servletapi.SecurityContextHolderAwareRequestFilter@7bf67f81, org.springframework.security.web.authentication.AnonymousAuthenticationFilter@74d56f47, org.springframework.security.web.session.SessionManagementFilter@5bf3298f, org.springframework.security.web.access.ExceptionTranslationFilter@11092844, org.springframework.security.web.access.intercept.AuthorizationFilter@5f519714]
2026-03-14T23:18:58.864+05:30  INFO 16296 --- [product-service] [main] o.a.k.clients.admin.AdminClientConfig    : AdminClientConfig values: 
	auto.include.jmx.reporter = true
	bootstrap.servers = [localhost:9092]
	client.dns.lookup = use_all_dns_ips
	client.id = 
	connections.max.idle.ms = 300000
	default.api.timeout.ms = 60000
	metadata.max.age.ms = 300000
	metric.reporters = []
	metrics.num.samples = 2
	metrics.recording.level = INFO
	metrics.sample.window.ms = 30000
	receive.buffer.bytes = 65536
	reconnect.backoff.max.ms = 1000
	reconnect.backoff.ms = 50
	request.timeout.ms = 30000
	retries = 2147483647
	retry.backoff.ms = 100
	sasl.client.callback.handler.class = null
	sasl.jaas.config = null
	sasl.kerberos.kinit.cmd = /usr/bin/kinit
	sasl.kerberos.min.time.before.relogin = 60000
	sasl.kerberos.service.name = null
	sasl.kerberos.ticket.renew.jitter = 0.05
	sasl.kerberos.ticket.renew.window.factor = 0.8
	sasl.login.callback.handler.class = null
	sasl.login.class = null
	sasl.login.connect.timeout.ms = null
	sasl.login.read.timeout.ms = null
	sasl.login.refresh.buffer.seconds = 300
	sasl.login.refresh.min.period.seconds = 60
	sasl.login.refresh.window.factor = 0.8
	sasl.login.refresh.window.jitter = 0.05
	sasl.login.retry.backoff.max.ms = 10000
	sasl.login.retry.backoff.ms = 100
	sasl.mechanism = GSSAPI
	sasl.oauthbearer.clock.skew.seconds = 30
	sasl.oauthbearer.expected.audience = null
	sasl.oauthbearer.expected.issuer = null
	sasl.oauthbearer.jwks.endpoint.refresh.ms = 3600000
	sasl.oauthbearer.jwks.endpoint.retry.backoff.max.ms = 10000
	sasl.oauthbearer.jwks.endpoint.retry.backoff.ms = 100
	sasl.oauthbearer.jwks.endpoint.url = null
	sasl.oauthbearer.scope.claim.name = scope
	sasl.oauthbearer.sub.claim.name = sub
	sasl.oauthbearer.token.endpoint.url = null
	security.protocol = PLAINTEXT
	security.providers = null
	send.buffer.bytes = 131072
	socket.connection.setup.timeout.max.ms = 30000
	socket.connection.setup.timeout.ms = 10000
	ssl.cipher.suites = null
	ssl.enabled.protocols = [TLSv1.2, TLSv1.3]
	ssl.endpoint.identification.algorithm = https
	ssl.engine.factory.class = null
	ssl.key.password = null
	ssl.keymanager.algorithm = SunX509
	ssl.keystore.certificate.chain = null
	ssl.keystore.key = null
	ssl.keystore.location = null
	ssl.keystore.password = null
	ssl.keystore.type = JKS
	ssl.protocol = TLSv1.3
	ssl.provider = null
	ssl.secure.random.implementation = null
	ssl.trustmanager.algorithm = PKIX
	ssl.truststore.certificates = null
	ssl.truststore.location = null
	ssl.truststore.password = null
	ssl.truststore.type = JKS

2026-03-14T23:18:59.198+05:30  INFO 16296 --- [product-service] [main] o.a.kafka.common.utils.AppInfoParser     : Kafka version: 3.6.1
2026-03-14T23:18:59.199+05:30  INFO 16296 --- [product-service] [main] o.a.kafka.common.utils.AppInfoParser     : Kafka commitId: 5e3c2b738d253ff5
2026-03-14T23:18:59.199+05:30  INFO 16296 --- [product-service] [main] o.a.kafka.common.utils.AppInfoParser     : Kafka startTimeMs: 1773510539194
2026-03-14T23:19:00.097+05:30  INFO 16296 --- [product-service] [kafka-admin-client-thread | adminclient-1] o.a.kafka.common.utils.AppInfoParser     : App info kafka.admin.client for adminclient-1 unregistered
2026-03-14T23:19:00.104+05:30  INFO 16296 --- [product-service] [kafka-admin-client-thread | adminclient-1] o.apache.kafka.common.metrics.Metrics    : Metrics scheduler closed
2026-03-14T23:19:00.105+05:30  INFO 16296 --- [product-service] [kafka-admin-client-thread | adminclient-1] o.apache.kafka.common.metrics.Metrics    : Closing reporter org.apache.kafka.common.metrics.JmxReporter
2026-03-14T23:19:00.105+05:30  INFO 16296 --- [product-service] [kafka-admin-client-thread | adminclient-1] o.apache.kafka.common.metrics.Metrics    : Metrics reporters closed
2026-03-14T23:19:00.152+05:30  INFO 16296 --- [product-service] [main] o.s.b.w.embedded.tomcat.TomcatWebServer  : Tomcat started on port 8082 (http) with context path ''
2026-03-14T23:19:00.187+05:30  INFO 16296 --- [product-service] [main] c.e.p.ProductServiceApplication          : Started ProductServiceApplication in 18.267 seconds (process running for 19.452)
2026-03-14T23:19:38.396+05:30  INFO 16296 --- [product-service] [http-nio-8082-exec-1] o.a.c.c.C.[Tomcat].[localhost].[/]       : Initializing Spring DispatcherServlet 'dispatcherServlet'
2026-03-14T23:19:38.397+05:30  INFO 16296 --- [product-service] [http-nio-8082-exec-1] o.s.web.servlet.DispatcherServlet        : Initializing Servlet 'dispatcherServlet'
2026-03-14T23:19:38.399+05:30  INFO 16296 --- [product-service] [http-nio-8082-exec-1] o.s.web.servlet.DispatcherServlet        : Completed initialization in 2 ms
2026-03-14T23:19:38.844+05:30  WARN 16296 --- [product-service] [http-nio-8082-exec-1] org.hibernate.orm.query                  : HHH90003004: firstResult/maxResults specified with collection fetch; applying in memory
2026-03-14T23:19:38.993+05:30 DEBUG 16296 --- [product-service] [http-nio-8082-exec-1] org.hibernate.SQL                        : 
    select
        distinct p1_0.id,
        p1_0.attributes,
        p1_0.average_rating,
        p1_0.brand_name,
        p1_0.category_id,
        c1_0.id,
        c1_0.created_at,
        c1_0.description,
        c1_0.display_order,
        c1_0.image_url,
        c1_0.is_active,
        c1_0.name,
        c1_0.parent_id,
        c1_0.slug,
        p1_0.compare_at_price,
        p1_0.cost_price,
        p1_0.created_at,
        p1_0.description,
        i1_0.product_id,
        i1_0.id,
        i1_0.alt_text,
        i1_0.display_order,
        i1_0.image_url,
        i1_0.is_primary,
        i2_0.id,
        i2_0.last_updated,
        i2_0.low_stock_threshold,
        i2_0.product_id,
        i2_0.quantity,
        i2_0.reserved_quantity,
        i2_0.warehouse_location,
        p1_0.name,
        p1_0.price,
        p1_0.review_count,
        p1_0.short_description,
        p1_0.sku,
        p1_0.sold_count,
        p1_0.status,
        p1_0.tags,
        p1_0.updated_at,
        p1_0.version,
        p1_0.view_count,
        p1_0.weight 
    from
        products p1_0 
    left join
        product_images i1_0 
            on p1_0.id=i1_0.product_id 
    left join
        inventories i2_0 
            on p1_0.id=i2_0.product_id 
    left join
        categories c1_0 
            on c1_0.id=p1_0.category_id 
    where
        p1_0.status=? 
    order by
        p1_0.created_at desc
2026-03-14T23:25:29.823+05:30  WARN 16296 --- [product-service] [http-nio-8082-exec-3] c.e.product_service.security.JwtUtil     : Invalid JWT token: JWT expired at 2026-03-14T17:50:18Z. Current time: 2026-03-14T17:55:29Z, a difference of 311807 milliseconds.  Allowed clock skew: 0 milliseconds.
2026-03-14T23:25:52.708+05:30 DEBUG 16296 --- [product-service] [http-nio-8082-exec-4] org.hibernate.SQL                        : 
    select
        count(*) 
    from
        products p1_0
2026-03-14T23:25:52.926+05:30 DEBUG 16296 --- [product-service] [http-nio-8082-exec-4] org.hibernate.SQL                        : 
    select
        p1_0.id,
        p1_0.attributes,
        p1_0.average_rating,
        p1_0.brand_name,
        p1_0.category_id,
        p1_0.compare_at_price,
        p1_0.cost_price,
        p1_0.created_at,
        p1_0.description,
        p1_0.name,
        p1_0.price,
        p1_0.review_count,
        p1_0.short_description,
        p1_0.sku,
        p1_0.sold_count,
        p1_0.status,
        p1_0.tags,
        p1_0.updated_at,
        p1_0.version,
        p1_0.view_count,
        p1_0.weight 
    from
        products p1_0 
    where
        p1_0.status=? 
    limit
        ?, ?
2026-03-14T23:25:52.942+05:30 DEBUG 16296 --- [product-service] [http-nio-8082-exec-4] org.hibernate.SQL                        : 
    select
        pi1_0.id,
        pi1_0.last_updated,
        pi1_0.low_stock_threshold,
        pi1_0.product_id,
        pi1_0.quantity,
        pi1_0.reserved_quantity,
        pi1_0.warehouse_location 
    from
        inventories pi1_0 
    where
        pi1_0.product_id=?
2026-03-14T23:25:52.949+05:30 DEBUG 16296 --- [product-service] [http-nio-8082-exec-4] org.hibernate.SQL                        : 
    select
        count(p1_0.id) 
    from
        products p1_0 
    where
        p1_0.status=?
2026-03-14T23:25:52.955+05:30 DEBUG 16296 --- [product-service] [http-nio-8082-exec-4] org.hibernate.SQL                        : 
    select
        p1_0.id,
        p1_0.attributes,
        p1_0.average_rating,
        p1_0.brand_name,
        p1_0.category_id,
        p1_0.compare_at_price,
        p1_0.cost_price,
        p1_0.created_at,
        p1_0.description,
        p1_0.name,
        p1_0.price,
        p1_0.review_count,
        p1_0.short_description,
        p1_0.sku,
        p1_0.sold_count,
        p1_0.status,
        p1_0.tags,
        p1_0.updated_at,
        p1_0.version,
        p1_0.view_count,
        p1_0.weight 
    from
        products p1_0 
    where
        p1_0.status=? 
    limit
        ?, ?
2026-03-14T23:25:52.957+05:30 DEBUG 16296 --- [product-service] [http-nio-8082-exec-4] org.hibernate.SQL                        : 
    select
        p1_0.id,
        p1_0.attributes,
        p1_0.average_rating,
        p1_0.brand_name,
        p1_0.category_id,
        p1_0.compare_at_price,
        p1_0.cost_price,
        p1_0.created_at,
        p1_0.description,
        p1_0.name,
        p1_0.price,
        p1_0.review_count,
        p1_0.short_description,
        p1_0.sku,
        p1_0.sold_count,
        p1_0.status,
        p1_0.tags,
        p1_0.updated_at,
        p1_0.version,
        p1_0.view_count,
        p1_0.weight 
    from
        products p1_0 
    where
        p1_0.status=? 
    limit
        ?, ?
2026-03-14T23:25:52.965+05:30 DEBUG 16296 --- [product-service] [http-nio-8082-exec-4] org.hibernate.SQL                        : 
    select
        pi1_0.id,
        pi1_0.last_updated,
        pi1_0.low_stock_threshold,
        pi1_0.product_id,
        pi1_0.quantity,
        pi1_0.reserved_quantity,
        pi1_0.warehouse_location 
    from
        inventories pi1_0
2026-03-14T23:25:52.974+05:30 DEBUG 16296 --- [product-service] [http-nio-8082-exec-4] org.hibernate.SQL                        : 
    select
        pi1_0.id,
        pi1_0.last_updated,
        pi1_0.low_stock_threshold,
        pi1_0.product_id,
        pi1_0.quantity,
        pi1_0.reserved_quantity,
        pi1_0.warehouse_location 
    from
        inventories pi1_0
2026-03-14T23:26:09.107+05:30 DEBUG 16296 --- [product-service] [http-nio-8082-exec-5] org.hibernate.SQL                        : 
    select
        p1_0.id,
        p1_0.attributes,
        p1_0.average_rating,
        p1_0.brand_name,
        p1_0.category_id,
        p1_0.compare_at_price,
        p1_0.cost_price,
        p1_0.created_at,
        p1_0.description,
        p1_0.name,
        p1_0.price,
        p1_0.review_count,
        p1_0.short_description,
        p1_0.sku,
        p1_0.sold_count,
        p1_0.status,
        p1_0.tags,
        p1_0.updated_at,
        p1_0.version,
        p1_0.view_count,
        p1_0.weight 
    from
        products p1_0 
    order by
        p1_0.created_at desc 
    limit
        ?, ?
2026-03-14T23:26:09.109+05:30 DEBUG 16296 --- [product-service] [http-nio-8082-exec-5] org.hibernate.SQL                        : 
    select
        pi1_0.id,
        pi1_0.last_updated,
        pi1_0.low_stock_threshold,
        pi1_0.product_id,
        pi1_0.quantity,
        pi1_0.reserved_quantity,
        pi1_0.warehouse_location 
    from
        inventories pi1_0 
    where
        pi1_0.product_id=?
2026-03-14T23:26:09.111+05:30 DEBUG 16296 --- [product-service] [http-nio-8082-exec-5] org.hibernate.SQL                        : 
    select
        pi1_0.id,
        pi1_0.last_updated,
        pi1_0.low_stock_threshold,
        pi1_0.product_id,
        pi1_0.quantity,
        pi1_0.reserved_quantity,
        pi1_0.warehouse_location 
    from
        inventories pi1_0 
    where
        pi1_0.product_id=?
2026-03-14T23:26:09.114+05:30 DEBUG 16296 --- [product-service] [http-nio-8082-exec-5] org.hibernate.SQL                        : 
    select
        pi1_0.id,
        pi1_0.last_updated,
        pi1_0.low_stock_threshold,
        pi1_0.product_id,
        pi1_0.quantity,
        pi1_0.reserved_quantity,
        pi1_0.warehouse_location 
    from
        inventories pi1_0 
    where
        pi1_0.product_id=?
2026-03-14T23:26:09.116+05:30 DEBUG 16296 --- [product-service] [http-nio-8082-exec-5] org.hibernate.SQL                        : 
    select
        pi1_0.id,
        pi1_0.last_updated,
        pi1_0.low_stock_threshold,
        pi1_0.product_id,
        pi1_0.quantity,
        pi1_0.reserved_quantity,
        pi1_0.warehouse_location 
    from
        inventories pi1_0 
    where
        pi1_0.product_id=?
2026-03-14T23:26:09.119+05:30 DEBUG 16296 --- [product-service] [http-nio-8082-exec-5] org.hibernate.SQL                        : 
    select
        pi1_0.id,
        pi1_0.last_updated,
        pi1_0.low_stock_threshold,
        pi1_0.product_id,
        pi1_0.quantity,
        pi1_0.reserved_quantity,
        pi1_0.warehouse_location 
    from
        inventories pi1_0 
    where
        pi1_0.product_id=?
2026-03-14T23:26:09.212+05:30 DEBUG 16296 --- [product-service] [http-nio-8082-exec-5] org.hibernate.SQL                        : 
    select
        i1_0.product_id,
        i1_0.id,
        i1_0.alt_text,
        i1_0.display_order,
        i1_0.image_url,
        i1_0.is_primary 
    from
        product_images i1_0 
    where
        i1_0.product_id=?
2026-03-14T23:26:09.225+05:30 DEBUG 16296 --- [product-service] [http-nio-8082-exec-5] org.hibernate.SQL                        : 
    select
        c1_0.id,
        c1_0.created_at,
        c1_0.description,
        c1_0.display_order,
        c1_0.image_url,
        c1_0.is_active,
        c1_0.name,
        c1_0.parent_id,
        c1_0.slug 
    from
        categories c1_0 
    where
        c1_0.id=?
2026-03-14T23:26:09.230+05:30 DEBUG 16296 --- [product-service] [http-nio-8082-exec-5] org.hibernate.SQL                        : 
    select
        i1_0.product_id,
        i1_0.id,
        i1_0.alt_text,
        i1_0.display_order,
        i1_0.image_url,
        i1_0.is_primary 
    from
        product_images i1_0 
    where
        i1_0.product_id=?
2026-03-14T23:26:09.232+05:30 DEBUG 16296 --- [product-service] [http-nio-8082-exec-5] org.hibernate.SQL                        : 
    select
        c1_0.id,
        c1_0.created_at,
        c1_0.description,
        c1_0.display_order,
        c1_0.image_url,
        c1_0.is_active,
        c1_0.name,
        c1_0.parent_id,
        c1_0.slug 
    from
        categories c1_0 
    where
        c1_0.id=?
2026-03-14T23:26:09.234+05:30 DEBUG 16296 --- [product-service] [http-nio-8082-exec-5] org.hibernate.SQL                        : 
    select
        i1_0.product_id,
        i1_0.id,
        i1_0.alt_text,
        i1_0.display_order,
        i1_0.image_url,
        i1_0.is_primary 
    from
        product_images i1_0 
    where
        i1_0.product_id=?
2026-03-14T23:26:09.236+05:30 DEBUG 16296 --- [product-service] [http-nio-8082-exec-5] org.hibernate.SQL                        : 
    select
        i1_0.product_id,
        i1_0.id,
        i1_0.alt_text,
        i1_0.display_order,
        i1_0.image_url,
        i1_0.is_primary 
    from
        product_images i1_0 
    where
        i1_0.product_id=?
2026-03-14T23:26:09.237+05:30 DEBUG 16296 --- [product-service] [http-nio-8082-exec-5] org.hibernate.SQL                        : 
    select
        i1_0.product_id,
        i1_0.id,
        i1_0.alt_text,
        i1_0.display_order,
        i1_0.image_url,
        i1_0.is_primary 
    from
        product_images i1_0 
    where
        i1_0.product_id=?
2026-03-14T23:26:09.238+05:30 DEBUG 16296 --- [product-service] [http-nio-8082-exec-5] org.hibernate.SQL                        : 
    select
        c1_0.id,
        c1_0.created_at,
        c1_0.description,
        c1_0.display_order,
        c1_0.image_url,
        c1_0.is_active,
        c1_0.name,
        c1_0.parent_id,
        c1_0.slug 
    from
        categories c1_0 
    where
        c1_0.id=?
