2026-03-22T12:17:24.060+05:30  INFO 9156 --- [product-service] [main] c.e.p.ProductServiceApplication          : Starting ProductServiceApplication using Java 21.0.2 with PID 9156 (F:\Ecommerce Production Level Application\product-service\target\classes started by nanda royality in F:\Ecommerce Production Level Application\user-service)
2026-03-22T12:17:24.063+05:30 DEBUG 9156 --- [product-service] [main] c.e.p.ProductServiceApplication          : Running with Spring Boot v3.2.3, Spring v6.1.4
2026-03-22T12:17:24.066+05:30  INFO 9156 --- [product-service] [main] c.e.p.ProductServiceApplication          : No active profile set, falling back to 1 default profile: "default"
2026-03-22T12:17:33.324+05:30  INFO 9156 --- [product-service] [main] .s.d.r.c.RepositoryConfigurationDelegate : Multiple Spring Data modules found, entering strict repository configuration mode
2026-03-22T12:17:33.326+05:30  INFO 9156 --- [product-service] [main] .s.d.r.c.RepositoryConfigurationDelegate : Bootstrapping Spring Data JPA repositories in DEFAULT mode.
2026-03-22T12:17:33.507+05:30  INFO 9156 --- [product-service] [main] .s.d.r.c.RepositoryConfigurationDelegate : Finished Spring Data repository scanning in 167 ms. Found 5 JPA repository interfaces.
2026-03-22T12:17:33.963+05:30  INFO 9156 --- [product-service] [main] o.s.cloud.context.scope.GenericScope     : BeanFactory id=d813ef7e-d178-3557-8b87-0fa4396fa45c
2026-03-22T12:17:34.540+05:30  WARN 9156 --- [product-service] [main] trationDelegate$BeanPostProcessorChecker : Bean 'org.springframework.cloud.client.loadbalancer.LoadBalancerAutoConfiguration$RetryInterceptorAutoConfiguration' of type [org.springframework.cloud.client.loadbalancer.LoadBalancerAutoConfiguration$RetryInterceptorAutoConfiguration] is not eligible for getting processed by all BeanPostProcessors (for example: not eligible for auto-proxying). The currently created BeanPostProcessor [lbRestClientPostProcessor] is declared through a non-static factory method on that class; consider declaring it as static instead.
2026-03-22T12:17:34.545+05:30  WARN 9156 --- [product-service] [main] trationDelegate$BeanPostProcessorChecker : Bean 'org.springframework.cloud.loadbalancer.config.BlockingLoadBalancerClientAutoConfiguration' of type [org.springframework.cloud.loadbalancer.config.BlockingLoadBalancerClientAutoConfiguration] is not eligible for getting processed by all BeanPostProcessors (for example: not eligible for auto-proxying). Is this bean getting eagerly injected into a currently created BeanPostProcessor [lbRestClientPostProcessor]? Check the corresponding BeanPostProcessor declaration and its dependencies.
2026-03-22T12:17:34.550+05:30  WARN 9156 --- [product-service] [main] trationDelegate$BeanPostProcessorChecker : Bean 'org.springframework.cloud.loadbalancer.config.LoadBalancerAutoConfiguration' of type [org.springframework.cloud.loadbalancer.config.LoadBalancerAutoConfiguration] is not eligible for getting processed by all BeanPostProcessors (for example: not eligible for auto-proxying). Is this bean getting eagerly injected into a currently created BeanPostProcessor [lbRestClientPostProcessor]? Check the corresponding BeanPostProcessor declaration and its dependencies.
2026-03-22T12:17:34.561+05:30  WARN 9156 --- [product-service] [main] trationDelegate$BeanPostProcessorChecker : Bean 'org.springframework.cloud.commons.config.CommonsConfigAutoConfiguration' of type [org.springframework.cloud.commons.config.CommonsConfigAutoConfiguration] is not eligible for getting processed by all BeanPostProcessors (for example: not eligible for auto-proxying). Is this bean getting eagerly injected into a currently created BeanPostProcessor [lbRestClientPostProcessor]? Check the corresponding BeanPostProcessor declaration and its dependencies.
2026-03-22T12:17:34.565+05:30  WARN 9156 --- [product-service] [main] trationDelegate$BeanPostProcessorChecker : Bean 'org.springframework.cloud.client.loadbalancer.LoadBalancerDefaultMappingsProviderAutoConfiguration' of type [org.springframework.cloud.client.loadbalancer.LoadBalancerDefaultMappingsProviderAutoConfiguration] is not eligible for getting processed by all BeanPostProcessors (for example: not eligible for auto-proxying). Is this bean getting eagerly injected into a currently created BeanPostProcessor [lbRestClientPostProcessor]? Check the corresponding BeanPostProcessor declaration and its dependencies.
2026-03-22T12:17:34.568+05:30  WARN 9156 --- [product-service] [main] trationDelegate$BeanPostProcessorChecker : Bean 'loadBalancerClientsDefaultsMappingsProvider' of type [org.springframework.cloud.client.loadbalancer.LoadBalancerDefaultMappingsProviderAutoConfiguration$$Lambda/0x0000015c2a517358] is not eligible for getting processed by all BeanPostProcessors (for example: not eligible for auto-proxying). Is this bean getting eagerly injected into a currently created BeanPostProcessor [lbRestClientPostProcessor]? Check the corresponding BeanPostProcessor declaration and its dependencies.
2026-03-22T12:17:34.572+05:30  WARN 9156 --- [product-service] [main] trationDelegate$BeanPostProcessorChecker : Bean 'defaultsBindHandlerAdvisor' of type [org.springframework.cloud.commons.config.DefaultsBindHandlerAdvisor] is not eligible for getting processed by all BeanPostProcessors (for example: not eligible for auto-proxying). Is this bean getting eagerly injected into a currently created BeanPostProcessor [lbRestClientPostProcessor]? Check the corresponding BeanPostProcessor declaration and its dependencies.
2026-03-22T12:17:34.578+05:30  WARN 9156 --- [product-service] [main] trationDelegate$BeanPostProcessorChecker : Bean 'org.springframework.boot.autoconfigure.flyway.FlywayAutoConfiguration' of type [org.springframework.boot.autoconfigure.flyway.FlywayAutoConfiguration] is not eligible for getting processed by all BeanPostProcessors (for example: not eligible for auto-proxying). Is this bean getting eagerly injected into a currently created BeanPostProcessor [lbRestClientPostProcessor]? Check the corresponding BeanPostProcessor declaration and its dependencies.
2026-03-22T12:17:34.582+05:30  WARN 9156 --- [product-service] [main] trationDelegate$BeanPostProcessorChecker : Bean 'stringOrNumberMigrationVersionConverter' of type [org.springframework.boot.autoconfigure.flyway.FlywayAutoConfiguration$StringOrNumberToMigrationVersionConverter] is not eligible for getting processed by all BeanPostProcessors (for example: not eligible for auto-proxying). Is this bean getting eagerly injected into a currently created BeanPostProcessor [lbRestClientPostProcessor]? Check the corresponding BeanPostProcessor declaration and its dependencies.
2026-03-22T12:17:34.592+05:30  WARN 9156 --- [product-service] [main] trationDelegate$BeanPostProcessorChecker : Bean 'spring.cloud.loadbalancer-org.springframework.cloud.client.loadbalancer.LoadBalancerClientsProperties' of type [org.springframework.cloud.client.loadbalancer.LoadBalancerClientsProperties] is not eligible for getting processed by all BeanPostProcessors (for example: not eligible for auto-proxying). Is this bean getting eagerly injected into a currently created BeanPostProcessor [lbRestClientPostProcessor]? Check the corresponding BeanPostProcessor declaration and its dependencies.
2026-03-22T12:17:34.604+05:30  WARN 9156 --- [product-service] [main] trationDelegate$BeanPostProcessorChecker : Bean 'default.org.springframework.cloud.loadbalancer.config.LoadBalancerAutoConfiguration.LoadBalancerClientSpecification' of type [org.springframework.cloud.loadbalancer.annotation.LoadBalancerClientSpecification] is not eligible for getting processed by all BeanPostProcessors (for example: not eligible for auto-proxying). Is this bean getting eagerly injected into a currently created BeanPostProcessor [lbRestClientPostProcessor]? Check the corresponding BeanPostProcessor declaration and its dependencies.
2026-03-22T12:17:34.606+05:30  WARN 9156 --- [product-service] [main] trationDelegate$BeanPostProcessorChecker : Bean 'default.org.springframework.cloud.loadbalancer.config.BlockingLoadBalancerClientAutoConfiguration.LoadBalancerClientSpecification' of type [org.springframework.cloud.loadbalancer.annotation.LoadBalancerClientSpecification] is not eligible for getting processed by all BeanPostProcessors (for example: not eligible for auto-proxying). Is this bean getting eagerly injected into a currently created BeanPostProcessor [lbRestClientPostProcessor]? Check the corresponding BeanPostProcessor declaration and its dependencies.
2026-03-22T12:17:34.607+05:30  WARN 9156 --- [product-service] [main] trationDelegate$BeanPostProcessorChecker : Bean 'default.org.springframework.cloud.netflix.eureka.loadbalancer.LoadBalancerEurekaAutoConfiguration.LoadBalancerClientSpecification' of type [org.springframework.cloud.loadbalancer.annotation.LoadBalancerClientSpecification] is not eligible for getting processed by all BeanPostProcessors (for example: not eligible for auto-proxying). Is this bean getting eagerly injected into a currently created BeanPostProcessor [lbRestClientPostProcessor]? Check the corresponding BeanPostProcessor declaration and its dependencies.
2026-03-22T12:17:34.609+05:30  WARN 9156 --- [product-service] [main] trationDelegate$BeanPostProcessorChecker : Bean 'loadBalancerClientFactory' of type [org.springframework.cloud.loadbalancer.support.LoadBalancerClientFactory] is not eligible for getting processed by all BeanPostProcessors (for example: not eligible for auto-proxying). Is this bean getting eagerly injected into a currently created BeanPostProcessor [lbRestClientPostProcessor]? Check the corresponding BeanPostProcessor declaration and its dependencies.
2026-03-22T12:17:34.621+05:30  WARN 9156 --- [product-service] [main] trationDelegate$BeanPostProcessorChecker : Bean 'blockingLoadBalancerClient' of type [org.springframework.cloud.loadbalancer.blocking.client.BlockingLoadBalancerClient] is not eligible for getting processed by all BeanPostProcessors (for example: not eligible for auto-proxying). Is this bean getting eagerly injected into a currently created BeanPostProcessor [lbRestClientPostProcessor]? Check the corresponding BeanPostProcessor declaration and its dependencies.
2026-03-22T12:17:34.633+05:30  WARN 9156 --- [product-service] [main] trationDelegate$BeanPostProcessorChecker : Bean 'loadBalancerServiceInstanceCookieTransformer' of type [org.springframework.cloud.loadbalancer.core.LoadBalancerServiceInstanceCookieTransformer] is not eligible for getting processed by all BeanPostProcessors (for example: not eligible for auto-proxying). Is this bean getting eagerly injected into a currently created BeanPostProcessor [lbRestClientPostProcessor]? Check the corresponding BeanPostProcessor declaration and its dependencies.
2026-03-22T12:17:34.636+05:30  WARN 9156 --- [product-service] [main] trationDelegate$BeanPostProcessorChecker : Bean 'xForwarderHeadersTransformer' of type [org.springframework.cloud.loadbalancer.blocking.XForwardedHeadersTransformer] is not eligible for getting processed by all BeanPostProcessors (for example: not eligible for auto-proxying). Is this bean getting eagerly injected into a currently created BeanPostProcessor [lbRestClientPostProcessor]? Check the corresponding BeanPostProcessor declaration and its dependencies.
2026-03-22T12:17:34.639+05:30  WARN 9156 --- [product-service] [main] trationDelegate$BeanPostProcessorChecker : Bean 'org.springframework.cloud.client.loadbalancer.LoadBalancerAutoConfiguration' of type [org.springframework.cloud.client.loadbalancer.LoadBalancerAutoConfiguration] is not eligible for getting processed by all BeanPostProcessors (for example: not eligible for auto-proxying). Is this bean getting eagerly injected into a currently created BeanPostProcessor [lbRestClientPostProcessor]? Check the corresponding BeanPostProcessor declaration and its dependencies.
2026-03-22T12:17:34.642+05:30  WARN 9156 --- [product-service] [main] trationDelegate$BeanPostProcessorChecker : Bean 'loadBalancerRequestFactory' of type [org.springframework.cloud.client.loadbalancer.LoadBalancerRequestFactory] is not eligible for getting processed by all BeanPostProcessors (for example: not eligible for auto-proxying). Is this bean getting eagerly injected into a currently created BeanPostProcessor [lbRestClientPostProcessor]? Check the corresponding BeanPostProcessor declaration and its dependencies.
2026-03-22T12:17:34.645+05:30  WARN 9156 --- [product-service] [main] trationDelegate$BeanPostProcessorChecker : Bean 'org.springframework.cloud.loadbalancer.config.BlockingLoadBalancerClientAutoConfiguration$BlockingLoadBalancerRetryConfig' of type [org.springframework.cloud.loadbalancer.config.BlockingLoadBalancerClientAutoConfiguration$BlockingLoadBalancerRetryConfig$$SpringCGLIB$$0] is not eligible for getting processed by all BeanPostProcessors (for example: not eligible for auto-proxying). Is this bean getting eagerly injected into a currently created BeanPostProcessor [lbRestClientPostProcessor]? Check the corresponding BeanPostProcessor declaration and its dependencies.
2026-03-22T12:17:34.651+05:30  WARN 9156 --- [product-service] [main] trationDelegate$BeanPostProcessorChecker : Bean 'loadBalancedRetryFactory' of type [org.springframework.cloud.loadbalancer.blocking.retry.BlockingLoadBalancedRetryFactory] is not eligible for getting processed by all BeanPostProcessors (for example: not eligible for auto-proxying). Is this bean getting eagerly injected into a currently created BeanPostProcessor [lbRestClientPostProcessor]? Check the corresponding BeanPostProcessor declaration and its dependencies.
2026-03-22T12:17:34.659+05:30  WARN 9156 --- [product-service] [main] trationDelegate$BeanPostProcessorChecker : Bean 'loadBalancerInterceptor' of type [org.springframework.cloud.client.loadbalancer.RetryLoadBalancerInterceptor] is not eligible for getting processed by all BeanPostProcessors (for example: not eligible for auto-proxying). Is this bean getting eagerly injected into a currently created BeanPostProcessor [lbRestClientPostProcessor]? Check the corresponding BeanPostProcessor declaration and its dependencies.
2026-03-22T12:17:35.153+05:30  INFO 9156 --- [product-service] [main] o.s.b.w.embedded.tomcat.TomcatWebServer  : Tomcat initialized with port 8082 (http)
2026-03-22T12:17:35.173+05:30  INFO 9156 --- [product-service] [main] o.apache.catalina.core.StandardService   : Starting service [Tomcat]
2026-03-22T12:17:35.174+05:30  INFO 9156 --- [product-service] [main] o.apache.catalina.core.StandardEngine    : Starting Servlet engine: [Apache Tomcat/10.1.19]
2026-03-22T12:17:35.313+05:30  INFO 9156 --- [product-service] [main] o.a.c.c.C.[Tomcat].[localhost].[/]       : Initializing Spring embedded WebApplicationContext
2026-03-22T12:17:35.314+05:30  INFO 9156 --- [product-service] [main] w.s.c.ServletWebServerApplicationContext : Root WebApplicationContext: initialization completed in 11127 ms
2026-03-22T12:17:35.712+05:30 DEBUG 9156 --- [product-service] [main] c.e.p.security.JwtAuthenticationFilter   : Filter 'jwtAuthenticationFilter' configured for use
2026-03-22T12:17:35.830+05:30  INFO 9156 --- [product-service] [main] com.zaxxer.hikari.HikariDataSource       : ProductServicePool - Starting...
2026-03-22T12:17:36.090+05:30  INFO 9156 --- [product-service] [main] com.zaxxer.hikari.pool.HikariPool        : ProductServicePool - Added connection com.mysql.cj.jdbc.ConnectionImpl@62e99458
2026-03-22T12:17:36.093+05:30  INFO 9156 --- [product-service] [main] com.zaxxer.hikari.HikariDataSource       : ProductServicePool - Start completed.
2026-03-22T12:17:36.229+05:30  INFO 9156 --- [product-service] [main] o.f.c.internal.license.VersionPrinter    : Flyway Community Edition 9.22.3 by Redgate
2026-03-22T12:17:36.230+05:30  INFO 9156 --- [product-service] [main] o.f.c.internal.license.VersionPrinter    : See release notes here: https://rd.gt/416ObMi
2026-03-22T12:17:36.230+05:30  INFO 9156 --- [product-service] [main] o.f.c.internal.license.VersionPrinter    : 
2026-03-22T12:17:36.305+05:30  INFO 9156 --- [product-service] [main] org.flywaydb.core.FlywayExecutor         : Database: jdbc:mysql://localhost:3306/product_db (MySQL 8.0)
2026-03-22T12:17:36.416+05:30  INFO 9156 --- [product-service] [main] o.f.core.internal.command.DbValidate     : Successfully validated 0 migrations (execution time 00:00.044s)
2026-03-22T12:17:36.416+05:30  WARN 9156 --- [product-service] [main] o.f.core.internal.command.DbValidate     : No migrations found. Are your locations set up correctly?
2026-03-22T12:17:36.443+05:30  INFO 9156 --- [product-service] [main] o.f.core.internal.command.DbMigrate      : Current version of schema `product_db`: << Empty Schema >>
2026-03-22T12:17:36.450+05:30  INFO 9156 --- [product-service] [main] o.f.core.internal.command.DbMigrate      : Schema `product_db` is up to date. No migration necessary.
2026-03-22T12:17:36.622+05:30  INFO 9156 --- [product-service] [main] o.hibernate.jpa.internal.util.LogHelper  : HHH000204: Processing PersistenceUnitInfo [name: default]
2026-03-22T12:17:36.732+05:30  INFO 9156 --- [product-service] [main] org.hibernate.Version                    : HHH000412: Hibernate ORM core version 6.4.4.Final
2026-03-22T12:17:36.778+05:30  INFO 9156 --- [product-service] [main] o.h.c.internal.RegionFactoryInitiator    : HHH000026: Second-level cache disabled
2026-03-22T12:17:37.147+05:30  INFO 9156 --- [product-service] [main] o.s.o.j.p.SpringPersistenceUnitInfo      : No LoadTimeWeaver setup: ignoring JPA class transformer
2026-03-22T12:17:37.212+05:30  WARN 9156 --- [product-service] [main] org.hibernate.orm.deprecation            : HHH90000025: MySQLDialect does not need to be specified explicitly using 'hibernate.dialect' (remove the property setting and it will be selected by default)
2026-03-22T12:17:38.277+05:30  INFO 9156 --- [product-service] [main] o.h.e.t.j.p.i.JtaPlatformInitiator       : HHH000489: No JTA platform available (set 'hibernate.transaction.jta.platform' to enable JTA platform integration)
2026-03-22T12:17:38.386+05:30  INFO 9156 --- [product-service] [main] j.LocalContainerEntityManagerFactoryBean : Initialized JPA EntityManagerFactory for persistence unit 'default'
2026-03-22T12:17:40.414+05:30  INFO 9156 --- [product-service] [main] o.s.d.j.r.query.QueryEnhancerFactory     : Hibernate is in classpath; If applicable, HQL parser will be used.
2026-03-22T12:17:43.571+05:30  WARN 9156 --- [product-service] [main] .s.s.UserDetailsServiceAutoConfiguration : 

Using generated security password: 4a6e90a3-f120-4ba8-9f05-cd627f2fac1b

This generated password is for development use only. Your security configuration must be updated before running your application in production.

2026-03-22T12:17:44.698+05:30  INFO 9156 --- [product-service] [main] o.s.b.a.e.web.EndpointLinksResolver      : Exposing 1 endpoint(s) beneath base path '/actuator'
2026-03-22T12:17:44.879+05:30  INFO 9156 --- [product-service] [main] o.s.s.web.DefaultSecurityFilterChain     : Will secure any request with [org.springframework.security.web.session.DisableEncodeUrlFilter@63e1bad2, org.springframework.security.web.context.request.async.WebAsyncManagerIntegrationFilter@9dffb0a, org.springframework.security.web.context.SecurityContextHolderFilter@7403cc2a, org.springframework.security.web.header.HeaderWriterFilter@3dd34335, org.springframework.web.filter.CorsFilter@7fbcd3f0, org.springframework.security.web.authentication.logout.LogoutFilter@2e6c750d, com.ecommerce.product_service.security.JwtAuthenticationFilter@11dbcb3b, org.springframework.security.web.savedrequest.RequestCacheAwareFilter@7a58b77b, org.springframework.security.web.servletapi.SecurityContextHolderAwareRequestFilter@39c2823b, org.springframework.security.web.authentication.AnonymousAuthenticationFilter@44707383, org.springframework.security.web.session.SessionManagementFilter@7b4fda93, org.springframework.security.web.access.ExceptionTranslationFilter@4e7dcf03, org.springframework.security.web.access.intercept.AuthorizationFilter@aeb6d4d]
2026-03-22T12:17:46.224+05:30  INFO 9156 --- [product-service] [main] DiscoveryClientOptionalArgsConfiguration : Eureka HTTP Client uses RestTemplate.
2026-03-22T12:17:46.297+05:30  WARN 9156 --- [product-service] [main] iguration$LoadBalancerCaffeineWarnLogger : Spring Cloud LoadBalancer is currently working with the default cache. While this cache implementation is useful for development and tests, it's recommended to use Caffeine cache in production.You can switch to using Caffeine cache, by adding it and org.springframework.cache.caffeine.CaffeineCacheManager to the classpath.
2026-03-22T12:17:46.550+05:30  INFO 9156 --- [product-service] [main] o.a.k.clients.admin.AdminClientConfig    : AdminClientConfig values: 
	auto.include.jmx.reporter = true
	bootstrap.servers = [localhost:9092]
	client.dns.lookup = use_all_dns_ips
	client.id = 
	connections.max.idle.ms = 300000
	default.api.timeout.ms = 60000
	metadata.max.age.ms = 300000
	metric.reporters = []
	metrics.num.samples = 2
	metrics.recording.level = INFO
	metrics.sample.window.ms = 30000
	receive.buffer.bytes = 65536
	reconnect.backoff.max.ms = 1000
	reconnect.backoff.ms = 50
	request.timeout.ms = 30000
	retries = 2147483647
	retry.backoff.ms = 100
	sasl.client.callback.handler.class = null
	sasl.jaas.config = null
	sasl.kerberos.kinit.cmd = /usr/bin/kinit
	sasl.kerberos.min.time.before.relogin = 60000
	sasl.kerberos.service.name = null
	sasl.kerberos.ticket.renew.jitter = 0.05
	sasl.kerberos.ticket.renew.window.factor = 0.8
	sasl.login.callback.handler.class = null
	sasl.login.class = null
	sasl.login.connect.timeout.ms = null
	sasl.login.read.timeout.ms = null
	sasl.login.refresh.buffer.seconds = 300
	sasl.login.refresh.min.period.seconds = 60
	sasl.login.refresh.window.factor = 0.8
	sasl.login.refresh.window.jitter = 0.05
	sasl.login.retry.backoff.max.ms = 10000
	sasl.login.retry.backoff.ms = 100
	sasl.mechanism = GSSAPI
	sasl.oauthbearer.clock.skew.seconds = 30
	sasl.oauthbearer.expected.audience = null
	sasl.oauthbearer.expected.issuer = null
	sasl.oauthbearer.jwks.endpoint.refresh.ms = 3600000
	sasl.oauthbearer.jwks.endpoint.retry.backoff.max.ms = 10000
	sasl.oauthbearer.jwks.endpoint.retry.backoff.ms = 100
	sasl.oauthbearer.jwks.endpoint.url = null
	sasl.oauthbearer.scope.claim.name = scope
	sasl.oauthbearer.sub.claim.name = sub
	sasl.oauthbearer.token.endpoint.url = null
	security.protocol = PLAINTEXT
	security.providers = null
	send.buffer.bytes = 131072
	socket.connection.setup.timeout.max.ms = 30000
	socket.connection.setup.timeout.ms = 10000
	ssl.cipher.suites = null
	ssl.enabled.protocols = [TLSv1.2, TLSv1.3]
	ssl.endpoint.identification.algorithm = https
	ssl.engine.factory.class = null
	ssl.key.password = null
	ssl.keymanager.algorithm = SunX509
	ssl.keystore.certificate.chain = null
	ssl.keystore.key = null
	ssl.keystore.location = null
	ssl.keystore.password = null
	ssl.keystore.type = JKS
	ssl.protocol = TLSv1.3
	ssl.provider = null
	ssl.secure.random.implementation = null
	ssl.trustmanager.algorithm = PKIX
	ssl.truststore.certificates = null
	ssl.truststore.location = null
	ssl.truststore.password = null
	ssl.truststore.type = JKS

2026-03-22T12:17:46.950+05:30  INFO 9156 --- [product-service] [main] o.a.kafka.common.utils.AppInfoParser     : Kafka version: 3.6.1
2026-03-22T12:17:46.950+05:30  INFO 9156 --- [product-service] [main] o.a.kafka.common.utils.AppInfoParser     : Kafka commitId: 5e3c2b738d253ff5
2026-03-22T12:17:46.950+05:30  INFO 9156 --- [product-service] [main] o.a.kafka.common.utils.AppInfoParser     : Kafka startTimeMs: 1774162066947
2026-03-22T12:17:47.635+05:30  INFO 9156 --- [product-service] [kafka-admin-client-thread | adminclient-1] o.a.kafka.common.utils.AppInfoParser     : App info kafka.admin.client for adminclient-1 unregistered
2026-03-22T12:17:47.642+05:30  INFO 9156 --- [product-service] [kafka-admin-client-thread | adminclient-1] o.apache.kafka.common.metrics.Metrics    : Metrics scheduler closed
2026-03-22T12:17:47.642+05:30  INFO 9156 --- [product-service] [kafka-admin-client-thread | adminclient-1] o.apache.kafka.common.metrics.Metrics    : Closing reporter org.apache.kafka.common.metrics.JmxReporter
2026-03-22T12:17:47.642+05:30  INFO 9156 --- [product-service] [kafka-admin-client-thread | adminclient-1] o.apache.kafka.common.metrics.Metrics    : Metrics reporters closed
2026-03-22T12:17:47.688+05:30  INFO 9156 --- [product-service] [main] o.s.c.n.eureka.InstanceInfoFactory       : Setting initial instance status as: STARTING
2026-03-22T12:17:47.796+05:30  INFO 9156 --- [product-service] [main] com.netflix.discovery.DiscoveryClient    : Initializing Eureka in region us-east-1
2026-03-22T12:17:47.806+05:30  INFO 9156 --- [product-service] [main] c.n.d.s.r.aws.ConfigClusterResolver      : Resolving eureka endpoints via configuration
2026-03-22T12:17:47.859+05:30  INFO 9156 --- [product-service] [main] com.netflix.discovery.DiscoveryClient    : Disable delta property : false
2026-03-22T12:17:47.859+05:30  INFO 9156 --- [product-service] [main] com.netflix.discovery.DiscoveryClient    : Single vip registry refresh property : null
2026-03-22T12:17:47.859+05:30  INFO 9156 --- [product-service] [main] com.netflix.discovery.DiscoveryClient    : Force full registry fetch : false
2026-03-22T12:17:47.860+05:30  INFO 9156 --- [product-service] [main] com.netflix.discovery.DiscoveryClient    : Application is null : false
2026-03-22T12:17:47.860+05:30  INFO 9156 --- [product-service] [main] com.netflix.discovery.DiscoveryClient    : Registered Applications size is zero : true
2026-03-22T12:17:47.860+05:30  INFO 9156 --- [product-service] [main] com.netflix.discovery.DiscoveryClient    : Application version is -1: true
2026-03-22T12:17:47.860+05:30  INFO 9156 --- [product-service] [main] com.netflix.discovery.DiscoveryClient    : Getting all instance registry info from the eureka server
2026-03-22T12:17:48.705+05:30  INFO 9156 --- [product-service] [main] com.netflix.discovery.DiscoveryClient    : The response status is 200
2026-03-22T12:17:48.710+05:30  INFO 9156 --- [product-service] [main] com.netflix.discovery.DiscoveryClient    : Starting heartbeat executor: renew interval is: 30
2026-03-22T12:17:48.715+05:30  INFO 9156 --- [product-service] [main] c.n.discovery.InstanceInfoReplicator     : InstanceInfoReplicator onDemand update allowed rate per min is 4
2026-03-22T12:17:48.726+05:30  INFO 9156 --- [product-service] [main] com.netflix.discovery.DiscoveryClient    : Discovery Client initialized at timestamp 1774162068721 with initial instances count: 1
2026-03-22T12:17:48.734+05:30  INFO 9156 --- [product-service] [main] o.s.c.n.e.s.EurekaServiceRegistry        : Registering application PRODUCT-SERVICE with eureka with status UP
2026-03-22T12:17:48.736+05:30  INFO 9156 --- [product-service] [main] com.netflix.discovery.DiscoveryClient    : Saw local status change event StatusChangeEvent [timestamp=1774162068736, current=UP, previous=STARTING]
2026-03-22T12:17:48.740+05:30  INFO 9156 --- [product-service] [DiscoveryClient-InstanceInfoReplicator-0] com.netflix.discovery.DiscoveryClient    : DiscoveryClient_PRODUCT-SERVICE/product-service:8082: registering service...
2026-03-22T12:17:48.773+05:30  INFO 9156 --- [product-service] [main] o.s.b.w.embedded.tomcat.TomcatWebServer  : Tomcat started on port 8082 (http) with context path ''
2026-03-22T12:17:48.776+05:30  INFO 9156 --- [product-service] [main] .s.c.n.e.s.EurekaAutoServiceRegistration : Updating port to 8082
2026-03-22T12:17:48.817+05:30  INFO 9156 --- [product-service] [main] c.e.p.ProductServiceApplication          : Started ProductServiceApplication in 25.937 seconds (process running for 28.337)
2026-03-22T12:17:48.846+05:30  INFO 9156 --- [product-service] [DiscoveryClient-InstanceInfoReplicator-0] com.netflix.discovery.DiscoveryClient    : DiscoveryClient_PRODUCT-SERVICE/product-service:8082 - registration status: 204
2026-03-22T12:18:55.709+05:30  INFO 9156 --- [product-service] [http-nio-8082-exec-1] o.a.c.c.C.[Tomcat].[localhost].[/]       : Initializing Spring DispatcherServlet 'dispatcherServlet'
2026-03-22T12:18:55.711+05:30  INFO 9156 --- [product-service] [http-nio-8082-exec-1] o.s.web.servlet.DispatcherServlet        : Initializing Servlet 'dispatcherServlet'
2026-03-22T12:18:55.732+05:30  INFO 9156 --- [product-service] [http-nio-8082-exec-1] o.s.web.servlet.DispatcherServlet        : Completed initialization in 20 ms
2026-03-22T12:19:03.914+05:30  WARN 9156 --- [product-service] [http-nio-8082-exec-2] org.hibernate.orm.query                  : HHH90003004: firstResult/maxResults specified with collection fetch; applying in memory
2026-03-22T12:19:05.196+05:30 DEBUG 9156 --- [product-service] [http-nio-8082-exec-1] org.hibernate.SQL                        : 
    select
        c1_0.id,
        c1_0.created_at,
        c1_0.description,
        c1_0.display_order,
        c1_0.image_url,
        c1_0.is_active,
        c1_0.name,
        c1_0.parent_id,
        c1_0.slug 
    from
        categories c1_0 
    where
        c1_0.is_active 
    order by
        c1_0.display_order
2026-03-22T12:19:05.199+05:30 DEBUG 9156 --- [product-service] [http-nio-8082-exec-2] org.hibernate.SQL                        : 
    select
        distinct p1_0.id,
        p1_0.attributes,
        p1_0.average_rating,
        p1_0.brand_name,
        p1_0.category_id,
        c1_0.id,
        c1_0.created_at,
        c1_0.description,
        c1_0.display_order,
        c1_0.image_url,
        c1_0.is_active,
        c1_0.name,
        c1_0.parent_id,
        c1_0.slug,
        p1_0.compare_at_price,
        p1_0.cost_price,
        p1_0.created_at,
        p1_0.description,
        i1_0.product_id,
        i1_0.id,
        i1_0.alt_text,
        i1_0.display_order,
        i1_0.image_url,
        i1_0.is_primary,
        i2_0.id,
        i2_0.last_updated,
        i2_0.low_stock_threshold,
        i2_0.product_id,
        i2_0.quantity,
        i2_0.reserved_quantity,
        i2_0.warehouse_location,
        p1_0.name,
        p1_0.price,
        p1_0.review_count,
        p1_0.short_description,
        p1_0.sku,
        p1_0.sold_count,
        p1_0.status,
        p1_0.tags,
        p1_0.updated_at,
        p1_0.version,
        p1_0.view_count,
        p1_0.weight 
    from
        products p1_0 
    left join
        product_images i1_0 
            on p1_0.id=i1_0.product_id 
    left join
        inventories i2_0 
            on p1_0.id=i2_0.product_id 
    left join
        categories c1_0 
            on c1_0.id=p1_0.category_id 
    where
        p1_0.status=? 
        and (
            ? is null 
            or c1_0.id=?
        ) 
        and (
            ? is null 
            or lower(p1_0.brand_name)=lower(?)
        ) 
        and (
            ? is null 
            or p1_0.price>=?
        ) 
        and (
            ? is null 
            or p1_0.price<=?
        ) 
        and (
            ? is null 
            or lower(p1_0.name) like lower(concat('%', ?, '%')) escape '' 
            or lower(p1_0.brand_name) like lower(concat('%', ?, '%')) escape ''
        ) 
        and (
            ? is null 
            or (
                ?=1 
                and i2_0.quantity>0
            ) 
            or (
                ?=0 
                and i2_0.quantity=0
            )
        ) 
    order by
        p1_0.created_at desc
2026-03-22T12:19:06.864+05:30 DEBUG 9156 --- [product-service] [http-nio-8082-exec-2] org.hibernate.SQL                        : 
    select
        count(distinct p1_0.id) 
    from
        products p1_0 
    left join
        product_images i1_0 
            on p1_0.id=i1_0.product_id 
    left join
        inventories i2_0 
            on p1_0.id=i2_0.product_id 
    left join
        categories c1_0 
            on c1_0.id=p1_0.category_id 
    where
        p1_0.status=? 
        and (
            ? is null 
            or c1_0.id=?
        ) 
        and (
            ? is null 
            or lower(p1_0.brand_name)=lower(?)
        ) 
        and (
            ? is null 
            or p1_0.price>=?
        ) 
        and (
            ? is null 
            or p1_0.price<=?
        ) 
        and (
            ? is null 
            or lower(p1_0.name) like lower(concat('%', ?, '%')) escape '' 
            or lower(p1_0.brand_name) like lower(concat('%', ?, '%')) escape ''
        ) 
        and (
            ? is null 
            or (
                ?=1 
                and i2_0.quantity>0
            ) 
            or (
                ?=0 
                and i2_0.quantity=0
            )
        )
2026-03-22T12:19:43.108+05:30  WARN 9156 --- [product-service] [http-nio-8082-exec-3] org.hibernate.orm.query                  : HHH90003004: firstResult/maxResults specified with collection fetch; applying in memory
2026-03-22T12:19:43.121+05:30 DEBUG 9156 --- [product-service] [http-nio-8082-exec-3] org.hibernate.SQL                        : 
    select
        distinct p1_0.id,
        p1_0.attributes,
        p1_0.average_rating,
        p1_0.brand_name,
        p1_0.category_id,
        c1_0.id,
        c1_0.created_at,
        c1_0.description,
        c1_0.display_order,
        c1_0.image_url,
        c1_0.is_active,
        c1_0.name,
        c1_0.parent_id,
        c1_0.slug,
        p1_0.compare_at_price,
        p1_0.cost_price,
        p1_0.created_at,
        p1_0.description,
        i1_0.product_id,
        i1_0.id,
        i1_0.alt_text,
        i1_0.display_order,
        i1_0.image_url,
        i1_0.is_primary,
        i2_0.id,
        i2_0.last_updated,
        i2_0.low_stock_threshold,
        i2_0.product_id,
        i2_0.quantity,
        i2_0.reserved_quantity,
        i2_0.warehouse_location,
        p1_0.name,
        p1_0.price,
        p1_0.review_count,
        p1_0.short_description,
        p1_0.sku,
        p1_0.sold_count,
        p1_0.status,
        p1_0.tags,
        p1_0.updated_at,
        p1_0.version,
        p1_0.view_count,
        p1_0.weight 
    from
        products p1_0 
    left join
        product_images i1_0 
            on p1_0.id=i1_0.product_id 
    left join
        inventories i2_0 
            on p1_0.id=i2_0.product_id 
    left join
        categories c1_0 
            on c1_0.id=p1_0.category_id 
    where
        p1_0.status=? 
        and (
            ? is null 
            or c1_0.id=?
        ) 
        and (
            ? is null 
            or lower(p1_0.brand_name)=lower(?)
        ) 
        and (
            ? is null 
            or p1_0.price>=?
        ) 
        and (
            ? is null 
            or p1_0.price<=?
        ) 
        and (
            ? is null 
            or lower(p1_0.name) like lower(concat('%', ?, '%')) escape '' 
            or lower(p1_0.brand_name) like lower(concat('%', ?, '%')) escape ''
        ) 
        and (
            ? is null 
            or (
                ?=1 
                and i2_0.quantity>0
            ) 
            or (
                ?=0 
                and i2_0.quantity=0
            )
        ) 
    order by
        p1_0.created_at desc
2026-03-22T12:19:43.277+05:30 DEBUG 9156 --- [product-service] [http-nio-8082-exec-3] org.hibernate.SQL                        : 
    select
        count(distinct p1_0.id) 
    from
        products p1_0 
    left join
        product_images i1_0 
            on p1_0.id=i1_0.product_id 
    left join
        inventories i2_0 
            on p1_0.id=i2_0.product_id 
    left join
        categories c1_0 
            on c1_0.id=p1_0.category_id 
    where
        p1_0.status=? 
        and (
            ? is null 
            or c1_0.id=?
        ) 
        and (
            ? is null 
            or lower(p1_0.brand_name)=lower(?)
        ) 
        and (
            ? is null 
            or p1_0.price>=?
        ) 
        and (
            ? is null 
            or p1_0.price<=?
        ) 
        and (
            ? is null 
            or lower(p1_0.name) like lower(concat('%', ?, '%')) escape '' 
            or lower(p1_0.brand_name) like lower(concat('%', ?, '%')) escape ''
        ) 
        and (
            ? is null 
            or (
                ?=1 
                and i2_0.quantity>0
            ) 
            or (
                ?=0 
                and i2_0.quantity=0
            )
        )
2026-03-22T12:19:46.548+05:30  WARN 9156 --- [product-service] [http-nio-8082-exec-5] org.hibernate.orm.query                  : HHH90003004: firstResult/maxResults specified with collection fetch; applying in memory
2026-03-22T12:19:46.549+05:30 DEBUG 9156 --- [product-service] [http-nio-8082-exec-4] org.hibernate.SQL                        : 
    select
        c1_0.id,
        c1_0.created_at,
        c1_0.description,
        c1_0.display_order,
        c1_0.image_url,
        c1_0.is_active,
        c1_0.name,
        c1_0.parent_id,
        c1_0.slug 
    from
        categories c1_0 
    where
        c1_0.is_active 
    order by
        c1_0.display_order
2026-03-22T12:19:46.550+05:30 DEBUG 9156 --- [product-service] [http-nio-8082-exec-5] org.hibernate.SQL                        : 
    select
        distinct p1_0.id,
        p1_0.attributes,
        p1_0.average_rating,
        p1_0.brand_name,
        p1_0.category_id,
        c1_0.id,
        c1_0.created_at,
        c1_0.description,
        c1_0.display_order,
        c1_0.image_url,
        c1_0.is_active,
        c1_0.name,
        c1_0.parent_id,
        c1_0.slug,
        p1_0.compare_at_price,
        p1_0.cost_price,
        p1_0.created_at,
        p1_0.description,
        i1_0.product_id,
        i1_0.id,
        i1_0.alt_text,
        i1_0.display_order,
        i1_0.image_url,
        i1_0.is_primary,
        i2_0.id,
        i2_0.last_updated,
        i2_0.low_stock_threshold,
        i2_0.product_id,
        i2_0.quantity,
        i2_0.reserved_quantity,
        i2_0.warehouse_location,
        p1_0.name,
        p1_0.price,
        p1_0.review_count,
        p1_0.short_description,
        p1_0.sku,
        p1_0.sold_count,
        p1_0.status,
        p1_0.tags,
        p1_0.updated_at,
        p1_0.version,
        p1_0.view_count,
        p1_0.weight 
    from
        products p1_0 
    left join
        product_images i1_0 
            on p1_0.id=i1_0.product_id 
    left join
        inventories i2_0 
            on p1_0.id=i2_0.product_id 
    left join
        categories c1_0 
            on c1_0.id=p1_0.category_id 
    where
        p1_0.status=? 
        and (
            ? is null 
            or c1_0.id=?
        ) 
        and (
            ? is null 
            or lower(p1_0.brand_name)=lower(?)
        ) 
        and (
            ? is null 
            or p1_0.price>=?
        ) 
        and (
            ? is null 
            or p1_0.price<=?
        ) 
        and (
            ? is null 
            or lower(p1_0.name) like lower(concat('%', ?, '%')) escape '' 
            or lower(p1_0.brand_name) like lower(concat('%', ?, '%')) escape ''
        ) 
        and (
            ? is null 
            or (
                ?=1 
                and i2_0.quantity>0
            ) 
            or (
                ?=0 
                and i2_0.quantity=0
            )
        ) 
    order by
        p1_0.created_at desc
2026-03-22T12:19:46.584+05:30 DEBUG 9156 --- [product-service] [http-nio-8082-exec-5] org.hibernate.SQL                        : 
    select
        count(distinct p1_0.id) 
    from
        products p1_0 
    left join
        product_images i1_0 
            on p1_0.id=i1_0.product_id 
    left join
        inventories i2_0 
            on p1_0.id=i2_0.product_id 
    left join
        categories c1_0 
            on c1_0.id=p1_0.category_id 
    where
        p1_0.status=? 
        and (
            ? is null 
            or c1_0.id=?
        ) 
        and (
            ? is null 
            or lower(p1_0.brand_name)=lower(?)
        ) 
        and (
            ? is null 
            or p1_0.price>=?
        ) 
        and (
            ? is null 
            or p1_0.price<=?
        ) 
        and (
            ? is null 
            or lower(p1_0.name) like lower(concat('%', ?, '%')) escape '' 
            or lower(p1_0.brand_name) like lower(concat('%', ?, '%')) escape ''
        ) 
        and (
            ? is null 
            or (
                ?=1 
                and i2_0.quantity>0
            ) 
            or (
                ?=0 
                and i2_0.quantity=0
            )
        )
2026-03-22T12:19:48.659+05:30 DEBUG 9156 --- [product-service] [http-nio-8082-exec-6] org.hibernate.SQL                        : 
    select
        c1_0.id,
        c1_0.created_at,
        c1_0.description,
        c1_0.display_order,
        c1_0.image_url,
        c1_0.is_active,
        c1_0.name,
        c1_0.parent_id,
        c1_0.slug 
    from
        categories c1_0 
    where
        c1_0.parent_id=? 
        and c1_0.is_active
2026-03-22T12:19:48.665+05:30  WARN 9156 --- [product-service] [http-nio-8082-exec-6] org.hibernate.orm.query                  : HHH90003004: firstResult/maxResults specified with collection fetch; applying in memory
2026-03-22T12:19:48.666+05:30 DEBUG 9156 --- [product-service] [http-nio-8082-exec-6] org.hibernate.SQL                        : 
    select
        distinct p1_0.id,
        p1_0.attributes,
        p1_0.average_rating,
        p1_0.brand_name,
        p1_0.category_id,
        c1_0.id,
        c1_0.created_at,
        c1_0.description,
        c1_0.display_order,
        c1_0.image_url,
        c1_0.is_active,
        c1_0.name,
        c1_0.parent_id,
        c1_0.slug,
        p1_0.compare_at_price,
        p1_0.cost_price,
        p1_0.created_at,
        p1_0.description,
        i1_0.product_id,
        i1_0.id,
        i1_0.alt_text,
        i1_0.display_order,
        i1_0.image_url,
        i1_0.is_primary,
        i2_0.id,
        i2_0.last_updated,
        i2_0.low_stock_threshold,
        i2_0.product_id,
        i2_0.quantity,
        i2_0.reserved_quantity,
        i2_0.warehouse_location,
        p1_0.name,
        p1_0.price,
        p1_0.review_count,
        p1_0.short_description,
        p1_0.sku,
        p1_0.sold_count,
        p1_0.status,
        p1_0.tags,
        p1_0.updated_at,
        p1_0.version,
        p1_0.view_count,
        p1_0.weight 
    from
        products p1_0 
    left join
        product_images i1_0 
            on p1_0.id=i1_0.product_id 
    left join
        inventories i2_0 
            on p1_0.id=i2_0.product_id 
    left join
        categories c1_0 
            on c1_0.id=p1_0.category_id 
    where
        p1_0.status=? 
        and (
            ? is null 
            or c1_0.id=?
        ) 
        and (
            ? is null 
            or lower(p1_0.brand_name)=lower(?)
        ) 
        and (
            ? is null 
            or p1_0.price>=?
        ) 
        and (
            ? is null 
            or p1_0.price<=?
        ) 
        and (
            ? is null 
            or lower(p1_0.name) like lower(concat('%', ?, '%')) escape '' 
            or lower(p1_0.brand_name) like lower(concat('%', ?, '%')) escape ''
        ) 
        and (
            ? is null 
            or (
                ?=1 
                and i2_0.quantity>0
            ) 
            or (
                ?=0 
                and i2_0.quantity=0
            )
        ) 
    order by
        p1_0.created_at desc
2026-03-22T12:19:48.678+05:30 DEBUG 9156 --- [product-service] [http-nio-8082-exec-6] org.hibernate.SQL                        : 
    select
        count(distinct p1_0.id) 
    from
        products p1_0 
    left join
        product_images i1_0 
            on p1_0.id=i1_0.product_id 
    left join
        inventories i2_0 
            on p1_0.id=i2_0.product_id 
    left join
        categories c1_0 
            on c1_0.id=p1_0.category_id 
    where
        p1_0.status=? 
        and (
            ? is null 
            or c1_0.id=?
        ) 
        and (
            ? is null 
            or lower(p1_0.brand_name)=lower(?)
        ) 
        and (
            ? is null 
            or p1_0.price>=?
        ) 
        and (
            ? is null 
            or p1_0.price<=?
        ) 
        and (
            ? is null 
            or lower(p1_0.name) like lower(concat('%', ?, '%')) escape '' 
            or lower(p1_0.brand_name) like lower(concat('%', ?, '%')) escape ''
        ) 
        and (
            ? is null 
            or (
                ?=1 
                and i2_0.quantity>0
            ) 
            or (
                ?=0 
                and i2_0.quantity=0
            )
        )
2026-03-22T12:20:02.004+05:30 DEBUG 9156 --- [product-service] [http-nio-8082-exec-7] org.hibernate.SQL                        : 
    select
        c1_0.id,
        c1_0.created_at,
        c1_0.description,
        c1_0.display_order,
        c1_0.image_url,
        c1_0.is_active,
        c1_0.name,
        c1_0.parent_id,
        c1_0.slug 
    from
        categories c1_0 
    where
        c1_0.parent_id=? 
        and c1_0.is_active
2026-03-22T12:20:02.010+05:30  WARN 9156 --- [product-service] [http-nio-8082-exec-7] org.hibernate.orm.query                  : HHH90003004: firstResult/maxResults specified with collection fetch; applying in memory
2026-03-22T12:20:02.011+05:30 DEBUG 9156 --- [product-service] [http-nio-8082-exec-7] org.hibernate.SQL                        : 
    select
        distinct p1_0.id,
        p1_0.attributes,
        p1_0.average_rating,
        p1_0.brand_name,
        p1_0.category_id,
        c1_0.id,
        c1_0.created_at,
        c1_0.description,
        c1_0.display_order,
        c1_0.image_url,
        c1_0.is_active,
        c1_0.name,
        c1_0.parent_id,
        c1_0.slug,
        p1_0.compare_at_price,
        p1_0.cost_price,
        p1_0.created_at,
        p1_0.description,
        i1_0.product_id,
        i1_0.id,
        i1_0.alt_text,
        i1_0.display_order,
        i1_0.image_url,
        i1_0.is_primary,
        i2_0.id,
        i2_0.last_updated,
        i2_0.low_stock_threshold,
        i2_0.product_id,
        i2_0.quantity,
        i2_0.reserved_quantity,
        i2_0.warehouse_location,
        p1_0.name,
        p1_0.price,
        p1_0.review_count,
        p1_0.short_description,
        p1_0.sku,
        p1_0.sold_count,
        p1_0.status,
        p1_0.tags,
        p1_0.updated_at,
        p1_0.version,
        p1_0.view_count,
        p1_0.weight 
    from
        products p1_0 
    left join
        product_images i1_0 
            on p1_0.id=i1_0.product_id 
    left join
        inventories i2_0 
            on p1_0.id=i2_0.product_id 
    left join
        categories c1_0 
            on c1_0.id=p1_0.category_id 
    where
        p1_0.status=? 
        and (
            ? is null 
            or c1_0.id=?
        ) 
        and (
            ? is null 
            or lower(p1_0.brand_name)=lower(?)
        ) 
        and (
            ? is null 
            or p1_0.price>=?
        ) 
        and (
            ? is null 
            or p1_0.price<=?
        ) 
        and (
            ? is null 
            or lower(p1_0.name) like lower(concat('%', ?, '%')) escape '' 
            or lower(p1_0.brand_name) like lower(concat('%', ?, '%')) escape ''
        ) 
        and (
            ? is null 
            or (
                ?=1 
                and i2_0.quantity>0
            ) 
            or (
                ?=0 
                and i2_0.quantity=0
            )
        ) 
    order by
        p1_0.created_at desc
2026-03-22T12:20:02.020+05:30 DEBUG 9156 --- [product-service] [http-nio-8082-exec-7] org.hibernate.SQL                        : 
    select
        count(distinct p1_0.id) 
    from
        products p1_0 
    left join
        product_images i1_0 
            on p1_0.id=i1_0.product_id 
    left join
        inventories i2_0 
            on p1_0.id=i2_0.product_id 
    left join
        categories c1_0 
            on c1_0.id=p1_0.category_id 
    where
        p1_0.status=? 
        and (
            ? is null 
            or c1_0.id=?
        ) 
        and (
            ? is null 
            or lower(p1_0.brand_name)=lower(?)
        ) 
        and (
            ? is null 
            or p1_0.price>=?
        ) 
        and (
            ? is null 
            or p1_0.price<=?
        ) 
        and (
            ? is null 
            or lower(p1_0.name) like lower(concat('%', ?, '%')) escape '' 
            or lower(p1_0.brand_name) like lower(concat('%', ?, '%')) escape ''
        ) 
        and (
            ? is null 
            or (
                ?=1 
                and i2_0.quantity>0
            ) 
            or (
                ?=0 
                and i2_0.quantity=0
            )
        )
2026-03-22T12:20:03.767+05:30 DEBUG 9156 --- [product-service] [http-nio-8082-exec-8] org.hibernate.SQL                        : 
    select
        c1_0.id,
        c1_0.created_at,
        c1_0.description,
        c1_0.display_order,
        c1_0.image_url,
        c1_0.is_active,
        c1_0.name,
        c1_0.parent_id,
        c1_0.slug 
    from
        categories c1_0 
    where
        c1_0.parent_id=? 
        and c1_0.is_active
2026-03-22T12:20:03.772+05:30  WARN 9156 --- [product-service] [http-nio-8082-exec-8] org.hibernate.orm.query                  : HHH90003004: firstResult/maxResults specified with collection fetch; applying in memory
2026-03-22T12:20:03.776+05:30 DEBUG 9156 --- [product-service] [http-nio-8082-exec-8] org.hibernate.SQL                        : 
    select
        distinct p1_0.id,
        p1_0.attributes,
        p1_0.average_rating,
        p1_0.brand_name,
        p1_0.category_id,
        c1_0.id,
        c1_0.created_at,
        c1_0.description,
        c1_0.display_order,
        c1_0.image_url,
        c1_0.is_active,
        c1_0.name,
        c1_0.parent_id,
        c1_0.slug,
        p1_0.compare_at_price,
        p1_0.cost_price,
        p1_0.created_at,
        p1_0.description,
        i1_0.product_id,
        i1_0.id,
        i1_0.alt_text,
        i1_0.display_order,
        i1_0.image_url,
        i1_0.is_primary,
        i2_0.id,
        i2_0.last_updated,
        i2_0.low_stock_threshold,
        i2_0.product_id,
        i2_0.quantity,
        i2_0.reserved_quantity,
        i2_0.warehouse_location,
        p1_0.name,
        p1_0.price,
        p1_0.review_count,
        p1_0.short_description,
        p1_0.sku,
        p1_0.sold_count,
        p1_0.status,
        p1_0.tags,
        p1_0.updated_at,
        p1_0.version,
        p1_0.view_count,
        p1_0.weight 
    from
        products p1_0 
    left join
        product_images i1_0 
            on p1_0.id=i1_0.product_id 
    left join
        inventories i2_0 
            on p1_0.id=i2_0.product_id 
    left join
        categories c1_0 
            on c1_0.id=p1_0.category_id 
    where
        p1_0.status=? 
        and (
            ? is null 
            or c1_0.id=?
        ) 
        and (
            ? is null 
            or lower(p1_0.brand_name)=lower(?)
        ) 
        and (
            ? is null 
            or p1_0.price>=?
        ) 
        and (
            ? is null 
            or p1_0.price<=?
        ) 
        and (
            ? is null 
            or lower(p1_0.name) like lower(concat('%', ?, '%')) escape '' 
            or lower(p1_0.brand_name) like lower(concat('%', ?, '%')) escape ''
        ) 
        and (
            ? is null 
            or (
                ?=1 
                and i2_0.quantity>0
            ) 
            or (
                ?=0 
                and i2_0.quantity=0
            )
        ) 
    order by
        p1_0.created_at desc
2026-03-22T12:20:06.805+05:30 DEBUG 9156 --- [product-service] [http-nio-8082-exec-9] org.hibernate.SQL                        : 
    select
        c1_0.id,
        c1_0.created_at,
        c1_0.description,
        c1_0.display_order,
        c1_0.image_url,
        c1_0.is_active,
        c1_0.name,
        c1_0.parent_id,
        c1_0.slug 
    from
        categories c1_0 
    where
        c1_0.parent_id=? 
        and c1_0.is_active
2026-03-22T12:20:06.808+05:30  WARN 9156 --- [product-service] [http-nio-8082-exec-9] org.hibernate.orm.query                  : HHH90003004: firstResult/maxResults specified with collection fetch; applying in memory
2026-03-22T12:20:06.813+05:30 DEBUG 9156 --- [product-service] [http-nio-8082-exec-9] org.hibernate.SQL                        : 
    select
        distinct p1_0.id,
        p1_0.attributes,
        p1_0.average_rating,
        p1_0.brand_name,
        p1_0.category_id,
        c1_0.id,
        c1_0.created_at,
        c1_0.description,
        c1_0.display_order,
        c1_0.image_url,
        c1_0.is_active,
        c1_0.name,
        c1_0.parent_id,
        c1_0.slug,
        p1_0.compare_at_price,
        p1_0.cost_price,
        p1_0.created_at,
        p1_0.description,
        i1_0.product_id,
        i1_0.id,
        i1_0.alt_text,
        i1_0.display_order,
        i1_0.image_url,
        i1_0.is_primary,
        i2_0.id,
        i2_0.last_updated,
        i2_0.low_stock_threshold,
        i2_0.product_id,
        i2_0.quantity,
        i2_0.reserved_quantity,
        i2_0.warehouse_location,
        p1_0.name,
        p1_0.price,
        p1_0.review_count,
        p1_0.short_description,
        p1_0.sku,
        p1_0.sold_count,
        p1_0.status,
        p1_0.tags,
        p1_0.updated_at,
        p1_0.version,
        p1_0.view_count,
        p1_0.weight 
    from
        products p1_0 
    left join
        product_images i1_0 
            on p1_0.id=i1_0.product_id 
    left join
        inventories i2_0 
            on p1_0.id=i2_0.product_id 
    left join
        categories c1_0 
            on c1_0.id=p1_0.category_id 
    where
        p1_0.status=? 
        and (
            ? is null 
            or c1_0.id=?
        ) 
        and (
            ? is null 
            or lower(p1_0.brand_name)=lower(?)
        ) 
        and (
            ? is null 
            or p1_0.price>=?
        ) 
        and (
            ? is null 
            or p1_0.price<=?
        ) 
        and (
            ? is null 
            or lower(p1_0.name) like lower(concat('%', ?, '%')) escape '' 
            or lower(p1_0.brand_name) like lower(concat('%', ?, '%')) escape ''
        ) 
        and (
            ? is null 
            or (
                ?=1 
                and i2_0.quantity>0
            ) 
            or (
                ?=0 
                and i2_0.quantity=0
            )
        ) 
    order by
        p1_0.created_at desc
2026-03-22T12:20:06.819+05:30 DEBUG 9156 --- [product-service] [http-nio-8082-exec-9] org.hibernate.SQL                        : 
    select
        count(distinct p1_0.id) 
    from
        products p1_0 
    left join
        product_images i1_0 
            on p1_0.id=i1_0.product_id 
    left join
        inventories i2_0 
            on p1_0.id=i2_0.product_id 
    left join
        categories c1_0 
            on c1_0.id=p1_0.category_id 
    where
        p1_0.status=? 
        and (
            ? is null 
            or c1_0.id=?
        ) 
        and (
            ? is null 
            or lower(p1_0.brand_name)=lower(?)
        ) 
        and (
            ? is null 
            or p1_0.price>=?
        ) 
        and (
            ? is null 
            or p1_0.price<=?
        ) 
        and (
            ? is null 
            or lower(p1_0.name) like lower(concat('%', ?, '%')) escape '' 
            or lower(p1_0.brand_name) like lower(concat('%', ?, '%')) escape ''
        ) 
        and (
            ? is null 
            or (
                ?=1 
                and i2_0.quantity>0
            ) 
            or (
                ?=0 
                and i2_0.quantity=0
            )
        )
2026-03-22T12:20:14.981+05:30 DEBUG 9156 --- [product-service] [http-nio-8082-exec-10] org.hibernate.SQL                        : 
    select
        c1_0.id,
        c1_0.created_at,
        c1_0.description,
        c1_0.display_order,
        c1_0.image_url,
        c1_0.is_active,
        c1_0.name,
        c1_0.parent_id,
        c1_0.slug 
    from
        categories c1_0 
    where
        c1_0.parent_id=? 
        and c1_0.is_active
2026-03-22T12:20:14.984+05:30  WARN 9156 --- [product-service] [http-nio-8082-exec-10] org.hibernate.orm.query                  : HHH90003004: firstResult/maxResults specified with collection fetch; applying in memory
2026-03-22T12:20:14.984+05:30 DEBUG 9156 --- [product-service] [http-nio-8082-exec-10] org.hibernate.SQL                        : 
    select
        distinct p1_0.id,
        p1_0.attributes,
        p1_0.average_rating,
        p1_0.brand_name,
        p1_0.category_id,
        c1_0.id,
        c1_0.created_at,
        c1_0.description,
        c1_0.display_order,
        c1_0.image_url,
        c1_0.is_active,
        c1_0.name,
        c1_0.parent_id,
        c1_0.slug,
        p1_0.compare_at_price,
        p1_0.cost_price,
        p1_0.created_at,
        p1_0.description,
        i1_0.product_id,
        i1_0.id,
        i1_0.alt_text,
        i1_0.display_order,
        i1_0.image_url,
        i1_0.is_primary,
        i2_0.id,
        i2_0.last_updated,
        i2_0.low_stock_threshold,
        i2_0.product_id,
        i2_0.quantity,
        i2_0.reserved_quantity,
        i2_0.warehouse_location,
        p1_0.name,
        p1_0.price,
        p1_0.review_count,
        p1_0.short_description,
        p1_0.sku,
        p1_0.sold_count,
        p1_0.status,
        p1_0.tags,
        p1_0.updated_at,
        p1_0.version,
        p1_0.view_count,
        p1_0.weight 
    from
        products p1_0 
    left join
        product_images i1_0 
            on p1_0.id=i1_0.product_id 
    left join
        inventories i2_0 
            on p1_0.id=i2_0.product_id 
    left join
        categories c1_0 
            on c1_0.id=p1_0.category_id 
    where
        p1_0.status=? 
        and (
            ? is null 
            or c1_0.id=?
        ) 
        and (
            ? is null 
            or lower(p1_0.brand_name)=lower(?)
        ) 
        and (
            ? is null 
            or p1_0.price>=?
        ) 
        and (
            ? is null 
            or p1_0.price<=?
        ) 
        and (
            ? is null 
            or lower(p1_0.name) like lower(concat('%', ?, '%')) escape '' 
            or lower(p1_0.brand_name) like lower(concat('%', ?, '%')) escape ''
        ) 
        and (
            ? is null 
            or (
                ?=1 
                and i2_0.quantity>0
            ) 
            or (
                ?=0 
                and i2_0.quantity=0
            )
        ) 
    order by
        p1_0.created_at desc
2026-03-22T12:20:15.001+05:30 DEBUG 9156 --- [product-service] [http-nio-8082-exec-10] org.hibernate.SQL                        : 
    select
        count(distinct p1_0.id) 
    from
        products p1_0 
    left join
        product_images i1_0 
            on p1_0.id=i1_0.product_id 
    left join
        inventories i2_0 
            on p1_0.id=i2_0.product_id 
    left join
        categories c1_0 
            on c1_0.id=p1_0.category_id 
    where
        p1_0.status=? 
        and (
            ? is null 
            or c1_0.id=?
        ) 
        and (
            ? is null 
            or lower(p1_0.brand_name)=lower(?)
        ) 
        and (
            ? is null 
            or p1_0.price>=?
        ) 
        and (
            ? is null 
            or p1_0.price<=?
        ) 
        and (
            ? is null 
            or lower(p1_0.name) like lower(concat('%', ?, '%')) escape '' 
            or lower(p1_0.brand_name) like lower(concat('%', ?, '%')) escape ''
        ) 
        and (
            ? is null 
            or (
                ?=1 
                and i2_0.quantity>0
            ) 
            or (
                ?=0 
                and i2_0.quantity=0
            )
        )
2026-03-22T12:20:16.042+05:30 DEBUG 9156 --- [product-service] [http-nio-8082-exec-1] org.hibernate.SQL                        : 
    select
        c1_0.id,
        c1_0.created_at,
        c1_0.description,
        c1_0.display_order,
        c1_0.image_url,
        c1_0.is_active,
        c1_0.name,
        c1_0.parent_id,
        c1_0.slug 
    from
        categories c1_0 
    where
        c1_0.parent_id=? 
        and c1_0.is_active
2026-03-22T12:20:16.047+05:30  INFO 9156 --- [product-service] [http-nio-8082-exec-1] c.e.p.service.ProductServiceImpl         : Parent category cat-clothing has 2 children — fetching all
2026-03-22T12:20:16.063+05:30  WARN 9156 --- [product-service] [http-nio-8082-exec-1] org.hibernate.orm.query                  : HHH90003004: firstResult/maxResults specified with collection fetch; applying in memory
2026-03-22T12:20:16.074+05:30 DEBUG 9156 --- [product-service] [http-nio-8082-exec-1] org.hibernate.SQL                        : 
    select
        distinct p1_0.id,
        p1_0.attributes,
        p1_0.average_rating,
        p1_0.brand_name,
        p1_0.category_id,
        c1_0.id,
        c1_0.created_at,
        c1_0.description,
        c1_0.display_order,
        c1_0.image_url,
        c1_0.is_active,
        c1_0.name,
        c1_0.parent_id,
        c1_0.slug,
        p1_0.compare_at_price,
        p1_0.cost_price,
        p1_0.created_at,
        p1_0.description,
        i1_0.product_id,
        i1_0.id,
        i1_0.alt_text,
        i1_0.display_order,
        i1_0.image_url,
        i1_0.is_primary,
        i2_0.id,
        i2_0.last_updated,
        i2_0.low_stock_threshold,
        i2_0.product_id,
        i2_0.quantity,
        i2_0.reserved_quantity,
        i2_0.warehouse_location,
        p1_0.name,
        p1_0.price,
        p1_0.review_count,
        p1_0.short_description,
        p1_0.sku,
        p1_0.sold_count,
        p1_0.status,
        p1_0.tags,
        p1_0.updated_at,
        p1_0.version,
        p1_0.view_count,
        p1_0.weight 
    from
        products p1_0 
    left join
        product_images i1_0 
            on p1_0.id=i1_0.product_id 
    left join
        inventories i2_0 
            on p1_0.id=i2_0.product_id 
    left join
        categories c1_0 
            on c1_0.id=p1_0.category_id 
    where
        p1_0.status=? 
        and c1_0.id in (?, ?) 
    order by
        p1_0.created_at desc
2026-03-22T12:20:16.090+05:30 DEBUG 9156 --- [product-service] [http-nio-8082-exec-1] org.hibernate.SQL                        : 
    select
        count(p1_0.id) 
    from
        products p1_0 
    where
        p1_0.status=? 
        and p1_0.category_id in (?, ?)
2026-03-22T12:20:18.288+05:30 DEBUG 9156 --- [product-service] [http-nio-8082-exec-2] org.hibernate.SQL                        : 
    select
        c1_0.id,
        c1_0.created_at,
        c1_0.description,
        c1_0.display_order,
        c1_0.image_url,
        c1_0.is_active,
        c1_0.name,
        c1_0.parent_id,
        c1_0.slug 
    from
        categories c1_0 
    where
        c1_0.parent_id=? 
        and c1_0.is_active
2026-03-22T12:20:18.290+05:30  INFO 9156 --- [product-service] [http-nio-8082-exec-2] c.e.p.service.ProductServiceImpl         : Parent category cat-clothing has 2 children — fetching all
2026-03-22T12:20:18.297+05:30  WARN 9156 --- [product-service] [http-nio-8082-exec-2] org.hibernate.orm.query                  : HHH90003004: firstResult/maxResults specified with collection fetch; applying in memory
2026-03-22T12:20:18.301+05:30 DEBUG 9156 --- [product-service] [http-nio-8082-exec-2] org.hibernate.SQL                        : 
    select
        distinct p1_0.id,
        p1_0.attributes,
        p1_0.average_rating,
        p1_0.brand_name,
        p1_0.category_id,
        c1_0.id,
        c1_0.created_at,
        c1_0.description,
        c1_0.display_order,
        c1_0.image_url,
        c1_0.is_active,
        c1_0.name,
        c1_0.parent_id,
        c1_0.slug,
        p1_0.compare_at_price,
        p1_0.cost_price,
        p1_0.created_at,
        p1_0.description,
        i1_0.product_id,
        i1_0.id,
        i1_0.alt_text,
        i1_0.display_order,
        i1_0.image_url,
        i1_0.is_primary,
        i2_0.id,
        i2_0.last_updated,
        i2_0.low_stock_threshold,
        i2_0.product_id,
        i2_0.quantity,
        i2_0.reserved_quantity,
        i2_0.warehouse_location,
        p1_0.name,
        p1_0.price,
        p1_0.review_count,
        p1_0.short_description,
        p1_0.sku,
        p1_0.sold_count,
        p1_0.status,
        p1_0.tags,
        p1_0.updated_at,
        p1_0.version,
        p1_0.view_count,
        p1_0.weight 
    from
        products p1_0 
    left join
        product_images i1_0 
            on p1_0.id=i1_0.product_id 
    left join
        inventories i2_0 
            on p1_0.id=i2_0.product_id 
    left join
        categories c1_0 
            on c1_0.id=p1_0.category_id 
    where
        p1_0.status=? 
        and c1_0.id in (?, ?) 
    order by
        p1_0.price
2026-03-22T12:20:18.310+05:30 DEBUG 9156 --- [product-service] [http-nio-8082-exec-2] org.hibernate.SQL                        : 
    select
        count(p1_0.id) 
    from
        products p1_0 
    where
        p1_0.status=? 
        and p1_0.category_id in (?, ?)
2026-03-22T12:20:19.176+05:30 DEBUG 9156 --- [product-service] [http-nio-8082-exec-3] org.hibernate.SQL                        : 
    select
        c1_0.id,
        c1_0.created_at,
        c1_0.description,
        c1_0.display_order,
        c1_0.image_url,
        c1_0.is_active,
        c1_0.name,
        c1_0.parent_id,
        c1_0.slug 
    from
        categories c1_0 
    where
        c1_0.parent_id=? 
        and c1_0.is_active
2026-03-22T12:20:19.178+05:30  INFO 9156 --- [product-service] [http-nio-8082-exec-3] c.e.p.service.ProductServiceImpl         : Parent category cat-clothing has 2 children — fetching all
2026-03-22T12:20:19.181+05:30  WARN 9156 --- [product-service] [http-nio-8082-exec-3] org.hibernate.orm.query                  : HHH90003004: firstResult/maxResults specified with collection fetch; applying in memory
2026-03-22T12:20:19.184+05:30 DEBUG 9156 --- [product-service] [http-nio-8082-exec-3] org.hibernate.SQL                        : 
    select
        distinct p1_0.id,
        p1_0.attributes,
        p1_0.average_rating,
        p1_0.brand_name,
        p1_0.category_id,
        c1_0.id,
        c1_0.created_at,
        c1_0.description,
        c1_0.display_order,
        c1_0.image_url,
        c1_0.is_active,
        c1_0.name,
        c1_0.parent_id,
        c1_0.slug,
        p1_0.compare_at_price,
        p1_0.cost_price,
        p1_0.created_at,
        p1_0.description,
        i1_0.product_id,
        i1_0.id,
        i1_0.alt_text,
        i1_0.display_order,
        i1_0.image_url,
        i1_0.is_primary,
        i2_0.id,
        i2_0.last_updated,
        i2_0.low_stock_threshold,
        i2_0.product_id,
        i2_0.quantity,
        i2_0.reserved_quantity,
        i2_0.warehouse_location,
        p1_0.name,
        p1_0.price,
        p1_0.review_count,
        p1_0.short_description,
        p1_0.sku,
        p1_0.sold_count,
        p1_0.status,
        p1_0.tags,
        p1_0.updated_at,
        p1_0.version,
        p1_0.view_count,
        p1_0.weight 
    from
        products p1_0 
    left join
        product_images i1_0 
            on p1_0.id=i1_0.product_id 
    left join
        inventories i2_0 
            on p1_0.id=i2_0.product_id 
    left join
        categories c1_0 
            on c1_0.id=p1_0.category_id 
    where
        p1_0.status=? 
        and c1_0.id in (?, ?) 
    order by
        p1_0.price desc
2026-03-22T12:20:19.194+05:30 DEBUG 9156 --- [product-service] [http-nio-8082-exec-3] org.hibernate.SQL                        : 
    select
        count(p1_0.id) 
    from
        products p1_0 
    where
        p1_0.status=? 
        and p1_0.category_id in (?, ?)
2026-03-22T12:20:19.919+05:30 DEBUG 9156 --- [product-service] [http-nio-8082-exec-4] org.hibernate.SQL                        : 
    select
        c1_0.id,
        c1_0.created_at,
        c1_0.description,
        c1_0.display_order,
        c1_0.image_url,
        c1_0.is_active,
        c1_0.name,
        c1_0.parent_id,
        c1_0.slug 
    from
        categories c1_0 
    where
        c1_0.parent_id=? 
        and c1_0.is_active
2026-03-22T12:20:19.921+05:30  INFO 9156 --- [product-service] [http-nio-8082-exec-4] c.e.p.service.ProductServiceImpl         : Parent category cat-clothing has 2 children — fetching all
2026-03-22T12:20:19.924+05:30  WARN 9156 --- [product-service] [http-nio-8082-exec-4] org.hibernate.orm.query                  : HHH90003004: firstResult/maxResults specified with collection fetch; applying in memory
2026-03-22T12:20:19.928+05:30 DEBUG 9156 --- [product-service] [http-nio-8082-exec-4] org.hibernate.SQL                        : 
    select
        distinct p1_0.id,
        p1_0.attributes,
        p1_0.average_rating,
        p1_0.brand_name,
        p1_0.category_id,
        c1_0.id,
        c1_0.created_at,
        c1_0.description,
        c1_0.display_order,
        c1_0.image_url,
        c1_0.is_active,
        c1_0.name,
        c1_0.parent_id,
        c1_0.slug,
        p1_0.compare_at_price,
        p1_0.cost_price,
        p1_0.created_at,
        p1_0.description,
        i1_0.product_id,
        i1_0.id,
        i1_0.alt_text,
        i1_0.display_order,
        i1_0.image_url,
        i1_0.is_primary,
        i2_0.id,
        i2_0.last_updated,
        i2_0.low_stock_threshold,
        i2_0.product_id,
        i2_0.quantity,
        i2_0.reserved_quantity,
        i2_0.warehouse_location,
        p1_0.name,
        p1_0.price,
        p1_0.review_count,
        p1_0.short_description,
        p1_0.sku,
        p1_0.sold_count,
        p1_0.status,
        p1_0.tags,
        p1_0.updated_at,
        p1_0.version,
        p1_0.view_count,
        p1_0.weight 
    from
        products p1_0 
    left join
        product_images i1_0 
            on p1_0.id=i1_0.product_id 
    left join
        inventories i2_0 
            on p1_0.id=i2_0.product_id 
    left join
        categories c1_0 
            on c1_0.id=p1_0.category_id 
    where
        p1_0.status=? 
        and c1_0.id in (?, ?) 
    order by
        p1_0.average_rating desc
2026-03-22T12:20:19.937+05:30 DEBUG 9156 --- [product-service] [http-nio-8082-exec-4] org.hibernate.SQL                        : 
    select
        count(p1_0.id) 
    from
        products p1_0 
    where
        p1_0.status=? 
        and p1_0.category_id in (?, ?)
2026-03-22T12:20:22.514+05:30 DEBUG 9156 --- [product-service] [http-nio-8082-exec-5] org.hibernate.SQL                        : 
    select
        c1_0.id,
        c1_0.created_at,
        c1_0.description,
        c1_0.display_order,
        c1_0.image_url,
        c1_0.is_active,
        c1_0.name,
        c1_0.parent_id,
        c1_0.slug 
    from
        categories c1_0 
    where
        c1_0.parent_id=? 
        and c1_0.is_active
2026-03-22T12:20:22.525+05:30  WARN 9156 --- [product-service] [http-nio-8082-exec-5] org.hibernate.orm.query                  : HHH90003004: firstResult/maxResults specified with collection fetch; applying in memory
2026-03-22T12:20:22.528+05:30 DEBUG 9156 --- [product-service] [http-nio-8082-exec-5] org.hibernate.SQL                        : 
    select
        distinct p1_0.id,
        p1_0.attributes,
        p1_0.average_rating,
        p1_0.brand_name,
        p1_0.category_id,
        c1_0.id,
        c1_0.created_at,
        c1_0.description,
        c1_0.display_order,
        c1_0.image_url,
        c1_0.is_active,
        c1_0.name,
        c1_0.parent_id,
        c1_0.slug,
        p1_0.compare_at_price,
        p1_0.cost_price,
        p1_0.created_at,
        p1_0.description,
        i1_0.product_id,
        i1_0.id,
        i1_0.alt_text,
        i1_0.display_order,
        i1_0.image_url,
        i1_0.is_primary,
        i2_0.id,
        i2_0.last_updated,
        i2_0.low_stock_threshold,
        i2_0.product_id,
        i2_0.quantity,
        i2_0.reserved_quantity,
        i2_0.warehouse_location,
        p1_0.name,
        p1_0.price,
        p1_0.review_count,
        p1_0.short_description,
        p1_0.sku,
        p1_0.sold_count,
        p1_0.status,
        p1_0.tags,
        p1_0.updated_at,
        p1_0.version,
        p1_0.view_count,
        p1_0.weight 
    from
        products p1_0 
    left join
        product_images i1_0 
            on p1_0.id=i1_0.product_id 
    left join
        inventories i2_0 
            on p1_0.id=i2_0.product_id 
    left join
        categories c1_0 
            on c1_0.id=p1_0.category_id 
    where
        p1_0.status=? 
        and (
            ? is null 
            or c1_0.id=?
        ) 
        and (
            ? is null 
            or lower(p1_0.brand_name)=lower(?)
        ) 
        and (
            ? is null 
            or p1_0.price>=?
        ) 
        and (
            ? is null 
            or p1_0.price<=?
        ) 
        and (
            ? is null 
            or lower(p1_0.name) like lower(concat('%', ?, '%')) escape '' 
            or lower(p1_0.brand_name) like lower(concat('%', ?, '%')) escape ''
        ) 
        and (
            ? is null 
            or (
                ?=1 
                and i2_0.quantity>0
            ) 
            or (
                ?=0 
                and i2_0.quantity=0
            )
        ) 
    order by
        p1_0.average_rating desc
2026-03-22T12:20:22.540+05:30 DEBUG 9156 --- [product-service] [http-nio-8082-exec-5] org.hibernate.SQL                        : 
    select
        count(distinct p1_0.id) 
    from
        products p1_0 
    left join
        product_images i1_0 
            on p1_0.id=i1_0.product_id 
    left join
        inventories i2_0 
            on p1_0.id=i2_0.product_id 
    left join
        categories c1_0 
            on c1_0.id=p1_0.category_id 
    where
        p1_0.status=? 
        and (
            ? is null 
            or c1_0.id=?
        ) 
        and (
            ? is null 
            or lower(p1_0.brand_name)=lower(?)
        ) 
        and (
            ? is null 
            or p1_0.price>=?
        ) 
        and (
            ? is null 
            or p1_0.price<=?
        ) 
        and (
            ? is null 
            or lower(p1_0.name) like lower(concat('%', ?, '%')) escape '' 
            or lower(p1_0.brand_name) like lower(concat('%', ?, '%')) escape ''
        ) 
        and (
            ? is null 
            or (
                ?=1 
                and i2_0.quantity>0
            ) 
            or (
                ?=0 
                and i2_0.quantity=0
            )
        )
2026-03-22T12:20:23.624+05:30 DEBUG 9156 --- [product-service] [http-nio-8082-exec-6] org.hibernate.SQL                        : 
    select
        c1_0.id,
        c1_0.created_at,
        c1_0.description,
        c1_0.display_order,
        c1_0.image_url,
        c1_0.is_active,
        c1_0.name,
        c1_0.parent_id,
        c1_0.slug 
    from
        categories c1_0 
    where
        c1_0.parent_id=? 
        and c1_0.is_active
2026-03-22T12:20:23.627+05:30  WARN 9156 --- [product-service] [http-nio-8082-exec-6] org.hibernate.orm.query                  : HHH90003004: firstResult/maxResults specified with collection fetch; applying in memory
2026-03-22T12:20:23.628+05:30 DEBUG 9156 --- [product-service] [http-nio-8082-exec-6] org.hibernate.SQL                        : 
    select
        distinct p1_0.id,
        p1_0.attributes,
        p1_0.average_rating,
        p1_0.brand_name,
        p1_0.category_id,
        c1_0.id,
        c1_0.created_at,
        c1_0.description,
        c1_0.display_order,
        c1_0.image_url,
        c1_0.is_active,
        c1_0.name,
        c1_0.parent_id,
        c1_0.slug,
        p1_0.compare_at_price,
        p1_0.cost_price,
        p1_0.created_at,
        p1_0.description,
        i1_0.product_id,
        i1_0.id,
        i1_0.alt_text,
        i1_0.display_order,
        i1_0.image_url,
        i1_0.is_primary,
        i2_0.id,
        i2_0.last_updated,
        i2_0.low_stock_threshold,
        i2_0.product_id,
        i2_0.quantity,
        i2_0.reserved_quantity,
        i2_0.warehouse_location,
        p1_0.name,
        p1_0.price,
        p1_0.review_count,
        p1_0.short_description,
        p1_0.sku,
        p1_0.sold_count,
        p1_0.status,
        p1_0.tags,
        p1_0.updated_at,
        p1_0.version,
        p1_0.view_count,
        p1_0.weight 
    from
        products p1_0 
    left join
        product_images i1_0 
            on p1_0.id=i1_0.product_id 
    left join
        inventories i2_0 
            on p1_0.id=i2_0.product_id 
    left join
        categories c1_0 
            on c1_0.id=p1_0.category_id 
    where
        p1_0.status=? 
        and (
            ? is null 
            or c1_0.id=?
        ) 
        and (
            ? is null 
            or lower(p1_0.brand_name)=lower(?)
        ) 
        and (
            ? is null 
            or p1_0.price>=?
        ) 
        and (
            ? is null 
            or p1_0.price<=?
        ) 
        and (
            ? is null 
            or lower(p1_0.name) like lower(concat('%', ?, '%')) escape '' 
            or lower(p1_0.brand_name) like lower(concat('%', ?, '%')) escape ''
        ) 
        and (
            ? is null 
            or (
                ?=1 
                and i2_0.quantity>0
            ) 
            or (
                ?=0 
                and i2_0.quantity=0
            )
        ) 
    order by
        p1_0.average_rating desc
2026-03-22T12:20:23.636+05:30 DEBUG 9156 --- [product-service] [http-nio-8082-exec-6] org.hibernate.SQL                        : 
    select
        count(distinct p1_0.id) 
    from
        products p1_0 
    left join
        product_images i1_0 
            on p1_0.id=i1_0.product_id 
    left join
        inventories i2_0 
            on p1_0.id=i2_0.product_id 
    left join
        categories c1_0 
            on c1_0.id=p1_0.category_id 
    where
        p1_0.status=? 
        and (
            ? is null 
            or c1_0.id=?
        ) 
        and (
            ? is null 
            or lower(p1_0.brand_name)=lower(?)
        ) 
        and (
            ? is null 
            or p1_0.price>=?
        ) 
        and (
            ? is null 
            or p1_0.price<=?
        ) 
        and (
            ? is null 
            or lower(p1_0.name) like lower(concat('%', ?, '%')) escape '' 
            or lower(p1_0.brand_name) like lower(concat('%', ?, '%')) escape ''
        ) 
        and (
            ? is null 
            or (
                ?=1 
                and i2_0.quantity>0
            ) 
            or (
                ?=0 
                and i2_0.quantity=0
            )
        )
2026-03-22T12:20:25.693+05:30  WARN 9156 --- [product-service] [http-nio-8082-exec-7] org.hibernate.orm.query                  : HHH90003004: firstResult/maxResults specified with collection fetch; applying in memory
2026-03-22T12:20:25.694+05:30 DEBUG 9156 --- [product-service] [http-nio-8082-exec-7] org.hibernate.SQL                        : 
    select
        distinct p1_0.id,
        p1_0.attributes,
        p1_0.average_rating,
        p1_0.brand_name,
        p1_0.category_id,
        c1_0.id,
        c1_0.created_at,
        c1_0.description,
        c1_0.display_order,
        c1_0.image_url,
        c1_0.is_active,
        c1_0.name,
        c1_0.parent_id,
        c1_0.slug,
        p1_0.compare_at_price,
        p1_0.cost_price,
        p1_0.created_at,
        p1_0.description,
        i1_0.product_id,
        i1_0.id,
        i1_0.alt_text,
        i1_0.display_order,
        i1_0.image_url,
        i1_0.is_primary,
        i2_0.id,
        i2_0.last_updated,
        i2_0.low_stock_threshold,
        i2_0.product_id,
        i2_0.quantity,
        i2_0.reserved_quantity,
        i2_0.warehouse_location,
        p1_0.name,
        p1_0.price,
        p1_0.review_count,
        p1_0.short_description,
        p1_0.sku,
        p1_0.sold_count,
        p1_0.status,
        p1_0.tags,
        p1_0.updated_at,
        p1_0.version,
        p1_0.view_count,
        p1_0.weight 
    from
        products p1_0 
    left join
        product_images i1_0 
            on p1_0.id=i1_0.product_id 
    left join
        inventories i2_0 
            on p1_0.id=i2_0.product_id 
    left join
        categories c1_0 
            on c1_0.id=p1_0.category_id 
    where
        p1_0.status=? 
        and (
            ? is null 
            or c1_0.id=?
        ) 
        and (
            ? is null 
            or lower(p1_0.brand_name)=lower(?)
        ) 
        and (
            ? is null 
            or p1_0.price>=?
        ) 
        and (
            ? is null 
            or p1_0.price<=?
        ) 
        and (
            ? is null 
            or lower(p1_0.name) like lower(concat('%', ?, '%')) escape '' 
            or lower(p1_0.brand_name) like lower(concat('%', ?, '%')) escape ''
        ) 
        and (
            ? is null 
            or (
                ?=1 
                and i2_0.quantity>0
            ) 
            or (
                ?=0 
                and i2_0.quantity=0
            )
        ) 
    order by
        p1_0.created_at desc
2026-03-22T12:20:25.720+05:30 DEBUG 9156 --- [product-service] [http-nio-8082-exec-7] org.hibernate.SQL                        : 
    select
        count(distinct p1_0.id) 
    from
        products p1_0 
    left join
        product_images i1_0 
            on p1_0.id=i1_0.product_id 
    left join
        inventories i2_0 
            on p1_0.id=i2_0.product_id 
    left join
        categories c1_0 
            on c1_0.id=p1_0.category_id 
    where
        p1_0.status=? 
        and (
            ? is null 
            or c1_0.id=?
        ) 
        and (
            ? is null 
            or lower(p1_0.brand_name)=lower(?)
        ) 
        and (
            ? is null 
            or p1_0.price>=?
        ) 
        and (
            ? is null 
            or p1_0.price<=?
        ) 
        and (
            ? is null 
            or lower(p1_0.name) like lower(concat('%', ?, '%')) escape '' 
            or lower(p1_0.brand_name) like lower(concat('%', ?, '%')) escape ''
        ) 
        and (
            ? is null 
            or (
                ?=1 
                and i2_0.quantity>0
            ) 
            or (
                ?=0 
                and i2_0.quantity=0
            )
        )
2026-03-22T12:20:28.622+05:30  WARN 9156 --- [product-service] [http-nio-8082-exec-8] org.hibernate.orm.query                  : HHH90003004: firstResult/maxResults specified with collection fetch; applying in memory
2026-03-22T12:20:28.624+05:30 DEBUG 9156 --- [product-service] [http-nio-8082-exec-8] org.hibernate.SQL                        : 
    select
        distinct p1_0.id,
        p1_0.attributes,
        p1_0.average_rating,
        p1_0.brand_name,
        p1_0.category_id,
        c1_0.id,
        c1_0.created_at,
        c1_0.description,
        c1_0.display_order,
        c1_0.image_url,
        c1_0.is_active,
        c1_0.name,
        c1_0.parent_id,
        c1_0.slug,
        p1_0.compare_at_price,
        p1_0.cost_price,
        p1_0.created_at,
        p1_0.description,
        i1_0.product_id,
        i1_0.id,
        i1_0.alt_text,
        i1_0.display_order,
        i1_0.image_url,
        i1_0.is_primary,
        i2_0.id,
        i2_0.last_updated,
        i2_0.low_stock_threshold,
        i2_0.product_id,
        i2_0.quantity,
        i2_0.reserved_quantity,
        i2_0.warehouse_location,
        p1_0.name,
        p1_0.price,
        p1_0.review_count,
        p1_0.short_description,
        p1_0.sku,
        p1_0.sold_count,
        p1_0.status,
        p1_0.tags,
        p1_0.updated_at,
        p1_0.version,
        p1_0.view_count,
        p1_0.weight 
    from
        products p1_0 
    left join
        product_images i1_0 
            on p1_0.id=i1_0.product_id 
    left join
        inventories i2_0 
            on p1_0.id=i2_0.product_id 
    left join
        categories c1_0 
            on c1_0.id=p1_0.category_id 
    where
        p1_0.status=? 
        and (
            ? is null 
            or c1_0.id=?
        ) 
        and (
            ? is null 
            or lower(p1_0.brand_name)=lower(?)
        ) 
        and (
            ? is null 
            or p1_0.price>=?
        ) 
        and (
            ? is null 
            or p1_0.price<=?
        ) 
        and (
            ? is null 
            or lower(p1_0.name) like lower(concat('%', ?, '%')) escape '' 
            or lower(p1_0.brand_name) like lower(concat('%', ?, '%')) escape ''
        ) 
        and (
            ? is null 
            or (
                ?=1 
                and i2_0.quantity>0
            ) 
            or (
                ?=0 
                and i2_0.quantity=0
            )
        ) 
    order by
        p1_0.average_rating desc
2026-03-22T12:20:28.645+05:30 DEBUG 9156 --- [product-service] [http-nio-8082-exec-8] org.hibernate.SQL                        : 
    select
        count(distinct p1_0.id) 
    from
        products p1_0 
    left join
        product_images i1_0 
            on p1_0.id=i1_0.product_id 
    left join
        inventories i2_0 
            on p1_0.id=i2_0.product_id 
    left join
        categories c1_0 
            on c1_0.id=p1_0.category_id 
    where
        p1_0.status=? 
        and (
            ? is null 
            or c1_0.id=?
        ) 
        and (
            ? is null 
            or lower(p1_0.brand_name)=lower(?)
        ) 
        and (
            ? is null 
            or p1_0.price>=?
        ) 
        and (
            ? is null 
            or p1_0.price<=?
        ) 
        and (
            ? is null 
            or lower(p1_0.name) like lower(concat('%', ?, '%')) escape '' 
            or lower(p1_0.brand_name) like lower(concat('%', ?, '%')) escape ''
        ) 
        and (
            ? is null 
            or (
                ?=1 
                and i2_0.quantity>0
            ) 
            or (
                ?=0 
                and i2_0.quantity=0
            )
        )
2026-03-22T12:20:32.271+05:30  WARN 9156 --- [product-service] [http-nio-8082-exec-9] org.hibernate.orm.query                  : HHH90003004: firstResult/maxResults specified with collection fetch; applying in memory
2026-03-22T12:20:32.273+05:30 DEBUG 9156 --- [product-service] [http-nio-8082-exec-9] org.hibernate.SQL                        : 
    select
        distinct p1_0.id,
        p1_0.attributes,
        p1_0.average_rating,
        p1_0.brand_name,
        p1_0.category_id,
        c1_0.id,
        c1_0.created_at,
        c1_0.description,
        c1_0.display_order,
        c1_0.image_url,
        c1_0.is_active,
        c1_0.name,
        c1_0.parent_id,
        c1_0.slug,
        p1_0.compare_at_price,
        p1_0.cost_price,
        p1_0.created_at,
        p1_0.description,
        i1_0.product_id,
        i1_0.id,
        i1_0.alt_text,
        i1_0.display_order,
        i1_0.image_url,
        i1_0.is_primary,
        i2_0.id,
        i2_0.last_updated,
        i2_0.low_stock_threshold,
        i2_0.product_id,
        i2_0.quantity,
        i2_0.reserved_quantity,
        i2_0.warehouse_location,
        p1_0.name,
        p1_0.price,
        p1_0.review_count,
        p1_0.short_description,
        p1_0.sku,
        p1_0.sold_count,
        p1_0.status,
        p1_0.tags,
        p1_0.updated_at,
        p1_0.version,
        p1_0.view_count,
        p1_0.weight 
    from
        products p1_0 
    left join
        product_images i1_0 
            on p1_0.id=i1_0.product_id 
    left join
        inventories i2_0 
            on p1_0.id=i2_0.product_id 
    left join
        categories c1_0 
            on c1_0.id=p1_0.category_id 
    where
        p1_0.status=? 
        and (
            ? is null 
            or c1_0.id=?
        ) 
        and (
            ? is null 
            or lower(p1_0.brand_name)=lower(?)
        ) 
        and (
            ? is null 
            or p1_0.price>=?
        ) 
        and (
            ? is null 
            or p1_0.price<=?
        ) 
        and (
            ? is null 
            or lower(p1_0.name) like lower(concat('%', ?, '%')) escape '' 
            or lower(p1_0.brand_name) like lower(concat('%', ?, '%')) escape ''
        ) 
        and (
            ? is null 
            or (
                ?=1 
                and i2_0.quantity>0
            ) 
            or (
                ?=0 
                and i2_0.quantity=0
            )
        ) 
    order by
        p1_0.average_rating desc
2026-03-22T12:20:32.297+05:30 DEBUG 9156 --- [product-service] [http-nio-8082-exec-9] org.hibernate.SQL                        : 
    select
        count(distinct p1_0.id) 
    from
        products p1_0 
    left join
        product_images i1_0 
            on p1_0.id=i1_0.product_id 
    left join
        inventories i2_0 
            on p1_0.id=i2_0.product_id 
    left join
        categories c1_0 
            on c1_0.id=p1_0.category_id 
    where
        p1_0.status=? 
        and (
            ? is null 
            or c1_0.id=?
        ) 
        and (
            ? is null 
            or lower(p1_0.brand_name)=lower(?)
        ) 
        and (
            ? is null 
            or p1_0.price>=?
        ) 
        and (
            ? is null 
            or p1_0.price<=?
        ) 
        and (
            ? is null 
            or lower(p1_0.name) like lower(concat('%', ?, '%')) escape '' 
            or lower(p1_0.brand_name) like lower(concat('%', ?, '%')) escape ''
        ) 
        and (
            ? is null 
            or (
                ?=1 
                and i2_0.quantity>0
            ) 
            or (
                ?=0 
                and i2_0.quantity=0
            )
        )
2026-03-22T12:20:34.318+05:30  WARN 9156 --- [product-service] [http-nio-8082-exec-10] org.hibernate.orm.query                  : HHH90003004: firstResult/maxResults specified with collection fetch; applying in memory
2026-03-22T12:20:34.319+05:30 DEBUG 9156 --- [product-service] [http-nio-8082-exec-10] org.hibernate.SQL                        : 
    select
        distinct p1_0.id,
        p1_0.attributes,
        p1_0.average_rating,
        p1_0.brand_name,
        p1_0.category_id,
        c1_0.id,
        c1_0.created_at,
        c1_0.description,
        c1_0.display_order,
        c1_0.image_url,
        c1_0.is_active,
        c1_0.name,
        c1_0.parent_id,
        c1_0.slug,
        p1_0.compare_at_price,
        p1_0.cost_price,
        p1_0.created_at,
        p1_0.description,
        i1_0.product_id,
        i1_0.id,
        i1_0.alt_text,
        i1_0.display_order,
        i1_0.image_url,
        i1_0.is_primary,
        i2_0.id,
        i2_0.last_updated,
        i2_0.low_stock_threshold,
        i2_0.product_id,
        i2_0.quantity,
        i2_0.reserved_quantity,
        i2_0.warehouse_location,
        p1_0.name,
        p1_0.price,
        p1_0.review_count,
        p1_0.short_description,
        p1_0.sku,
        p1_0.sold_count,
        p1_0.status,
        p1_0.tags,
        p1_0.updated_at,
        p1_0.version,
        p1_0.view_count,
        p1_0.weight 
    from
        products p1_0 
    left join
        product_images i1_0 
            on p1_0.id=i1_0.product_id 
    left join
        inventories i2_0 
            on p1_0.id=i2_0.product_id 
    left join
        categories c1_0 
            on c1_0.id=p1_0.category_id 
    where
        p1_0.status=? 
        and (
            ? is null 
            or c1_0.id=?
        ) 
        and (
            ? is null 
            or lower(p1_0.brand_name)=lower(?)
        ) 
        and (
            ? is null 
            or p1_0.price>=?
        ) 
        and (
            ? is null 
            or p1_0.price<=?
        ) 
        and (
            ? is null 
            or lower(p1_0.name) like lower(concat('%', ?, '%')) escape '' 
            or lower(p1_0.brand_name) like lower(concat('%', ?, '%')) escape ''
        ) 
        and (
            ? is null 
            or (
                ?=1 
                and i2_0.quantity>0
            ) 
            or (
                ?=0 
                and i2_0.quantity=0
            )
        ) 
    order by
        p1_0.average_rating desc
2026-03-22T12:20:34.343+05:30 DEBUG 9156 --- [product-service] [http-nio-8082-exec-10] org.hibernate.SQL                        : 
    select
        count(distinct p1_0.id) 
    from
        products p1_0 
    left join
        product_images i1_0 
            on p1_0.id=i1_0.product_id 
    left join
        inventories i2_0 
            on p1_0.id=i2_0.product_id 
    left join
        categories c1_0 
            on c1_0.id=p1_0.category_id 
    where
        p1_0.status=? 
        and (
            ? is null 
            or c1_0.id=?
        ) 
        and (
            ? is null 
            or lower(p1_0.brand_name)=lower(?)
        ) 
        and (
            ? is null 
            or p1_0.price>=?
        ) 
        and (
            ? is null 
            or p1_0.price<=?
        ) 
        and (
            ? is null 
            or lower(p1_0.name) like lower(concat('%', ?, '%')) escape '' 
            or lower(p1_0.brand_name) like lower(concat('%', ?, '%')) escape ''
        ) 
        and (
            ? is null 
            or (
                ?=1 
                and i2_0.quantity>0
            ) 
            or (
                ?=0 
                and i2_0.quantity=0
            )
        )
2026-03-22T12:20:37.102+05:30  WARN 9156 --- [product-service] [http-nio-8082-exec-1] org.hibernate.orm.query                  : HHH90003004: firstResult/maxResults specified with collection fetch; applying in memory
2026-03-22T12:20:37.103+05:30 DEBUG 9156 --- [product-service] [http-nio-8082-exec-1] org.hibernate.SQL                        : 
    select
        distinct p1_0.id,
        p1_0.attributes,
        p1_0.average_rating,
        p1_0.brand_name,
        p1_0.category_id,
        c1_0.id,
        c1_0.created_at,
        c1_0.description,
        c1_0.display_order,
        c1_0.image_url,
        c1_0.is_active,
        c1_0.name,
        c1_0.parent_id,
        c1_0.slug,
        p1_0.compare_at_price,
        p1_0.cost_price,
        p1_0.created_at,
        p1_0.description,
        i1_0.product_id,
        i1_0.id,
        i1_0.alt_text,
        i1_0.display_order,
        i1_0.image_url,
        i1_0.is_primary,
        i2_0.id,
        i2_0.last_updated,
        i2_0.low_stock_threshold,
        i2_0.product_id,
        i2_0.quantity,
        i2_0.reserved_quantity,
        i2_0.warehouse_location,
        p1_0.name,
        p1_0.price,
        p1_0.review_count,
        p1_0.short_description,
        p1_0.sku,
        p1_0.sold_count,
        p1_0.status,
        p1_0.tags,
        p1_0.updated_at,
        p1_0.version,
        p1_0.view_count,
        p1_0.weight 
    from
        products p1_0 
    left join
        product_images i1_0 
            on p1_0.id=i1_0.product_id 
    left join
        inventories i2_0 
            on p1_0.id=i2_0.product_id 
    left join
        categories c1_0 
            on c1_0.id=p1_0.category_id 
    where
        p1_0.status=? 
        and (
            ? is null 
            or c1_0.id=?
        ) 
        and (
            ? is null 
            or lower(p1_0.brand_name)=lower(?)
        ) 
        and (
            ? is null 
            or p1_0.price>=?
        ) 
        and (
            ? is null 
            or p1_0.price<=?
        ) 
        and (
            ? is null 
            or lower(p1_0.name) like lower(concat('%', ?, '%')) escape '' 
            or lower(p1_0.brand_name) like lower(concat('%', ?, '%')) escape ''
        ) 
        and (
            ? is null 
            or (
                ?=1 
                and i2_0.quantity>0
            ) 
            or (
                ?=0 
                and i2_0.quantity=0
            )
        ) 
    order by
        p1_0.average_rating desc
2026-03-22T12:20:37.195+05:30 DEBUG 9156 --- [product-service] [http-nio-8082-exec-1] org.hibernate.SQL                        : 
    select
        count(distinct p1_0.id) 
    from
        products p1_0 
    left join
        product_images i1_0 
            on p1_0.id=i1_0.product_id 
    left join
        inventories i2_0 
            on p1_0.id=i2_0.product_id 
    left join
        categories c1_0 
            on c1_0.id=p1_0.category_id 
    where
        p1_0.status=? 
        and (
            ? is null 
            or c1_0.id=?
        ) 
        and (
            ? is null 
            or lower(p1_0.brand_name)=lower(?)
        ) 
        and (
            ? is null 
            or p1_0.price>=?
        ) 
        and (
            ? is null 
            or p1_0.price<=?
        ) 
        and (
            ? is null 
            or lower(p1_0.name) like lower(concat('%', ?, '%')) escape '' 
            or lower(p1_0.brand_name) like lower(concat('%', ?, '%')) escape ''
        ) 
        and (
            ? is null 
            or (
                ?=1 
                and i2_0.quantity>0
            ) 
            or (
                ?=0 
                and i2_0.quantity=0
            )
        )
2026-03-22T12:20:39.888+05:30  WARN 9156 --- [product-service] [http-nio-8082-exec-2] org.hibernate.orm.query                  : HHH90003004: firstResult/maxResults specified with collection fetch; applying in memory
2026-03-22T12:20:39.889+05:30 DEBUG 9156 --- [product-service] [http-nio-8082-exec-2] org.hibernate.SQL                        : 
    select
        distinct p1_0.id,
        p1_0.attributes,
        p1_0.average_rating,
        p1_0.brand_name,
        p1_0.category_id,
        c1_0.id,
        c1_0.created_at,
        c1_0.description,
        c1_0.display_order,
        c1_0.image_url,
        c1_0.is_active,
        c1_0.name,
        c1_0.parent_id,
        c1_0.slug,
        p1_0.compare_at_price,
        p1_0.cost_price,
        p1_0.created_at,
        p1_0.description,
        i1_0.product_id,
        i1_0.id,
        i1_0.alt_text,
        i1_0.display_order,
        i1_0.image_url,
        i1_0.is_primary,
        i2_0.id,
        i2_0.last_updated,
        i2_0.low_stock_threshold,
        i2_0.product_id,
        i2_0.quantity,
        i2_0.reserved_quantity,
        i2_0.warehouse_location,
        p1_0.name,
        p1_0.price,
        p1_0.review_count,
        p1_0.short_description,
        p1_0.sku,
        p1_0.sold_count,
        p1_0.status,
        p1_0.tags,
        p1_0.updated_at,
        p1_0.version,
        p1_0.view_count,
        p1_0.weight 
    from
        products p1_0 
    left join
        product_images i1_0 
            on p1_0.id=i1_0.product_id 
    left join
        inventories i2_0 
            on p1_0.id=i2_0.product_id 
    left join
        categories c1_0 
            on c1_0.id=p1_0.category_id 
    where
        p1_0.status=? 
        and (
            ? is null 
            or c1_0.id=?
        ) 
        and (
            ? is null 
            or lower(p1_0.brand_name)=lower(?)
        ) 
        and (
            ? is null 
            or p1_0.price>=?
        ) 
        and (
            ? is null 
            or p1_0.price<=?
        ) 
        and (
            ? is null 
            or lower(p1_0.name) like lower(concat('%', ?, '%')) escape '' 
            or lower(p1_0.brand_name) like lower(concat('%', ?, '%')) escape ''
        ) 
        and (
            ? is null 
            or (
                ?=1 
                and i2_0.quantity>0
            ) 
            or (
                ?=0 
                and i2_0.quantity=0
            )
        ) 
    order by
        p1_0.average_rating desc
2026-03-22T12:20:39.907+05:30 DEBUG 9156 --- [product-service] [http-nio-8082-exec-2] org.hibernate.SQL                        : 
    select
        count(distinct p1_0.id) 
    from
        products p1_0 
    left join
        product_images i1_0 
            on p1_0.id=i1_0.product_id 
    left join
        inventories i2_0 
            on p1_0.id=i2_0.product_id 
    left join
        categories c1_0 
            on c1_0.id=p1_0.category_id 
    where
        p1_0.status=? 
        and (
            ? is null 
            or c1_0.id=?
        ) 
        and (
            ? is null 
            or lower(p1_0.brand_name)=lower(?)
        ) 
        and (
            ? is null 
            or p1_0.price>=?
        ) 
        and (
            ? is null 
            or p1_0.price<=?
        ) 
        and (
            ? is null 
            or lower(p1_0.name) like lower(concat('%', ?, '%')) escape '' 
            or lower(p1_0.brand_name) like lower(concat('%', ?, '%')) escape ''
        ) 
        and (
            ? is null 
            or (
                ?=1 
                and i2_0.quantity>0
            ) 
            or (
                ?=0 
                and i2_0.quantity=0
            )
        )
2026-03-22T12:20:42.262+05:30  WARN 9156 --- [product-service] [http-nio-8082-exec-3] org.hibernate.orm.query                  : HHH90003004: firstResult/maxResults specified with collection fetch; applying in memory
2026-03-22T12:20:42.263+05:30 DEBUG 9156 --- [product-service] [http-nio-8082-exec-3] org.hibernate.SQL                        : 
    select
        distinct p1_0.id,
        p1_0.attributes,
        p1_0.average_rating,
        p1_0.brand_name,
        p1_0.category_id,
        c1_0.id,
        c1_0.created_at,
        c1_0.description,
        c1_0.display_order,
        c1_0.image_url,
        c1_0.is_active,
        c1_0.name,
        c1_0.parent_id,
        c1_0.slug,
        p1_0.compare_at_price,
        p1_0.cost_price,
        p1_0.created_at,
        p1_0.description,
        i1_0.product_id,
        i1_0.id,
        i1_0.alt_text,
        i1_0.display_order,
        i1_0.image_url,
        i1_0.is_primary,
        i2_0.id,
        i2_0.last_updated,
        i2_0.low_stock_threshold,
        i2_0.product_id,
        i2_0.quantity,
        i2_0.reserved_quantity,
        i2_0.warehouse_location,
        p1_0.name,
        p1_0.price,
        p1_0.review_count,
        p1_0.short_description,
        p1_0.sku,
        p1_0.sold_count,
        p1_0.status,
        p1_0.tags,
        p1_0.updated_at,
        p1_0.version,
        p1_0.view_count,
        p1_0.weight 
    from
        products p1_0 
    left join
        product_images i1_0 
            on p1_0.id=i1_0.product_id 
    left join
        inventories i2_0 
            on p1_0.id=i2_0.product_id 
    left join
        categories c1_0 
            on c1_0.id=p1_0.category_id 
    where
        p1_0.status=? 
        and (
            ? is null 
            or c1_0.id=?
        ) 
        and (
            ? is null 
            or lower(p1_0.brand_name)=lower(?)
        ) 
        and (
            ? is null 
            or p1_0.price>=?
        ) 
        and (
            ? is null 
            or p1_0.price<=?
        ) 
        and (
            ? is null 
            or lower(p1_0.name) like lower(concat('%', ?, '%')) escape '' 
            or lower(p1_0.brand_name) like lower(concat('%', ?, '%')) escape ''
        ) 
        and (
            ? is null 
            or (
                ?=1 
                and i2_0.quantity>0
            ) 
            or (
                ?=0 
                and i2_0.quantity=0
            )
        ) 
    order by
        p1_0.average_rating desc
2026-03-22T12:20:42.280+05:30 DEBUG 9156 --- [product-service] [http-nio-8082-exec-3] org.hibernate.SQL                        : 
    select
        count(distinct p1_0.id) 
    from
        products p1_0 
    left join
        product_images i1_0 
            on p1_0.id=i1_0.product_id 
    left join
        inventories i2_0 
            on p1_0.id=i2_0.product_id 
    left join
        categories c1_0 
            on c1_0.id=p1_0.category_id 
    where
        p1_0.status=? 
        and (
            ? is null 
            or c1_0.id=?
        ) 
        and (
            ? is null 
            or lower(p1_0.brand_name)=lower(?)
        ) 
        and (
            ? is null 
            or p1_0.price>=?
        ) 
        and (
            ? is null 
            or p1_0.price<=?
        ) 
        and (
            ? is null 
            or lower(p1_0.name) like lower(concat('%', ?, '%')) escape '' 
            or lower(p1_0.brand_name) like lower(concat('%', ?, '%')) escape ''
        ) 
        and (
            ? is null 
            or (
                ?=1 
                and i2_0.quantity>0
            ) 
            or (
                ?=0 
                and i2_0.quantity=0
            )
        )
2026-03-22T12:20:44.000+05:30  WARN 9156 --- [product-service] [http-nio-8082-exec-5] org.hibernate.orm.query                  : HHH90003004: firstResult/maxResults specified with collection fetch; applying in memory
2026-03-22T12:20:44.001+05:30 DEBUG 9156 --- [product-service] [http-nio-8082-exec-5] org.hibernate.SQL                        : 
    select
        distinct p1_0.id,
        p1_0.attributes,
        p1_0.average_rating,
        p1_0.brand_name,
        p1_0.category_id,
        c1_0.id,
        c1_0.created_at,
        c1_0.description,
        c1_0.display_order,
        c1_0.image_url,
        c1_0.is_active,
        c1_0.name,
        c1_0.parent_id,
        c1_0.slug,
        p1_0.compare_at_price,
        p1_0.cost_price,
        p1_0.created_at,
        p1_0.description,
        i1_0.product_id,
        i1_0.id,
        i1_0.alt_text,
        i1_0.display_order,
        i1_0.image_url,
        i1_0.is_primary,
        i2_0.id,
        i2_0.last_updated,
        i2_0.low_stock_threshold,
        i2_0.product_id,
        i2_0.quantity,
        i2_0.reserved_quantity,
        i2_0.warehouse_location,
        p1_0.name,
        p1_0.price,
        p1_0.review_count,
        p1_0.short_description,
        p1_0.sku,
        p1_0.sold_count,
        p1_0.status,
        p1_0.tags,
        p1_0.updated_at,
        p1_0.version,
        p1_0.view_count,
        p1_0.weight 
    from
        products p1_0 
    left join
        product_images i1_0 
            on p1_0.id=i1_0.product_id 
    left join
        inventories i2_0 
            on p1_0.id=i2_0.product_id 
    left join
        categories c1_0 
            on c1_0.id=p1_0.category_id 
    where
        p1_0.status=? 
        and (
            ? is null 
            or c1_0.id=?
        ) 
        and (
            ? is null 
            or lower(p1_0.brand_name)=lower(?)
        ) 
        and (
            ? is null 
            or p1_0.price>=?
        ) 
        and (
            ? is null 
            or p1_0.price<=?
        ) 
        and (
            ? is null 
            or lower(p1_0.name) like lower(concat('%', ?, '%')) escape '' 
            or lower(p1_0.brand_name) like lower(concat('%', ?, '%')) escape ''
        ) 
        and (
            ? is null 
            or (
                ?=1 
                and i2_0.quantity>0
            ) 
            or (
                ?=0 
                and i2_0.quantity=0
            )
        ) 
    order by
        p1_0.average_rating desc
2026-03-22T12:20:44.016+05:30 DEBUG 9156 --- [product-service] [http-nio-8082-exec-5] org.hibernate.SQL                        : 
    select
        count(distinct p1_0.id) 
    from
        products p1_0 
    left join
        product_images i1_0 
            on p1_0.id=i1_0.product_id 
    left join
        inventories i2_0 
            on p1_0.id=i2_0.product_id 
    left join
        categories c1_0 
            on c1_0.id=p1_0.category_id 
    where
        p1_0.status=? 
        and (
            ? is null 
            or c1_0.id=?
        ) 
        and (
            ? is null 
            or lower(p1_0.brand_name)=lower(?)
        ) 
        and (
            ? is null 
            or p1_0.price>=?
        ) 
        and (
            ? is null 
            or p1_0.price<=?
        ) 
        and (
            ? is null 
            or lower(p1_0.name) like lower(concat('%', ?, '%')) escape '' 
            or lower(p1_0.brand_name) like lower(concat('%', ?, '%')) escape ''
        ) 
        and (
            ? is null 
            or (
                ?=1 
                and i2_0.quantity>0
            ) 
            or (
                ?=0 
                and i2_0.quantity=0
            )
        )
2026-03-22T12:20:46.989+05:30  WARN 9156 --- [product-service] [http-nio-8082-exec-6] org.hibernate.orm.query                  : HHH90003004: firstResult/maxResults specified with collection fetch; applying in memory
2026-03-22T12:20:46.989+05:30 DEBUG 9156 --- [product-service] [http-nio-8082-exec-6] org.hibernate.SQL                        : 
    select
        distinct p1_0.id,
        p1_0.attributes,
        p1_0.average_rating,
        p1_0.brand_name,
        p1_0.category_id,
        c1_0.id,
        c1_0.created_at,
        c1_0.description,
        c1_0.display_order,
        c1_0.image_url,
        c1_0.is_active,
        c1_0.name,
        c1_0.parent_id,
        c1_0.slug,
        p1_0.compare_at_price,
        p1_0.cost_price,
        p1_0.created_at,
        p1_0.description,
        i1_0.product_id,
        i1_0.id,
        i1_0.alt_text,
        i1_0.display_order,
        i1_0.image_url,
        i1_0.is_primary,
        i2_0.id,
        i2_0.last_updated,
        i2_0.low_stock_threshold,
        i2_0.product_id,
        i2_0.quantity,
        i2_0.reserved_quantity,
        i2_0.warehouse_location,
        p1_0.name,
        p1_0.price,
        p1_0.review_count,
        p1_0.short_description,
        p1_0.sku,
        p1_0.sold_count,
        p1_0.status,
        p1_0.tags,
        p1_0.updated_at,
        p1_0.version,
        p1_0.view_count,
        p1_0.weight 
    from
        products p1_0 
    left join
        product_images i1_0 
            on p1_0.id=i1_0.product_id 
    left join
        inventories i2_0 
            on p1_0.id=i2_0.product_id 
    left join
        categories c1_0 
            on c1_0.id=p1_0.category_id 
    where
        p1_0.status=? 
        and (
            ? is null 
            or c1_0.id=?
        ) 
        and (
            ? is null 
            or lower(p1_0.brand_name)=lower(?)
        ) 
        and (
            ? is null 
            or p1_0.price>=?
        ) 
        and (
            ? is null 
            or p1_0.price<=?
        ) 
        and (
            ? is null 
            or lower(p1_0.name) like lower(concat('%', ?, '%')) escape '' 
            or lower(p1_0.brand_name) like lower(concat('%', ?, '%')) escape ''
        ) 
        and (
            ? is null 
            or (
                ?=1 
                and i2_0.quantity>0
            ) 
            or (
                ?=0 
                and i2_0.quantity=0
            )
        ) 
    order by
        p1_0.created_at desc
2026-03-22T12:20:47.005+05:30 DEBUG 9156 --- [product-service] [http-nio-8082-exec-6] org.hibernate.SQL                        : 
    select
        count(distinct p1_0.id) 
    from
        products p1_0 
    left join
        product_images i1_0 
            on p1_0.id=i1_0.product_id 
    left join
        inventories i2_0 
            on p1_0.id=i2_0.product_id 
    left join
        categories c1_0 
            on c1_0.id=p1_0.category_id 
    where
        p1_0.status=? 
        and (
            ? is null 
            or c1_0.id=?
        ) 
        and (
            ? is null 
            or lower(p1_0.brand_name)=lower(?)
        ) 
        and (
            ? is null 
            or p1_0.price>=?
        ) 
        and (
            ? is null 
            or p1_0.price<=?
        ) 
        and (
            ? is null 
            or lower(p1_0.name) like lower(concat('%', ?, '%')) escape '' 
            or lower(p1_0.brand_name) like lower(concat('%', ?, '%')) escape ''
        ) 
        and (
            ? is null 
            or (
                ?=1 
                and i2_0.quantity>0
            ) 
            or (
                ?=0 
                and i2_0.quantity=0
            )
        )
2026-03-22T12:22:47.880+05:30  INFO 9156 --- [product-service] [AsyncResolver-bootstrap-executor-0] c.n.d.s.r.aws.ConfigClusterResolver      : Resolving eureka endpoints via configuration
2026-03-22T12:27:47.892+05:30  INFO 9156 --- [product-service] [AsyncResolver-bootstrap-executor-0] c.n.d.s.r.aws.ConfigClusterResolver      : Resolving eureka endpoints via configuration
2026-03-22T12:32:47.900+05:30  INFO 9156 --- [product-service] [AsyncResolver-bootstrap-executor-0] c.n.d.s.r.aws.ConfigClusterResolver      : Resolving eureka endpoints via configuration
2026-03-22T12:37:47.914+05:30  INFO 9156 --- [product-service] [AsyncResolver-bootstrap-executor-0] c.n.d.s.r.aws.ConfigClusterResolver      : Resolving eureka endpoints via configuration
2026-03-22T12:42:47.937+05:30  INFO 9156 --- [product-service] [AsyncResolver-bootstrap-executor-0] c.n.d.s.r.aws.ConfigClusterResolver      : Resolving eureka endpoints via configuration
2026-03-22T12:47:48.075+05:30  INFO 9156 --- [product-service] [AsyncResolver-bootstrap-executor-0] c.n.d.s.r.aws.ConfigClusterResolver      : Resolving eureka endpoints via configuration
2026-03-22T12:52:48.078+05:30  INFO 9156 --- [product-service] [AsyncResolver-bootstrap-executor-0] c.n.d.s.r.aws.ConfigClusterResolver      : Resolving eureka endpoints via configuration
2026-03-22T12:57:48.113+05:30  INFO 9156 --- [product-service] [AsyncResolver-bootstrap-executor-0] c.n.d.s.r.aws.ConfigClusterResolver      : Resolving eureka endpoints via configuration
2026-03-22T13:02:48.156+05:30  INFO 9156 --- [product-service] [AsyncResolver-bootstrap-executor-0] c.n.d.s.r.aws.ConfigClusterResolver      : Resolving eureka endpoints via configuration
2026-03-22T13:07:48.184+05:30  INFO 9156 --- [product-service] [AsyncResolver-bootstrap-executor-0] c.n.d.s.r.aws.ConfigClusterResolver      : Resolving eureka endpoints via configuration
2026-03-22T13:12:48.373+05:30  INFO 9156 --- [product-service] [AsyncResolver-bootstrap-executor-0] c.n.d.s.r.aws.ConfigClusterResolver      : Resolving eureka endpoints via configuration
2026-03-22T13:17:48.982+05:30  INFO 9156 --- [product-service] [AsyncResolver-bootstrap-executor-0] c.n.d.s.r.aws.ConfigClusterResolver      : Resolving eureka endpoints via configuration
2026-03-22T13:21:27.257+05:30  WARN 9156 --- [product-service] [http-nio-8082-exec-9] org.hibernate.orm.query                  : HHH90003004: firstResult/maxResults specified with collection fetch; applying in memory
2026-03-22T13:21:27.312+05:30 DEBUG 9156 --- [product-service] [http-nio-8082-exec-10] org.hibernate.SQL                        : 
    select
        c1_0.id,
        c1_0.created_at,
        c1_0.description,
        c1_0.display_order,
        c1_0.image_url,
        c1_0.is_active,
        c1_0.name,
        c1_0.parent_id,
        c1_0.slug 
    from
        categories c1_0 
    where
        c1_0.is_active 
    order by
        c1_0.display_order
2026-03-22T13:21:27.313+05:30 DEBUG 9156 --- [product-service] [http-nio-8082-exec-9] org.hibernate.SQL                        : 
    select
        distinct p1_0.id,
        p1_0.attributes,
        p1_0.average_rating,
        p1_0.brand_name,
        p1_0.category_id,
        c1_0.id,
        c1_0.created_at,
        c1_0.description,
        c1_0.display_order,
        c1_0.image_url,
        c1_0.is_active,
        c1_0.name,
        c1_0.parent_id,
        c1_0.slug,
        p1_0.compare_at_price,
        p1_0.cost_price,
        p1_0.created_at,
        p1_0.description,
        i1_0.product_id,
        i1_0.id,
        i1_0.alt_text,
        i1_0.display_order,
        i1_0.image_url,
        i1_0.is_primary,
        i2_0.id,
        i2_0.last_updated,
        i2_0.low_stock_threshold,
        i2_0.product_id,
        i2_0.quantity,
        i2_0.reserved_quantity,
        i2_0.warehouse_location,
        p1_0.name,
        p1_0.price,
        p1_0.review_count,
        p1_0.short_description,
        p1_0.sku,
        p1_0.sold_count,
        p1_0.status,
        p1_0.tags,
        p1_0.updated_at,
        p1_0.version,
        p1_0.view_count,
        p1_0.weight 
    from
        products p1_0 
    left join
        product_images i1_0 
            on p1_0.id=i1_0.product_id 
    left join
        inventories i2_0 
            on p1_0.id=i2_0.product_id 
    left join
        categories c1_0 
            on c1_0.id=p1_0.category_id 
    where
        p1_0.status=? 
        and (
            ? is null 
            or c1_0.id=?
        ) 
        and (
            ? is null 
            or lower(p1_0.brand_name)=lower(?)
        ) 
        and (
            ? is null 
            or p1_0.price>=?
        ) 
        and (
            ? is null 
            or p1_0.price<=?
        ) 
        and (
            ? is null 
            or lower(p1_0.name) like lower(concat('%', ?, '%')) escape '' 
            or lower(p1_0.brand_name) like lower(concat('%', ?, '%')) escape ''
        ) 
        and (
            ? is null 
            or (
                ?=1 
                and i2_0.quantity>0
            ) 
            or (
                ?=0 
                and i2_0.quantity=0
            )
        ) 
    order by
        p1_0.created_at desc
2026-03-22T13:21:27.473+05:30 DEBUG 9156 --- [product-service] [http-nio-8082-exec-9] org.hibernate.SQL                        : 
    select
        count(distinct p1_0.id) 
    from
        products p1_0 
    left join
        product_images i1_0 
            on p1_0.id=i1_0.product_id 
    left join
        inventories i2_0 
            on p1_0.id=i2_0.product_id 
    left join
        categories c1_0 
            on c1_0.id=p1_0.category_id 
    where
        p1_0.status=? 
        and (
            ? is null 
            or c1_0.id=?
        ) 
        and (
            ? is null 
            or lower(p1_0.brand_name)=lower(?)
        ) 
        and (
            ? is null 
            or p1_0.price>=?
        ) 
        and (
            ? is null 
            or p1_0.price<=?
        ) 
        and (
            ? is null 
            or lower(p1_0.name) like lower(concat('%', ?, '%')) escape '' 
            or lower(p1_0.brand_name) like lower(concat('%', ?, '%')) escape ''
        ) 
        and (
            ? is null 
            or (
                ?=1 
                and i2_0.quantity>0
            ) 
            or (
                ?=0 
                and i2_0.quantity=0
            )
        )
2026-03-22T13:22:48.998+05:30  INFO 9156 --- [product-service] [AsyncResolver-bootstrap-executor-0] c.n.d.s.r.aws.ConfigClusterResolver      : Resolving eureka endpoints via configuration
2026-03-22T13:27:49.106+05:30  INFO 9156 --- [product-service] [AsyncResolver-bootstrap-executor-0] c.n.d.s.r.aws.ConfigClusterResolver      : Resolving eureka endpoints via configuration
2026-03-22T13:32:49.114+05:30  INFO 9156 --- [product-service] [AsyncResolver-bootstrap-executor-0] c.n.d.s.r.aws.ConfigClusterResolver      : Resolving eureka endpoints via configuration
2026-03-22T13:37:49.144+05:30  INFO 9156 --- [product-service] [AsyncResolver-bootstrap-executor-0] c.n.d.s.r.aws.ConfigClusterResolver      : Resolving eureka endpoints via configuration
2026-03-22T13:40:57.945+05:30  WARN 9156 --- [product-service] [http-nio-8082-exec-3] org.hibernate.orm.query                  : HHH90003004: firstResult/maxResults specified with collection fetch; applying in memory
2026-03-22T13:40:57.994+05:30 DEBUG 9156 --- [product-service] [http-nio-8082-exec-4] org.hibernate.SQL                        : 
    select
        c1_0.id,
        c1_0.created_at,
        c1_0.description,
        c1_0.display_order,
        c1_0.image_url,
        c1_0.is_active,
        c1_0.name,
        c1_0.parent_id,
        c1_0.slug 
    from
        categories c1_0 
    where
        c1_0.is_active 
    order by
        c1_0.display_order
2026-03-22T13:40:58.080+05:30 DEBUG 9156 --- [product-service] [http-nio-8082-exec-3] org.hibernate.SQL                        : 
    select
        distinct p1_0.id,
        p1_0.attributes,
        p1_0.average_rating,
        p1_0.brand_name,
        p1_0.category_id,
        c1_0.id,
        c1_0.created_at,
        c1_0.description,
        c1_0.display_order,
        c1_0.image_url,
        c1_0.is_active,
        c1_0.name,
        c1_0.parent_id,
        c1_0.slug,
        p1_0.compare_at_price,
        p1_0.cost_price,
        p1_0.created_at,
        p1_0.description,
        i1_0.product_id,
        i1_0.id,
        i1_0.alt_text,
        i1_0.display_order,
        i1_0.image_url,
        i1_0.is_primary,
        i2_0.id,
        i2_0.last_updated,
        i2_0.low_stock_threshold,
        i2_0.product_id,
        i2_0.quantity,
        i2_0.reserved_quantity,
        i2_0.warehouse_location,
        p1_0.name,
        p1_0.price,
        p1_0.review_count,
        p1_0.short_description,
        p1_0.sku,
        p1_0.sold_count,
        p1_0.status,
        p1_0.tags,
        p1_0.updated_at,
        p1_0.version,
        p1_0.view_count,
        p1_0.weight 
    from
        products p1_0 
    left join
        product_images i1_0 
            on p1_0.id=i1_0.product_id 
    left join
        inventories i2_0 
            on p1_0.id=i2_0.product_id 
    left join
        categories c1_0 
            on c1_0.id=p1_0.category_id 
    where
        p1_0.status=? 
        and (
            ? is null 
            or c1_0.id=?
        ) 
        and (
            ? is null 
            or lower(p1_0.brand_name)=lower(?)
        ) 
        and (
            ? is null 
            or p1_0.price>=?
        ) 
        and (
            ? is null 
            or p1_0.price<=?
        ) 
        and (
            ? is null 
            or lower(p1_0.name) like lower(concat('%', ?, '%')) escape '' 
            or lower(p1_0.brand_name) like lower(concat('%', ?, '%')) escape ''
        ) 
        and (
            ? is null 
            or (
                ?=1 
                and i2_0.quantity>0
            ) 
            or (
                ?=0 
                and i2_0.quantity=0
            )
        ) 
    order by
        p1_0.created_at desc
2026-03-22T13:40:58.266+05:30 DEBUG 9156 --- [product-service] [http-nio-8082-exec-3] org.hibernate.SQL                        : 
    select
        count(distinct p1_0.id) 
    from
        products p1_0 
    left join
        product_images i1_0 
            on p1_0.id=i1_0.product_id 
    left join
        inventories i2_0 
            on p1_0.id=i2_0.product_id 
    left join
        categories c1_0 
            on c1_0.id=p1_0.category_id 
    where
        p1_0.status=? 
        and (
            ? is null 
            or c1_0.id=?
        ) 
        and (
            ? is null 
            or lower(p1_0.brand_name)=lower(?)
        ) 
        and (
            ? is null 
            or p1_0.price>=?
        ) 
        and (
            ? is null 
            or p1_0.price<=?
        ) 
        and (
            ? is null 
            or lower(p1_0.name) like lower(concat('%', ?, '%')) escape '' 
            or lower(p1_0.brand_name) like lower(concat('%', ?, '%')) escape ''
        ) 
        and (
            ? is null 
            or (
                ?=1 
                and i2_0.quantity>0
            ) 
            or (
                ?=0 
                and i2_0.quantity=0
            )
        )
2026-03-22T13:41:16.038+05:30  WARN 9156 --- [product-service] [http-nio-8082-exec-6] org.hibernate.orm.query                  : HHH90003004: firstResult/maxResults specified with collection fetch; applying in memory
2026-03-22T13:41:16.039+05:30 DEBUG 9156 --- [product-service] [http-nio-8082-exec-6] org.hibernate.SQL                        : 
    select
        distinct p1_0.id,
        p1_0.attributes,
        p1_0.average_rating,
        p1_0.brand_name,
        p1_0.category_id,
        c1_0.id,
        c1_0.created_at,
        c1_0.description,
        c1_0.display_order,
        c1_0.image_url,
        c1_0.is_active,
        c1_0.name,
        c1_0.parent_id,
        c1_0.slug,
        p1_0.compare_at_price,
        p1_0.cost_price,
        p1_0.created_at,
        p1_0.description,
        i1_0.product_id,
        i1_0.id,
        i1_0.alt_text,
        i1_0.display_order,
        i1_0.image_url,
        i1_0.is_primary,
        i2_0.id,
        i2_0.last_updated,
        i2_0.low_stock_threshold,
        i2_0.product_id,
        i2_0.quantity,
        i2_0.reserved_quantity,
        i2_0.warehouse_location,
        p1_0.name,
        p1_0.price,
        p1_0.review_count,
        p1_0.short_description,
        p1_0.sku,
        p1_0.sold_count,
        p1_0.status,
        p1_0.tags,
        p1_0.updated_at,
        p1_0.version,
        p1_0.view_count,
        p1_0.weight 
    from
        products p1_0 
    left join
        product_images i1_0 
            on p1_0.id=i1_0.product_id 
    left join
        inventories i2_0 
            on p1_0.id=i2_0.product_id 
    left join
        categories c1_0 
            on c1_0.id=p1_0.category_id 
    where
        p1_0.status=? 
        and (
            ? is null 
            or c1_0.id=?
        ) 
        and (
            ? is null 
            or lower(p1_0.brand_name)=lower(?)
        ) 
        and (
            ? is null 
            or p1_0.price>=?
        ) 
        and (
            ? is null 
            or p1_0.price<=?
        ) 
        and (
            ? is null 
            or lower(p1_0.name) like lower(concat('%', ?, '%')) escape '' 
            or lower(p1_0.brand_name) like lower(concat('%', ?, '%')) escape ''
        ) 
        and (
            ? is null 
            or (
                ?=1 
                and i2_0.quantity>0
            ) 
            or (
                ?=0 
                and i2_0.quantity=0
            )
        ) 
    order by
        p1_0.created_at desc
2026-03-22T13:41:16.045+05:30 DEBUG 9156 --- [product-service] [http-nio-8082-exec-5] org.hibernate.SQL                        : 
    select
        c1_0.id,
        c1_0.created_at,
        c1_0.description,
        c1_0.display_order,
        c1_0.image_url,
        c1_0.is_active,
        c1_0.name,
        c1_0.parent_id,
        c1_0.slug 
    from
        categories c1_0 
    where
        c1_0.is_active 
    order by
        c1_0.display_order
2026-03-22T13:41:16.091+05:30 DEBUG 9156 --- [product-service] [http-nio-8082-exec-6] org.hibernate.SQL                        : 
    select
        count(distinct p1_0.id) 
    from
        products p1_0 
    left join
        product_images i1_0 
            on p1_0.id=i1_0.product_id 
    left join
        inventories i2_0 
            on p1_0.id=i2_0.product_id 
    left join
        categories c1_0 
            on c1_0.id=p1_0.category_id 
    where
        p1_0.status=? 
        and (
            ? is null 
            or c1_0.id=?
        ) 
        and (
            ? is null 
            or lower(p1_0.brand_name)=lower(?)
        ) 
        and (
            ? is null 
            or p1_0.price>=?
        ) 
        and (
            ? is null 
            or p1_0.price<=?
        ) 
        and (
            ? is null 
            or lower(p1_0.name) like lower(concat('%', ?, '%')) escape '' 
            or lower(p1_0.brand_name) like lower(concat('%', ?, '%')) escape ''
        ) 
        and (
            ? is null 
            or (
                ?=1 
                and i2_0.quantity>0
            ) 
            or (
                ?=0 
                and i2_0.quantity=0
            )
        )
2026-03-22T13:41:26.370+05:30 DEBUG 9156 --- [product-service] [http-nio-8082-exec-7] org.hibernate.SQL                        : 
    select
        c1_0.id,
        c1_0.created_at,
        c1_0.description,
        c1_0.display_order,
        c1_0.image_url,
        c1_0.is_active,
        c1_0.name,
        c1_0.parent_id,
        c1_0.slug 
    from
        categories c1_0 
    where
        c1_0.parent_id=? 
        and c1_0.is_active
2026-03-22T13:41:26.379+05:30  WARN 9156 --- [product-service] [http-nio-8082-exec-7] org.hibernate.orm.query                  : HHH90003004: firstResult/maxResults specified with collection fetch; applying in memory
2026-03-22T13:41:26.381+05:30 DEBUG 9156 --- [product-service] [http-nio-8082-exec-7] org.hibernate.SQL                        : 
    select
        distinct p1_0.id,
        p1_0.attributes,
        p1_0.average_rating,
        p1_0.brand_name,
        p1_0.category_id,
        c1_0.id,
        c1_0.created_at,
        c1_0.description,
        c1_0.display_order,
        c1_0.image_url,
        c1_0.is_active,
        c1_0.name,
        c1_0.parent_id,
        c1_0.slug,
        p1_0.compare_at_price,
        p1_0.cost_price,
        p1_0.created_at,
        p1_0.description,
        i1_0.product_id,
        i1_0.id,
        i1_0.alt_text,
        i1_0.display_order,
        i1_0.image_url,
        i1_0.is_primary,
        i2_0.id,
        i2_0.last_updated,
        i2_0.low_stock_threshold,
        i2_0.product_id,
        i2_0.quantity,
        i2_0.reserved_quantity,
        i2_0.warehouse_location,
        p1_0.name,
        p1_0.price,
        p1_0.review_count,
        p1_0.short_description,
        p1_0.sku,
        p1_0.sold_count,
        p1_0.status,
        p1_0.tags,
        p1_0.updated_at,
        p1_0.version,
        p1_0.view_count,
        p1_0.weight 
    from
        products p1_0 
    left join
        product_images i1_0 
            on p1_0.id=i1_0.product_id 
    left join
        inventories i2_0 
            on p1_0.id=i2_0.product_id 
    left join
        categories c1_0 
            on c1_0.id=p1_0.category_id 
    where
        p1_0.status=? 
        and (
            ? is null 
            or c1_0.id=?
        ) 
        and (
            ? is null 
            or lower(p1_0.brand_name)=lower(?)
        ) 
        and (
            ? is null 
            or p1_0.price>=?
        ) 
        and (
            ? is null 
            or p1_0.price<=?
        ) 
        and (
            ? is null 
            or lower(p1_0.name) like lower(concat('%', ?, '%')) escape '' 
            or lower(p1_0.brand_name) like lower(concat('%', ?, '%')) escape ''
        ) 
        and (
            ? is null 
            or (
                ?=1 
                and i2_0.quantity>0
            ) 
            or (
                ?=0 
                and i2_0.quantity=0
            )
        ) 
    order by
        p1_0.created_at desc
2026-03-22T13:41:26.394+05:30 DEBUG 9156 --- [product-service] [http-nio-8082-exec-7] org.hibernate.SQL                        : 
    select
        count(distinct p1_0.id) 
    from
        products p1_0 
    left join
        product_images i1_0 
            on p1_0.id=i1_0.product_id 
    left join
        inventories i2_0 
            on p1_0.id=i2_0.product_id 
    left join
        categories c1_0 
            on c1_0.id=p1_0.category_id 
    where
        p1_0.status=? 
        and (
            ? is null 
            or c1_0.id=?
        ) 
        and (
            ? is null 
            or lower(p1_0.brand_name)=lower(?)
        ) 
        and (
            ? is null 
            or p1_0.price>=?
        ) 
        and (
            ? is null 
            or p1_0.price<=?
        ) 
        and (
            ? is null 
            or lower(p1_0.name) like lower(concat('%', ?, '%')) escape '' 
            or lower(p1_0.brand_name) like lower(concat('%', ?, '%')) escape ''
        ) 
        and (
            ? is null 
            or (
                ?=1 
                and i2_0.quantity>0
            ) 
            or (
                ?=0 
                and i2_0.quantity=0
            )
        )
2026-03-22T13:41:46.754+05:30 DEBUG 9156 --- [product-service] [http-nio-8082-exec-8] org.hibernate.SQL                        : 
    select
        c1_0.id,
        c1_0.created_at,
        c1_0.description,
        c1_0.display_order,
        c1_0.image_url,
        c1_0.is_active,
        c1_0.name,
        c1_0.parent_id,
        c1_0.slug 
    from
        categories c1_0 
    where
        c1_0.parent_id=? 
        and c1_0.is_active
2026-03-22T13:41:46.759+05:30  WARN 9156 --- [product-service] [http-nio-8082-exec-8] org.hibernate.orm.query                  : HHH90003004: firstResult/maxResults specified with collection fetch; applying in memory
2026-03-22T13:41:46.760+05:30 DEBUG 9156 --- [product-service] [http-nio-8082-exec-8] org.hibernate.SQL                        : 
    select
        distinct p1_0.id,
        p1_0.attributes,
        p1_0.average_rating,
        p1_0.brand_name,
        p1_0.category_id,
        c1_0.id,
        c1_0.created_at,
        c1_0.description,
        c1_0.display_order,
        c1_0.image_url,
        c1_0.is_active,
        c1_0.name,
        c1_0.parent_id,
        c1_0.slug,
        p1_0.compare_at_price,
        p1_0.cost_price,
        p1_0.created_at,
        p1_0.description,
        i1_0.product_id,
        i1_0.id,
        i1_0.alt_text,
        i1_0.display_order,
        i1_0.image_url,
        i1_0.is_primary,
        i2_0.id,
        i2_0.last_updated,
        i2_0.low_stock_threshold,
        i2_0.product_id,
        i2_0.quantity,
        i2_0.reserved_quantity,
        i2_0.warehouse_location,
        p1_0.name,
        p1_0.price,
        p1_0.review_count,
        p1_0.short_description,
        p1_0.sku,
        p1_0.sold_count,
        p1_0.status,
        p1_0.tags,
        p1_0.updated_at,
        p1_0.version,
        p1_0.view_count,
        p1_0.weight 
    from
        products p1_0 
    left join
        product_images i1_0 
            on p1_0.id=i1_0.product_id 
    left join
        inventories i2_0 
            on p1_0.id=i2_0.product_id 
    left join
        categories c1_0 
            on c1_0.id=p1_0.category_id 
    where
        p1_0.status=? 
        and (
            ? is null 
            or c1_0.id=?
        ) 
        and (
            ? is null 
            or lower(p1_0.brand_name)=lower(?)
        ) 
        and (
            ? is null 
            or p1_0.price>=?
        ) 
        and (
            ? is null 
            or p1_0.price<=?
        ) 
        and (
            ? is null 
            or lower(p1_0.name) like lower(concat('%', ?, '%')) escape '' 
            or lower(p1_0.brand_name) like lower(concat('%', ?, '%')) escape ''
        ) 
        and (
            ? is null 
            or (
                ?=1 
                and i2_0.quantity>0
            ) 
            or (
                ?=0 
                and i2_0.quantity=0
            )
        ) 
    order by
        p1_0.created_at desc
2026-03-22T13:41:46.767+05:30 DEBUG 9156 --- [product-service] [http-nio-8082-exec-8] org.hibernate.SQL                        : 
    select
        count(distinct p1_0.id) 
    from
        products p1_0 
    left join
        product_images i1_0 
            on p1_0.id=i1_0.product_id 
    left join
        inventories i2_0 
            on p1_0.id=i2_0.product_id 
    left join
        categories c1_0 
            on c1_0.id=p1_0.category_id 
    where
        p1_0.status=? 
        and (
            ? is null 
            or c1_0.id=?
        ) 
        and (
            ? is null 
            or lower(p1_0.brand_name)=lower(?)
        ) 
        and (
            ? is null 
            or p1_0.price>=?
        ) 
        and (
            ? is null 
            or p1_0.price<=?
        ) 
        and (
            ? is null 
            or lower(p1_0.name) like lower(concat('%', ?, '%')) escape '' 
            or lower(p1_0.brand_name) like lower(concat('%', ?, '%')) escape ''
        ) 
        and (
            ? is null 
            or (
                ?=1 
                and i2_0.quantity>0
            ) 
            or (
                ?=0 
                and i2_0.quantity=0
            )
        )
2026-03-22T13:42:49.613+05:30  INFO 9156 --- [product-service] [AsyncResolver-bootstrap-executor-0] c.n.d.s.r.aws.ConfigClusterResolver      : Resolving eureka endpoints via configuration
2026-03-22T13:45:14.376+05:30  WARN 9156 --- [product-service] [http-nio-8082-exec-2] org.hibernate.orm.query                  : HHH90003004: firstResult/maxResults specified with collection fetch; applying in memory
2026-03-22T13:45:14.380+05:30 DEBUG 9156 --- [product-service] [http-nio-8082-exec-2] org.hibernate.SQL                        : 
    select
        distinct p1_0.id,
        p1_0.attributes,
        p1_0.average_rating,
        p1_0.brand_name,
        p1_0.category_id,
        c1_0.id,
        c1_0.created_at,
        c1_0.description,
        c1_0.display_order,
        c1_0.image_url,
        c1_0.is_active,
        c1_0.name,
        c1_0.parent_id,
        c1_0.slug,
        p1_0.compare_at_price,
        p1_0.cost_price,
        p1_0.created_at,
        p1_0.description,
        i1_0.product_id,
        i1_0.id,
        i1_0.alt_text,
        i1_0.display_order,
        i1_0.image_url,
        i1_0.is_primary,
        i2_0.id,
        i2_0.last_updated,
        i2_0.low_stock_threshold,
        i2_0.product_id,
        i2_0.quantity,
        i2_0.reserved_quantity,
        i2_0.warehouse_location,
        p1_0.name,
        p1_0.price,
        p1_0.review_count,
        p1_0.short_description,
        p1_0.sku,
        p1_0.sold_count,
        p1_0.status,
        p1_0.tags,
        p1_0.updated_at,
        p1_0.version,
        p1_0.view_count,
        p1_0.weight 
    from
        products p1_0 
    left join
        product_images i1_0 
            on p1_0.id=i1_0.product_id 
    left join
        inventories i2_0 
            on p1_0.id=i2_0.product_id 
    left join
        categories c1_0 
            on c1_0.id=p1_0.category_id 
    where
        p1_0.status=? 
        and (
            ? is null 
            or c1_0.id=?
        ) 
        and (
            ? is null 
            or lower(p1_0.brand_name)=lower(?)
        ) 
        and (
            ? is null 
            or p1_0.price>=?
        ) 
        and (
            ? is null 
            or p1_0.price<=?
        ) 
        and (
            ? is null 
            or lower(p1_0.name) like lower(concat('%', ?, '%')) escape '' 
            or lower(p1_0.brand_name) like lower(concat('%', ?, '%')) escape ''
        ) 
        and (
            ? is null 
            or (
                ?=1 
                and i2_0.quantity>0
            ) 
            or (
                ?=0 
                and i2_0.quantity=0
            )
        ) 
    order by
        p1_0.created_at desc
2026-03-22T13:45:14.381+05:30 DEBUG 9156 --- [product-service] [http-nio-8082-exec-1] org.hibernate.SQL                        : 
    select
        c1_0.id,
        c1_0.created_at,
        c1_0.description,
        c1_0.display_order,
        c1_0.image_url,
        c1_0.is_active,
        c1_0.name,
        c1_0.parent_id,
        c1_0.slug 
    from
        categories c1_0 
    where
        c1_0.is_active 
    order by
        c1_0.display_order
2026-03-22T13:45:14.415+05:30 DEBUG 9156 --- [product-service] [http-nio-8082-exec-2] org.hibernate.SQL                        : 
    select
        count(distinct p1_0.id) 
    from
        products p1_0 
    left join
        product_images i1_0 
            on p1_0.id=i1_0.product_id 
    left join
        inventories i2_0 
            on p1_0.id=i2_0.product_id 
    left join
        categories c1_0 
            on c1_0.id=p1_0.category_id 
    where
        p1_0.status=? 
        and (
            ? is null 
            or c1_0.id=?
        ) 
        and (
            ? is null 
            or lower(p1_0.brand_name)=lower(?)
        ) 
        and (
            ? is null 
            or p1_0.price>=?
        ) 
        and (
            ? is null 
            or p1_0.price<=?
        ) 
        and (
            ? is null 
            or lower(p1_0.name) like lower(concat('%', ?, '%')) escape '' 
            or lower(p1_0.brand_name) like lower(concat('%', ?, '%')) escape ''
        ) 
        and (
            ? is null 
            or (
                ?=1 
                and i2_0.quantity>0
            ) 
            or (
                ?=0 
                and i2_0.quantity=0
            )
        )
2026-03-22T13:45:25.508+05:30 DEBUG 9156 --- [product-service] [http-nio-8082-exec-4] org.hibernate.SQL                        : 
    select
        c1_0.id,
        c1_0.created_at,
        c1_0.description,
        c1_0.display_order,
        c1_0.image_url,
        c1_0.is_active,
        c1_0.name,
        c1_0.parent_id,
        c1_0.slug 
    from
        categories c1_0 
    where
        c1_0.is_active 
    order by
        c1_0.display_order
2026-03-22T13:45:25.512+05:30  WARN 9156 --- [product-service] [http-nio-8082-exec-3] org.hibernate.orm.query                  : HHH90003004: firstResult/maxResults specified with collection fetch; applying in memory
2026-03-22T13:45:25.513+05:30 DEBUG 9156 --- [product-service] [http-nio-8082-exec-3] org.hibernate.SQL                        : 
    select
        distinct p1_0.id,
        p1_0.attributes,
        p1_0.average_rating,
        p1_0.brand_name,
        p1_0.category_id,
        c1_0.id,
        c1_0.created_at,
        c1_0.description,
        c1_0.display_order,
        c1_0.image_url,
        c1_0.is_active,
        c1_0.name,
        c1_0.parent_id,
        c1_0.slug,
        p1_0.compare_at_price,
        p1_0.cost_price,
        p1_0.created_at,
        p1_0.description,
        i1_0.product_id,
        i1_0.id,
        i1_0.alt_text,
        i1_0.display_order,
        i1_0.image_url,
        i1_0.is_primary,
        i2_0.id,
        i2_0.last_updated,
        i2_0.low_stock_threshold,
        i2_0.product_id,
        i2_0.quantity,
        i2_0.reserved_quantity,
        i2_0.warehouse_location,
        p1_0.name,
        p1_0.price,
        p1_0.review_count,
        p1_0.short_description,
        p1_0.sku,
        p1_0.sold_count,
        p1_0.status,
        p1_0.tags,
        p1_0.updated_at,
        p1_0.version,
        p1_0.view_count,
        p1_0.weight 
    from
        products p1_0 
    left join
        product_images i1_0 
            on p1_0.id=i1_0.product_id 
    left join
        inventories i2_0 
            on p1_0.id=i2_0.product_id 
    left join
        categories c1_0 
            on c1_0.id=p1_0.category_id 
    where
        p1_0.status=? 
        and (
            ? is null 
            or c1_0.id=?
        ) 
        and (
            ? is null 
            or lower(p1_0.brand_name)=lower(?)
        ) 
        and (
            ? is null 
            or p1_0.price>=?
        ) 
        and (
            ? is null 
            or p1_0.price<=?
        ) 
        and (
            ? is null 
            or lower(p1_0.name) like lower(concat('%', ?, '%')) escape '' 
            or lower(p1_0.brand_name) like lower(concat('%', ?, '%')) escape ''
        ) 
        and (
            ? is null 
            or (
                ?=1 
                and i2_0.quantity>0
            ) 
            or (
                ?=0 
                and i2_0.quantity=0
            )
        ) 
    order by
        p1_0.created_at desc
2026-03-22T13:45:25.546+05:30 DEBUG 9156 --- [product-service] [http-nio-8082-exec-3] org.hibernate.SQL                        : 
    select
        count(distinct p1_0.id) 
    from
        products p1_0 
    left join
        product_images i1_0 
            on p1_0.id=i1_0.product_id 
    left join
        inventories i2_0 
            on p1_0.id=i2_0.product_id 
    left join
        categories c1_0 
            on c1_0.id=p1_0.category_id 
    where
        p1_0.status=? 
        and (
            ? is null 
            or c1_0.id=?
        ) 
        and (
            ? is null 
            or lower(p1_0.brand_name)=lower(?)
        ) 
        and (
            ? is null 
            or p1_0.price>=?
        ) 
        and (
            ? is null 
            or p1_0.price<=?
        ) 
        and (
            ? is null 
            or lower(p1_0.name) like lower(concat('%', ?, '%')) escape '' 
            or lower(p1_0.brand_name) like lower(concat('%', ?, '%')) escape ''
        ) 
        and (
            ? is null 
            or (
                ?=1 
                and i2_0.quantity>0
            ) 
            or (
                ?=0 
                and i2_0.quantity=0
            )
        )
2026-03-22T13:47:49.644+05:30  INFO 9156 --- [product-service] [AsyncResolver-bootstrap-executor-0] c.n.d.s.r.aws.ConfigClusterResolver      : Resolving eureka endpoints via configuration
2026-03-22T13:52:49.784+05:30  INFO 9156 --- [product-service] [AsyncResolver-bootstrap-executor-0] c.n.d.s.r.aws.ConfigClusterResolver      : Resolving eureka endpoints via configuration
2026-03-22T13:57:49.796+05:30  INFO 9156 --- [product-service] [AsyncResolver-bootstrap-executor-0] c.n.d.s.r.aws.ConfigClusterResolver      : Resolving eureka endpoints via configuration
2026-03-22T14:02:49.815+05:30  INFO 9156 --- [product-service] [AsyncResolver-bootstrap-executor-0] c.n.d.s.r.aws.ConfigClusterResolver      : Resolving eureka endpoints via configuration
2026-03-22T14:05:24.561+05:30  WARN 9156 --- [product-service] [http-nio-8082-exec-7] org.hibernate.orm.query                  : HHH90003004: firstResult/maxResults specified with collection fetch; applying in memory
2026-03-22T14:05:24.588+05:30 DEBUG 9156 --- [product-service] [http-nio-8082-exec-8] org.hibernate.SQL                        : 
    select
        c1_0.id,
        c1_0.created_at,
        c1_0.description,
        c1_0.display_order,
        c1_0.image_url,
        c1_0.is_active,
        c1_0.name,
        c1_0.parent_id,
        c1_0.slug 
    from
        categories c1_0 
    where
        c1_0.is_active 
    order by
        c1_0.display_order
2026-03-22T14:05:24.603+05:30 DEBUG 9156 --- [product-service] [http-nio-8082-exec-7] org.hibernate.SQL                        : 
    select
        distinct p1_0.id,
        p1_0.attributes,
        p1_0.average_rating,
        p1_0.brand_name,
        p1_0.category_id,
        c1_0.id,
        c1_0.created_at,
        c1_0.description,
        c1_0.display_order,
        c1_0.image_url,
        c1_0.is_active,
        c1_0.name,
        c1_0.parent_id,
        c1_0.slug,
        p1_0.compare_at_price,
        p1_0.cost_price,
        p1_0.created_at,
        p1_0.description,
        i1_0.product_id,
        i1_0.id,
        i1_0.alt_text,
        i1_0.display_order,
        i1_0.image_url,
        i1_0.is_primary,
        i2_0.id,
        i2_0.last_updated,
        i2_0.low_stock_threshold,
        i2_0.product_id,
        i2_0.quantity,
        i2_0.reserved_quantity,
        i2_0.warehouse_location,
        p1_0.name,
        p1_0.price,
        p1_0.review_count,
        p1_0.short_description,
        p1_0.sku,
        p1_0.sold_count,
        p1_0.status,
        p1_0.tags,
        p1_0.updated_at,
        p1_0.version,
        p1_0.view_count,
        p1_0.weight 
    from
        products p1_0 
    left join
        product_images i1_0 
            on p1_0.id=i1_0.product_id 
    left join
        inventories i2_0 
            on p1_0.id=i2_0.product_id 
    left join
        categories c1_0 
            on c1_0.id=p1_0.category_id 
    where
        p1_0.status=? 
        and (
            ? is null 
            or c1_0.id=?
        ) 
        and (
            ? is null 
            or lower(p1_0.brand_name)=lower(?)
        ) 
        and (
            ? is null 
            or p1_0.price>=?
        ) 
        and (
            ? is null 
            or p1_0.price<=?
        ) 
        and (
            ? is null 
            or lower(p1_0.name) like lower(concat('%', ?, '%')) escape '' 
            or lower(p1_0.brand_name) like lower(concat('%', ?, '%')) escape ''
        ) 
        and (
            ? is null 
            or (
                ?=1 
                and i2_0.quantity>0
            ) 
            or (
                ?=0 
                and i2_0.quantity=0
            )
        ) 
    order by
        p1_0.created_at desc
2026-03-22T14:05:24.753+05:30 DEBUG 9156 --- [product-service] [http-nio-8082-exec-7] org.hibernate.SQL                        : 
    select
        count(distinct p1_0.id) 
    from
        products p1_0 
    left join
        product_images i1_0 
            on p1_0.id=i1_0.product_id 
    left join
        inventories i2_0 
            on p1_0.id=i2_0.product_id 
    left join
        categories c1_0 
            on c1_0.id=p1_0.category_id 
    where
        p1_0.status=? 
        and (
            ? is null 
            or c1_0.id=?
        ) 
        and (
            ? is null 
            or lower(p1_0.brand_name)=lower(?)
        ) 
        and (
            ? is null 
            or p1_0.price>=?
        ) 
        and (
            ? is null 
            or p1_0.price<=?
        ) 
        and (
            ? is null 
            or lower(p1_0.name) like lower(concat('%', ?, '%')) escape '' 
            or lower(p1_0.brand_name) like lower(concat('%', ?, '%')) escape ''
        ) 
        and (
            ? is null 
            or (
                ?=1 
                and i2_0.quantity>0
            ) 
            or (
                ?=0 
                and i2_0.quantity=0
            )
        )
2026-03-22T14:05:42.415+05:30 DEBUG 9156 --- [product-service] [http-nio-8082-exec-10] org.hibernate.SQL                        : 
    select
        c1_0.id,
        c1_0.created_at,
        c1_0.description,
        c1_0.display_order,
        c1_0.image_url,
        c1_0.is_active,
        c1_0.name,
        c1_0.parent_id,
        c1_0.slug 
    from
        categories c1_0 
    where
        c1_0.is_active 
    order by
        c1_0.display_order
2026-03-22T14:05:42.436+05:30  WARN 9156 --- [product-service] [http-nio-8082-exec-9] org.hibernate.orm.query                  : HHH90003004: firstResult/maxResults specified with collection fetch; applying in memory
2026-03-22T14:05:42.445+05:30 DEBUG 9156 --- [product-service] [http-nio-8082-exec-9] org.hibernate.SQL                        : 
    select
        distinct p1_0.id,
        p1_0.attributes,
        p1_0.average_rating,
        p1_0.brand_name,
        p1_0.category_id,
        c1_0.id,
        c1_0.created_at,
        c1_0.description,
        c1_0.display_order,
        c1_0.image_url,
        c1_0.is_active,
        c1_0.name,
        c1_0.parent_id,
        c1_0.slug,
        p1_0.compare_at_price,
        p1_0.cost_price,
        p1_0.created_at,
        p1_0.description,
        i1_0.product_id,
        i1_0.id,
        i1_0.alt_text,
        i1_0.display_order,
        i1_0.image_url,
        i1_0.is_primary,
        i2_0.id,
        i2_0.last_updated,
        i2_0.low_stock_threshold,
        i2_0.product_id,
        i2_0.quantity,
        i2_0.reserved_quantity,
        i2_0.warehouse_location,
        p1_0.name,
        p1_0.price,
        p1_0.review_count,
        p1_0.short_description,
        p1_0.sku,
        p1_0.sold_count,
        p1_0.status,
        p1_0.tags,
        p1_0.updated_at,
        p1_0.version,
        p1_0.view_count,
        p1_0.weight 
    from
        products p1_0 
    left join
        product_images i1_0 
            on p1_0.id=i1_0.product_id 
    left join
        inventories i2_0 
            on p1_0.id=i2_0.product_id 
    left join
        categories c1_0 
            on c1_0.id=p1_0.category_id 
    where
        p1_0.status=? 
        and (
            ? is null 
            or c1_0.id=?
        ) 
        and (
            ? is null 
            or lower(p1_0.brand_name)=lower(?)
        ) 
        and (
            ? is null 
            or p1_0.price>=?
        ) 
        and (
            ? is null 
            or p1_0.price<=?
        ) 
        and (
            ? is null 
            or lower(p1_0.name) like lower(concat('%', ?, '%')) escape '' 
            or lower(p1_0.brand_name) like lower(concat('%', ?, '%')) escape ''
        ) 
        and (
            ? is null 
            or (
                ?=1 
                and i2_0.quantity>0
            ) 
            or (
                ?=0 
                and i2_0.quantity=0
            )
        ) 
    order by
        p1_0.created_at desc
2026-03-22T14:05:42.589+05:30 DEBUG 9156 --- [product-service] [http-nio-8082-exec-9] org.hibernate.SQL                        : 
    select
        count(distinct p1_0.id) 
    from
        products p1_0 
    left join
        product_images i1_0 
            on p1_0.id=i1_0.product_id 
    left join
        inventories i2_0 
            on p1_0.id=i2_0.product_id 
    left join
        categories c1_0 
            on c1_0.id=p1_0.category_id 
    where
        p1_0.status=? 
        and (
            ? is null 
            or c1_0.id=?
        ) 
        and (
            ? is null 
            or lower(p1_0.brand_name)=lower(?)
        ) 
        and (
            ? is null 
            or p1_0.price>=?
        ) 
        and (
            ? is null 
            or p1_0.price<=?
        ) 
        and (
            ? is null 
            or lower(p1_0.name) like lower(concat('%', ?, '%')) escape '' 
            or lower(p1_0.brand_name) like lower(concat('%', ?, '%')) escape ''
        ) 
        and (
            ? is null 
            or (
                ?=1 
                and i2_0.quantity>0
            ) 
            or (
                ?=0 
                and i2_0.quantity=0
            )
        )
2026-03-22T14:06:52.932+05:30  WARN 9156 --- [product-service] [http-nio-8082-exec-3] org.hibernate.orm.query                  : HHH90003004: firstResult/maxResults specified with collection fetch; applying in memory
2026-03-22T14:06:52.942+05:30 DEBUG 9156 --- [product-service] [http-nio-8082-exec-4] org.hibernate.SQL                        : 
    select
        c1_0.id,
        c1_0.created_at,
        c1_0.description,
        c1_0.display_order,
        c1_0.image_url,
        c1_0.is_active,
        c1_0.name,
        c1_0.parent_id,
        c1_0.slug 
    from
        categories c1_0 
    where
        c1_0.is_active 
    order by
        c1_0.display_order
2026-03-22T14:06:52.943+05:30 DEBUG 9156 --- [product-service] [http-nio-8082-exec-3] org.hibernate.SQL                        : 
    select
        distinct p1_0.id,
        p1_0.attributes,
        p1_0.average_rating,
        p1_0.brand_name,
        p1_0.category_id,
        c1_0.id,
        c1_0.created_at,
        c1_0.description,
        c1_0.display_order,
        c1_0.image_url,
        c1_0.is_active,
        c1_0.name,
        c1_0.parent_id,
        c1_0.slug,
        p1_0.compare_at_price,
        p1_0.cost_price,
        p1_0.created_at,
        p1_0.description,
        i1_0.product_id,
        i1_0.id,
        i1_0.alt_text,
        i1_0.display_order,
        i1_0.image_url,
        i1_0.is_primary,
        i2_0.id,
        i2_0.last_updated,
        i2_0.low_stock_threshold,
        i2_0.product_id,
        i2_0.quantity,
        i2_0.reserved_quantity,
        i2_0.warehouse_location,
        p1_0.name,
        p1_0.price,
        p1_0.review_count,
        p1_0.short_description,
        p1_0.sku,
        p1_0.sold_count,
        p1_0.status,
        p1_0.tags,
        p1_0.updated_at,
        p1_0.version,
        p1_0.view_count,
        p1_0.weight 
    from
        products p1_0 
    left join
        product_images i1_0 
            on p1_0.id=i1_0.product_id 
    left join
        inventories i2_0 
            on p1_0.id=i2_0.product_id 
    left join
        categories c1_0 
            on c1_0.id=p1_0.category_id 
    where
        p1_0.status=? 
        and (
            ? is null 
            or c1_0.id=?
        ) 
        and (
            ? is null 
            or lower(p1_0.brand_name)=lower(?)
        ) 
        and (
            ? is null 
            or p1_0.price>=?
        ) 
        and (
            ? is null 
            or p1_0.price<=?
        ) 
        and (
            ? is null 
            or lower(p1_0.name) like lower(concat('%', ?, '%')) escape '' 
            or lower(p1_0.brand_name) like lower(concat('%', ?, '%')) escape ''
        ) 
        and (
            ? is null 
            or (
                ?=1 
                and i2_0.quantity>0
            ) 
            or (
                ?=0 
                and i2_0.quantity=0
            )
        ) 
    order by
        p1_0.created_at desc
2026-03-22T14:06:53.027+05:30 DEBUG 9156 --- [product-service] [http-nio-8082-exec-3] org.hibernate.SQL                        : 
    select
        count(distinct p1_0.id) 
    from
        products p1_0 
    left join
        product_images i1_0 
            on p1_0.id=i1_0.product_id 
    left join
        inventories i2_0 
            on p1_0.id=i2_0.product_id 
    left join
        categories c1_0 
            on c1_0.id=p1_0.category_id 
    where
        p1_0.status=? 
        and (
            ? is null 
            or c1_0.id=?
        ) 
        and (
            ? is null 
            or lower(p1_0.brand_name)=lower(?)
        ) 
        and (
            ? is null 
            or p1_0.price>=?
        ) 
        and (
            ? is null 
            or p1_0.price<=?
        ) 
        and (
            ? is null 
            or lower(p1_0.name) like lower(concat('%', ?, '%')) escape '' 
            or lower(p1_0.brand_name) like lower(concat('%', ?, '%')) escape ''
        ) 
        and (
            ? is null 
            or (
                ?=1 
                and i2_0.quantity>0
            ) 
            or (
                ?=0 
                and i2_0.quantity=0
            )
        )
2026-03-22T14:07:50.407+05:30  INFO 9156 --- [product-service] [AsyncResolver-bootstrap-executor-0] c.n.d.s.r.aws.ConfigClusterResolver      : Resolving eureka endpoints via configuration
2026-03-22T14:12:50.968+05:30  INFO 9156 --- [product-service] [AsyncResolver-bootstrap-executor-0] c.n.d.s.r.aws.ConfigClusterResolver      : Resolving eureka endpoints via configuration
2026-03-22T14:14:53.166+05:30  WARN 9156 --- [product-service] [http-nio-8082-exec-8] org.hibernate.orm.query                  : HHH90003004: firstResult/maxResults specified with collection fetch; applying in memory
2026-03-22T14:14:53.273+05:30 DEBUG 9156 --- [product-service] [http-nio-8082-exec-8] org.hibernate.SQL                        : 
    select
        distinct p1_0.id,
        p1_0.attributes,
        p1_0.average_rating,
        p1_0.brand_name,
        p1_0.category_id,
        c1_0.id,
        c1_0.created_at,
        c1_0.description,
        c1_0.display_order,
        c1_0.image_url,
        c1_0.is_active,
        c1_0.name,
        c1_0.parent_id,
        c1_0.slug,
        p1_0.compare_at_price,
        p1_0.cost_price,
        p1_0.created_at,
        p1_0.description,
        i1_0.product_id,
        i1_0.id,
        i1_0.alt_text,
        i1_0.display_order,
        i1_0.image_url,
        i1_0.is_primary,
        i2_0.id,
        i2_0.last_updated,
        i2_0.low_stock_threshold,
        i2_0.product_id,
        i2_0.quantity,
        i2_0.reserved_quantity,
        i2_0.warehouse_location,
        p1_0.name,
        p1_0.price,
        p1_0.review_count,
        p1_0.short_description,
        p1_0.sku,
        p1_0.sold_count,
        p1_0.status,
        p1_0.tags,
        p1_0.updated_at,
        p1_0.version,
        p1_0.view_count,
        p1_0.weight 
    from
        products p1_0 
    left join
        product_images i1_0 
            on p1_0.id=i1_0.product_id 
    left join
        inventories i2_0 
            on p1_0.id=i2_0.product_id 
    left join
        categories c1_0 
            on c1_0.id=p1_0.category_id 
    where
        p1_0.status=? 
        and (
            ? is null 
            or c1_0.id=?
        ) 
        and (
            ? is null 
            or lower(p1_0.brand_name)=lower(?)
        ) 
        and (
            ? is null 
            or p1_0.price>=?
        ) 
        and (
            ? is null 
            or p1_0.price<=?
        ) 
        and (
            ? is null 
            or lower(p1_0.name) like lower(concat('%', ?, '%')) escape '' 
            or lower(p1_0.brand_name) like lower(concat('%', ?, '%')) escape ''
        ) 
        and (
            ? is null 
            or (
                ?=1 
                and i2_0.quantity>0
            ) 
            or (
                ?=0 
                and i2_0.quantity=0
            )
        ) 
    order by
        p1_0.created_at desc
2026-03-22T14:14:53.618+05:30 DEBUG 9156 --- [product-service] [http-nio-8082-exec-7] org.hibernate.SQL                        : 
    select
        c1_0.id,
        c1_0.created_at,
        c1_0.description,
        c1_0.display_order,
        c1_0.image_url,
        c1_0.is_active,
        c1_0.name,
        c1_0.parent_id,
        c1_0.slug 
    from
        categories c1_0 
    where
        c1_0.is_active 
    order by
        c1_0.display_order
2026-03-22T14:14:55.174+05:30 DEBUG 9156 --- [product-service] [http-nio-8082-exec-8] org.hibernate.SQL                        : 
    select
        count(distinct p1_0.id) 
    from
        products p1_0 
    left join
        product_images i1_0 
            on p1_0.id=i1_0.product_id 
    left join
        inventories i2_0 
            on p1_0.id=i2_0.product_id 
    left join
        categories c1_0 
            on c1_0.id=p1_0.category_id 
    where
        p1_0.status=? 
        and (
            ? is null 
            or c1_0.id=?
        ) 
        and (
            ? is null 
            or lower(p1_0.brand_name)=lower(?)
        ) 
        and (
            ? is null 
            or p1_0.price>=?
        ) 
        and (
            ? is null 
            or p1_0.price<=?
        ) 
        and (
            ? is null 
            or lower(p1_0.name) like lower(concat('%', ?, '%')) escape '' 
            or lower(p1_0.brand_name) like lower(concat('%', ?, '%')) escape ''
        ) 
        and (
            ? is null 
            or (
                ?=1 
                and i2_0.quantity>0
            ) 
            or (
                ?=0 
                and i2_0.quantity=0
            )
        )
2026-03-22T14:17:51.028+05:30  INFO 9156 --- [product-service] [AsyncResolver-bootstrap-executor-0] c.n.d.s.r.aws.ConfigClusterResolver      : Resolving eureka endpoints via configuration
2026-03-22T14:22:26.384+05:30 DEBUG 9156 --- [product-service] [http-nio-8082-exec-1] org.hibernate.SQL                        : 
    select
        c1_0.id,
        c1_0.created_at,
        c1_0.description,
        c1_0.display_order,
        c1_0.image_url,
        c1_0.is_active,
        c1_0.name,
        c1_0.parent_id,
        c1_0.slug 
    from
        categories c1_0 
    where
        c1_0.is_active 
    order by
        c1_0.display_order
2026-03-22T14:22:26.381+05:30  WARN 9156 --- [product-service] [http-nio-8082-exec-2] org.hibernate.orm.query                  : HHH90003004: firstResult/maxResults specified with collection fetch; applying in memory
2026-03-22T14:22:26.485+05:30 DEBUG 9156 --- [product-service] [http-nio-8082-exec-2] org.hibernate.SQL                        : 
    select
        distinct p1_0.id,
        p1_0.attributes,
        p1_0.average_rating,
        p1_0.brand_name,
        p1_0.category_id,
        c1_0.id,
        c1_0.created_at,
        c1_0.description,
        c1_0.display_order,
        c1_0.image_url,
        c1_0.is_active,
        c1_0.name,
        c1_0.parent_id,
        c1_0.slug,
        p1_0.compare_at_price,
        p1_0.cost_price,
        p1_0.created_at,
        p1_0.description,
        i1_0.product_id,
        i1_0.id,
        i1_0.alt_text,
        i1_0.display_order,
        i1_0.image_url,
        i1_0.is_primary,
        i2_0.id,
        i2_0.last_updated,
        i2_0.low_stock_threshold,
        i2_0.product_id,
        i2_0.quantity,
        i2_0.reserved_quantity,
        i2_0.warehouse_location,
        p1_0.name,
        p1_0.price,
        p1_0.review_count,
        p1_0.short_description,
        p1_0.sku,
        p1_0.sold_count,
        p1_0.status,
        p1_0.tags,
        p1_0.updated_at,
        p1_0.version,
        p1_0.view_count,
        p1_0.weight 
    from
        products p1_0 
    left join
        product_images i1_0 
            on p1_0.id=i1_0.product_id 
    left join
        inventories i2_0 
            on p1_0.id=i2_0.product_id 
    left join
        categories c1_0 
            on c1_0.id=p1_0.category_id 
    where
        p1_0.status=? 
        and (
            ? is null 
            or c1_0.id=?
        ) 
        and (
            ? is null 
            or lower(p1_0.brand_name)=lower(?)
        ) 
        and (
            ? is null 
            or p1_0.price>=?
        ) 
        and (
            ? is null 
            or p1_0.price<=?
        ) 
        and (
            ? is null 
            or lower(p1_0.name) like lower(concat('%', ?, '%')) escape '' 
            or lower(p1_0.brand_name) like lower(concat('%', ?, '%')) escape ''
        ) 
        and (
            ? is null 
            or (
                ?=1 
                and i2_0.quantity>0
            ) 
            or (
                ?=0 
                and i2_0.quantity=0
            )
        ) 
    order by
        p1_0.created_at desc
2026-03-22T14:22:26.969+05:30 DEBUG 9156 --- [product-service] [http-nio-8082-exec-2] org.hibernate.SQL                        : 
    select
        count(distinct p1_0.id) 
    from
        products p1_0 
    left join
        product_images i1_0 
            on p1_0.id=i1_0.product_id 
    left join
        inventories i2_0 
            on p1_0.id=i2_0.product_id 
    left join
        categories c1_0 
            on c1_0.id=p1_0.category_id 
    where
        p1_0.status=? 
        and (
            ? is null 
            or c1_0.id=?
        ) 
        and (
            ? is null 
            or lower(p1_0.brand_name)=lower(?)
        ) 
        and (
            ? is null 
            or p1_0.price>=?
        ) 
        and (
            ? is null 
            or p1_0.price<=?
        ) 
        and (
            ? is null 
            or lower(p1_0.name) like lower(concat('%', ?, '%')) escape '' 
            or lower(p1_0.brand_name) like lower(concat('%', ?, '%')) escape ''
        ) 
        and (
            ? is null 
            or (
                ?=1 
                and i2_0.quantity>0
            ) 
            or (
                ?=0 
                and i2_0.quantity=0
            )
        )
2026-03-22T14:22:42.480+05:30 DEBUG 9156 --- [product-service] [http-nio-8082-exec-4] org.hibernate.SQL                        : 
    select
        c1_0.id,
        c1_0.created_at,
        c1_0.description,
        c1_0.display_order,
        c1_0.image_url,
        c1_0.is_active,
        c1_0.name,
        c1_0.parent_id,
        c1_0.slug 
    from
        categories c1_0 
    where
        c1_0.parent_id=? 
        and c1_0.is_active
2026-03-22T14:22:42.493+05:30  WARN 9156 --- [product-service] [http-nio-8082-exec-4] org.hibernate.orm.query                  : HHH90003004: firstResult/maxResults specified with collection fetch; applying in memory
2026-03-22T14:22:42.494+05:30 DEBUG 9156 --- [product-service] [http-nio-8082-exec-4] org.hibernate.SQL                        : 
    select
        distinct p1_0.id,
        p1_0.attributes,
        p1_0.average_rating,
        p1_0.brand_name,
        p1_0.category_id,
        c1_0.id,
        c1_0.created_at,
        c1_0.description,
        c1_0.display_order,
        c1_0.image_url,
        c1_0.is_active,
        c1_0.name,
        c1_0.parent_id,
        c1_0.slug,
        p1_0.compare_at_price,
        p1_0.cost_price,
        p1_0.created_at,
        p1_0.description,
        i1_0.product_id,
        i1_0.id,
        i1_0.alt_text,
        i1_0.display_order,
        i1_0.image_url,
        i1_0.is_primary,
        i2_0.id,
        i2_0.last_updated,
        i2_0.low_stock_threshold,
        i2_0.product_id,
        i2_0.quantity,
        i2_0.reserved_quantity,
        i2_0.warehouse_location,
        p1_0.name,
        p1_0.price,
        p1_0.review_count,
        p1_0.short_description,
        p1_0.sku,
        p1_0.sold_count,
        p1_0.status,
        p1_0.tags,
        p1_0.updated_at,
        p1_0.version,
        p1_0.view_count,
        p1_0.weight 
    from
        products p1_0 
    left join
        product_images i1_0 
            on p1_0.id=i1_0.product_id 
    left join
        inventories i2_0 
            on p1_0.id=i2_0.product_id 
    left join
        categories c1_0 
            on c1_0.id=p1_0.category_id 
    where
        p1_0.status=? 
        and (
            ? is null 
            or c1_0.id=?
        ) 
        and (
            ? is null 
            or lower(p1_0.brand_name)=lower(?)
        ) 
        and (
            ? is null 
            or p1_0.price>=?
        ) 
        and (
            ? is null 
            or p1_0.price<=?
        ) 
        and (
            ? is null 
            or lower(p1_0.name) like lower(concat('%', ?, '%')) escape '' 
            or lower(p1_0.brand_name) like lower(concat('%', ?, '%')) escape ''
        ) 
        and (
            ? is null 
            or (
                ?=1 
                and i2_0.quantity>0
            ) 
            or (
                ?=0 
                and i2_0.quantity=0
            )
        ) 
    order by
        p1_0.created_at desc
2026-03-22T14:22:42.508+05:30 DEBUG 9156 --- [product-service] [http-nio-8082-exec-4] org.hibernate.SQL                        : 
    select
        count(distinct p1_0.id) 
    from
        products p1_0 
    left join
        product_images i1_0 
            on p1_0.id=i1_0.product_id 
    left join
        inventories i2_0 
            on p1_0.id=i2_0.product_id 
    left join
        categories c1_0 
            on c1_0.id=p1_0.category_id 
    where
        p1_0.status=? 
        and (
            ? is null 
            or c1_0.id=?
        ) 
        and (
            ? is null 
            or lower(p1_0.brand_name)=lower(?)
        ) 
        and (
            ? is null 
            or p1_0.price>=?
        ) 
        and (
            ? is null 
            or p1_0.price<=?
        ) 
        and (
            ? is null 
            or lower(p1_0.name) like lower(concat('%', ?, '%')) escape '' 
            or lower(p1_0.brand_name) like lower(concat('%', ?, '%')) escape ''
        ) 
        and (
            ? is null 
            or (
                ?=1 
                and i2_0.quantity>0
            ) 
            or (
                ?=0 
                and i2_0.quantity=0
            )
        )
2026-03-22T14:22:46.253+05:30 DEBUG 9156 --- [product-service] [http-nio-8082-exec-3] org.hibernate.SQL                        : 
    select
        c1_0.id,
        c1_0.created_at,
        c1_0.description,
        c1_0.display_order,
        c1_0.image_url,
        c1_0.is_active,
        c1_0.name,
        c1_0.parent_id,
        c1_0.slug 
    from
        categories c1_0 
    where
        c1_0.parent_id=? 
        and c1_0.is_active
2026-03-22T14:22:46.258+05:30  WARN 9156 --- [product-service] [http-nio-8082-exec-3] org.hibernate.orm.query                  : HHH90003004: firstResult/maxResults specified with collection fetch; applying in memory
2026-03-22T14:22:46.259+05:30 DEBUG 9156 --- [product-service] [http-nio-8082-exec-3] org.hibernate.SQL                        : 
    select
        distinct p1_0.id,
        p1_0.attributes,
        p1_0.average_rating,
        p1_0.brand_name,
        p1_0.category_id,
        c1_0.id,
        c1_0.created_at,
        c1_0.description,
        c1_0.display_order,
        c1_0.image_url,
        c1_0.is_active,
        c1_0.name,
        c1_0.parent_id,
        c1_0.slug,
        p1_0.compare_at_price,
        p1_0.cost_price,
        p1_0.created_at,
        p1_0.description,
        i1_0.product_id,
        i1_0.id,
        i1_0.alt_text,
        i1_0.display_order,
        i1_0.image_url,
        i1_0.is_primary,
        i2_0.id,
        i2_0.last_updated,
        i2_0.low_stock_threshold,
        i2_0.product_id,
        i2_0.quantity,
        i2_0.reserved_quantity,
        i2_0.warehouse_location,
        p1_0.name,
        p1_0.price,
        p1_0.review_count,
        p1_0.short_description,
        p1_0.sku,
        p1_0.sold_count,
        p1_0.status,
        p1_0.tags,
        p1_0.updated_at,
        p1_0.version,
        p1_0.view_count,
        p1_0.weight 
    from
        products p1_0 
    left join
        product_images i1_0 
            on p1_0.id=i1_0.product_id 
    left join
        inventories i2_0 
            on p1_0.id=i2_0.product_id 
    left join
        categories c1_0 
            on c1_0.id=p1_0.category_id 
    where
        p1_0.status=? 
        and (
            ? is null 
            or c1_0.id=?
        ) 
        and (
            ? is null 
            or lower(p1_0.brand_name)=lower(?)
        ) 
        and (
            ? is null 
            or p1_0.price>=?
        ) 
        and (
            ? is null 
            or p1_0.price<=?
        ) 
        and (
            ? is null 
            or lower(p1_0.name) like lower(concat('%', ?, '%')) escape '' 
            or lower(p1_0.brand_name) like lower(concat('%', ?, '%')) escape ''
        ) 
        and (
            ? is null 
            or (
                ?=1 
                and i2_0.quantity>0
            ) 
            or (
                ?=0 
                and i2_0.quantity=0
            )
        ) 
    order by
        p1_0.created_at desc
2026-03-22T14:22:46.268+05:30 DEBUG 9156 --- [product-service] [http-nio-8082-exec-3] org.hibernate.SQL                        : 
    select
        count(distinct p1_0.id) 
    from
        products p1_0 
    left join
        product_images i1_0 
            on p1_0.id=i1_0.product_id 
    left join
        inventories i2_0 
            on p1_0.id=i2_0.product_id 
    left join
        categories c1_0 
            on c1_0.id=p1_0.category_id 
    where
        p1_0.status=? 
        and (
            ? is null 
            or c1_0.id=?
        ) 
        and (
            ? is null 
            or lower(p1_0.brand_name)=lower(?)
        ) 
        and (
            ? is null 
            or p1_0.price>=?
        ) 
        and (
            ? is null 
            or p1_0.price<=?
        ) 
        and (
            ? is null 
            or lower(p1_0.name) like lower(concat('%', ?, '%')) escape '' 
            or lower(p1_0.brand_name) like lower(concat('%', ?, '%')) escape ''
        ) 
        and (
            ? is null 
            or (
                ?=1 
                and i2_0.quantity>0
            ) 
            or (
                ?=0 
                and i2_0.quantity=0
            )
        )
2026-03-22T14:22:50.430+05:30 DEBUG 9156 --- [product-service] [http-nio-8082-exec-5] org.hibernate.SQL                        : 
    select
        c1_0.id,
        c1_0.created_at,
        c1_0.description,
        c1_0.display_order,
        c1_0.image_url,
        c1_0.is_active,
        c1_0.name,
        c1_0.parent_id,
        c1_0.slug 
    from
        categories c1_0 
    where
        c1_0.parent_id=? 
        and c1_0.is_active
2026-03-22T14:22:50.435+05:30  WARN 9156 --- [product-service] [http-nio-8082-exec-5] org.hibernate.orm.query                  : HHH90003004: firstResult/maxResults specified with collection fetch; applying in memory
2026-03-22T14:22:50.437+05:30 DEBUG 9156 --- [product-service] [http-nio-8082-exec-5] org.hibernate.SQL                        : 
    select
        distinct p1_0.id,
        p1_0.attributes,
        p1_0.average_rating,
        p1_0.brand_name,
        p1_0.category_id,
        c1_0.id,
        c1_0.created_at,
        c1_0.description,
        c1_0.display_order,
        c1_0.image_url,
        c1_0.is_active,
        c1_0.name,
        c1_0.parent_id,
        c1_0.slug,
        p1_0.compare_at_price,
        p1_0.cost_price,
        p1_0.created_at,
        p1_0.description,
        i1_0.product_id,
        i1_0.id,
        i1_0.alt_text,
        i1_0.display_order,
        i1_0.image_url,
        i1_0.is_primary,
        i2_0.id,
        i2_0.last_updated,
        i2_0.low_stock_threshold,
        i2_0.product_id,
        i2_0.quantity,
        i2_0.reserved_quantity,
        i2_0.warehouse_location,
        p1_0.name,
        p1_0.price,
        p1_0.review_count,
        p1_0.short_description,
        p1_0.sku,
        p1_0.sold_count,
        p1_0.status,
        p1_0.tags,
        p1_0.updated_at,
        p1_0.version,
        p1_0.view_count,
        p1_0.weight 
    from
        products p1_0 
    left join
        product_images i1_0 
            on p1_0.id=i1_0.product_id 
    left join
        inventories i2_0 
            on p1_0.id=i2_0.product_id 
    left join
        categories c1_0 
            on c1_0.id=p1_0.category_id 
    where
        p1_0.status=? 
        and (
            ? is null 
            or c1_0.id=?
        ) 
        and (
            ? is null 
            or lower(p1_0.brand_name)=lower(?)
        ) 
        and (
            ? is null 
            or p1_0.price>=?
        ) 
        and (
            ? is null 
            or p1_0.price<=?
        ) 
        and (
            ? is null 
            or lower(p1_0.name) like lower(concat('%', ?, '%')) escape '' 
            or lower(p1_0.brand_name) like lower(concat('%', ?, '%')) escape ''
        ) 
        and (
            ? is null 
            or (
                ?=1 
                and i2_0.quantity>0
            ) 
            or (
                ?=0 
                and i2_0.quantity=0
            )
        ) 
    order by
        p1_0.created_at desc
2026-03-22T14:22:50.461+05:30 DEBUG 9156 --- [product-service] [http-nio-8082-exec-5] org.hibernate.SQL                        : 
    select
        count(distinct p1_0.id) 
    from
        products p1_0 
    left join
        product_images i1_0 
            on p1_0.id=i1_0.product_id 
    left join
        inventories i2_0 
            on p1_0.id=i2_0.product_id 
    left join
        categories c1_0 
            on c1_0.id=p1_0.category_id 
    where
        p1_0.status=? 
        and (
            ? is null 
            or c1_0.id=?
        ) 
        and (
            ? is null 
            or lower(p1_0.brand_name)=lower(?)
        ) 
        and (
            ? is null 
            or p1_0.price>=?
        ) 
        and (
            ? is null 
            or p1_0.price<=?
        ) 
        and (
            ? is null 
            or lower(p1_0.name) like lower(concat('%', ?, '%')) escape '' 
            or lower(p1_0.brand_name) like lower(concat('%', ?, '%')) escape ''
        ) 
        and (
            ? is null 
            or (
                ?=1 
                and i2_0.quantity>0
            ) 
            or (
                ?=0 
                and i2_0.quantity=0
            )
        )
2026-03-22T14:22:51.515+05:30  INFO 9156 --- [product-service] [AsyncResolver-bootstrap-executor-0] c.n.d.s.r.aws.ConfigClusterResolver      : Resolving eureka endpoints via configuration
2026-03-22T14:22:53.054+05:30 DEBUG 9156 --- [product-service] [http-nio-8082-exec-6] org.hibernate.SQL                        : 
    select
        c1_0.id,
        c1_0.created_at,
        c1_0.description,
        c1_0.display_order,
        c1_0.image_url,
        c1_0.is_active,
        c1_0.name,
        c1_0.parent_id,
        c1_0.slug 
    from
        categories c1_0 
    where
        c1_0.parent_id=? 
        and c1_0.is_active
2026-03-22T14:22:53.101+05:30  WARN 9156 --- [product-service] [http-nio-8082-exec-6] org.hibernate.orm.query                  : HHH90003004: firstResult/maxResults specified with collection fetch; applying in memory
2026-03-22T14:22:53.110+05:30 DEBUG 9156 --- [product-service] [http-nio-8082-exec-6] org.hibernate.SQL                        : 
    select
        distinct p1_0.id,
        p1_0.attributes,
        p1_0.average_rating,
        p1_0.brand_name,
        p1_0.category_id,
        c1_0.id,
        c1_0.created_at,
        c1_0.description,
        c1_0.display_order,
        c1_0.image_url,
        c1_0.is_active,
        c1_0.name,
        c1_0.parent_id,
        c1_0.slug,
        p1_0.compare_at_price,
        p1_0.cost_price,
        p1_0.created_at,
        p1_0.description,
        i1_0.product_id,
        i1_0.id,
        i1_0.alt_text,
        i1_0.display_order,
        i1_0.image_url,
        i1_0.is_primary,
        i2_0.id,
        i2_0.last_updated,
        i2_0.low_stock_threshold,
        i2_0.product_id,
        i2_0.quantity,
        i2_0.reserved_quantity,
        i2_0.warehouse_location,
        p1_0.name,
        p1_0.price,
        p1_0.review_count,
        p1_0.short_description,
        p1_0.sku,
        p1_0.sold_count,
        p1_0.status,
        p1_0.tags,
        p1_0.updated_at,
        p1_0.version,
        p1_0.view_count,
        p1_0.weight 
    from
        products p1_0 
    left join
        product_images i1_0 
            on p1_0.id=i1_0.product_id 
    left join
        inventories i2_0 
            on p1_0.id=i2_0.product_id 
    left join
        categories c1_0 
            on c1_0.id=p1_0.category_id 
    where
        p1_0.status=? 
        and (
            ? is null 
            or c1_0.id=?
        ) 
        and (
            ? is null 
            or lower(p1_0.brand_name)=lower(?)
        ) 
        and (
            ? is null 
            or p1_0.price>=?
        ) 
        and (
            ? is null 
            or p1_0.price<=?
        ) 
        and (
            ? is null 
            or lower(p1_0.name) like lower(concat('%', ?, '%')) escape '' 
            or lower(p1_0.brand_name) like lower(concat('%', ?, '%')) escape ''
        ) 
        and (
            ? is null 
            or (
                ?=1 
                and i2_0.quantity>0
            ) 
            or (
                ?=0 
                and i2_0.quantity=0
            )
        ) 
    order by
        p1_0.created_at desc
2026-03-22T14:22:53.124+05:30 DEBUG 9156 --- [product-service] [http-nio-8082-exec-6] org.hibernate.SQL                        : 
    select
        count(distinct p1_0.id) 
    from
        products p1_0 
    left join
        product_images i1_0 
            on p1_0.id=i1_0.product_id 
    left join
        inventories i2_0 
            on p1_0.id=i2_0.product_id 
    left join
        categories c1_0 
            on c1_0.id=p1_0.category_id 
    where
        p1_0.status=? 
        and (
            ? is null 
            or c1_0.id=?
        ) 
        and (
            ? is null 
            or lower(p1_0.brand_name)=lower(?)
        ) 
        and (
            ? is null 
            or p1_0.price>=?
        ) 
        and (
            ? is null 
            or p1_0.price<=?
        ) 
        and (
            ? is null 
            or lower(p1_0.name) like lower(concat('%', ?, '%')) escape '' 
            or lower(p1_0.brand_name) like lower(concat('%', ?, '%')) escape ''
        ) 
        and (
            ? is null 
            or (
                ?=1 
                and i2_0.quantity>0
            ) 
            or (
                ?=0 
                and i2_0.quantity=0
            )
        )
2026-03-22T14:22:54.944+05:30 DEBUG 9156 --- [product-service] [http-nio-8082-exec-8] org.hibernate.SQL                        : 
    select
        c1_0.id,
        c1_0.created_at,
        c1_0.description,
        c1_0.display_order,
        c1_0.image_url,
        c1_0.is_active,
        c1_0.name,
        c1_0.parent_id,
        c1_0.slug 
    from
        categories c1_0 
    where
        c1_0.parent_id=? 
        and c1_0.is_active
2026-03-22T14:22:54.952+05:30  WARN 9156 --- [product-service] [http-nio-8082-exec-8] org.hibernate.orm.query                  : HHH90003004: firstResult/maxResults specified with collection fetch; applying in memory
2026-03-22T14:22:54.957+05:30 DEBUG 9156 --- [product-service] [http-nio-8082-exec-8] org.hibernate.SQL                        : 
    select
        distinct p1_0.id,
        p1_0.attributes,
        p1_0.average_rating,
        p1_0.brand_name,
        p1_0.category_id,
        c1_0.id,
        c1_0.created_at,
        c1_0.description,
        c1_0.display_order,
        c1_0.image_url,
        c1_0.is_active,
        c1_0.name,
        c1_0.parent_id,
        c1_0.slug,
        p1_0.compare_at_price,
        p1_0.cost_price,
        p1_0.created_at,
        p1_0.description,
        i1_0.product_id,
        i1_0.id,
        i1_0.alt_text,
        i1_0.display_order,
        i1_0.image_url,
        i1_0.is_primary,
        i2_0.id,
        i2_0.last_updated,
        i2_0.low_stock_threshold,
        i2_0.product_id,
        i2_0.quantity,
        i2_0.reserved_quantity,
        i2_0.warehouse_location,
        p1_0.name,
        p1_0.price,
        p1_0.review_count,
        p1_0.short_description,
        p1_0.sku,
        p1_0.sold_count,
        p1_0.status,
        p1_0.tags,
        p1_0.updated_at,
        p1_0.version,
        p1_0.view_count,
        p1_0.weight 
    from
        products p1_0 
    left join
        product_images i1_0 
            on p1_0.id=i1_0.product_id 
    left join
        inventories i2_0 
            on p1_0.id=i2_0.product_id 
    left join
        categories c1_0 
            on c1_0.id=p1_0.category_id 
    where
        p1_0.status=? 
        and (
            ? is null 
            or c1_0.id=?
        ) 
        and (
            ? is null 
            or lower(p1_0.brand_name)=lower(?)
        ) 
        and (
            ? is null 
            or p1_0.price>=?
        ) 
        and (
            ? is null 
            or p1_0.price<=?
        ) 
        and (
            ? is null 
            or lower(p1_0.name) like lower(concat('%', ?, '%')) escape '' 
            or lower(p1_0.brand_name) like lower(concat('%', ?, '%')) escape ''
        ) 
        and (
            ? is null 
            or (
                ?=1 
                and i2_0.quantity>0
            ) 
            or (
                ?=0 
                and i2_0.quantity=0
            )
        ) 
    order by
        p1_0.created_at desc
2026-03-22T14:22:54.982+05:30 DEBUG 9156 --- [product-service] [http-nio-8082-exec-8] org.hibernate.SQL                        : 
    select
        count(distinct p1_0.id) 
    from
        products p1_0 
    left join
        product_images i1_0 
            on p1_0.id=i1_0.product_id 
    left join
        inventories i2_0 
            on p1_0.id=i2_0.product_id 
    left join
        categories c1_0 
            on c1_0.id=p1_0.category_id 
    where
        p1_0.status=? 
        and (
            ? is null 
            or c1_0.id=?
        ) 
        and (
            ? is null 
            or lower(p1_0.brand_name)=lower(?)
        ) 
        and (
            ? is null 
            or p1_0.price>=?
        ) 
        and (
            ? is null 
            or p1_0.price<=?
        ) 
        and (
            ? is null 
            or lower(p1_0.name) like lower(concat('%', ?, '%')) escape '' 
            or lower(p1_0.brand_name) like lower(concat('%', ?, '%')) escape ''
        ) 
        and (
            ? is null 
            or (
                ?=1 
                and i2_0.quantity>0
            ) 
            or (
                ?=0 
                and i2_0.quantity=0
            )
        )
2026-03-22T14:22:58.767+05:30 DEBUG 9156 --- [product-service] [http-nio-8082-exec-7] org.hibernate.SQL                        : 
    select
        c1_0.id,
        c1_0.created_at,
        c1_0.description,
        c1_0.display_order,
        c1_0.image_url,
        c1_0.is_active,
        c1_0.name,
        c1_0.parent_id,
        c1_0.slug 
    from
        categories c1_0 
    where
        c1_0.parent_id=? 
        and c1_0.is_active
2026-03-22T14:22:58.772+05:30  INFO 9156 --- [product-service] [http-nio-8082-exec-7] c.e.p.service.ProductServiceImpl         : Parent category cat-clothing has 2 children — fetching all
2026-03-22T14:22:58.794+05:30  WARN 9156 --- [product-service] [http-nio-8082-exec-7] org.hibernate.orm.query                  : HHH90003004: firstResult/maxResults specified with collection fetch; applying in memory
2026-03-22T14:22:58.914+05:30 DEBUG 9156 --- [product-service] [http-nio-8082-exec-7] org.hibernate.SQL                        : 
    select
        distinct p1_0.id,
        p1_0.attributes,
        p1_0.average_rating,
        p1_0.brand_name,
        p1_0.category_id,
        c1_0.id,
        c1_0.created_at,
        c1_0.description,
        c1_0.display_order,
        c1_0.image_url,
        c1_0.is_active,
        c1_0.name,
        c1_0.parent_id,
        c1_0.slug,
        p1_0.compare_at_price,
        p1_0.cost_price,
        p1_0.created_at,
        p1_0.description,
        i1_0.product_id,
        i1_0.id,
        i1_0.alt_text,
        i1_0.display_order,
        i1_0.image_url,
        i1_0.is_primary,
        i2_0.id,
        i2_0.last_updated,
        i2_0.low_stock_threshold,
        i2_0.product_id,
        i2_0.quantity,
        i2_0.reserved_quantity,
        i2_0.warehouse_location,
        p1_0.name,
        p1_0.price,
        p1_0.review_count,
        p1_0.short_description,
        p1_0.sku,
        p1_0.sold_count,
        p1_0.status,
        p1_0.tags,
        p1_0.updated_at,
        p1_0.version,
        p1_0.view_count,
        p1_0.weight 
    from
        products p1_0 
    left join
        product_images i1_0 
            on p1_0.id=i1_0.product_id 
    left join
        inventories i2_0 
            on p1_0.id=i2_0.product_id 
    left join
        categories c1_0 
            on c1_0.id=p1_0.category_id 
    where
        p1_0.status=? 
        and c1_0.id in (?, ?) 
    order by
        p1_0.created_at desc
2026-03-22T14:22:59.050+05:30 DEBUG 9156 --- [product-service] [http-nio-8082-exec-7] org.hibernate.SQL                        : 
    select
        count(p1_0.id) 
    from
        products p1_0 
    where
        p1_0.status=? 
        and p1_0.category_id in (?, ?)
2026-03-22T14:23:11.346+05:30 DEBUG 9156 --- [product-service] [http-nio-8082-exec-9] org.hibernate.SQL                        : 
    select
        c1_0.id,
        c1_0.created_at,
        c1_0.description,
        c1_0.display_order,
        c1_0.image_url,
        c1_0.is_active,
        c1_0.name,
        c1_0.parent_id,
        c1_0.slug 
    from
        categories c1_0 
    where
        c1_0.parent_id=? 
        and c1_0.is_active
2026-03-22T14:23:11.347+05:30  INFO 9156 --- [product-service] [http-nio-8082-exec-9] c.e.p.service.ProductServiceImpl         : Parent category cat-clothing has 2 children — fetching all
2026-03-22T14:23:11.348+05:30  WARN 9156 --- [product-service] [http-nio-8082-exec-9] org.hibernate.orm.query                  : HHH90003004: firstResult/maxResults specified with collection fetch; applying in memory
2026-03-22T14:23:11.356+05:30 DEBUG 9156 --- [product-service] [http-nio-8082-exec-9] org.hibernate.SQL                        : 
    select
        distinct p1_0.id,
        p1_0.attributes,
        p1_0.average_rating,
        p1_0.brand_name,
        p1_0.category_id,
        c1_0.id,
        c1_0.created_at,
        c1_0.description,
        c1_0.display_order,
        c1_0.image_url,
        c1_0.is_active,
        c1_0.name,
        c1_0.parent_id,
        c1_0.slug,
        p1_0.compare_at_price,
        p1_0.cost_price,
        p1_0.created_at,
        p1_0.description,
        i1_0.product_id,
        i1_0.id,
        i1_0.alt_text,
        i1_0.display_order,
        i1_0.image_url,
        i1_0.is_primary,
        i2_0.id,
        i2_0.last_updated,
        i2_0.low_stock_threshold,
        i2_0.product_id,
        i2_0.quantity,
        i2_0.reserved_quantity,
        i2_0.warehouse_location,
        p1_0.name,
        p1_0.price,
        p1_0.review_count,
        p1_0.short_description,
        p1_0.sku,
        p1_0.sold_count,
        p1_0.status,
        p1_0.tags,
        p1_0.updated_at,
        p1_0.version,
        p1_0.view_count,
        p1_0.weight 
    from
        products p1_0 
    left join
        product_images i1_0 
            on p1_0.id=i1_0.product_id 
    left join
        inventories i2_0 
            on p1_0.id=i2_0.product_id 
    left join
        categories c1_0 
            on c1_0.id=p1_0.category_id 
    where
        p1_0.status=? 
        and c1_0.id in (?, ?) 
    order by
        p1_0.created_at desc
2026-03-22T14:23:11.367+05:30 DEBUG 9156 --- [product-service] [http-nio-8082-exec-9] org.hibernate.SQL                        : 
    select
        count(p1_0.id) 
    from
        products p1_0 
    where
        p1_0.status=? 
        and p1_0.category_id in (?, ?)
2026-03-22T14:23:15.082+05:30 DEBUG 9156 --- [product-service] [http-nio-8082-exec-10] org.hibernate.SQL                        : 
    select
        c1_0.id,
        c1_0.created_at,
        c1_0.description,
        c1_0.display_order,
        c1_0.image_url,
        c1_0.is_active,
        c1_0.name,
        c1_0.parent_id,
        c1_0.slug 
    from
        categories c1_0 
    where
        c1_0.parent_id=? 
        and c1_0.is_active
2026-03-22T14:23:15.084+05:30  INFO 9156 --- [product-service] [http-nio-8082-exec-10] c.e.p.service.ProductServiceImpl         : Parent category cat-clothing has 2 children — fetching all
2026-03-22T14:23:15.085+05:30  WARN 9156 --- [product-service] [http-nio-8082-exec-10] org.hibernate.orm.query                  : HHH90003004: firstResult/maxResults specified with collection fetch; applying in memory
2026-03-22T14:23:15.112+05:30 DEBUG 9156 --- [product-service] [http-nio-8082-exec-10] org.hibernate.SQL                        : 
    select
        distinct p1_0.id,
        p1_0.attributes,
        p1_0.average_rating,
        p1_0.brand_name,
        p1_0.category_id,
        c1_0.id,
        c1_0.created_at,
        c1_0.description,
        c1_0.display_order,
        c1_0.image_url,
        c1_0.is_active,
        c1_0.name,
        c1_0.parent_id,
        c1_0.slug,
        p1_0.compare_at_price,
        p1_0.cost_price,
        p1_0.created_at,
        p1_0.description,
        i1_0.product_id,
        i1_0.id,
        i1_0.alt_text,
        i1_0.display_order,
        i1_0.image_url,
        i1_0.is_primary,
        i2_0.id,
        i2_0.last_updated,
        i2_0.low_stock_threshold,
        i2_0.product_id,
        i2_0.quantity,
        i2_0.reserved_quantity,
        i2_0.warehouse_location,
        p1_0.name,
        p1_0.price,
        p1_0.review_count,
        p1_0.short_description,
        p1_0.sku,
        p1_0.sold_count,
        p1_0.status,
        p1_0.tags,
        p1_0.updated_at,
        p1_0.version,
        p1_0.view_count,
        p1_0.weight 
    from
        products p1_0 
    left join
        product_images i1_0 
            on p1_0.id=i1_0.product_id 
    left join
        inventories i2_0 
            on p1_0.id=i2_0.product_id 
    left join
        categories c1_0 
            on c1_0.id=p1_0.category_id 
    where
        p1_0.status=? 
        and c1_0.id in (?, ?) 
    order by
        p1_0.price
2026-03-22T14:23:15.143+05:30 DEBUG 9156 --- [product-service] [http-nio-8082-exec-10] org.hibernate.SQL                        : 
    select
        count(p1_0.id) 
    from
        products p1_0 
    where
        p1_0.status=? 
        and p1_0.category_id in (?, ?)
2026-03-22T14:23:19.214+05:30 DEBUG 9156 --- [product-service] [http-nio-8082-exec-2] org.hibernate.SQL                        : 
    select
        c1_0.id,
        c1_0.created_at,
        c1_0.description,
        c1_0.display_order,
        c1_0.image_url,
        c1_0.is_active,
        c1_0.name,
        c1_0.parent_id,
        c1_0.slug 
    from
        categories c1_0 
    where
        c1_0.parent_id=? 
        and c1_0.is_active
2026-03-22T14:23:19.216+05:30  INFO 9156 --- [product-service] [http-nio-8082-exec-2] c.e.p.service.ProductServiceImpl         : Parent category cat-clothing has 2 children — fetching all
2026-03-22T14:23:19.217+05:30  WARN 9156 --- [product-service] [http-nio-8082-exec-2] org.hibernate.orm.query                  : HHH90003004: firstResult/maxResults specified with collection fetch; applying in memory
2026-03-22T14:23:19.219+05:30 DEBUG 9156 --- [product-service] [http-nio-8082-exec-2] org.hibernate.SQL                        : 
    select
        distinct p1_0.id,
        p1_0.attributes,
        p1_0.average_rating,
        p1_0.brand_name,
        p1_0.category_id,
        c1_0.id,
        c1_0.created_at,
        c1_0.description,
        c1_0.display_order,
        c1_0.image_url,
        c1_0.is_active,
        c1_0.name,
        c1_0.parent_id,
        c1_0.slug,
        p1_0.compare_at_price,
        p1_0.cost_price,
        p1_0.created_at,
        p1_0.description,
        i1_0.product_id,
        i1_0.id,
        i1_0.alt_text,
        i1_0.display_order,
        i1_0.image_url,
        i1_0.is_primary,
        i2_0.id,
        i2_0.last_updated,
        i2_0.low_stock_threshold,
        i2_0.product_id,
        i2_0.quantity,
        i2_0.reserved_quantity,
        i2_0.warehouse_location,
        p1_0.name,
        p1_0.price,
        p1_0.review_count,
        p1_0.short_description,
        p1_0.sku,
        p1_0.sold_count,
        p1_0.status,
        p1_0.tags,
        p1_0.updated_at,
        p1_0.version,
        p1_0.view_count,
        p1_0.weight 
    from
        products p1_0 
    left join
        product_images i1_0 
            on p1_0.id=i1_0.product_id 
    left join
        inventories i2_0 
            on p1_0.id=i2_0.product_id 
    left join
        categories c1_0 
            on c1_0.id=p1_0.category_id 
    where
        p1_0.status=? 
        and c1_0.id in (?, ?) 
    order by
        p1_0.price desc
2026-03-22T14:23:19.229+05:30 DEBUG 9156 --- [product-service] [http-nio-8082-exec-2] org.hibernate.SQL                        : 
    select
        count(p1_0.id) 
    from
        products p1_0 
    where
        p1_0.status=? 
        and p1_0.category_id in (?, ?)
2026-03-22T14:23:23.680+05:30 DEBUG 9156 --- [product-service] [http-nio-8082-exec-1] org.hibernate.SQL                        : 
    select
        c1_0.id,
        c1_0.created_at,
        c1_0.description,
        c1_0.display_order,
        c1_0.image_url,
        c1_0.is_active,
        c1_0.name,
        c1_0.parent_id,
        c1_0.slug 
    from
        categories c1_0 
    where
        c1_0.parent_id=? 
        and c1_0.is_active
2026-03-22T14:23:23.682+05:30  INFO 9156 --- [product-service] [http-nio-8082-exec-1] c.e.p.service.ProductServiceImpl         : Parent category cat-clothing has 2 children — fetching all
2026-03-22T14:23:23.683+05:30  WARN 9156 --- [product-service] [http-nio-8082-exec-1] org.hibernate.orm.query                  : HHH90003004: firstResult/maxResults specified with collection fetch; applying in memory
2026-03-22T14:23:23.686+05:30 DEBUG 9156 --- [product-service] [http-nio-8082-exec-1] org.hibernate.SQL                        : 
    select
        distinct p1_0.id,
        p1_0.attributes,
        p1_0.average_rating,
        p1_0.brand_name,
        p1_0.category_id,
        c1_0.id,
        c1_0.created_at,
        c1_0.description,
        c1_0.display_order,
        c1_0.image_url,
        c1_0.is_active,
        c1_0.name,
        c1_0.parent_id,
        c1_0.slug,
        p1_0.compare_at_price,
        p1_0.cost_price,
        p1_0.created_at,
        p1_0.description,
        i1_0.product_id,
        i1_0.id,
        i1_0.alt_text,
        i1_0.display_order,
        i1_0.image_url,
        i1_0.is_primary,
        i2_0.id,
        i2_0.last_updated,
        i2_0.low_stock_threshold,
        i2_0.product_id,
        i2_0.quantity,
        i2_0.reserved_quantity,
        i2_0.warehouse_location,
        p1_0.name,
        p1_0.price,
        p1_0.review_count,
        p1_0.short_description,
        p1_0.sku,
        p1_0.sold_count,
        p1_0.status,
        p1_0.tags,
        p1_0.updated_at,
        p1_0.version,
        p1_0.view_count,
        p1_0.weight 
    from
        products p1_0 
    left join
        product_images i1_0 
            on p1_0.id=i1_0.product_id 
    left join
        inventories i2_0 
            on p1_0.id=i2_0.product_id 
    left join
        categories c1_0 
            on c1_0.id=p1_0.category_id 
    where
        p1_0.status=? 
        and c1_0.id in (?, ?) 
    order by
        p1_0.average_rating desc
2026-03-22T14:23:23.700+05:30 DEBUG 9156 --- [product-service] [http-nio-8082-exec-1] org.hibernate.SQL                        : 
    select
        count(p1_0.id) 
    from
        products p1_0 
    where
        p1_0.status=? 
        and p1_0.category_id in (?, ?)
2026-03-22T14:26:16.683+05:30  WARN 9156 --- [product-service] [http-nio-8082-exec-5] org.hibernate.orm.query                  : HHH90003004: firstResult/maxResults specified with collection fetch; applying in memory
2026-03-22T14:26:16.827+05:30 DEBUG 9156 --- [product-service] [http-nio-8082-exec-5] org.hibernate.SQL                        : 
    select
        distinct p1_0.id,
        p1_0.attributes,
        p1_0.average_rating,
        p1_0.brand_name,
        p1_0.category_id,
        c1_0.id,
        c1_0.created_at,
        c1_0.description,
        c1_0.display_order,
        c1_0.image_url,
        c1_0.is_active,
        c1_0.name,
        c1_0.parent_id,
        c1_0.slug,
        p1_0.compare_at_price,
        p1_0.cost_price,
        p1_0.created_at,
        p1_0.description,
        i1_0.product_id,
        i1_0.id,
        i1_0.alt_text,
        i1_0.display_order,
        i1_0.image_url,
        i1_0.is_primary,
        i2_0.id,
        i2_0.last_updated,
        i2_0.low_stock_threshold,
        i2_0.product_id,
        i2_0.quantity,
        i2_0.reserved_quantity,
        i2_0.warehouse_location,
        p1_0.name,
        p1_0.price,
        p1_0.review_count,
        p1_0.short_description,
        p1_0.sku,
        p1_0.sold_count,
        p1_0.status,
        p1_0.tags,
        p1_0.updated_at,
        p1_0.version,
        p1_0.view_count,
        p1_0.weight 
    from
        products p1_0 
    left join
        product_images i1_0 
            on p1_0.id=i1_0.product_id 
    left join
        inventories i2_0 
            on p1_0.id=i2_0.product_id 
    left join
        categories c1_0 
            on c1_0.id=p1_0.category_id 
    where
        p1_0.status=? 
        and (
            ? is null 
            or c1_0.id=?
        ) 
        and (
            ? is null 
            or lower(p1_0.brand_name)=lower(?)
        ) 
        and (
            ? is null 
            or p1_0.price>=?
        ) 
        and (
            ? is null 
            or p1_0.price<=?
        ) 
        and (
            ? is null 
            or lower(p1_0.name) like lower(concat('%', ?, '%')) escape '' 
            or lower(p1_0.brand_name) like lower(concat('%', ?, '%')) escape ''
        ) 
        and (
            ? is null 
            or (
                ?=1 
                and i2_0.quantity>0
            ) 
            or (
                ?=0 
                and i2_0.quantity=0
            )
        ) 
    order by
        p1_0.created_at desc
2026-03-22T14:26:17.364+05:30 DEBUG 9156 --- [product-service] [http-nio-8082-exec-5] org.hibernate.SQL                        : 
    select
        count(distinct p1_0.id) 
    from
        products p1_0 
    left join
        product_images i1_0 
            on p1_0.id=i1_0.product_id 
    left join
        inventories i2_0 
            on p1_0.id=i2_0.product_id 
    left join
        categories c1_0 
            on c1_0.id=p1_0.category_id 
    where
        p1_0.status=? 
        and (
            ? is null 
            or c1_0.id=?
        ) 
        and (
            ? is null 
            or lower(p1_0.brand_name)=lower(?)
        ) 
        and (
            ? is null 
            or p1_0.price>=?
        ) 
        and (
            ? is null 
            or p1_0.price<=?
        ) 
        and (
            ? is null 
            or lower(p1_0.name) like lower(concat('%', ?, '%')) escape '' 
            or lower(p1_0.brand_name) like lower(concat('%', ?, '%')) escape ''
        ) 
        and (
            ? is null 
            or (
                ?=1 
                and i2_0.quantity>0
            ) 
            or (
                ?=0 
                and i2_0.quantity=0
            )
        )
2026-03-22T14:26:29.297+05:30  WARN 9156 --- [product-service] [http-nio-8082-exec-8] org.hibernate.orm.query                  : HHH90003004: firstResult/maxResults specified with collection fetch; applying in memory
2026-03-22T14:26:29.308+05:30 DEBUG 9156 --- [product-service] [http-nio-8082-exec-8] org.hibernate.SQL                        : 
    select
        distinct p1_0.id,
        p1_0.attributes,
        p1_0.average_rating,
        p1_0.brand_name,
        p1_0.category_id,
        c1_0.id,
        c1_0.created_at,
        c1_0.description,
        c1_0.display_order,
        c1_0.image_url,
        c1_0.is_active,
        c1_0.name,
        c1_0.parent_id,
        c1_0.slug,
        p1_0.compare_at_price,
        p1_0.cost_price,
        p1_0.created_at,
        p1_0.description,
        i1_0.product_id,
        i1_0.id,
        i1_0.alt_text,
        i1_0.display_order,
        i1_0.image_url,
        i1_0.is_primary,
        i2_0.id,
        i2_0.last_updated,
        i2_0.low_stock_threshold,
        i2_0.product_id,
        i2_0.quantity,
        i2_0.reserved_quantity,
        i2_0.warehouse_location,
        p1_0.name,
        p1_0.price,
        p1_0.review_count,
        p1_0.short_description,
        p1_0.sku,
        p1_0.sold_count,
        p1_0.status,
        p1_0.tags,
        p1_0.updated_at,
        p1_0.version,
        p1_0.view_count,
        p1_0.weight 
    from
        products p1_0 
    left join
        product_images i1_0 
            on p1_0.id=i1_0.product_id 
    left join
        inventories i2_0 
            on p1_0.id=i2_0.product_id 
    left join
        categories c1_0 
            on c1_0.id=p1_0.category_id 
    where
        p1_0.status=? 
        and (
            ? is null 
            or c1_0.id=?
        ) 
        and (
            ? is null 
            or lower(p1_0.brand_name)=lower(?)
        ) 
        and (
            ? is null 
            or p1_0.price>=?
        ) 
        and (
            ? is null 
            or p1_0.price<=?
        ) 
        and (
            ? is null 
            or lower(p1_0.name) like lower(concat('%', ?, '%')) escape '' 
            or lower(p1_0.brand_name) like lower(concat('%', ?, '%')) escape ''
        ) 
        and (
            ? is null 
            or (
                ?=1 
                and i2_0.quantity>0
            ) 
            or (
                ?=0 
                and i2_0.quantity=0
            )
        ) 
    order by
        p1_0.created_at desc
2026-03-22T14:26:29.591+05:30 DEBUG 9156 --- [product-service] [http-nio-8082-exec-8] org.hibernate.SQL                        : 
    select
        count(distinct p1_0.id) 
    from
        products p1_0 
    left join
        product_images i1_0 
            on p1_0.id=i1_0.product_id 
    left join
        inventories i2_0 
            on p1_0.id=i2_0.product_id 
    left join
        categories c1_0 
            on c1_0.id=p1_0.category_id 
    where
        p1_0.status=? 
        and (
            ? is null 
            or c1_0.id=?
        ) 
        and (
            ? is null 
            or lower(p1_0.brand_name)=lower(?)
        ) 
        and (
            ? is null 
            or p1_0.price>=?
        ) 
        and (
            ? is null 
            or p1_0.price<=?
        ) 
        and (
            ? is null 
            or lower(p1_0.name) like lower(concat('%', ?, '%')) escape '' 
            or lower(p1_0.brand_name) like lower(concat('%', ?, '%')) escape ''
        ) 
        and (
            ? is null 
            or (
                ?=1 
                and i2_0.quantity>0
            ) 
            or (
                ?=0 
                and i2_0.quantity=0
            )
        )
2026-03-22T14:26:29.752+05:30 DEBUG 9156 --- [product-service] [http-nio-8082-exec-6] org.hibernate.SQL                        : 
    select
        c1_0.id,
        c1_0.created_at,
        c1_0.description,
        c1_0.display_order,
        c1_0.image_url,
        c1_0.is_active,
        c1_0.name,
        c1_0.parent_id,
        c1_0.slug 
    from
        categories c1_0 
    where
        c1_0.is_active 
    order by
        c1_0.display_order
2026-03-22T14:27:51.559+05:30  INFO 9156 --- [product-service] [AsyncResolver-bootstrap-executor-0] c.n.d.s.r.aws.ConfigClusterResolver      : Resolving eureka endpoints via configuration
2026-03-22T14:32:51.752+05:30  INFO 9156 --- [product-service] [AsyncResolver-bootstrap-executor-0] c.n.d.s.r.aws.ConfigClusterResolver      : Resolving eureka endpoints via configuration
2026-03-22T14:37:52.120+05:30  INFO 9156 --- [product-service] [AsyncResolver-bootstrap-executor-0] c.n.d.s.r.aws.ConfigClusterResolver      : Resolving eureka endpoints via configuration
2026-03-22T14:42:52.373+05:30  INFO 9156 --- [product-service] [AsyncResolver-bootstrap-executor-0] c.n.d.s.r.aws.ConfigClusterResolver      : Resolving eureka endpoints via configuration
2026-03-22T15:02:51.907+05:30  INFO 9156 --- [product-service] [AsyncResolver-bootstrap-executor-0] c.n.d.s.r.aws.ConfigClusterResolver      : Resolving eureka endpoints via configuration
2026-03-22T15:18:07.635+05:30  WARN 9156 --- [product-service] [ProductServicePool housekeeper] com.zaxxer.hikari.pool.HikariPool        : ProductServicePool - Thread starvation or clock leap detected (housekeeper delta=30m28s416ms9µs900ns).
2026-03-22T16:18:32.576+05:30  WARN 9156 --- [product-service] [ProductServicePool housekeeper] com.zaxxer.hikari.pool.HikariPool        : ProductServicePool - Thread starvation or clock leap detected (housekeeper delta=1h25s569ms472µs900ns).
2026-03-22T17:03:57.890+05:30  WARN 9156 --- [product-service] [ProductServicePool housekeeper] com.zaxxer.hikari.pool.HikariPool        : ProductServicePool - Thread starvation or clock leap detected (housekeeper delta=45m25s392ms179µs200ns).
2026-03-22T17:45:53.199+05:30  WARN 9156 --- [product-service] [ProductServicePool housekeeper] com.zaxxer.hikari.pool.HikariPool        : ProductServicePool - Thread starvation or clock leap detected (housekeeper delta=41m55s386ms849µs300ns).
2026-03-22T17:49:06.648+05:30  INFO 9156 --- [product-service] [AsyncResolver-bootstrap-executor-0] c.n.d.s.r.aws.ConfigClusterResolver      : Resolving eureka endpoints via configuration
2026-03-22T17:54:06.666+05:30  INFO 9156 --- [product-service] [AsyncResolver-bootstrap-executor-0] c.n.d.s.r.aws.ConfigClusterResolver      : Resolving eureka endpoints via configuration
2026-03-22T20:39:46.972+05:30  WARN 9156 --- [product-service] [ProductServicePool housekeeper] com.zaxxer.hikari.pool.HikariPool        : ProductServicePool - Thread starvation or clock leap detected (housekeeper delta=2h44m1s432ms254µs200ns).
2026-03-22T20:42:28.052+05:30  INFO 9156 --- [product-service] [AsyncResolver-bootstrap-executor-0] c.n.d.s.r.aws.ConfigClusterResolver      : Resolving eureka endpoints via configuration
2026-03-22T20:43:48.924+05:30  INFO 9156 --- [product-service] [SpringApplicationShutdownHook] o.s.c.n.e.s.EurekaServiceRegistry        : Unregistering application PRODUCT-SERVICE with eureka with status DOWN
2026-03-22T20:43:48.930+05:30  INFO 9156 --- [product-service] [SpringApplicationShutdownHook] com.netflix.discovery.DiscoveryClient    : Saw local status change event StatusChangeEvent [timestamp=1774192428929, current=DOWN, previous=UP]
2026-03-22T20:43:48.932+05:30  INFO 9156 --- [product-service] [DiscoveryClient-InstanceInfoReplicator-0] com.netflix.discovery.DiscoveryClient    : DiscoveryClient_PRODUCT-SERVICE/product-service:8082: registering service...
2026-03-22T20:43:50.258+05:30  INFO 9156 --- [product-service] [DiscoveryClient-InstanceInfoReplicator-0] c.n.d.s.t.d.RedirectingEurekaHttpClient  : Request execution error. endpoint=DefaultEndpoint{ serviceUrl='http://localhost:8761/eureka/} exception=I/O error on POST request for "http://localhost:8761/eureka/apps/PRODUCT-SERVICE": Connect to http://localhost:8761 [localhost/127.0.0.1, localhost/0:0:0:0:0:0:0:1] failed: Connection refused: getsockopt stacktrace=org.springframework.web.client.ResourceAccessException: I/O error on POST request for "http://localhost:8761/eureka/apps/PRODUCT-SERVICE": Connect to http://localhost:8761 [localhost/127.0.0.1, localhost/0:0:0:0:0:0:0:1] failed: Connection refused: getsockopt
	at org.springframework.web.client.RestTemplate.createResourceAccessException(RestTemplate.java:915)
	at org.springframework.web.client.RestTemplate.doExecute(RestTemplate.java:895)
	at org.springframework.web.client.RestTemplate.execute(RestTemplate.java:790)
	at org.springframework.web.client.RestTemplate.exchange(RestTemplate.java:672)
	at org.springframework.cloud.netflix.eureka.http.RestTemplateEurekaHttpClient.register(RestTemplateEurekaHttpClient.java:77)
	at com.netflix.discovery.shared.transport.decorator.EurekaHttpClientDecorator$1.execute(EurekaHttpClientDecorator.java:59)
	at com.netflix.discovery.shared.transport.decorator.RedirectingEurekaHttpClient.execute(RedirectingEurekaHttpClient.java:91)
	at com.netflix.discovery.shared.transport.decorator.EurekaHttpClientDecorator.register(EurekaHttpClientDecorator.java:56)
	at com.netflix.discovery.shared.transport.decorator.EurekaHttpClientDecorator$1.execute(EurekaHttpClientDecorator.java:59)
	at com.netflix.discovery.shared.transport.decorator.RetryableEurekaHttpClient.execute(RetryableEurekaHttpClient.java:120)
	at com.netflix.discovery.shared.transport.decorator.EurekaHttpClientDecorator.register(EurekaHttpClientDecorator.java:56)
	at com.netflix.discovery.shared.transport.decorator.EurekaHttpClientDecorator$1.execute(EurekaHttpClientDecorator.java:59)
	at com.netflix.discovery.shared.transport.decorator.SessionedEurekaHttpClient.execute(SessionedEurekaHttpClient.java:77)
	at com.netflix.discovery.shared.transport.decorator.EurekaHttpClientDecorator.register(EurekaHttpClientDecorator.java:56)
	at com.netflix.discovery.DiscoveryClient.register(DiscoveryClient.java:820)
	at com.netflix.discovery.InstanceInfoReplicator.run(InstanceInfoReplicator.java:121)
	at com.netflix.discovery.InstanceInfoReplicator$1.run(InstanceInfoReplicator.java:101)
	at java.base/java.util.concurrent.Executors$RunnableAdapter.call(Executors.java:572)
	at java.base/java.util.concurrent.FutureTask.run$$$capture(FutureTask.java:317)
	at java.base/java.util.concurrent.FutureTask.run(FutureTask.java)
	at java.base/java.util.concurrent.ScheduledThreadPoolExecutor$ScheduledFutureTask.run(ScheduledThreadPoolExecutor.java:304)
	at java.base/java.util.concurrent.ThreadPoolExecutor.runWorker(ThreadPoolExecutor.java:1144)
	at java.base/java.util.concurrent.ThreadPoolExecutor$Worker.run(ThreadPoolExecutor.java:642)
	at java.base/java.lang.Thread.run(Thread.java:1583)
Caused by: org.apache.hc.client5.http.HttpHostConnectException: Connect to http://localhost:8761 [localhost/127.0.0.1, localhost/0:0:0:0:0:0:0:1] failed: Connection refused: getsockopt
	at java.base/sun.nio.ch.Net.pollConnect(Native Method)
	at java.base/sun.nio.ch.Net.pollConnectNow(Net.java:682)
	at java.base/sun.nio.ch.NioSocketImpl.timedFinishConnect(NioSocketImpl.java:542)
	at java.base/sun.nio.ch.NioSocketImpl.connect(NioSocketImpl.java:592)
	at java.base/java.net.SocksSocketImpl.connect(SocksSocketImpl.java:327)
	at java.base/java.net.Socket.connect(Socket.java:751)
	at org.apache.hc.client5.http.socket.PlainConnectionSocketFactory.lambda$connectSocket$0(PlainConnectionSocketFactory.java:91)
	at java.base/java.security.AccessController.doPrivileged(AccessController.java:571)
	at org.apache.hc.client5.http.socket.PlainConnectionSocketFactory.connectSocket(PlainConnectionSocketFactory.java:90)
	at org.apache.hc.client5.http.socket.ConnectionSocketFactory.connectSocket(ConnectionSocketFactory.java:123)
	at org.apache.hc.client5.http.impl.io.DefaultHttpClientConnectionOperator.connect(DefaultHttpClientConnectionOperator.java:184)
	at org.apache.hc.client5.http.impl.io.PoolingHttpClientConnectionManager.connect(PoolingHttpClientConnectionManager.java:447)
	at org.apache.hc.client5.http.impl.classic.InternalExecRuntime.connectEndpoint(InternalExecRuntime.java:162)
	at org.apache.hc.client5.http.impl.classic.InternalExecRuntime.connectEndpoint(InternalExecRuntime.java:172)
	at org.apache.hc.client5.http.impl.classic.ConnectExec.execute(ConnectExec.java:142)
	at org.apache.hc.client5.http.impl.classic.ExecChainElement.execute(ExecChainElement.java:51)
	at org.apache.hc.client5.http.impl.classic.ProtocolExec.execute(ProtocolExec.java:192)
	at org.apache.hc.client5.http.impl.classic.ExecChainElement.execute(ExecChainElement.java:51)
	at org.apache.hc.client5.http.impl.classic.HttpRequestRetryExec.execute(HttpRequestRetryExec.java:96)
	at org.apache.hc.client5.http.impl.classic.ExecChainElement.execute(ExecChainElement.java:51)
	at org.apache.hc.client5.http.impl.classic.ContentCompressionExec.execute(ContentCompressionExec.java:152)
	at org.apache.hc.client5.http.impl.classic.ExecChainElement.execute(ExecChainElement.java:51)
	at org.apache.hc.client5.http.impl.classic.RedirectExec.execute(RedirectExec.java:115)
	at org.apache.hc.client5.http.impl.classic.ExecChainElement.execute(ExecChainElement.java:51)
	at org.apache.hc.client5.http.impl.classic.InternalHttpClient.doExecute(InternalHttpClient.java:170)
	at org.apache.hc.client5.http.impl.classic.CloseableHttpClient.execute(CloseableHttpClient.java:87)
	at org.apache.hc.client5.http.impl.classic.CloseableHttpClient.execute(CloseableHttpClient.java:55)
	at org.apache.hc.client5.http.classic.HttpClient.executeOpen(HttpClient.java:183)
	at org.springframework.http.client.HttpComponentsClientHttpRequest.executeInternal(HttpComponentsClientHttpRequest.java:95)
	at org.springframework.http.client.AbstractStreamingClientHttpRequest.executeInternal(AbstractStreamingClientHttpRequest.java:70)
	at org.springframework.http.client.AbstractClientHttpRequest.execute(AbstractClientHttpRequest.java:66)
	at org.springframework.http.client.InterceptingClientHttpRequest$InterceptingRequestExecution.execute(InterceptingClientHttpRequest.java:112)
	at org.springframework.cloud.netflix.eureka.http.RestTemplateTransportClientFactory.lambda$restTemplate$0(RestTemplateTransportClientFactory.java:143)
	at org.springframework.http.client.InterceptingClientHttpRequest$InterceptingRequestExecution.execute(InterceptingClientHttpRequest.java:88)
	at org.springframework.http.client.InterceptingClientHttpRequest.executeInternal(InterceptingClientHttpRequest.java:72)
	at org.springframework.http.client.AbstractBufferingClientHttpRequest.executeInternal(AbstractBufferingClientHttpRequest.java:48)
	at org.springframework.http.client.AbstractClientHttpRequest.execute(AbstractClientHttpRequest.java:66)
	at org.springframework.web.client.RestTemplate.doExecute(RestTemplate.java:889)
	... 22 more

2026-03-22T20:43:50.262+05:30  WARN 9156 --- [product-service] [DiscoveryClient-InstanceInfoReplicator-0] c.n.d.s.t.d.RetryableEurekaHttpClient    : Request execution failed with message: I/O error on POST request for "http://localhost:8761/eureka/apps/PRODUCT-SERVICE": Connect to http://localhost:8761 [localhost/127.0.0.1, localhost/0:0:0:0:0:0:0:1] failed: Connection refused: getsockopt
2026-03-22T20:43:50.322+05:30  INFO 9156 --- [product-service] [DiscoveryClient-InstanceInfoReplicator-0] c.n.d.s.t.d.RedirectingEurekaHttpClient  : Request execution error. endpoint=DefaultEndpoint{ serviceUrl='http://localhost:8761/eureka/}, exception=I/O error on POST request for "http://localhost:8761/eureka/apps/PRODUCT-SERVICE": Connect to http://localhost:8761 [localhost/127.0.0.1, localhost/0:0:0:0:0:0:0:1] failed: Connection refused: getsockopt stacktrace=org.springframework.web.client.ResourceAccessException: I/O error on POST request for "http://localhost:8761/eureka/apps/PRODUCT-SERVICE": Connect to http://localhost:8761 [localhost/127.0.0.1, localhost/0:0:0:0:0:0:0:1] failed: Connection refused: getsockopt
	at org.springframework.web.client.RestTemplate.createResourceAccessException(RestTemplate.java:915)
	at org.springframework.web.client.RestTemplate.doExecute(RestTemplate.java:895)
	at org.springframework.web.client.RestTemplate.execute(RestTemplate.java:790)
	at org.springframework.web.client.RestTemplate.exchange(RestTemplate.java:672)
	at org.springframework.cloud.netflix.eureka.http.RestTemplateEurekaHttpClient.register(RestTemplateEurekaHttpClient.java:77)
	at com.netflix.discovery.shared.transport.decorator.EurekaHttpClientDecorator$1.execute(EurekaHttpClientDecorator.java:59)
	at com.netflix.discovery.shared.transport.decorator.RedirectingEurekaHttpClient.executeOnNewServer(RedirectingEurekaHttpClient.java:121)
	at com.netflix.discovery.shared.transport.decorator.RedirectingEurekaHttpClient.execute(RedirectingEurekaHttpClient.java:80)
	at com.netflix.discovery.shared.transport.decorator.EurekaHttpClientDecorator.register(EurekaHttpClientDecorator.java:56)
	at com.netflix.discovery.shared.transport.decorator.EurekaHttpClientDecorator$1.execute(EurekaHttpClientDecorator.java:59)
	at com.netflix.discovery.shared.transport.decorator.RetryableEurekaHttpClient.execute(RetryableEurekaHttpClient.java:120)
	at com.netflix.discovery.shared.transport.decorator.EurekaHttpClientDecorator.register(EurekaHttpClientDecorator.java:56)
	at com.netflix.discovery.shared.transport.decorator.EurekaHttpClientDecorator$1.execute(EurekaHttpClientDecorator.java:59)
	at com.netflix.discovery.shared.transport.decorator.SessionedEurekaHttpClient.execute(SessionedEurekaHttpClient.java:77)
	at com.netflix.discovery.shared.transport.decorator.EurekaHttpClientDecorator.register(EurekaHttpClientDecorator.java:56)
	at com.netflix.discovery.DiscoveryClient.register(DiscoveryClient.java:820)
	at com.netflix.discovery.InstanceInfoReplicator.run(InstanceInfoReplicator.java:121)
	at com.netflix.discovery.InstanceInfoReplicator$1.run(InstanceInfoReplicator.java:101)
	at java.base/java.util.concurrent.Executors$RunnableAdapter.call(Executors.java:572)
	at java.base/java.util.concurrent.FutureTask.run$$$capture(FutureTask.java:317)
	at java.base/java.util.concurrent.FutureTask.run(FutureTask.java)
	at java.base/java.util.concurrent.ScheduledThreadPoolExecutor$ScheduledFutureTask.run(ScheduledThreadPoolExecutor.java:304)
	at java.base/java.util.concurrent.ThreadPoolExecutor.runWorker(ThreadPoolExecutor.java:1144)
	at java.base/java.util.concurrent.ThreadPoolExecutor$Worker.run(ThreadPoolExecutor.java:642)
	at java.base/java.lang.Thread.run(Thread.java:1583)
Caused by: org.apache.hc.client5.http.HttpHostConnectException: Connect to http://localhost:8761 [localhost/127.0.0.1, localhost/0:0:0:0:0:0:0:1] failed: Connection refused: getsockopt
	at java.base/sun.nio.ch.Net.pollConnect(Native Method)
	at java.base/sun.nio.ch.Net.pollConnectNow(Net.java:682)
	at java.base/sun.nio.ch.NioSocketImpl.timedFinishConnect(NioSocketImpl.java:542)
	at java.base/sun.nio.ch.NioSocketImpl.connect(NioSocketImpl.java:592)
	at java.base/java.net.SocksSocketImpl.connect(SocksSocketImpl.java:327)
	at java.base/java.net.Socket.connect(Socket.java:751)
	at org.apache.hc.client5.http.socket.PlainConnectionSocketFactory.lambda$connectSocket$0(PlainConnectionSocketFactory.java:91)
	at java.base/java.security.AccessController.doPrivileged(AccessController.java:571)
	at org.apache.hc.client5.http.socket.PlainConnectionSocketFactory.connectSocket(PlainConnectionSocketFactory.java:90)
	at org.apache.hc.client5.http.socket.ConnectionSocketFactory.connectSocket(ConnectionSocketFactory.java:123)
	at org.apache.hc.client5.http.impl.io.DefaultHttpClientConnectionOperator.connect(DefaultHttpClientConnectionOperator.java:184)
	at org.apache.hc.client5.http.impl.io.PoolingHttpClientConnectionManager.connect(PoolingHttpClientConnectionManager.java:447)
	at org.apache.hc.client5.http.impl.classic.InternalExecRuntime.connectEndpoint(InternalExecRuntime.java:162)
	at org.apache.hc.client5.http.impl.classic.InternalExecRuntime.connectEndpoint(InternalExecRuntime.java:172)
	at org.apache.hc.client5.http.impl.classic.ConnectExec.execute(ConnectExec.java:142)
	at org.apache.hc.client5.http.impl.classic.ExecChainElement.execute(ExecChainElement.java:51)
	at org.apache.hc.client5.http.impl.classic.ProtocolExec.execute(ProtocolExec.java:192)
	at org.apache.hc.client5.http.impl.classic.ExecChainElement.execute(ExecChainElement.java:51)
	at org.apache.hc.client5.http.impl.classic.HttpRequestRetryExec.execute(HttpRequestRetryExec.java:96)
	at org.apache.hc.client5.http.impl.classic.ExecChainElement.execute(ExecChainElement.java:51)
	at org.apache.hc.client5.http.impl.classic.ContentCompressionExec.execute(ContentCompressionExec.java:152)
	at org.apache.hc.client5.http.impl.classic.ExecChainElement.execute(ExecChainElement.java:51)
	at org.apache.hc.client5.http.impl.classic.RedirectExec.execute(RedirectExec.java:115)
	at org.apache.hc.client5.http.impl.classic.ExecChainElement.execute(ExecChainElement.java:51)
	at org.apache.hc.client5.http.impl.classic.InternalHttpClient.doExecute(InternalHttpClient.java:170)
	at org.apache.hc.client5.http.impl.classic.CloseableHttpClient.execute(CloseableHttpClient.java:87)
	at org.apache.hc.client5.http.impl.classic.CloseableHttpClient.execute(CloseableHttpClient.java:55)
	at org.apache.hc.client5.http.classic.HttpClient.executeOpen(HttpClient.java:183)
	at org.springframework.http.client.HttpComponentsClientHttpRequest.executeInternal(HttpComponentsClientHttpRequest.java:95)
	at org.springframework.http.client.AbstractStreamingClientHttpRequest.executeInternal(AbstractStreamingClientHttpRequest.java:70)
	at org.springframework.http.client.AbstractClientHttpRequest.execute(AbstractClientHttpRequest.java:66)
	at org.springframework.http.client.InterceptingClientHttpRequest$InterceptingRequestExecution.execute(InterceptingClientHttpRequest.java:112)
	at org.springframework.cloud.netflix.eureka.http.RestTemplateTransportClientFactory.lambda$restTemplate$0(RestTemplateTransportClientFactory.java:143)
	at org.springframework.http.client.InterceptingClientHttpRequest$InterceptingRequestExecution.execute(InterceptingClientHttpRequest.java:88)
	at org.springframework.http.client.InterceptingClientHttpRequest.executeInternal(InterceptingClientHttpRequest.java:72)
	at org.springframework.http.client.AbstractBufferingClientHttpRequest.executeInternal(AbstractBufferingClientHttpRequest.java:48)
	at org.springframework.http.client.AbstractClientHttpRequest.execute(AbstractClientHttpRequest.java:66)
	at org.springframework.web.client.RestTemplate.doExecute(RestTemplate.java:889)
	... 23 more

2026-03-22T20:43:50.323+05:30  WARN 9156 --- [product-service] [DiscoveryClient-InstanceInfoReplicator-0] c.n.d.s.t.d.RetryableEurekaHttpClient    : Request execution failed with message: I/O error on POST request for "http://localhost:8761/eureka/apps/PRODUCT-SERVICE": Connect to http://localhost:8761 [localhost/127.0.0.1, localhost/0:0:0:0:0:0:0:1] failed: Connection refused: getsockopt
2026-03-22T20:43:50.334+05:30  WARN 9156 --- [product-service] [DiscoveryClient-InstanceInfoReplicator-0] com.netflix.discovery.DiscoveryClient    : DiscoveryClient_PRODUCT-SERVICE/product-service:8082 - registration failed Cannot execute request on any known server

com.netflix.discovery.shared.transport.TransportException: Cannot execute request on any known server
	at com.netflix.discovery.shared.transport.decorator.RetryableEurekaHttpClient.execute(RetryableEurekaHttpClient.java:112) ~[eureka-client-2.0.1.jar:2.0.1]
	at com.netflix.discovery.shared.transport.decorator.EurekaHttpClientDecorator.register(EurekaHttpClientDecorator.java:56) ~[eureka-client-2.0.1.jar:2.0.1]
	at com.netflix.discovery.shared.transport.decorator.EurekaHttpClientDecorator$1.execute(EurekaHttpClientDecorator.java:59) ~[eureka-client-2.0.1.jar:2.0.1]
	at com.netflix.discovery.shared.transport.decorator.SessionedEurekaHttpClient.execute(SessionedEurekaHttpClient.java:77) ~[eureka-client-2.0.1.jar:2.0.1]
	at com.netflix.discovery.shared.transport.decorator.EurekaHttpClientDecorator.register(EurekaHttpClientDecorator.java:56) ~[eureka-client-2.0.1.jar:2.0.1]
	at com.netflix.discovery.DiscoveryClient.register(DiscoveryClient.java:820) ~[eureka-client-2.0.1.jar:2.0.1]
	at com.netflix.discovery.InstanceInfoReplicator.run(InstanceInfoReplicator.java:121) ~[eureka-client-2.0.1.jar:2.0.1]
	at com.netflix.discovery.InstanceInfoReplicator$1.run(InstanceInfoReplicator.java:101) ~[eureka-client-2.0.1.jar:2.0.1]
	at java.base/java.util.concurrent.Executors$RunnableAdapter.call(Executors.java:572) ~[na:na]
	at java.base/java.util.concurrent.FutureTask.run$$$capture(FutureTask.java:317) ~[na:na]
	at java.base/java.util.concurrent.FutureTask.run(FutureTask.java) ~[na:na]
	at java.base/java.util.concurrent.ScheduledThreadPoolExecutor$ScheduledFutureTask.run(ScheduledThreadPoolExecutor.java:304) ~[na:na]
	at java.base/java.util.concurrent.ThreadPoolExecutor.runWorker(ThreadPoolExecutor.java:1144) ~[na:na]
	at java.base/java.util.concurrent.ThreadPoolExecutor$Worker.run(ThreadPoolExecutor.java:642) ~[na:na]
	at java.base/java.lang.Thread.run(Thread.java:1583) ~[na:na]

2026-03-22T20:43:50.686+05:30  WARN 9156 --- [product-service] [DiscoveryClient-InstanceInfoReplicator-0] c.n.discovery.InstanceInfoReplicator     : There was a problem with the instance info replicator

com.netflix.discovery.shared.transport.TransportException: Cannot execute request on any known server
	at com.netflix.discovery.shared.transport.decorator.RetryableEurekaHttpClient.execute(RetryableEurekaHttpClient.java:112) ~[eureka-client-2.0.1.jar:2.0.1]
	at com.netflix.discovery.shared.transport.decorator.EurekaHttpClientDecorator.register(EurekaHttpClientDecorator.java:56) ~[eureka-client-2.0.1.jar:2.0.1]
	at com.netflix.discovery.shared.transport.decorator.EurekaHttpClientDecorator$1.execute(EurekaHttpClientDecorator.java:59) ~[eureka-client-2.0.1.jar:2.0.1]
	at com.netflix.discovery.shared.transport.decorator.SessionedEurekaHttpClient.execute(SessionedEurekaHttpClient.java:77) ~[eureka-client-2.0.1.jar:2.0.1]
	at com.netflix.discovery.shared.transport.decorator.EurekaHttpClientDecorator.register(EurekaHttpClientDecorator.java:56) ~[eureka-client-2.0.1.jar:2.0.1]
	at com.netflix.discovery.DiscoveryClient.register(DiscoveryClient.java:820) ~[eureka-client-2.0.1.jar:2.0.1]
	at com.netflix.discovery.InstanceInfoReplicator.run(InstanceInfoReplicator.java:121) ~[eureka-client-2.0.1.jar:2.0.1]
	at com.netflix.discovery.InstanceInfoReplicator$1.run(InstanceInfoReplicator.java:101) ~[eureka-client-2.0.1.jar:2.0.1]
	at java.base/java.util.concurrent.Executors$RunnableAdapter.call(Executors.java:572) ~[na:na]
	at java.base/java.util.concurrent.FutureTask.run$$$capture(FutureTask.java:317) ~[na:na]
	at java.base/java.util.concurrent.FutureTask.run(FutureTask.java) ~[na:na]
	at java.base/java.util.concurrent.ScheduledThreadPoolExecutor$ScheduledFutureTask.run(ScheduledThreadPoolExecutor.java:304) ~[na:na]
	at java.base/java.util.concurrent.ThreadPoolExecutor.runWorker(ThreadPoolExecutor.java:1144) ~[na:na]
	at java.base/java.util.concurrent.ThreadPoolExecutor$Worker.run(ThreadPoolExecutor.java:642) ~[na:na]
	at java.base/java.lang.Thread.run(Thread.java:1583) ~[na:na]

2026-03-22T20:43:51.015+05:30  INFO 9156 --- [product-service] [SpringApplicationShutdownHook] j.LocalContainerEntityManagerFactoryBean : Closing JPA EntityManagerFactory for persistence unit 'default'
2026-03-22T20:43:51.875+05:30  INFO 9156 --- [product-service] [SpringApplicationShutdownHook] com.zaxxer.hikari.HikariDataSource       : ProductServicePool - Shutdown initiated...
2026-03-22T20:43:51.933+05:30  INFO 9156 --- [product-service] [SpringApplicationShutdownHook] com.zaxxer.hikari.HikariDataSource       : ProductServicePool - Shutdown completed.
2026-03-22T20:43:51.953+05:30  INFO 9156 --- [product-service] [SpringApplicationShutdownHook] com.netflix.discovery.DiscoveryClient    : Shutting down DiscoveryClient ...
2026-03-22T20:43:54.842+05:30  INFO 9156 --- [product-service] [DiscoveryClient-CacheRefreshExecutor-0] c.n.d.s.t.d.RedirectingEurekaHttpClient  : Request execution error. endpoint=DefaultEndpoint{ serviceUrl='http://localhost:8761/eureka/} exception=I/O error on GET request for "http://localhost:8761/eureka/apps/delta": Connect to http://localhost:8761 [localhost/127.0.0.1, localhost/0:0:0:0:0:0:0:1] failed: Connection refused: getsockopt stacktrace=org.springframework.web.client.ResourceAccessException: I/O error on GET request for "http://localhost:8761/eureka/apps/delta": Connect to http://localhost:8761 [localhost/127.0.0.1, localhost/0:0:0:0:0:0:0:1] failed: Connection refused: getsockopt
	at org.springframework.web.client.RestTemplate.createResourceAccessException(RestTemplate.java:915)
	at org.springframework.web.client.RestTemplate.doExecute(RestTemplate.java:895)
	at org.springframework.web.client.RestTemplate.execute(RestTemplate.java:790)
	at org.springframework.web.client.RestTemplate.exchange(RestTemplate.java:672)
	at org.springframework.cloud.netflix.eureka.http.RestTemplateEurekaHttpClient.getApplicationsInternal(RestTemplateEurekaHttpClient.java:145)
	at org.springframework.cloud.netflix.eureka.http.RestTemplateEurekaHttpClient.getDelta(RestTemplateEurekaHttpClient.java:155)
	at com.netflix.discovery.shared.transport.decorator.EurekaHttpClientDecorator$7.execute(EurekaHttpClientDecorator.java:152)
	at com.netflix.discovery.shared.transport.decorator.RedirectingEurekaHttpClient.execute(RedirectingEurekaHttpClient.java:91)
	at com.netflix.discovery.shared.transport.decorator.EurekaHttpClientDecorator.getDelta(EurekaHttpClientDecorator.java:149)
	at com.netflix.discovery.shared.transport.decorator.EurekaHttpClientDecorator$7.execute(EurekaHttpClientDecorator.java:152)
	at com.netflix.discovery.shared.transport.decorator.RetryableEurekaHttpClient.execute(RetryableEurekaHttpClient.java:120)
	at com.netflix.discovery.shared.transport.decorator.EurekaHttpClientDecorator.getDelta(EurekaHttpClientDecorator.java:149)
	at com.netflix.discovery.shared.transport.decorator.EurekaHttpClientDecorator$7.execute(EurekaHttpClientDecorator.java:152)
	at com.netflix.discovery.shared.transport.decorator.SessionedEurekaHttpClient.execute(SessionedEurekaHttpClient.java:77)
	at com.netflix.discovery.shared.transport.decorator.EurekaHttpClientDecorator.getDelta(EurekaHttpClientDecorator.java:149)
	at com.netflix.discovery.DiscoveryClient.getAndUpdateDelta(DiscoveryClient.java:1079)
	at com.netflix.discovery.DiscoveryClient.fetchRegistry(DiscoveryClient.java:960)
	at com.netflix.discovery.DiscoveryClient.refreshRegistry(DiscoveryClient.java:1475)
	at com.netflix.discovery.DiscoveryClient$CacheRefreshThread.run(DiscoveryClient.java:1442)
	at java.base/java.util.concurrent.Executors$RunnableAdapter.call(Executors.java:572)
	at java.base/java.util.concurrent.FutureTask.run$$$capture(FutureTask.java:317)
	at java.base/java.util.concurrent.FutureTask.run(FutureTask.java)
	at java.base/java.util.concurrent.ThreadPoolExecutor.runWorker(ThreadPoolExecutor.java:1144)
	at java.base/java.util.concurrent.ThreadPoolExecutor$Worker.run(ThreadPoolExecutor.java:642)
	at java.base/java.lang.Thread.run(Thread.java:1583)
Caused by: org.apache.hc.client5.http.HttpHostConnectException: Connect to http://localhost:8761 [localhost/127.0.0.1, localhost/0:0:0:0:0:0:0:1] failed: Connection refused: getsockopt
	at java.base/sun.nio.ch.Net.pollConnect(Native Method)
	at java.base/sun.nio.ch.Net.pollConnectNow(Net.java:682)
	at java.base/sun.nio.ch.NioSocketImpl.timedFinishConnect(NioSocketImpl.java:542)
	at java.base/sun.nio.ch.NioSocketImpl.connect(NioSocketImpl.java:592)
	at java.base/java.net.SocksSocketImpl.connect(SocksSocketImpl.java:327)
	at java.base/java.net.Socket.connect(Socket.java:751)
	at org.apache.hc.client5.http.socket.PlainConnectionSocketFactory.lambda$connectSocket$0(PlainConnectionSocketFactory.java:91)
	at java.base/java.security.AccessController.doPrivileged(AccessController.java:571)
	at org.apache.hc.client5.http.socket.PlainConnectionSocketFactory.connectSocket(PlainConnectionSocketFactory.java:90)
	at org.apache.hc.client5.http.socket.ConnectionSocketFactory.connectSocket(ConnectionSocketFactory.java:123)
	at org.apache.hc.client5.http.impl.io.DefaultHttpClientConnectionOperator.connect(DefaultHttpClientConnectionOperator.java:184)
	at org.apache.hc.client5.http.impl.io.PoolingHttpClientConnectionManager.connect(PoolingHttpClientConnectionManager.java:447)
	at org.apache.hc.client5.http.impl.classic.InternalExecRuntime.connectEndpoint(InternalExecRuntime.java:162)
	at org.apache.hc.client5.http.impl.classic.InternalExecRuntime.connectEndpoint(InternalExecRuntime.java:172)
	at org.apache.hc.client5.http.impl.classic.ConnectExec.execute(ConnectExec.java:142)
	at org.apache.hc.client5.http.impl.classic.ExecChainElement.execute(ExecChainElement.java:51)
	at org.apache.hc.client5.http.impl.classic.ProtocolExec.execute(ProtocolExec.java:192)
	at org.apache.hc.client5.http.impl.classic.ExecChainElement.execute(ExecChainElement.java:51)
	at org.apache.hc.client5.http.impl.classic.HttpRequestRetryExec.execute(HttpRequestRetryExec.java:96)
	at org.apache.hc.client5.http.impl.classic.ExecChainElement.execute(ExecChainElement.java:51)
	at org.apache.hc.client5.http.impl.classic.ContentCompressionExec.execute(ContentCompressionExec.java:152)
	at org.apache.hc.client5.http.impl.classic.ExecChainElement.execute(ExecChainElement.java:51)
	at org.apache.hc.client5.http.impl.classic.RedirectExec.execute(RedirectExec.java:115)
	at org.apache.hc.client5.http.impl.classic.ExecChainElement.execute(ExecChainElement.java:51)
	at org.apache.hc.client5.http.impl.classic.InternalHttpClient.doExecute(InternalHttpClient.java:170)
	at org.apache.hc.client5.http.impl.classic.CloseableHttpClient.execute(CloseableHttpClient.java:87)
	at org.apache.hc.client5.http.impl.classic.CloseableHttpClient.execute(CloseableHttpClient.java:55)
	at org.apache.hc.client5.http.classic.HttpClient.executeOpen(HttpClient.java:183)
	at org.springframework.http.client.HttpComponentsClientHttpRequest.executeInternal(HttpComponentsClientHttpRequest.java:95)
	at org.springframework.http.client.AbstractStreamingClientHttpRequest.executeInternal(AbstractStreamingClientHttpRequest.java:70)
	at org.springframework.http.client.AbstractClientHttpRequest.execute(AbstractClientHttpRequest.java:66)
	at org.springframework.http.client.InterceptingClientHttpRequest$InterceptingRequestExecution.execute(InterceptingClientHttpRequest.java:112)
	at org.springframework.cloud.netflix.eureka.http.RestTemplateTransportClientFactory.lambda$restTemplate$0(RestTemplateTransportClientFactory.java:143)
	at org.springframework.http.client.InterceptingClientHttpRequest$InterceptingRequestExecution.execute(InterceptingClientHttpRequest.java:88)
	at org.springframework.http.client.InterceptingClientHttpRequest.executeInternal(InterceptingClientHttpRequest.java:72)
	at org.springframework.http.client.AbstractBufferingClientHttpRequest.executeInternal(AbstractBufferingClientHttpRequest.java:48)
	at org.springframework.http.client.AbstractClientHttpRequest.execute(AbstractClientHttpRequest.java:66)
	at org.springframework.web.client.RestTemplate.doExecute(RestTemplate.java:889)
	... 23 more

2026-03-22T20:43:54.843+05:30  WARN 9156 --- [product-service] [DiscoveryClient-CacheRefreshExecutor-0] c.n.d.s.t.d.RetryableEurekaHttpClient    : Request execution failed with message: I/O error on GET request for "http://localhost:8761/eureka/apps/delta": Connect to http://localhost:8761 [localhost/127.0.0.1, localhost/0:0:0:0:0:0:0:1] failed: Connection refused: getsockopt
2026-03-22T20:43:54.855+05:30  INFO 9156 --- [product-service] [DiscoveryClient-HeartbeatExecutor-0] c.n.d.s.t.d.RedirectingEurekaHttpClient  : Request execution error. endpoint=DefaultEndpoint{ serviceUrl='http://localhost:8761/eureka/}, exception=I/O error on PUT request for "http://localhost:8761/eureka/apps/PRODUCT-SERVICE/product-service:8082": Connect to http://localhost:8761 [localhost/127.0.0.1, localhost/0:0:0:0:0:0:0:1] failed: Connection refused: getsockopt stacktrace=org.springframework.web.client.ResourceAccessException: I/O error on PUT request for "http://localhost:8761/eureka/apps/PRODUCT-SERVICE/product-service:8082": Connect to http://localhost:8761 [localhost/127.0.0.1, localhost/0:0:0:0:0:0:0:1] failed: Connection refused: getsockopt
	at org.springframework.web.client.RestTemplate.createResourceAccessException(RestTemplate.java:915)
	at org.springframework.web.client.RestTemplate.doExecute(RestTemplate.java:895)
	at org.springframework.web.client.RestTemplate.execute(RestTemplate.java:790)
	at org.springframework.web.client.RestTemplate.exchange(RestTemplate.java:672)
	at org.springframework.cloud.netflix.eureka.http.RestTemplateEurekaHttpClient.sendHeartBeat(RestTemplateEurekaHttpClient.java:99)
	at com.netflix.discovery.shared.transport.decorator.EurekaHttpClientDecorator$3.execute(EurekaHttpClientDecorator.java:92)
	at com.netflix.discovery.shared.transport.decorator.RedirectingEurekaHttpClient.executeOnNewServer(RedirectingEurekaHttpClient.java:121)
	at com.netflix.discovery.shared.transport.decorator.RedirectingEurekaHttpClient.execute(RedirectingEurekaHttpClient.java:80)
	at com.netflix.discovery.shared.transport.decorator.EurekaHttpClientDecorator.sendHeartBeat(EurekaHttpClientDecorator.java:89)
	at com.netflix.discovery.shared.transport.decorator.EurekaHttpClientDecorator$3.execute(EurekaHttpClientDecorator.java:92)
	at com.netflix.discovery.shared.transport.decorator.RetryableEurekaHttpClient.execute(RetryableEurekaHttpClient.java:120)
	at com.netflix.discovery.shared.transport.decorator.EurekaHttpClientDecorator.sendHeartBeat(EurekaHttpClientDecorator.java:89)
	at com.netflix.discovery.shared.transport.decorator.EurekaHttpClientDecorator$3.execute(EurekaHttpClientDecorator.java:92)
	at com.netflix.discovery.shared.transport.decorator.SessionedEurekaHttpClient.execute(SessionedEurekaHttpClient.java:77)
	at com.netflix.discovery.shared.transport.decorator.EurekaHttpClientDecorator.sendHeartBeat(EurekaHttpClientDecorator.java:89)
	at com.netflix.discovery.DiscoveryClient.renew(DiscoveryClient.java:837)
	at com.netflix.discovery.DiscoveryClient$HeartbeatThread.run(DiscoveryClient.java:1401)
	at java.base/java.util.concurrent.Executors$RunnableAdapter.call(Executors.java:572)
	at java.base/java.util.concurrent.FutureTask.run$$$capture(FutureTask.java:317)
	at java.base/java.util.concurrent.FutureTask.run(FutureTask.java)
	at java.base/java.util.concurrent.ThreadPoolExecutor.runWorker(ThreadPoolExecutor.java:1144)
	at java.base/java.util.concurrent.ThreadPoolExecutor$Worker.run(ThreadPoolExecutor.java:642)
	at java.base/java.lang.Thread.run(Thread.java:1583)
Caused by: org.apache.hc.client5.http.HttpHostConnectException: Connect to http://localhost:8761 [localhost/127.0.0.1, localhost/0:0:0:0:0:0:0:1] failed: Connection refused: getsockopt
	at java.base/sun.nio.ch.Net.pollConnect(Native Method)
	at java.base/sun.nio.ch.Net.pollConnectNow(Net.java:682)
	at java.base/sun.nio.ch.NioSocketImpl.timedFinishConnect(NioSocketImpl.java:542)
	at java.base/sun.nio.ch.NioSocketImpl.connect(NioSocketImpl.java:592)
	at java.base/java.net.SocksSocketImpl.connect(SocksSocketImpl.java:327)
	at java.base/java.net.Socket.connect(Socket.java:751)
	at org.apache.hc.client5.http.socket.PlainConnectionSocketFactory.lambda$connectSocket$0(PlainConnectionSocketFactory.java:91)
	at java.base/java.security.AccessController.doPrivileged(AccessController.java:571)
	at org.apache.hc.client5.http.socket.PlainConnectionSocketFactory.connectSocket(PlainConnectionSocketFactory.java:90)
	at org.apache.hc.client5.http.socket.ConnectionSocketFactory.connectSocket(ConnectionSocketFactory.java:123)
	at org.apache.hc.client5.http.impl.io.DefaultHttpClientConnectionOperator.connect(DefaultHttpClientConnectionOperator.java:184)
	at org.apache.hc.client5.http.impl.io.PoolingHttpClientConnectionManager.connect(PoolingHttpClientConnectionManager.java:447)
	at org.apache.hc.client5.http.impl.classic.InternalExecRuntime.connectEndpoint(InternalExecRuntime.java:162)
	at org.apache.hc.client5.http.impl.classic.InternalExecRuntime.connectEndpoint(InternalExecRuntime.java:172)
	at org.apache.hc.client5.http.impl.classic.ConnectExec.execute(ConnectExec.java:142)
	at org.apache.hc.client5.http.impl.classic.ExecChainElement.execute(ExecChainElement.java:51)
	at org.apache.hc.client5.http.impl.classic.ProtocolExec.execute(ProtocolExec.java:192)
	at org.apache.hc.client5.http.impl.classic.ExecChainElement.execute(ExecChainElement.java:51)
	at org.apache.hc.client5.http.impl.classic.HttpRequestRetryExec.execute(HttpRequestRetryExec.java:96)
	at org.apache.hc.client5.http.impl.classic.ExecChainElement.execute(ExecChainElement.java:51)
	at org.apache.hc.client5.http.impl.classic.ContentCompressionExec.execute(ContentCompressionExec.java:152)
	at org.apache.hc.client5.http.impl.classic.ExecChainElement.execute(ExecChainElement.java:51)
	at org.apache.hc.client5.http.impl.classic.RedirectExec.execute(RedirectExec.java:115)
	at org.apache.hc.client5.http.impl.classic.ExecChainElement.execute(ExecChainElement.java:51)
	at org.apache.hc.client5.http.impl.classic.InternalHttpClient.doExecute(InternalHttpClient.java:170)
	at org.apache.hc.client5.http.impl.classic.CloseableHttpClient.execute(CloseableHttpClient.java:87)
	at org.apache.hc.client5.http.impl.classic.CloseableHttpClient.execute(CloseableHttpClient.java:55)
	at org.apache.hc.client5.http.classic.HttpClient.executeOpen(HttpClient.java:183)
	at org.springframework.http.client.HttpComponentsClientHttpRequest.executeInternal(HttpComponentsClientHttpRequest.java:95)
	at org.springframework.http.client.AbstractStreamingClientHttpRequest.executeInternal(AbstractStreamingClientHttpRequest.java:70)
	at org.springframework.http.client.AbstractClientHttpRequest.execute(AbstractClientHttpRequest.java:66)
	at org.springframework.http.client.InterceptingClientHttpRequest$InterceptingRequestExecution.execute(InterceptingClientHttpRequest.java:112)
	at org.springframework.cloud.netflix.eureka.http.RestTemplateTransportClientFactory.lambda$restTemplate$0(RestTemplateTransportClientFactory.java:143)
	at org.springframework.http.client.InterceptingClientHttpRequest$InterceptingRequestExecution.execute(InterceptingClientHttpRequest.java:88)
	at org.springframework.http.client.InterceptingClientHttpRequest.executeInternal(InterceptingClientHttpRequest.java:72)
	at org.springframework.http.client.AbstractBufferingClientHttpRequest.executeInternal(AbstractBufferingClientHttpRequest.java:48)
	at org.springframework.http.client.AbstractClientHttpRequest.execute(AbstractClientHttpRequest.java:66)
	at org.springframework.web.client.RestTemplate.doExecute(RestTemplate.java:889)
	... 21 more

2026-03-22T20:43:54.855+05:30  WARN 9156 --- [product-service] [DiscoveryClient-HeartbeatExecutor-0] c.n.d.s.t.d.RetryableEurekaHttpClient    : Request execution failed with message: I/O error on PUT request for "http://localhost:8761/eureka/apps/PRODUCT-SERVICE/product-service:8082": Connect to http://localhost:8761 [localhost/127.0.0.1, localhost/0:0:0:0:0:0:0:1] failed: Connection refused: getsockopt
2026-03-22T20:43:54.856+05:30 ERROR 9156 --- [product-service] [DiscoveryClient-HeartbeatExecutor-0] com.netflix.discovery.DiscoveryClient    : DiscoveryClient_PRODUCT-SERVICE/product-service:8082 - was unable to send heartbeat!

com.netflix.discovery.shared.transport.TransportException: Cannot execute request on any known server
	at com.netflix.discovery.shared.transport.decorator.RetryableEurekaHttpClient.execute(RetryableEurekaHttpClient.java:112) ~[eureka-client-2.0.1.jar:2.0.1]
	at com.netflix.discovery.shared.transport.decorator.EurekaHttpClientDecorator.sendHeartBeat(EurekaHttpClientDecorator.java:89) ~[eureka-client-2.0.1.jar:2.0.1]
	at com.netflix.discovery.shared.transport.decorator.EurekaHttpClientDecorator$3.execute(EurekaHttpClientDecorator.java:92) ~[eureka-client-2.0.1.jar:2.0.1]
	at com.netflix.discovery.shared.transport.decorator.SessionedEurekaHttpClient.execute(SessionedEurekaHttpClient.java:77) ~[eureka-client-2.0.1.jar:2.0.1]
	at com.netflix.discovery.shared.transport.decorator.EurekaHttpClientDecorator.sendHeartBeat(EurekaHttpClientDecorator.java:89) ~[eureka-client-2.0.1.jar:2.0.1]
	at com.netflix.discovery.DiscoveryClient.renew(DiscoveryClient.java:837) ~[eureka-client-2.0.1.jar:2.0.1]
	at com.netflix.discovery.DiscoveryClient$HeartbeatThread.run(DiscoveryClient.java:1401) ~[eureka-client-2.0.1.jar:2.0.1]
	at java.base/java.util.concurrent.Executors$RunnableAdapter.call(Executors.java:572) ~[na:na]
	at java.base/java.util.concurrent.FutureTask.run$$$capture(FutureTask.java:317) ~[na:na]
	at java.base/java.util.concurrent.FutureTask.run(FutureTask.java) ~[na:na]
	at java.base/java.util.concurrent.ThreadPoolExecutor.runWorker(ThreadPoolExecutor.java:1144) ~[na:na]
	at java.base/java.util.concurrent.ThreadPoolExecutor$Worker.run(ThreadPoolExecutor.java:642) ~[na:na]
	at java.base/java.lang.Thread.run(Thread.java:1583) ~[na:na]

2026-03-22T20:43:54.886+05:30  INFO 9156 --- [product-service] [DiscoveryClient-CacheRefreshExecutor-0] c.n.d.s.t.d.RedirectingEurekaHttpClient  : Request execution error. endpoint=DefaultEndpoint{ serviceUrl='http://localhost:8761/eureka/}, exception=I/O error on GET request for "http://localhost:8761/eureka/apps/delta": Connect to http://localhost:8761 [localhost/127.0.0.1, localhost/0:0:0:0:0:0:0:1] failed: Connection refused: getsockopt stacktrace=org.springframework.web.client.ResourceAccessException: I/O error on GET request for "http://localhost:8761/eureka/apps/delta": Connect to http://localhost:8761 [localhost/127.0.0.1, localhost/0:0:0:0:0:0:0:1] failed: Connection refused: getsockopt
	at org.springframework.web.client.RestTemplate.createResourceAccessException(RestTemplate.java:915)
	at org.springframework.web.client.RestTemplate.doExecute(RestTemplate.java:895)
	at org.springframework.web.client.RestTemplate.execute(RestTemplate.java:790)
	at org.springframework.web.client.RestTemplate.exchange(RestTemplate.java:672)
	at org.springframework.cloud.netflix.eureka.http.RestTemplateEurekaHttpClient.getApplicationsInternal(RestTemplateEurekaHttpClient.java:145)
	at org.springframework.cloud.netflix.eureka.http.RestTemplateEurekaHttpClient.getDelta(RestTemplateEurekaHttpClient.java:155)
	at com.netflix.discovery.shared.transport.decorator.EurekaHttpClientDecorator$7.execute(EurekaHttpClientDecorator.java:152)
	at com.netflix.discovery.shared.transport.decorator.RedirectingEurekaHttpClient.executeOnNewServer(RedirectingEurekaHttpClient.java:121)
	at com.netflix.discovery.shared.transport.decorator.RedirectingEurekaHttpClient.execute(RedirectingEurekaHttpClient.java:80)
	at com.netflix.discovery.shared.transport.decorator.EurekaHttpClientDecorator.getDelta(EurekaHttpClientDecorator.java:149)
	at com.netflix.discovery.shared.transport.decorator.EurekaHttpClientDecorator$7.execute(EurekaHttpClientDecorator.java:152)
	at com.netflix.discovery.shared.transport.decorator.RetryableEurekaHttpClient.execute(RetryableEurekaHttpClient.java:120)
	at com.netflix.discovery.shared.transport.decorator.EurekaHttpClientDecorator.getDelta(EurekaHttpClientDecorator.java:149)
	at com.netflix.discovery.shared.transport.decorator.EurekaHttpClientDecorator$7.execute(EurekaHttpClientDecorator.java:152)
	at com.netflix.discovery.shared.transport.decorator.SessionedEurekaHttpClient.execute(SessionedEurekaHttpClient.java:77)
	at com.netflix.discovery.shared.transport.decorator.EurekaHttpClientDecorator.getDelta(EurekaHttpClientDecorator.java:149)
	at com.netflix.discovery.DiscoveryClient.getAndUpdateDelta(DiscoveryClient.java:1079)
	at com.netflix.discovery.DiscoveryClient.fetchRegistry(DiscoveryClient.java:960)
	at com.netflix.discovery.DiscoveryClient.refreshRegistry(DiscoveryClient.java:1475)
	at com.netflix.discovery.DiscoveryClient$CacheRefreshThread.run(DiscoveryClient.java:1442)
	at java.base/java.util.concurrent.Executors$RunnableAdapter.call(Executors.java:572)
	at java.base/java.util.concurrent.FutureTask.run$$$capture(FutureTask.java:317)
	at java.base/java.util.concurrent.FutureTask.run(FutureTask.java)
	at java.base/java.util.concurrent.ThreadPoolExecutor.runWorker(ThreadPoolExecutor.java:1144)
	at java.base/java.util.concurrent.ThreadPoolExecutor$Worker.run(ThreadPoolExecutor.java:642)
	at java.base/java.lang.Thread.run(Thread.java:1583)
Caused by: org.apache.hc.client5.http.HttpHostConnectException: Connect to http://localhost:8761 [localhost/127.0.0.1, localhost/0:0:0:0:0:0:0:1] failed: Connection refused: getsockopt
	at java.base/sun.nio.ch.Net.pollConnect(Native Method)
	at java.base/sun.nio.ch.Net.pollConnectNow(Net.java:682)
	at java.base/sun.nio.ch.NioSocketImpl.timedFinishConnect(NioSocketImpl.java:542)
	at java.base/sun.nio.ch.NioSocketImpl.connect(NioSocketImpl.java:592)
	at java.base/java.net.SocksSocketImpl.connect(SocksSocketImpl.java:327)
	at java.base/java.net.Socket.connect(Socket.java:751)
	at org.apache.hc.client5.http.socket.PlainConnectionSocketFactory.lambda$connectSocket$0(PlainConnectionSocketFactory.java:91)
	at java.base/java.security.AccessController.doPrivileged(AccessController.java:571)
	at org.apache.hc.client5.http.socket.PlainConnectionSocketFactory.connectSocket(PlainConnectionSocketFactory.java:90)
	at org.apache.hc.client5.http.socket.ConnectionSocketFactory.connectSocket(ConnectionSocketFactory.java:123)
	at org.apache.hc.client5.http.impl.io.DefaultHttpClientConnectionOperator.connect(DefaultHttpClientConnectionOperator.java:184)
	at org.apache.hc.client5.http.impl.io.PoolingHttpClientConnectionManager.connect(PoolingHttpClientConnectionManager.java:447)
	at org.apache.hc.client5.http.impl.classic.InternalExecRuntime.connectEndpoint(InternalExecRuntime.java:162)
	at org.apache.hc.client5.http.impl.classic.InternalExecRuntime.connectEndpoint(InternalExecRuntime.java:172)
	at org.apache.hc.client5.http.impl.classic.ConnectExec.execute(ConnectExec.java:142)
	at org.apache.hc.client5.http.impl.classic.ExecChainElement.execute(ExecChainElement.java:51)
	at org.apache.hc.client5.http.impl.classic.ProtocolExec.execute(ProtocolExec.java:192)
	at org.apache.hc.client5.http.impl.classic.ExecChainElement.execute(ExecChainElement.java:51)
	at org.apache.hc.client5.http.impl.classic.HttpRequestRetryExec.execute(HttpRequestRetryExec.java:96)
	at org.apache.hc.client5.http.impl.classic.ExecChainElement.execute(ExecChainElement.java:51)
	at org.apache.hc.client5.http.impl.classic.ContentCompressionExec.execute(ContentCompressionExec.java:152)
	at org.apache.hc.client5.http.impl.classic.ExecChainElement.execute(ExecChainElement.java:51)
	at org.apache.hc.client5.http.impl.classic.RedirectExec.execute(RedirectExec.java:115)
	at org.apache.hc.client5.http.impl.classic.ExecChainElement.execute(ExecChainElement.java:51)
	at org.apache.hc.client5.http.impl.classic.InternalHttpClient.doExecute(InternalHttpClient.java:170)
	at org.apache.hc.client5.http.impl.classic.CloseableHttpClient.execute(CloseableHttpClient.java:87)
	at org.apache.hc.client5.http.impl.classic.CloseableHttpClient.execute(CloseableHttpClient.java:55)
	at org.apache.hc.client5.http.classic.HttpClient.executeOpen(HttpClient.java:183)
	at org.springframework.http.client.HttpComponentsClientHttpRequest.executeInternal(HttpComponentsClientHttpRequest.java:95)
	at org.springframework.http.client.AbstractStreamingClientHttpRequest.executeInternal(AbstractStreamingClientHttpRequest.java:70)
	at org.springframework.http.client.AbstractClientHttpRequest.execute(AbstractClientHttpRequest.java:66)
	at org.springframework.http.client.InterceptingClientHttpRequest$InterceptingRequestExecution.execute(InterceptingClientHttpRequest.java:112)
	at org.springframework.cloud.netflix.eureka.http.RestTemplateTransportClientFactory.lambda$restTemplate$0(RestTemplateTransportClientFactory.java:143)
	at org.springframework.http.client.InterceptingClientHttpRequest$InterceptingRequestExecution.execute(InterceptingClientHttpRequest.java:88)
	at org.springframework.http.client.InterceptingClientHttpRequest.executeInternal(InterceptingClientHttpRequest.java:72)
	at org.springframework.http.client.AbstractBufferingClientHttpRequest.executeInternal(AbstractBufferingClientHttpRequest.java:48)
	at org.springframework.http.client.AbstractClientHttpRequest.execute(AbstractClientHttpRequest.java:66)
	at org.springframework.web.client.RestTemplate.doExecute(RestTemplate.java:889)
	... 24 more

2026-03-22T20:43:54.886+05:30  WARN 9156 --- [product-service] [DiscoveryClient-CacheRefreshExecutor-0] c.n.d.s.t.d.RetryableEurekaHttpClient    : Request execution failed with message: I/O error on GET request for "http://localhost:8761/eureka/apps/delta": Connect to http://localhost:8761 [localhost/127.0.0.1, localhost/0:0:0:0:0:0:0:1] failed: Connection refused: getsockopt
2026-03-22T20:43:54.888+05:30  INFO 9156 --- [product-service] [DiscoveryClient-CacheRefreshExecutor-0] com.netflix.discovery.DiscoveryClient    : DiscoveryClient_PRODUCT-SERVICE/product-service:8082 - was unable to refresh its cache! This periodic background refresh will be retried in 30 seconds. status = Cannot execute request on any known server stacktrace = com.netflix.discovery.shared.transport.TransportException: Cannot execute request on any known server
	at com.netflix.discovery.shared.transport.decorator.RetryableEurekaHttpClient.execute(RetryableEurekaHttpClient.java:112)
	at com.netflix.discovery.shared.transport.decorator.EurekaHttpClientDecorator.getDelta(EurekaHttpClientDecorator.java:149)
	at com.netflix.discovery.shared.transport.decorator.EurekaHttpClientDecorator$7.execute(EurekaHttpClientDecorator.java:152)
	at com.netflix.discovery.shared.transport.decorator.SessionedEurekaHttpClient.execute(SessionedEurekaHttpClient.java:77)
	at com.netflix.discovery.shared.transport.decorator.EurekaHttpClientDecorator.getDelta(EurekaHttpClientDecorator.java:149)
	at com.netflix.discovery.DiscoveryClient.getAndUpdateDelta(DiscoveryClient.java:1079)
	at com.netflix.discovery.DiscoveryClient.fetchRegistry(DiscoveryClient.java:960)
	at com.netflix.discovery.DiscoveryClient.refreshRegistry(DiscoveryClient.java:1475)
	at com.netflix.discovery.DiscoveryClient$CacheRefreshThread.run(DiscoveryClient.java:1442)
	at java.base/java.util.concurrent.Executors$RunnableAdapter.call(Executors.java:572)
	at java.base/java.util.concurrent.FutureTask.run$$$capture(FutureTask.java:317)
	at java.base/java.util.concurrent.FutureTask.run(FutureTask.java)
	at java.base/java.util.concurrent.ThreadPoolExecutor.runWorker(ThreadPoolExecutor.java:1144)
	at java.base/java.util.concurrent.ThreadPoolExecutor$Worker.run(ThreadPoolExecutor.java:642)
	at java.base/java.lang.Thread.run(Thread.java:1583)

2026-03-22T20:43:54.972+05:30  INFO 9156 --- [product-service] [SpringApplicationShutdownHook] com.netflix.discovery.DiscoveryClient    : Unregistering ...
2026-03-22T20:43:55.061+05:30  INFO 9156 --- [product-service] [SpringApplicationShutdownHook] c.n.d.s.t.d.RedirectingEurekaHttpClient  : Request execution error. endpoint=DefaultEndpoint{ serviceUrl='http://localhost:8761/eureka/}, exception=I/O error on DELETE request for "http://localhost:8761/eureka/apps/PRODUCT-SERVICE/product-service:8082": Connect to http://localhost:8761 [localhost/127.0.0.1, localhost/0:0:0:0:0:0:0:1] failed: Connection refused: getsockopt stacktrace=org.springframework.web.client.ResourceAccessException: I/O error on DELETE request for "http://localhost:8761/eureka/apps/PRODUCT-SERVICE/product-service:8082": Connect to http://localhost:8761 [localhost/127.0.0.1, localhost/0:0:0:0:0:0:0:1] failed: Connection refused: getsockopt
	at org.springframework.web.client.RestTemplate.createResourceAccessException(RestTemplate.java:915)
	at org.springframework.web.client.RestTemplate.doExecute(RestTemplate.java:895)
	at org.springframework.web.client.RestTemplate.execute(RestTemplate.java:790)
	at org.springframework.web.client.RestTemplate.exchange(RestTemplate.java:672)
	at org.springframework.cloud.netflix.eureka.http.RestTemplateEurekaHttpClient.cancel(RestTemplateEurekaHttpClient.java:87)
	at com.netflix.discovery.shared.transport.decorator.EurekaHttpClientDecorator$2.execute(EurekaHttpClientDecorator.java:74)
	at com.netflix.discovery.shared.transport.decorator.RedirectingEurekaHttpClient.executeOnNewServer(RedirectingEurekaHttpClient.java:121)
	at com.netflix.discovery.shared.transport.decorator.RedirectingEurekaHttpClient.execute(RedirectingEurekaHttpClient.java:80)
	at com.netflix.discovery.shared.transport.decorator.EurekaHttpClientDecorator.cancel(EurekaHttpClientDecorator.java:71)
	at com.netflix.discovery.shared.transport.decorator.EurekaHttpClientDecorator$2.execute(EurekaHttpClientDecorator.java:74)
	at com.netflix.discovery.shared.transport.decorator.RetryableEurekaHttpClient.execute(RetryableEurekaHttpClient.java:120)
	at com.netflix.discovery.shared.transport.decorator.EurekaHttpClientDecorator.cancel(EurekaHttpClientDecorator.java:71)
	at com.netflix.discovery.shared.transport.decorator.EurekaHttpClientDecorator$2.execute(EurekaHttpClientDecorator.java:74)
	at com.netflix.discovery.shared.transport.decorator.SessionedEurekaHttpClient.execute(SessionedEurekaHttpClient.java:77)
	at com.netflix.discovery.shared.transport.decorator.EurekaHttpClientDecorator.cancel(EurekaHttpClientDecorator.java:71)
	at com.netflix.discovery.DiscoveryClient.unregister(DiscoveryClient.java:916)
	at com.netflix.discovery.DiscoveryClient.shutdown(DiscoveryClient.java:892)
	at java.base/jdk.internal.reflect.DirectMethodHandleAccessor.invoke(DirectMethodHandleAccessor.java:103)
	at java.base/java.lang.reflect.Method.invoke(Method.java:580)
	at org.springframework.beans.factory.annotation.InitDestroyAnnotationBeanPostProcessor$LifecycleMethod.invoke(InitDestroyAnnotationBeanPostProcessor.java:457)
	at org.springframework.beans.factory.annotation.InitDestroyAnnotationBeanPostProcessor$LifecycleMetadata.invokeDestroyMethods(InitDestroyAnnotationBeanPostProcessor.java:415)
	at org.springframework.beans.factory.annotation.InitDestroyAnnotationBeanPostProcessor.postProcessBeforeDestruction(InitDestroyAnnotationBeanPostProcessor.java:239)
	at org.springframework.beans.factory.support.DisposableBeanAdapter.destroy(DisposableBeanAdapter.java:202)
	at org.springframework.beans.factory.support.DisposableBeanAdapter.run(DisposableBeanAdapter.java:195)
	at org.springframework.cloud.context.scope.GenericScope$BeanLifecycleWrapper.destroy(GenericScope.java:389)
	at org.springframework.cloud.context.scope.GenericScope.destroy(GenericScope.java:136)
	at org.springframework.beans.factory.support.DisposableBeanAdapter.destroy(DisposableBeanAdapter.java:211)
	at org.springframework.beans.factory.support.DefaultSingletonBeanRegistry.destroyBean(DefaultSingletonBeanRegistry.java:587)
	at org.springframework.beans.factory.support.DefaultSingletonBeanRegistry.destroySingleton(DefaultSingletonBeanRegistry.java:559)
	at org.springframework.beans.factory.support.DefaultListableBeanFactory.destroySingleton(DefaultListableBeanFactory.java:1202)
	at org.springframework.beans.factory.support.DefaultSingletonBeanRegistry.destroySingletons(DefaultSingletonBeanRegistry.java:520)
	at org.springframework.beans.factory.support.DefaultListableBeanFactory.destroySingletons(DefaultListableBeanFactory.java:1195)
	at org.springframework.context.support.AbstractApplicationContext.destroyBeans(AbstractApplicationContext.java:1183)
	at org.springframework.context.support.AbstractApplicationContext.doClose(AbstractApplicationContext.java:1144)
	at org.springframework.boot.web.servlet.context.ServletWebServerApplicationContext.doClose(ServletWebServerApplicationContext.java:174)
	at org.springframework.context.support.AbstractApplicationContext.close(AbstractApplicationContext.java:1090)
	at org.springframework.boot.SpringApplicationShutdownHook.closeAndWait(SpringApplicationShutdownHook.java:145)
	at java.base/java.lang.Iterable.forEach(Iterable.java:75)
	at org.springframework.boot.SpringApplicationShutdownHook.run(SpringApplicationShutdownHook.java:114)
	at java.base/java.lang.Thread.run(Thread.java:1583)
Caused by: org.apache.hc.client5.http.HttpHostConnectException: Connect to http://localhost:8761 [localhost/127.0.0.1, localhost/0:0:0:0:0:0:0:1] failed: Connection refused: getsockopt
	at java.base/sun.nio.ch.Net.pollConnect(Native Method)
	at java.base/sun.nio.ch.Net.pollConnectNow(Net.java:682)
	at java.base/sun.nio.ch.NioSocketImpl.timedFinishConnect(NioSocketImpl.java:542)
	at java.base/sun.nio.ch.NioSocketImpl.connect(NioSocketImpl.java:592)
	at java.base/java.net.SocksSocketImpl.connect(SocksSocketImpl.java:327)
	at java.base/java.net.Socket.connect(Socket.java:751)
	at org.apache.hc.client5.http.socket.PlainConnectionSocketFactory.lambda$connectSocket$0(PlainConnectionSocketFactory.java:91)
	at java.base/java.security.AccessController.doPrivileged(AccessController.java:571)
	at org.apache.hc.client5.http.socket.PlainConnectionSocketFactory.connectSocket(PlainConnectionSocketFactory.java:90)
	at org.apache.hc.client5.http.socket.ConnectionSocketFactory.connectSocket(ConnectionSocketFactory.java:123)
	at org.apache.hc.client5.http.impl.io.DefaultHttpClientConnectionOperator.connect(DefaultHttpClientConnectionOperator.java:184)
	at org.apache.hc.client5.http.impl.io.PoolingHttpClientConnectionManager.connect(PoolingHttpClientConnectionManager.java:447)
	at org.apache.hc.client5.http.impl.classic.InternalExecRuntime.connectEndpoint(InternalExecRuntime.java:162)
	at org.apache.hc.client5.http.impl.classic.InternalExecRuntime.connectEndpoint(InternalExecRuntime.java:172)
	at org.apache.hc.client5.http.impl.classic.ConnectExec.execute(ConnectExec.java:142)
	at org.apache.hc.client5.http.impl.classic.ExecChainElement.execute(ExecChainElement.java:51)
	at org.apache.hc.client5.http.impl.classic.ProtocolExec.execute(ProtocolExec.java:192)
	at org.apache.hc.client5.http.impl.classic.ExecChainElement.execute(ExecChainElement.java:51)
	at org.apache.hc.client5.http.impl.classic.HttpRequestRetryExec.execute(HttpRequestRetryExec.java:96)
	at org.apache.hc.client5.http.impl.classic.ExecChainElement.execute(ExecChainElement.java:51)
	at org.apache.hc.client5.http.impl.classic.ContentCompressionExec.execute(ContentCompressionExec.java:152)
	at org.apache.hc.client5.http.impl.classic.ExecChainElement.execute(ExecChainElement.java:51)
	at org.apache.hc.client5.http.impl.classic.RedirectExec.execute(RedirectExec.java:115)
	at org.apache.hc.client5.http.impl.classic.ExecChainElement.execute(ExecChainElement.java:51)
	at org.apache.hc.client5.http.impl.classic.InternalHttpClient.doExecute(InternalHttpClient.java:170)
	at org.apache.hc.client5.http.impl.classic.CloseableHttpClient.execute(CloseableHttpClient.java:87)
	at org.apache.hc.client5.http.impl.classic.CloseableHttpClient.execute(CloseableHttpClient.java:55)
	at org.apache.hc.client5.http.classic.HttpClient.executeOpen(HttpClient.java:183)
	at org.springframework.http.client.HttpComponentsClientHttpRequest.executeInternal(HttpComponentsClientHttpRequest.java:95)
	at org.springframework.http.client.AbstractStreamingClientHttpRequest.executeInternal(AbstractStreamingClientHttpRequest.java:70)
	at org.springframework.http.client.AbstractClientHttpRequest.execute(AbstractClientHttpRequest.java:66)
	at org.springframework.http.client.InterceptingClientHttpRequest$InterceptingRequestExecution.execute(InterceptingClientHttpRequest.java:112)
	at org.springframework.cloud.netflix.eureka.http.RestTemplateTransportClientFactory.lambda$restTemplate$0(RestTemplateTransportClientFactory.java:143)
	at org.springframework.http.client.InterceptingClientHttpRequest$InterceptingRequestExecution.execute(InterceptingClientHttpRequest.java:88)
	at org.springframework.http.client.InterceptingClientHttpRequest.executeInternal(InterceptingClientHttpRequest.java:72)
	at org.springframework.http.client.AbstractBufferingClientHttpRequest.executeInternal(AbstractBufferingClientHttpRequest.java:48)
	at org.springframework.http.client.AbstractClientHttpRequest.execute(AbstractClientHttpRequest.java:66)
	at org.springframework.web.client.RestTemplate.doExecute(RestTemplate.java:889)
	... 38 more

2026-03-22T20:43:55.062+05:30  WARN 9156 --- [product-service] [SpringApplicationShutdownHook] c.n.d.s.t.d.RetryableEurekaHttpClient    : Request execution failed with message: I/O error on DELETE request for "http://localhost:8761/eureka/apps/PRODUCT-SERVICE/product-service:8082": Connect to http://localhost:8761 [localhost/127.0.0.1, localhost/0:0:0:0:0:0:0:1] failed: Connection refused: getsockopt
2026-03-22T20:43:55.062+05:30 ERROR 9156 --- [product-service] [SpringApplicationShutdownHook] com.netflix.discovery.DiscoveryClient    : DiscoveryClient_PRODUCT-SERVICE/product-service:8082 - de-registration failedCannot execute request on any known server

com.netflix.discovery.shared.transport.TransportException: Cannot execute request on any known server
	at com.netflix.discovery.shared.transport.decorator.RetryableEurekaHttpClient.execute(RetryableEurekaHttpClient.java:112) ~[eureka-client-2.0.1.jar:2.0.1]
	at com.netflix.discovery.shared.transport.decorator.EurekaHttpClientDecorator.cancel(EurekaHttpClientDecorator.java:71) ~[eureka-client-2.0.1.jar:2.0.1]
	at com.netflix.discovery.shared.transport.decorator.EurekaHttpClientDecorator$2.execute(EurekaHttpClientDecorator.java:74) ~[eureka-client-2.0.1.jar:2.0.1]
	at com.netflix.discovery.shared.transport.decorator.SessionedEurekaHttpClient.execute(SessionedEurekaHttpClient.java:77) ~[eureka-client-2.0.1.jar:2.0.1]
	at com.netflix.discovery.shared.transport.decorator.EurekaHttpClientDecorator.cancel(EurekaHttpClientDecorator.java:71) ~[eureka-client-2.0.1.jar:2.0.1]
	at com.netflix.discovery.DiscoveryClient.unregister(DiscoveryClient.java:916) ~[eureka-client-2.0.1.jar:2.0.1]
	at com.netflix.discovery.DiscoveryClient.shutdown(DiscoveryClient.java:892) ~[eureka-client-2.0.1.jar:2.0.1]
	at java.base/jdk.internal.reflect.DirectMethodHandleAccessor.invoke(DirectMethodHandleAccessor.java:103) ~[na:na]
	at java.base/java.lang.reflect.Method.invoke(Method.java:580) ~[na:na]
	at org.springframework.beans.factory.annotation.InitDestroyAnnotationBeanPostProcessor$LifecycleMethod.invoke(InitDestroyAnnotationBeanPostProcessor.java:457) ~[spring-beans-6.1.4.jar:6.1.4]
	at org.springframework.beans.factory.annotation.InitDestroyAnnotationBeanPostProcessor$LifecycleMetadata.invokeDestroyMethods(InitDestroyAnnotationBeanPostProcessor.java:415) ~[spring-beans-6.1.4.jar:6.1.4]
	at org.springframework.beans.factory.annotation.InitDestroyAnnotationBeanPostProcessor.postProcessBeforeDestruction(InitDestroyAnnotationBeanPostProcessor.java:239) ~[spring-beans-6.1.4.jar:6.1.4]
	at org.springframework.beans.factory.support.DisposableBeanAdapter.destroy(DisposableBeanAdapter.java:202) ~[spring-beans-6.1.4.jar:6.1.4]
	at org.springframework.beans.factory.support.DisposableBeanAdapter.run(DisposableBeanAdapter.java:195) ~[spring-beans-6.1.4.jar:6.1.4]
	at org.springframework.cloud.context.scope.GenericScope$BeanLifecycleWrapper.destroy(GenericScope.java:389) ~[spring-cloud-context-4.1.0.jar:4.1.0]
	at org.springframework.cloud.context.scope.GenericScope.destroy(GenericScope.java:136) ~[spring-cloud-context-4.1.0.jar:4.1.0]
	at org.springframework.beans.factory.support.DisposableBeanAdapter.destroy(DisposableBeanAdapter.java:211) ~[spring-beans-6.1.4.jar:6.1.4]
	at org.springframework.beans.factory.support.DefaultSingletonBeanRegistry.destroyBean(DefaultSingletonBeanRegistry.java:587) ~[spring-beans-6.1.4.jar:6.1.4]
	at org.springframework.beans.factory.support.DefaultSingletonBeanRegistry.destroySingleton(DefaultSingletonBeanRegistry.java:559) ~[spring-beans-6.1.4.jar:6.1.4]
	at org.springframework.beans.factory.support.DefaultListableBeanFactory.destroySingleton(DefaultListableBeanFactory.java:1202) ~[spring-beans-6.1.4.jar:6.1.4]
	at org.springframework.beans.factory.support.DefaultSingletonBeanRegistry.destroySingletons(DefaultSingletonBeanRegistry.java:520) ~[spring-beans-6.1.4.jar:6.1.4]
	at org.springframework.beans.factory.support.DefaultListableBeanFactory.destroySingletons(DefaultListableBeanFactory.java:1195) ~[spring-beans-6.1.4.jar:6.1.4]
	at org.springframework.context.support.AbstractApplicationContext.destroyBeans(AbstractApplicationContext.java:1183) ~[spring-context-6.1.4.jar:6.1.4]
	at org.springframework.context.support.AbstractApplicationContext.doClose(AbstractApplicationContext.java:1144) ~[spring-context-6.1.4.jar:6.1.4]
	at org.springframework.boot.web.servlet.context.ServletWebServerApplicationContext.doClose(ServletWebServerApplicationContext.java:174) ~[spring-boot-3.2.3.jar:3.2.3]
	at org.springframework.context.support.AbstractApplicationContext.close(AbstractApplicationContext.java:1090) ~[spring-context-6.1.4.jar:6.1.4]
	at org.springframework.boot.SpringApplicationShutdownHook.closeAndWait(SpringApplicationShutdownHook.java:145) ~[spring-boot-3.2.3.jar:3.2.3]
	at java.base/java.lang.Iterable.forEach(Iterable.java:75) ~[na:na]
	at org.springframework.boot.SpringApplicationShutdownHook.run(SpringApplicationShutdownHook.java:114) ~[spring-boot-3.2.3.jar:3.2.3]
	at java.base/java.lang.Thread.run(Thread.java:1583) ~[na:na]

2026-03-22T20:43:55.123+05:30  INFO 9156 --- [product-service] [SpringApplicationShutdownHook] com.netflix.discovery.DiscoveryClient    : Completed shut down of DiscoveryClient
