2026-03-26 10:02:23.038 [background-preinit] INFO  o.h.validator.internal.util.Version - HV000001: Hibernate Validator 8.0.1.Final
2026-03-26 10:02:23.117 [main] INFO  c.e.u.UserServiceApplication - Starting UserServiceApplication using Java 21.0.2 with PID 17820 (F:\Ecommerce Production Level Application\user-service\target\classes started by nanda royality in F:\Ecommerce Production Level Application\user-service)
2026-03-26 10:02:23.519 [main] DEBUG c.e.u.UserServiceApplication - Running with Spring Boot v3.2.3, Spring v6.1.4
2026-03-26 10:02:23.520 [main] INFO  c.e.u.UserServiceApplication - No active profile set, falling back to 1 default profile: "default"
2026-03-26 10:02:35.577 [main] INFO  o.s.d.r.c.RepositoryConfigurationDelegate - Multiple Spring Data modules found, entering strict repository configuration mode
2026-03-26 10:02:35.726 [main] INFO  o.s.d.r.c.RepositoryConfigurationDelegate - Bootstrapping Spring Data JPA repositories in DEFAULT mode.
2026-03-26 10:02:35.829 [main] INFO  o.s.d.r.c.RepositoryConfigurationDelegate - Finished Spring Data repository scanning in 98 ms. Found 5 JPA repository interfaces.
2026-03-26 10:02:35.831 [main] INFO  o.s.d.r.c.RepositoryConfigurationDelegate - Multiple Spring Data modules found, entering strict repository configuration mode
2026-03-26 10:02:35.831 [main] INFO  o.s.d.r.c.RepositoryConfigurationDelegate - Bootstrapping Spring Data Redis repositories in DEFAULT mode.
2026-03-26 10:02:35.840 [main] INFO  o.s.d.r.c.RepositoryConfigurationDelegate - Finished Spring Data repository scanning in 0 ms. Found 0 Redis repository interfaces.
2026-03-26 10:02:36.637 [main] INFO  o.s.cloud.context.scope.GenericScope - BeanFactory id=1c316f2b-5e62-3f97-b33f-b4d0bc6dda7e
2026-03-26 10:02:37.138 [main] WARN  o.s.c.s.PostProcessorRegistrationDelegate$BeanPostProcessorChecker - Bean 'org.springframework.cloud.client.loadbalancer.LoadBalancerAutoConfiguration$DeferringLoadBalancerInterceptorConfig' of type [org.springframework.cloud.client.loadbalancer.LoadBalancerAutoConfiguration$DeferringLoadBalancerInterceptorConfig] is not eligible for getting processed by all BeanPostProcessors (for example: not eligible for auto-proxying). The currently created BeanPostProcessor [lbRestClientPostProcessor] is declared through a non-static factory method on that class; consider declaring it as static instead.
2026-03-26 10:02:37.141 [main] WARN  o.s.c.s.PostProcessorRegistrationDelegate$BeanPostProcessorChecker - Bean 'deferringLoadBalancerInterceptor' of type [org.springframework.cloud.client.loadbalancer.DeferringLoadBalancerInterceptor] is not eligible for getting processed by all BeanPostProcessors (for example: not eligible for auto-proxying). Is this bean getting eagerly injected into a currently created BeanPostProcessor [lbRestClientPostProcessor]? Check the corresponding BeanPostProcessor declaration and its dependencies.
2026-03-26 10:02:37.517 [main] INFO  o.s.b.w.e.tomcat.TomcatWebServer - Tomcat initialized with port 8081 (http)
2026-03-26 10:02:37.529 [main] INFO  o.a.coyote.http11.Http11NioProtocol - Initializing ProtocolHandler ["http-nio-8081"]
2026-03-26 10:02:37.531 [main] INFO  o.a.catalina.core.StandardService - Starting service [Tomcat]
2026-03-26 10:02:37.531 [main] INFO  o.a.catalina.core.StandardEngine - Starting Servlet engine: [Apache Tomcat/10.1.19]
2026-03-26 10:02:37.661 [main] INFO  o.a.c.c.C.[Tomcat].[localhost].[/] - Initializing Spring embedded WebApplicationContext
2026-03-26 10:02:37.661 [main] INFO  o.s.b.w.s.c.ServletWebServerApplicationContext - Root WebApplicationContext: initialization completed in 13704 ms
2026-03-26 10:02:38.003 [main] DEBUG c.e.u.s.JwtAuthenticationFilter - Filter 'jwtAuthenticationFilter' configured for use
2026-03-26 10:02:38.199 [main] INFO  o.h.jpa.internal.util.LogHelper - HHH000204: Processing PersistenceUnitInfo [name: default]
2026-03-26 10:02:38.291 [main] INFO  org.hibernate.Version - HHH000412: Hibernate ORM core version 6.4.4.Final
2026-03-26 10:02:38.347 [main] INFO  o.h.c.i.RegionFactoryInitiator - HHH000026: Second-level cache disabled
2026-03-26 10:02:38.692 [main] INFO  o.s.o.j.p.SpringPersistenceUnitInfo - No LoadTimeWeaver setup: ignoring JPA class transformer
2026-03-26 10:02:38.727 [main] INFO  com.zaxxer.hikari.HikariDataSource - UserServicePool - Starting...
2026-03-26 10:02:40.370 [main] INFO  com.zaxxer.hikari.pool.HikariPool - UserServicePool - Added connection com.mysql.cj.jdbc.ConnectionImpl@4f5bfbca
2026-03-26 10:02:40.371 [main] INFO  com.zaxxer.hikari.HikariDataSource - UserServicePool - Start completed.
2026-03-26 10:02:42.368 [main] WARN  org.hibernate.orm.deprecation - HHH90000025: MySQLDialect does not need to be specified explicitly using 'hibernate.dialect' (remove the property setting and it will be selected by default)
2026-03-26 10:02:43.398 [main] INFO  o.h.e.t.j.p.i.JtaPlatformInitiator - HHH000489: No JTA platform available (set 'hibernate.transaction.jta.platform' to enable JTA platform integration)
2026-03-26 10:02:54.832 [main] INFO  o.s.o.j.LocalContainerEntityManagerFactoryBean - Initialized JPA EntityManagerFactory for persistence unit 'default'
2026-03-26 10:02:55.220 [main] INFO  o.s.d.j.r.query.QueryEnhancerFactory - Hibernate is in classpath; If applicable, HQL parser will be used.
2026-03-26 10:02:56.783 [main] INFO  o.s.c.o.FeignClientFactoryBean - For 'product-service' URL not provided. Will try picking an instance via load-balancing.
2026-03-26 10:02:58.061 [main] INFO  o.s.b.a.e.web.EndpointLinksResolver - Exposing 1 endpoint(s) beneath base path '/actuator'
2026-03-26 10:02:58.182 [main] INFO  o.s.s.web.DefaultSecurityFilterChain - Will secure any request with [org.springframework.security.web.session.DisableEncodeUrlFilter@3dc67c9e, org.springframework.security.web.context.request.async.WebAsyncManagerIntegrationFilter@353cb7e5, org.springframework.security.web.context.SecurityContextHolderFilter@224d6d02, org.springframework.security.web.header.HeaderWriterFilter@71637a85, org.springframework.web.filter.CorsFilter@58f7544c, org.springframework.security.web.authentication.logout.LogoutFilter@301db982, com.ecommerce.user_service.security.JwtAuthenticationFilter@74eab077, org.springframework.security.web.savedrequest.RequestCacheAwareFilter@6ec2108c, org.springframework.security.web.servletapi.SecurityContextHolderAwareRequestFilter@4af92aa7, org.springframework.security.web.authentication.AnonymousAuthenticationFilter@21826d78, org.springframework.security.web.session.SessionManagementFilter@3b6d5459, org.springframework.security.web.access.ExceptionTranslationFilter@7ef9d004, org.springframework.security.web.access.intercept.AuthorizationFilter@2de5bb6e]
2026-03-26 10:02:59.816 [main] INFO  o.s.c.n.e.c.DiscoveryClientOptionalArgsConfiguration - Eureka HTTP Client uses RestTemplate.
2026-03-26 10:02:59.942 [main] WARN  o.s.c.l.c.LoadBalancerCacheAutoConfiguration$LoadBalancerCaffeineWarnLogger - Spring Cloud LoadBalancer is currently working with the default cache. While this cache implementation is useful for development and tests, it's recommended to use Caffeine cache in production.You can switch to using Caffeine cache, by adding it and org.springframework.cache.caffeine.CaffeineCacheManager to the classpath.
2026-03-26 10:03:00.147 [main] INFO  o.a.k.c.admin.AdminClientConfig - AdminClientConfig values: 
	auto.include.jmx.reporter = true
	bootstrap.servers = [localhost:9092]
	client.dns.lookup = use_all_dns_ips
	client.id = 
	connections.max.idle.ms = 300000
	default.api.timeout.ms = 60000
	metadata.max.age.ms = 300000
	metric.reporters = []
	metrics.num.samples = 2
	metrics.recording.level = INFO
	metrics.sample.window.ms = 30000
	receive.buffer.bytes = 65536
	reconnect.backoff.max.ms = 1000
	reconnect.backoff.ms = 50
	request.timeout.ms = 30000
	retries = 2147483647
	retry.backoff.ms = 100
	sasl.client.callback.handler.class = null
	sasl.jaas.config = null
	sasl.kerberos.kinit.cmd = /usr/bin/kinit
	sasl.kerberos.min.time.before.relogin = 60000
	sasl.kerberos.service.name = null
	sasl.kerberos.ticket.renew.jitter = 0.05
	sasl.kerberos.ticket.renew.window.factor = 0.8
	sasl.login.callback.handler.class = null
	sasl.login.class = null
	sasl.login.connect.timeout.ms = null
	sasl.login.read.timeout.ms = null
	sasl.login.refresh.buffer.seconds = 300
	sasl.login.refresh.min.period.seconds = 60
	sasl.login.refresh.window.factor = 0.8
	sasl.login.refresh.window.jitter = 0.05
	sasl.login.retry.backoff.max.ms = 10000
	sasl.login.retry.backoff.ms = 100
	sasl.mechanism = GSSAPI
	sasl.oauthbearer.clock.skew.seconds = 30
	sasl.oauthbearer.expected.audience = null
	sasl.oauthbearer.expected.issuer = null
	sasl.oauthbearer.jwks.endpoint.refresh.ms = 3600000
	sasl.oauthbearer.jwks.endpoint.retry.backoff.max.ms = 10000
	sasl.oauthbearer.jwks.endpoint.retry.backoff.ms = 100
	sasl.oauthbearer.jwks.endpoint.url = null
	sasl.oauthbearer.scope.claim.name = scope
	sasl.oauthbearer.sub.claim.name = sub
	sasl.oauthbearer.token.endpoint.url = null
	security.protocol = PLAINTEXT
	security.providers = null
	send.buffer.bytes = 131072
	socket.connection.setup.timeout.max.ms = 30000
	socket.connection.setup.timeout.ms = 10000
	ssl.cipher.suites = null
	ssl.enabled.protocols = [TLSv1.2, TLSv1.3]
	ssl.endpoint.identification.algorithm = https
	ssl.engine.factory.class = null
	ssl.key.password = null
	ssl.keymanager.algorithm = SunX509
	ssl.keystore.certificate.chain = null
	ssl.keystore.key = null
	ssl.keystore.location = null
	ssl.keystore.password = null
	ssl.keystore.type = JKS
	ssl.protocol = TLSv1.3
	ssl.provider = null
	ssl.secure.random.implementation = null
	ssl.trustmanager.algorithm = PKIX
	ssl.truststore.certificates = null
	ssl.truststore.location = null
	ssl.truststore.password = null
	ssl.truststore.type = JKS

2026-03-26 10:03:00.530 [main] INFO  o.a.kafka.common.utils.AppInfoParser - Kafka version: 3.6.1
2026-03-26 10:03:00.530 [main] INFO  o.a.kafka.common.utils.AppInfoParser - Kafka commitId: 5e3c2b738d253ff5
2026-03-26 10:03:00.530 [main] INFO  o.a.kafka.common.utils.AppInfoParser - Kafka startTimeMs: 1774499580527
2026-03-26 10:03:00.583 [kafka-admin-client-thread | adminclient-1] INFO  o.apache.kafka.clients.NetworkClient - [AdminClient clientId=adminclient-1] Node -1 disconnected.
2026-03-26 10:03:00.589 [kafka-admin-client-thread | adminclient-1] WARN  o.apache.kafka.clients.NetworkClient - [AdminClient clientId=adminclient-1] Connection to node -1 (localhost/127.0.0.1:9092) could not be established. Broker may not be available.
2026-03-26 10:03:00.699 [kafka-admin-client-thread | adminclient-1] INFO  o.apache.kafka.clients.NetworkClient - [AdminClient clientId=adminclient-1] Node -1 disconnected.
2026-03-26 10:03:00.700 [kafka-admin-client-thread | adminclient-1] WARN  o.apache.kafka.clients.NetworkClient - [AdminClient clientId=adminclient-1] Connection to node -1 (localhost/127.0.0.1:9092) could not be established. Broker may not be available.
2026-03-26 10:03:00.919 [kafka-admin-client-thread | adminclient-1] INFO  o.apache.kafka.clients.NetworkClient - [AdminClient clientId=adminclient-1] Node -1 disconnected.
2026-03-26 10:03:00.919 [kafka-admin-client-thread | adminclient-1] WARN  o.apache.kafka.clients.NetworkClient - [AdminClient clientId=adminclient-1] Connection to node -1 (localhost/127.0.0.1:9092) could not be established. Broker may not be available.
2026-03-26 10:03:01.141 [kafka-admin-client-thread | adminclient-1] INFO  o.apache.kafka.clients.NetworkClient - [AdminClient clientId=adminclient-1] Node -1 disconnected.
2026-03-26 10:03:01.141 [kafka-admin-client-thread | adminclient-1] WARN  o.apache.kafka.clients.NetworkClient - [AdminClient clientId=adminclient-1] Connection to node -1 (localhost/127.0.0.1:9092) could not be established. Broker may not be available.
2026-03-26 10:03:01.580 [kafka-admin-client-thread | adminclient-1] INFO  o.apache.kafka.clients.NetworkClient - [AdminClient clientId=adminclient-1] Node -1 disconnected.
2026-03-26 10:03:01.581 [kafka-admin-client-thread | adminclient-1] WARN  o.apache.kafka.clients.NetworkClient - [AdminClient clientId=adminclient-1] Connection to node -1 (localhost/127.0.0.1:9092) could not be established. Broker may not be available.
2026-03-26 10:03:02.346 [kafka-admin-client-thread | adminclient-1] INFO  o.apache.kafka.clients.NetworkClient - [AdminClient clientId=adminclient-1] Node -1 disconnected.
2026-03-26 10:03:02.346 [kafka-admin-client-thread | adminclient-1] WARN  o.apache.kafka.clients.NetworkClient - [AdminClient clientId=adminclient-1] Connection to node -1 (localhost/127.0.0.1:9092) could not be established. Broker may not be available.
2026-03-26 10:03:03.329 [kafka-admin-client-thread | adminclient-1] INFO  o.apache.kafka.clients.NetworkClient - [AdminClient clientId=adminclient-1] Node -1 disconnected.
2026-03-26 10:03:03.446 [kafka-admin-client-thread | adminclient-1] WARN  o.apache.kafka.clients.NetworkClient - [AdminClient clientId=adminclient-1] Connection to node -1 (localhost/127.0.0.1:9092) could not be established. Broker may not be available.
2026-03-26 10:03:04.333 [kafka-admin-client-thread | adminclient-1] INFO  o.apache.kafka.clients.NetworkClient - [AdminClient clientId=adminclient-1] Node -1 disconnected.
2026-03-26 10:03:04.333 [kafka-admin-client-thread | adminclient-1] WARN  o.apache.kafka.clients.NetworkClient - [AdminClient clientId=adminclient-1] Connection to node -1 (localhost/127.0.0.1:9092) could not be established. Broker may not be available.
2026-03-26 10:03:05.530 [kafka-admin-client-thread | adminclient-1] INFO  o.apache.kafka.clients.NetworkClient - [AdminClient clientId=adminclient-1] Node -1 disconnected.
2026-03-26 10:03:05.531 [kafka-admin-client-thread | adminclient-1] WARN  o.apache.kafka.clients.NetworkClient - [AdminClient clientId=adminclient-1] Connection to node -1 (localhost/127.0.0.1:9092) could not be established. Broker may not be available.
2026-03-26 10:03:06.617 [kafka-admin-client-thread | adminclient-1] INFO  o.apache.kafka.clients.NetworkClient - [AdminClient clientId=adminclient-1] Node -1 disconnected.
2026-03-26 10:03:06.618 [kafka-admin-client-thread | adminclient-1] WARN  o.apache.kafka.clients.NetworkClient - [AdminClient clientId=adminclient-1] Connection to node -1 (localhost/127.0.0.1:9092) could not be established. Broker may not be available.
2026-03-26 10:03:07.816 [kafka-admin-client-thread | adminclient-1] INFO  o.apache.kafka.clients.NetworkClient - [AdminClient clientId=adminclient-1] Node -1 disconnected.
2026-03-26 10:03:07.816 [kafka-admin-client-thread | adminclient-1] WARN  o.apache.kafka.clients.NetworkClient - [AdminClient clientId=adminclient-1] Connection to node -1 (localhost/127.0.0.1:9092) could not be established. Broker may not be available.
2026-03-26 10:03:08.897 [kafka-admin-client-thread | adminclient-1] INFO  o.apache.kafka.clients.NetworkClient - [AdminClient clientId=adminclient-1] Node -1 disconnected.
2026-03-26 10:03:09.099 [kafka-admin-client-thread | adminclient-1] WARN  o.apache.kafka.clients.NetworkClient - [AdminClient clientId=adminclient-1] Connection to node -1 (localhost/127.0.0.1:9092) could not be established. Broker may not be available.
2026-03-26 10:03:09.966 [kafka-admin-client-thread | adminclient-1] INFO  o.apache.kafka.clients.NetworkClient - [AdminClient clientId=adminclient-1] Node -1 disconnected.
2026-03-26 10:03:10.429 [kafka-admin-client-thread | adminclient-1] WARN  o.apache.kafka.clients.NetworkClient - [AdminClient clientId=adminclient-1] Connection to node -1 (localhost/127.0.0.1:9092) could not be established. Broker may not be available.
2026-03-26 10:03:10.964 [kafka-admin-client-thread | adminclient-1] INFO  o.apache.kafka.clients.NetworkClient - [AdminClient clientId=adminclient-1] Node -1 disconnected.
2026-03-26 10:03:10.965 [kafka-admin-client-thread | adminclient-1] WARN  o.apache.kafka.clients.NetworkClient - [AdminClient clientId=adminclient-1] Connection to node -1 (localhost/127.0.0.1:9092) could not be established. Broker may not be available.
2026-03-26 10:03:12.070 [kafka-admin-client-thread | adminclient-1] INFO  o.apache.kafka.clients.NetworkClient - [AdminClient clientId=adminclient-1] Node -1 disconnected.
2026-03-26 10:03:12.071 [kafka-admin-client-thread | adminclient-1] WARN  o.apache.kafka.clients.NetworkClient - [AdminClient clientId=adminclient-1] Connection to node -1 (localhost/127.0.0.1:9092) could not be established. Broker may not be available.
2026-03-26 10:03:12.955 [kafka-admin-client-thread | adminclient-1] INFO  o.apache.kafka.clients.NetworkClient - [AdminClient clientId=adminclient-1] Node -1 disconnected.
2026-03-26 10:03:12.956 [kafka-admin-client-thread | adminclient-1] WARN  o.apache.kafka.clients.NetworkClient - [AdminClient clientId=adminclient-1] Connection to node -1 (localhost/127.0.0.1:9092) could not be established. Broker may not be available.
2026-03-26 10:03:14.039 [kafka-admin-client-thread | adminclient-1] INFO  o.apache.kafka.clients.NetworkClient - [AdminClient clientId=adminclient-1] Node -1 disconnected.
2026-03-26 10:03:14.039 [kafka-admin-client-thread | adminclient-1] WARN  o.apache.kafka.clients.NetworkClient - [AdminClient clientId=adminclient-1] Connection to node -1 (localhost/127.0.0.1:9092) could not be established. Broker may not be available.
2026-03-26 10:03:15.024 [kafka-admin-client-thread | adminclient-1] INFO  o.apache.kafka.clients.NetworkClient - [AdminClient clientId=adminclient-1] Node -1 disconnected.
2026-03-26 10:03:15.024 [kafka-admin-client-thread | adminclient-1] WARN  o.apache.kafka.clients.NetworkClient - [AdminClient clientId=adminclient-1] Connection to node -1 (localhost/127.0.0.1:9092) could not be established. Broker may not be available.
2026-03-26 10:03:15.964 [kafka-admin-client-thread | adminclient-1] INFO  o.apache.kafka.clients.NetworkClient - [AdminClient clientId=adminclient-1] Node -1 disconnected.
2026-03-26 10:03:15.965 [kafka-admin-client-thread | adminclient-1] WARN  o.apache.kafka.clients.NetworkClient - [AdminClient clientId=adminclient-1] Connection to node -1 (localhost/127.0.0.1:9092) could not be established. Broker may not be available.
2026-03-26 10:03:16.941 [kafka-admin-client-thread | adminclient-1] INFO  o.apache.kafka.clients.NetworkClient - [AdminClient clientId=adminclient-1] Node -1 disconnected.
2026-03-26 10:03:17.233 [kafka-admin-client-thread | adminclient-1] WARN  o.apache.kafka.clients.NetworkClient - [AdminClient clientId=adminclient-1] Connection to node -1 (localhost/127.0.0.1:9092) could not be established. Broker may not be available.
2026-03-26 10:03:17.987 [kafka-admin-client-thread | adminclient-1] INFO  o.apache.kafka.clients.NetworkClient - [AdminClient clientId=adminclient-1] Node -1 disconnected.
2026-03-26 10:03:17.988 [kafka-admin-client-thread | adminclient-1] WARN  o.apache.kafka.clients.NetworkClient - [AdminClient clientId=adminclient-1] Connection to node -1 (localhost/127.0.0.1:9092) could not be established. Broker may not be available.
2026-03-26 10:03:19.065 [kafka-admin-client-thread | adminclient-1] INFO  o.apache.kafka.clients.NetworkClient - [AdminClient clientId=adminclient-1] Node -1 disconnected.
2026-03-26 10:03:19.065 [kafka-admin-client-thread | adminclient-1] WARN  o.apache.kafka.clients.NetworkClient - [AdminClient clientId=adminclient-1] Connection to node -1 (localhost/127.0.0.1:9092) could not be established. Broker may not be available.
2026-03-26 10:03:20.035 [kafka-admin-client-thread | adminclient-1] INFO  o.apache.kafka.clients.NetworkClient - [AdminClient clientId=adminclient-1] Node -1 disconnected.
2026-03-26 10:03:20.036 [kafka-admin-client-thread | adminclient-1] WARN  o.apache.kafka.clients.NetworkClient - [AdminClient clientId=adminclient-1] Connection to node -1 (localhost/127.0.0.1:9092) could not be established. Broker may not be available.
2026-03-26 10:03:21.095 [kafka-admin-client-thread | adminclient-1] INFO  o.apache.kafka.clients.NetworkClient - [AdminClient clientId=adminclient-1] Node -1 disconnected.
2026-03-26 10:03:21.096 [kafka-admin-client-thread | adminclient-1] WARN  o.apache.kafka.clients.NetworkClient - [AdminClient clientId=adminclient-1] Connection to node -1 (localhost/127.0.0.1:9092) could not be established. Broker may not be available.
2026-03-26 10:03:21.965 [kafka-admin-client-thread | adminclient-1] INFO  o.apache.kafka.clients.NetworkClient - [AdminClient clientId=adminclient-1] Node -1 disconnected.
2026-03-26 10:03:21.965 [kafka-admin-client-thread | adminclient-1] WARN  o.apache.kafka.clients.NetworkClient - [AdminClient clientId=adminclient-1] Connection to node -1 (localhost/127.0.0.1:9092) could not be established. Broker may not be available.
2026-03-26 10:03:22.932 [kafka-admin-client-thread | adminclient-1] INFO  o.apache.kafka.clients.NetworkClient - [AdminClient clientId=adminclient-1] Node -1 disconnected.
2026-03-26 10:03:22.932 [kafka-admin-client-thread | adminclient-1] WARN  o.apache.kafka.clients.NetworkClient - [AdminClient clientId=adminclient-1] Connection to node -1 (localhost/127.0.0.1:9092) could not be established. Broker may not be available.
2026-03-26 10:03:23.886 [kafka-admin-client-thread | adminclient-1] INFO  o.apache.kafka.clients.NetworkClient - [AdminClient clientId=adminclient-1] Node -1 disconnected.
2026-03-26 10:03:23.887 [kafka-admin-client-thread | adminclient-1] WARN  o.apache.kafka.clients.NetworkClient - [AdminClient clientId=adminclient-1] Connection to node -1 (localhost/127.0.0.1:9092) could not be established. Broker may not be available.
2026-03-26 10:03:24.876 [kafka-admin-client-thread | adminclient-1] INFO  o.apache.kafka.clients.NetworkClient - [AdminClient clientId=adminclient-1] Node -1 disconnected.
2026-03-26 10:03:24.876 [kafka-admin-client-thread | adminclient-1] WARN  o.apache.kafka.clients.NetworkClient - [AdminClient clientId=adminclient-1] Connection to node -1 (localhost/127.0.0.1:9092) could not be established. Broker may not be available.
2026-03-26 10:03:25.964 [kafka-admin-client-thread | adminclient-1] INFO  o.apache.kafka.clients.NetworkClient - [AdminClient clientId=adminclient-1] Node -1 disconnected.
2026-03-26 10:03:25.965 [kafka-admin-client-thread | adminclient-1] WARN  o.apache.kafka.clients.NetworkClient - [AdminClient clientId=adminclient-1] Connection to node -1 (localhost/127.0.0.1:9092) could not be established. Broker may not be available.
2026-03-26 10:03:27.025 [kafka-admin-client-thread | adminclient-1] INFO  o.apache.kafka.clients.NetworkClient - [AdminClient clientId=adminclient-1] Node -1 disconnected.
2026-03-26 10:03:27.025 [kafka-admin-client-thread | adminclient-1] WARN  o.apache.kafka.clients.NetworkClient - [AdminClient clientId=adminclient-1] Connection to node -1 (localhost/127.0.0.1:9092) could not be established. Broker may not be available.
2026-03-26 10:03:28.211 [kafka-admin-client-thread | adminclient-1] INFO  o.apache.kafka.clients.NetworkClient - [AdminClient clientId=adminclient-1] Node -1 disconnected.
2026-03-26 10:03:28.211 [kafka-admin-client-thread | adminclient-1] WARN  o.apache.kafka.clients.NetworkClient - [AdminClient clientId=adminclient-1] Connection to node -1 (localhost/127.0.0.1:9092) could not be established. Broker may not be available.
2026-03-26 10:03:29.413 [kafka-admin-client-thread | adminclient-1] INFO  o.apache.kafka.clients.NetworkClient - [AdminClient clientId=adminclient-1] Node -1 disconnected.
2026-03-26 10:03:29.414 [kafka-admin-client-thread | adminclient-1] WARN  o.apache.kafka.clients.NetworkClient - [AdminClient clientId=adminclient-1] Connection to node -1 (localhost/127.0.0.1:9092) could not be established. Broker may not be available.
2026-03-26 10:03:30.486 [kafka-admin-client-thread | adminclient-1] INFO  o.apache.kafka.clients.NetworkClient - [AdminClient clientId=adminclient-1] Node -1 disconnected.
2026-03-26 10:03:30.508 [kafka-admin-client-thread | adminclient-1] WARN  o.apache.kafka.clients.NetworkClient - [AdminClient clientId=adminclient-1] Connection to node -1 (localhost/127.0.0.1:9092) could not be established. Broker may not be available.
2026-03-26 10:03:30.546 [kafka-admin-client-thread | adminclient-1] INFO  o.a.k.c.a.i.AdminMetadataManager - [AdminClient clientId=adminclient-1] Metadata update failed
org.apache.kafka.common.errors.TimeoutException: Timed out waiting for a node assignment. Call: fetchMetadata
2026-03-26 10:03:30.562 [main] ERROR o.s.kafka.core.KafkaAdmin - Could not configure topics
org.springframework.kafka.KafkaException: Timed out waiting to get existing topics
	at org.springframework.kafka.core.KafkaAdmin.lambda$checkPartitions$11(KafkaAdmin.java:520)
	at java.base/java.util.HashMap.forEach(HashMap.java:1429)
	at org.springframework.kafka.core.KafkaAdmin.checkPartitions(KafkaAdmin.java:499)
	at org.springframework.kafka.core.KafkaAdmin.addOrModifyTopicsIfNeeded(KafkaAdmin.java:392)
	at org.springframework.kafka.core.KafkaAdmin.initialize(KafkaAdmin.java:258)
	at org.springframework.kafka.core.KafkaAdmin.afterSingletonsInstantiated(KafkaAdmin.java:222)
	at org.springframework.beans.factory.support.DefaultListableBeanFactory.preInstantiateSingletons(DefaultListableBeanFactory.java:986)
	at org.springframework.context.support.AbstractApplicationContext.finishBeanFactoryInitialization(AbstractApplicationContext.java:959)
	at org.springframework.context.support.AbstractApplicationContext.refresh(AbstractApplicationContext.java:624)
	at org.springframework.boot.web.servlet.context.ServletWebServerApplicationContext.refresh(ServletWebServerApplicationContext.java:146)
	at org.springframework.boot.SpringApplication.refresh(SpringApplication.java:754)
	at org.springframework.boot.SpringApplication.refreshContext(SpringApplication.java:456)
	at org.springframework.boot.SpringApplication.run(SpringApplication.java:334)
	at org.springframework.boot.SpringApplication.run(SpringApplication.java:1354)
	at org.springframework.boot.SpringApplication.run(SpringApplication.java:1343)
	at com.ecommerce.user_service.UserServiceApplication.main(UserServiceApplication.java:23)
Caused by: java.util.concurrent.TimeoutException: null
	at java.base/java.util.concurrent.CompletableFuture.timedGet(CompletableFuture.java:1960)
	at java.base/java.util.concurrent.CompletableFuture.get(CompletableFuture.java:2095)
	at org.apache.kafka.common.internals.KafkaFutureImpl.get(KafkaFutureImpl.java:180)
	at org.springframework.kafka.core.KafkaAdmin.lambda$checkPartitions$11(KafkaAdmin.java:502)
	... 15 common frames omitted
2026-03-26 10:03:31.660 [kafka-admin-client-thread | adminclient-1] INFO  o.apache.kafka.clients.NetworkClient - [AdminClient clientId=adminclient-1] Node -1 disconnected.
2026-03-26 10:03:31.660 [kafka-admin-client-thread | adminclient-1] WARN  o.apache.kafka.clients.NetworkClient - [AdminClient clientId=adminclient-1] Connection to node -1 (localhost/127.0.0.1:9092) could not be established. Broker may not be available.
2026-03-26 10:03:32.825 [kafka-admin-client-thread | adminclient-1] INFO  o.apache.kafka.clients.NetworkClient - [AdminClient clientId=adminclient-1] Node -1 disconnected.
2026-03-26 10:03:32.826 [kafka-admin-client-thread | adminclient-1] WARN  o.apache.kafka.clients.NetworkClient - [AdminClient clientId=adminclient-1] Connection to node -1 (localhost/127.0.0.1:9092) could not be established. Broker may not be available.
2026-03-26 10:03:34.032 [kafka-admin-client-thread | adminclient-1] INFO  o.apache.kafka.clients.NetworkClient - [AdminClient clientId=adminclient-1] Node -1 disconnected.
2026-03-26 10:03:34.032 [kafka-admin-client-thread | adminclient-1] WARN  o.apache.kafka.clients.NetworkClient - [AdminClient clientId=adminclient-1] Connection to node -1 (localhost/127.0.0.1:9092) could not be established. Broker may not be available.
2026-03-26 10:03:34.982 [kafka-admin-client-thread | adminclient-1] INFO  o.apache.kafka.clients.NetworkClient - [AdminClient clientId=adminclient-1] Node -1 disconnected.
2026-03-26 10:03:34.982 [kafka-admin-client-thread | adminclient-1] WARN  o.apache.kafka.clients.NetworkClient - [AdminClient clientId=adminclient-1] Connection to node -1 (localhost/127.0.0.1:9092) could not be established. Broker may not be available.
2026-03-26 10:03:36.167 [kafka-admin-client-thread | adminclient-1] INFO  o.apache.kafka.clients.NetworkClient - [AdminClient clientId=adminclient-1] Node -1 disconnected.
2026-03-26 10:03:36.167 [kafka-admin-client-thread | adminclient-1] WARN  o.apache.kafka.clients.NetworkClient - [AdminClient clientId=adminclient-1] Connection to node -1 (localhost/127.0.0.1:9092) could not be established. Broker may not be available.
2026-03-26 10:03:37.145 [kafka-admin-client-thread | adminclient-1] INFO  o.apache.kafka.clients.NetworkClient - [AdminClient clientId=adminclient-1] Node -1 disconnected.
2026-03-26 10:03:37.146 [kafka-admin-client-thread | adminclient-1] WARN  o.apache.kafka.clients.NetworkClient - [AdminClient clientId=adminclient-1] Connection to node -1 (localhost/127.0.0.1:9092) could not be established. Broker may not be available.
2026-03-26 10:03:38.112 [kafka-admin-client-thread | adminclient-1] INFO  o.apache.kafka.clients.NetworkClient - [AdminClient clientId=adminclient-1] Node -1 disconnected.
2026-03-26 10:03:38.113 [kafka-admin-client-thread | adminclient-1] WARN  o.apache.kafka.clients.NetworkClient - [AdminClient clientId=adminclient-1] Connection to node -1 (localhost/127.0.0.1:9092) could not be established. Broker may not be available.
2026-03-26 10:03:39.314 [kafka-admin-client-thread | adminclient-1] INFO  o.apache.kafka.clients.NetworkClient - [AdminClient clientId=adminclient-1] Node -1 disconnected.
2026-03-26 10:03:39.314 [kafka-admin-client-thread | adminclient-1] WARN  o.apache.kafka.clients.NetworkClient - [AdminClient clientId=adminclient-1] Connection to node -1 (localhost/127.0.0.1:9092) could not be established. Broker may not be available.
2026-03-26 10:03:40.166 [kafka-admin-client-thread | adminclient-1] INFO  o.apache.kafka.clients.NetworkClient - [AdminClient clientId=adminclient-1] Node -1 disconnected.
2026-03-26 10:03:40.167 [kafka-admin-client-thread | adminclient-1] WARN  o.apache.kafka.clients.NetworkClient - [AdminClient clientId=adminclient-1] Connection to node -1 (localhost/127.0.0.1:9092) could not be established. Broker may not be available.
2026-03-26 10:03:41.241 [kafka-admin-client-thread | adminclient-1] INFO  o.a.k.clients.admin.KafkaAdminClient - [AdminClient clientId=adminclient-1] Forcing a hard I/O thread shutdown. Requests in progress will be aborted.
2026-03-26 10:03:41.241 [kafka-admin-client-thread | adminclient-1] INFO  o.a.kafka.common.utils.AppInfoParser - App info kafka.admin.client for adminclient-1 unregistered
2026-03-26 10:03:41.242 [kafka-admin-client-thread | adminclient-1] INFO  o.a.k.c.a.i.AdminMetadataManager - [AdminClient clientId=adminclient-1] Metadata update failed
org.apache.kafka.common.errors.TimeoutException: The AdminClient thread has exited. Call: fetchMetadata
2026-03-26 10:03:41.242 [kafka-admin-client-thread | adminclient-1] INFO  o.a.k.clients.admin.KafkaAdminClient - [AdminClient clientId=adminclient-1] Timed out 2 remaining operation(s) during close.
2026-03-26 10:03:41.245 [kafka-admin-client-thread | adminclient-1] INFO  o.a.kafka.common.metrics.Metrics - Metrics scheduler closed
2026-03-26 10:03:41.245 [kafka-admin-client-thread | adminclient-1] INFO  o.a.kafka.common.metrics.Metrics - Closing reporter org.apache.kafka.common.metrics.JmxReporter
2026-03-26 10:03:41.246 [kafka-admin-client-thread | adminclient-1] INFO  o.a.kafka.common.metrics.Metrics - Metrics reporters closed
2026-03-26 10:03:41.262 [main] INFO  o.s.c.n.eureka.InstanceInfoFactory - Setting initial instance status as: STARTING
2026-03-26 10:03:41.309 [main] INFO  c.netflix.discovery.DiscoveryClient - Initializing Eureka in region us-east-1
2026-03-26 10:03:41.316 [main] INFO  c.n.d.s.r.aws.ConfigClusterResolver - Resolving eureka endpoints via configuration
2026-03-26 10:03:41.351 [main] INFO  c.netflix.discovery.DiscoveryClient - Disable delta property : false
2026-03-26 10:03:41.352 [main] INFO  c.netflix.discovery.DiscoveryClient - Single vip registry refresh property : null
2026-03-26 10:03:41.352 [main] INFO  c.netflix.discovery.DiscoveryClient - Force full registry fetch : false
2026-03-26 10:03:41.352 [main] INFO  c.netflix.discovery.DiscoveryClient - Application is null : false
2026-03-26 10:03:41.352 [main] INFO  c.netflix.discovery.DiscoveryClient - Registered Applications size is zero : true
2026-03-26 10:03:41.352 [main] INFO  c.netflix.discovery.DiscoveryClient - Application version is -1: true
2026-03-26 10:03:41.352 [main] INFO  c.netflix.discovery.DiscoveryClient - Getting all instance registry info from the eureka server
2026-03-26 10:03:41.753 [main] INFO  c.netflix.discovery.DiscoveryClient - The response status is 200
2026-03-26 10:03:41.757 [main] INFO  c.netflix.discovery.DiscoveryClient - Starting heartbeat executor: renew interval is: 30
2026-03-26 10:03:41.764 [main] INFO  c.n.discovery.InstanceInfoReplicator - InstanceInfoReplicator onDemand update allowed rate per min is 4
2026-03-26 10:03:41.772 [main] INFO  c.netflix.discovery.DiscoveryClient - Discovery Client initialized at timestamp 1774499621769 with initial instances count: 1
2026-03-26 10:03:41.783 [main] INFO  o.s.c.n.e.s.EurekaServiceRegistry - Registering application USER-SERVICE with eureka with status UP
2026-03-26 10:03:41.784 [main] INFO  c.netflix.discovery.DiscoveryClient - Saw local status change event StatusChangeEvent [timestamp=1774499621784, current=UP, previous=STARTING]
2026-03-26 10:03:41.786 [DiscoveryClient-InstanceInfoReplicator-0] INFO  c.netflix.discovery.DiscoveryClient - DiscoveryClient_USER-SERVICE/user-service:8081: registering service...
2026-03-26 10:03:41.787 [main] INFO  o.a.coyote.http11.Http11NioProtocol - Starting ProtocolHandler ["http-nio-8081"]
2026-03-26 10:03:41.815 [main] INFO  o.s.b.w.e.tomcat.TomcatWebServer - Tomcat started on port 8081 (http) with context path ''
2026-03-26 10:03:41.816 [main] INFO  o.s.c.n.e.s.EurekaAutoServiceRegistration - Updating port to 8081
2026-03-26 10:03:41.847 [main] INFO  c.e.u.UserServiceApplication - Started UserServiceApplication in 80.192 seconds (process running for 81.513)
2026-03-26 10:03:41.852 [DiscoveryClient-InstanceInfoReplicator-0] INFO  c.netflix.discovery.DiscoveryClient - DiscoveryClient_USER-SERVICE/user-service:8081 - registration status: 204
2026-03-26 10:06:03.055 [SpringApplicationShutdownHook] INFO  o.s.c.n.e.s.EurekaServiceRegistry - Unregistering application USER-SERVICE with eureka with status DOWN
2026-03-26 10:06:03.056 [SpringApplicationShutdownHook] INFO  c.netflix.discovery.DiscoveryClient - Saw local status change event StatusChangeEvent [timestamp=1774499763056, current=DOWN, previous=UP]
2026-03-26 10:06:03.056 [DiscoveryClient-InstanceInfoReplicator-0] INFO  c.netflix.discovery.DiscoveryClient - DiscoveryClient_USER-SERVICE/user-service:8081: registering service...
2026-03-26 10:06:03.084 [DiscoveryClient-InstanceInfoReplicator-0] INFO  c.n.d.s.t.d.RedirectingEurekaHttpClient - Request execution error. endpoint=DefaultEndpoint{ serviceUrl='http://localhost:8761/eureka/} exception=I/O error on POST request for "http://localhost:8761/eureka/apps/USER-SERVICE": Socket closed stacktrace=org.springframework.web.client.ResourceAccessException: I/O error on POST request for "http://localhost:8761/eureka/apps/USER-SERVICE": Socket closed
	at org.springframework.web.client.RestTemplate.createResourceAccessException(RestTemplate.java:915)
	at org.springframework.web.client.RestTemplate.doExecute(RestTemplate.java:895)
	at org.springframework.web.client.RestTemplate.execute(RestTemplate.java:790)
	at org.springframework.web.client.RestTemplate.exchange(RestTemplate.java:672)
	at org.springframework.cloud.netflix.eureka.http.RestTemplateEurekaHttpClient.register(RestTemplateEurekaHttpClient.java:77)
	at com.netflix.discovery.shared.transport.decorator.EurekaHttpClientDecorator$1.execute(EurekaHttpClientDecorator.java:59)
	at com.netflix.discovery.shared.transport.decorator.RedirectingEurekaHttpClient.execute(RedirectingEurekaHttpClient.java:91)
	at com.netflix.discovery.shared.transport.decorator.EurekaHttpClientDecorator.register(EurekaHttpClientDecorator.java:56)
	at com.netflix.discovery.shared.transport.decorator.EurekaHttpClientDecorator$1.execute(EurekaHttpClientDecorator.java:59)
	at com.netflix.discovery.shared.transport.decorator.RetryableEurekaHttpClient.execute(RetryableEurekaHttpClient.java:120)
	at com.netflix.discovery.shared.transport.decorator.EurekaHttpClientDecorator.register(EurekaHttpClientDecorator.java:56)
	at com.netflix.discovery.shared.transport.decorator.EurekaHttpClientDecorator$1.execute(EurekaHttpClientDecorator.java:59)
	at com.netflix.discovery.shared.transport.decorator.SessionedEurekaHttpClient.execute(SessionedEurekaHttpClient.java:77)
	at com.netflix.discovery.shared.transport.decorator.EurekaHttpClientDecorator.register(EurekaHttpClientDecorator.java:56)
	at com.netflix.discovery.DiscoveryClient.register(DiscoveryClient.java:820)
	at com.netflix.discovery.InstanceInfoReplicator.run(InstanceInfoReplicator.java:121)
	at com.netflix.discovery.InstanceInfoReplicator$1.run(InstanceInfoReplicator.java:101)
	at java.base/java.util.concurrent.Executors$RunnableAdapter.call(Executors.java:572)
	at java.base/java.util.concurrent.FutureTask.run(FutureTask.java:317)
	at java.base/java.util.concurrent.ScheduledThreadPoolExecutor$ScheduledFutureTask.run(ScheduledThreadPoolExecutor.java:304)
	at java.base/java.util.concurrent.ThreadPoolExecutor.runWorker(ThreadPoolExecutor.java:1144)
	at java.base/java.util.concurrent.ThreadPoolExecutor$Worker.run(ThreadPoolExecutor.java:642)
	at java.base/java.lang.Thread.run(Thread.java:1583)
Caused by: java.net.SocketException: Socket closed
	at java.base/sun.nio.ch.NioSocketImpl.endRead(NioSocketImpl.java:243)
	at java.base/sun.nio.ch.NioSocketImpl.implRead(NioSocketImpl.java:323)
	at java.base/sun.nio.ch.NioSocketImpl.read(NioSocketImpl.java:346)
	at java.base/sun.nio.ch.NioSocketImpl$1.read(NioSocketImpl.java:796)
	at java.base/java.net.Socket$SocketInputStream.read(Socket.java:1099)
	at org.apache.hc.core5.http.impl.io.SessionInputBufferImpl.fillBuffer(SessionInputBufferImpl.java:149)
	at org.apache.hc.core5.http.impl.io.SessionInputBufferImpl.readLine(SessionInputBufferImpl.java:280)
	at org.apache.hc.core5.http.impl.io.AbstractMessageParser.parse(AbstractMessageParser.java:247)
	at org.apache.hc.core5.http.impl.io.AbstractMessageParser.parse(AbstractMessageParser.java:54)
	at org.apache.hc.core5.http.impl.io.DefaultBHttpClientConnection.receiveResponseHeader(DefaultBHttpClientConnection.java:299)
	at org.apache.hc.core5.http.impl.io.HttpRequestExecutor.execute(HttpRequestExecutor.java:175)
	at org.apache.hc.core5.http.impl.io.HttpRequestExecutor.execute(HttpRequestExecutor.java:218)
	at org.apache.hc.client5.http.impl.io.PoolingHttpClientConnectionManager$InternalConnectionEndpoint.execute(PoolingHttpClientConnectionManager.java:712)
	at org.apache.hc.client5.http.impl.classic.InternalExecRuntime.execute(InternalExecRuntime.java:216)
	at org.apache.hc.client5.http.impl.classic.MainClientExec.execute(MainClientExec.java:116)
	at org.apache.hc.client5.http.impl.classic.ExecChainElement.execute(ExecChainElement.java:51)
	at org.apache.hc.client5.http.impl.classic.ConnectExec.execute(ConnectExec.java:188)
	at org.apache.hc.client5.http.impl.classic.ExecChainElement.execute(ExecChainElement.java:51)
	at org.apache.hc.client5.http.impl.classic.ProtocolExec.execute(ProtocolExec.java:192)
	at org.apache.hc.client5.http.impl.classic.ExecChainElement.execute(ExecChainElement.java:51)
	at org.apache.hc.client5.http.impl.classic.HttpRequestRetryExec.execute(HttpRequestRetryExec.java:96)
	at org.apache.hc.client5.http.impl.classic.ExecChainElement.execute(ExecChainElement.java:51)
	at org.apache.hc.client5.http.impl.classic.ContentCompressionExec.execute(ContentCompressionExec.java:152)
	at org.apache.hc.client5.http.impl.classic.ExecChainElement.execute(ExecChainElement.java:51)
	at org.apache.hc.client5.http.impl.classic.RedirectExec.execute(RedirectExec.java:115)
	at org.apache.hc.client5.http.impl.classic.ExecChainElement.execute(ExecChainElement.java:51)
	at org.apache.hc.client5.http.impl.classic.InternalHttpClient.doExecute(InternalHttpClient.java:170)
	at org.apache.hc.client5.http.impl.classic.CloseableHttpClient.execute(CloseableHttpClient.java:87)
	at org.apache.hc.client5.http.impl.classic.CloseableHttpClient.execute(CloseableHttpClient.java:55)
	at org.apache.hc.client5.http.classic.HttpClient.executeOpen(HttpClient.java:183)
	at org.springframework.http.client.HttpComponentsClientHttpRequest.executeInternal(HttpComponentsClientHttpRequest.java:95)
	at org.springframework.http.client.AbstractStreamingClientHttpRequest.executeInternal(AbstractStreamingClientHttpRequest.java:70)
	at org.springframework.http.client.AbstractClientHttpRequest.execute(AbstractClientHttpRequest.java:66)
	at org.springframework.http.client.InterceptingClientHttpRequest$InterceptingRequestExecution.execute(InterceptingClientHttpRequest.java:112)
	at org.springframework.cloud.netflix.eureka.http.RestTemplateTransportClientFactory.lambda$restTemplate$0(RestTemplateTransportClientFactory.java:143)
	at org.springframework.http.client.InterceptingClientHttpRequest$InterceptingRequestExecution.execute(InterceptingClientHttpRequest.java:88)
	at org.springframework.http.client.InterceptingClientHttpRequest.executeInternal(InterceptingClientHttpRequest.java:72)
	at org.springframework.http.client.AbstractBufferingClientHttpRequest.executeInternal(AbstractBufferingClientHttpRequest.java:48)
	at org.springframework.http.client.AbstractClientHttpRequest.execute(AbstractClientHttpRequest.java:66)
	at org.springframework.web.client.RestTemplate.doExecute(RestTemplate.java:889)
	... 21 more

2026-03-26 10:06:03.084 [DiscoveryClient-InstanceInfoReplicator-0] WARN  c.n.d.s.t.d.RetryableEurekaHttpClient - Request execution failed with message: I/O error on POST request for "http://localhost:8761/eureka/apps/USER-SERVICE": Socket closed
2026-03-26 10:06:03.098 [DiscoveryClient-InstanceInfoReplicator-0] INFO  c.n.d.s.t.d.RedirectingEurekaHttpClient - Request execution error. endpoint=DefaultEndpoint{ serviceUrl='http://localhost:8761/eureka/}, exception=Connection pool shut down stacktrace=java.lang.IllegalStateException: Connection pool shut down
	at org.apache.hc.core5.util.Asserts.check(Asserts.java:38)
	at org.apache.hc.core5.pool.StrictConnPool.lease(StrictConnPool.java:176)
	at org.apache.hc.client5.http.impl.io.PoolingHttpClientConnectionManager.lease(PoolingHttpClientConnectionManager.java:298)
	at org.apache.hc.client5.http.impl.classic.InternalExecRuntime.acquireEndpoint(InternalExecRuntime.java:103)
	at org.apache.hc.client5.http.impl.classic.ConnectExec.execute(ConnectExec.java:125)
	at org.apache.hc.client5.http.impl.classic.ExecChainElement.execute(ExecChainElement.java:51)
	at org.apache.hc.client5.http.impl.classic.ProtocolExec.execute(ProtocolExec.java:192)
	at org.apache.hc.client5.http.impl.classic.ExecChainElement.execute(ExecChainElement.java:51)
	at org.apache.hc.client5.http.impl.classic.HttpRequestRetryExec.execute(HttpRequestRetryExec.java:96)
	at org.apache.hc.client5.http.impl.classic.ExecChainElement.execute(ExecChainElement.java:51)
	at org.apache.hc.client5.http.impl.classic.ContentCompressionExec.execute(ContentCompressionExec.java:152)
	at org.apache.hc.client5.http.impl.classic.ExecChainElement.execute(ExecChainElement.java:51)
	at org.apache.hc.client5.http.impl.classic.RedirectExec.execute(RedirectExec.java:115)
	at org.apache.hc.client5.http.impl.classic.ExecChainElement.execute(ExecChainElement.java:51)
	at org.apache.hc.client5.http.impl.classic.InternalHttpClient.doExecute(InternalHttpClient.java:170)
	at org.apache.hc.client5.http.impl.classic.CloseableHttpClient.execute(CloseableHttpClient.java:87)
	at org.apache.hc.client5.http.impl.classic.CloseableHttpClient.execute(CloseableHttpClient.java:55)
	at org.apache.hc.client5.http.classic.HttpClient.executeOpen(HttpClient.java:183)
	at org.springframework.http.client.HttpComponentsClientHttpRequest.executeInternal(HttpComponentsClientHttpRequest.java:95)
	at org.springframework.http.client.AbstractStreamingClientHttpRequest.executeInternal(AbstractStreamingClientHttpRequest.java:70)
	at org.springframework.http.client.AbstractClientHttpRequest.execute(AbstractClientHttpRequest.java:66)
	at org.springframework.http.client.InterceptingClientHttpRequest$InterceptingRequestExecution.execute(InterceptingClientHttpRequest.java:112)
	at org.springframework.cloud.netflix.eureka.http.RestTemplateTransportClientFactory.lambda$restTemplate$0(RestTemplateTransportClientFactory.java:143)
	at org.springframework.http.client.InterceptingClientHttpRequest$InterceptingRequestExecution.execute(InterceptingClientHttpRequest.java:88)
	at org.springframework.http.client.InterceptingClientHttpRequest.executeInternal(InterceptingClientHttpRequest.java:72)
	at org.springframework.http.client.AbstractBufferingClientHttpRequest.executeInternal(AbstractBufferingClientHttpRequest.java:48)
	at org.springframework.http.client.AbstractClientHttpRequest.execute(AbstractClientHttpRequest.java:66)
	at org.springframework.web.client.RestTemplate.doExecute(RestTemplate.java:889)
	at org.springframework.web.client.RestTemplate.execute(RestTemplate.java:790)
	at org.springframework.web.client.RestTemplate.exchange(RestTemplate.java:672)
	at org.springframework.cloud.netflix.eureka.http.RestTemplateEurekaHttpClient.register(RestTemplateEurekaHttpClient.java:77)
	at com.netflix.discovery.shared.transport.decorator.EurekaHttpClientDecorator$1.execute(EurekaHttpClientDecorator.java:59)
	at com.netflix.discovery.shared.transport.decorator.RedirectingEurekaHttpClient.executeOnNewServer(RedirectingEurekaHttpClient.java:121)
	at com.netflix.discovery.shared.transport.decorator.RedirectingEurekaHttpClient.execute(RedirectingEurekaHttpClient.java:80)
	at com.netflix.discovery.shared.transport.decorator.EurekaHttpClientDecorator.register(EurekaHttpClientDecorator.java:56)
	at com.netflix.discovery.shared.transport.decorator.EurekaHttpClientDecorator$1.execute(EurekaHttpClientDecorator.java:59)
	at com.netflix.discovery.shared.transport.decorator.RetryableEurekaHttpClient.execute(RetryableEurekaHttpClient.java:120)
	at com.netflix.discovery.shared.transport.decorator.EurekaHttpClientDecorator.register(EurekaHttpClientDecorator.java:56)
	at com.netflix.discovery.shared.transport.decorator.EurekaHttpClientDecorator$1.execute(EurekaHttpClientDecorator.java:59)
	at com.netflix.discovery.shared.transport.decorator.SessionedEurekaHttpClient.execute(SessionedEurekaHttpClient.java:77)
	at com.netflix.discovery.shared.transport.decorator.EurekaHttpClientDecorator.register(EurekaHttpClientDecorator.java:56)
	at com.netflix.discovery.DiscoveryClient.register(DiscoveryClient.java:820)
	at com.netflix.discovery.InstanceInfoReplicator.run(InstanceInfoReplicator.java:121)
	at com.netflix.discovery.InstanceInfoReplicator$1.run(InstanceInfoReplicator.java:101)
	at java.base/java.util.concurrent.Executors$RunnableAdapter.call(Executors.java:572)
	at java.base/java.util.concurrent.FutureTask.run(FutureTask.java:317)
	at java.base/java.util.concurrent.ScheduledThreadPoolExecutor$ScheduledFutureTask.run(ScheduledThreadPoolExecutor.java:304)
	at java.base/java.util.concurrent.ThreadPoolExecutor.runWorker(ThreadPoolExecutor.java:1144)
	at java.base/java.util.concurrent.ThreadPoolExecutor$Worker.run(ThreadPoolExecutor.java:642)
	at java.base/java.lang.Thread.run(Thread.java:1583)

2026-03-26 10:06:03.099 [DiscoveryClient-InstanceInfoReplicator-0] WARN  c.n.d.s.t.d.RetryableEurekaHttpClient - Request execution failed with message: Connection pool shut down
2026-03-26 10:06:03.099 [DiscoveryClient-InstanceInfoReplicator-0] WARN  c.netflix.discovery.DiscoveryClient - DiscoveryClient_USER-SERVICE/user-service:8081 - registration failed Cannot execute request on any known server
com.netflix.discovery.shared.transport.TransportException: Cannot execute request on any known server
	at com.netflix.discovery.shared.transport.decorator.RetryableEurekaHttpClient.execute(RetryableEurekaHttpClient.java:112)
	at com.netflix.discovery.shared.transport.decorator.EurekaHttpClientDecorator.register(EurekaHttpClientDecorator.java:56)
	at com.netflix.discovery.shared.transport.decorator.EurekaHttpClientDecorator$1.execute(EurekaHttpClientDecorator.java:59)
	at com.netflix.discovery.shared.transport.decorator.SessionedEurekaHttpClient.execute(SessionedEurekaHttpClient.java:77)
	at com.netflix.discovery.shared.transport.decorator.EurekaHttpClientDecorator.register(EurekaHttpClientDecorator.java:56)
	at com.netflix.discovery.DiscoveryClient.register(DiscoveryClient.java:820)
	at com.netflix.discovery.InstanceInfoReplicator.run(InstanceInfoReplicator.java:121)
	at com.netflix.discovery.InstanceInfoReplicator$1.run(InstanceInfoReplicator.java:101)
	at java.base/java.util.concurrent.Executors$RunnableAdapter.call(Executors.java:572)
	at java.base/java.util.concurrent.FutureTask.run(FutureTask.java:317)
	at java.base/java.util.concurrent.ScheduledThreadPoolExecutor$ScheduledFutureTask.run(ScheduledThreadPoolExecutor.java:304)
	at java.base/java.util.concurrent.ThreadPoolExecutor.runWorker(ThreadPoolExecutor.java:1144)
	at java.base/java.util.concurrent.ThreadPoolExecutor$Worker.run(ThreadPoolExecutor.java:642)
	at java.base/java.lang.Thread.run(Thread.java:1583)
2026-03-26 10:06:03.099 [DiscoveryClient-InstanceInfoReplicator-0] WARN  c.n.discovery.InstanceInfoReplicator - There was a problem with the instance info replicator
com.netflix.discovery.shared.transport.TransportException: Cannot execute request on any known server
	at com.netflix.discovery.shared.transport.decorator.RetryableEurekaHttpClient.execute(RetryableEurekaHttpClient.java:112)
	at com.netflix.discovery.shared.transport.decorator.EurekaHttpClientDecorator.register(EurekaHttpClientDecorator.java:56)
	at com.netflix.discovery.shared.transport.decorator.EurekaHttpClientDecorator$1.execute(EurekaHttpClientDecorator.java:59)
	at com.netflix.discovery.shared.transport.decorator.SessionedEurekaHttpClient.execute(SessionedEurekaHttpClient.java:77)
	at com.netflix.discovery.shared.transport.decorator.EurekaHttpClientDecorator.register(EurekaHttpClientDecorator.java:56)
	at com.netflix.discovery.DiscoveryClient.register(DiscoveryClient.java:820)
	at com.netflix.discovery.InstanceInfoReplicator.run(InstanceInfoReplicator.java:121)
	at com.netflix.discovery.InstanceInfoReplicator$1.run(InstanceInfoReplicator.java:101)
	at java.base/java.util.concurrent.Executors$RunnableAdapter.call(Executors.java:572)
	at java.base/java.util.concurrent.FutureTask.run(FutureTask.java:317)
	at java.base/java.util.concurrent.ScheduledThreadPoolExecutor$ScheduledFutureTask.run(ScheduledThreadPoolExecutor.java:304)
	at java.base/java.util.concurrent.ThreadPoolExecutor.runWorker(ThreadPoolExecutor.java:1144)
	at java.base/java.util.concurrent.ThreadPoolExecutor$Worker.run(ThreadPoolExecutor.java:642)
	at java.base/java.lang.Thread.run(Thread.java:1583)
2026-03-26 10:06:03.101 [SpringApplicationShutdownHook] INFO  o.s.o.j.LocalContainerEntityManagerFactoryBean - Closing JPA EntityManagerFactory for persistence unit 'default'
2026-03-26 10:06:03.106 [SpringApplicationShutdownHook] INFO  com.zaxxer.hikari.HikariDataSource - UserServicePool - Shutdown initiated...
2026-03-26 10:06:03.115 [SpringApplicationShutdownHook] INFO  com.zaxxer.hikari.HikariDataSource - UserServicePool - Shutdown completed.
2026-03-26 10:06:03.115 [SpringApplicationShutdownHook] INFO  c.netflix.discovery.DiscoveryClient - Shutting down DiscoveryClient ...
2026-03-26 10:06:06.126 [SpringApplicationShutdownHook] INFO  c.netflix.discovery.DiscoveryClient - Unregistering ...
2026-03-26 10:06:06.130 [SpringApplicationShutdownHook] INFO  c.n.d.s.t.d.RedirectingEurekaHttpClient - Request execution error. endpoint=DefaultEndpoint{ serviceUrl='http://localhost:8761/eureka/}, exception=Connection pool shut down stacktrace=java.lang.IllegalStateException: Connection pool shut down
	at org.apache.hc.core5.util.Asserts.check(Asserts.java:38)
	at org.apache.hc.core5.pool.StrictConnPool.lease(StrictConnPool.java:176)
	at org.apache.hc.client5.http.impl.io.PoolingHttpClientConnectionManager.lease(PoolingHttpClientConnectionManager.java:298)
	at org.apache.hc.client5.http.impl.classic.InternalExecRuntime.acquireEndpoint(InternalExecRuntime.java:103)
	at org.apache.hc.client5.http.impl.classic.ConnectExec.execute(ConnectExec.java:125)
	at org.apache.hc.client5.http.impl.classic.ExecChainElement.execute(ExecChainElement.java:51)
	at org.apache.hc.client5.http.impl.classic.ProtocolExec.execute(ProtocolExec.java:192)
	at org.apache.hc.client5.http.impl.classic.ExecChainElement.execute(ExecChainElement.java:51)
	at org.apache.hc.client5.http.impl.classic.HttpRequestRetryExec.execute(HttpRequestRetryExec.java:96)
	at org.apache.hc.client5.http.impl.classic.ExecChainElement.execute(ExecChainElement.java:51)
	at org.apache.hc.client5.http.impl.classic.ContentCompressionExec.execute(ContentCompressionExec.java:152)
	at org.apache.hc.client5.http.impl.classic.ExecChainElement.execute(ExecChainElement.java:51)
	at org.apache.hc.client5.http.impl.classic.RedirectExec.execute(RedirectExec.java:115)
	at org.apache.hc.client5.http.impl.classic.ExecChainElement.execute(ExecChainElement.java:51)
	at org.apache.hc.client5.http.impl.classic.InternalHttpClient.doExecute(InternalHttpClient.java:170)
	at org.apache.hc.client5.http.impl.classic.CloseableHttpClient.execute(CloseableHttpClient.java:87)
	at org.apache.hc.client5.http.impl.classic.CloseableHttpClient.execute(CloseableHttpClient.java:55)
	at org.apache.hc.client5.http.classic.HttpClient.executeOpen(HttpClient.java:183)
	at org.springframework.http.client.HttpComponentsClientHttpRequest.executeInternal(HttpComponentsClientHttpRequest.java:95)
	at org.springframework.http.client.AbstractStreamingClientHttpRequest.executeInternal(AbstractStreamingClientHttpRequest.java:70)
	at org.springframework.http.client.AbstractClientHttpRequest.execute(AbstractClientHttpRequest.java:66)
	at org.springframework.http.client.InterceptingClientHttpRequest$InterceptingRequestExecution.execute(InterceptingClientHttpRequest.java:112)
	at org.springframework.cloud.netflix.eureka.http.RestTemplateTransportClientFactory.lambda$restTemplate$0(RestTemplateTransportClientFactory.java:143)
	at org.springframework.http.client.InterceptingClientHttpRequest$InterceptingRequestExecution.execute(InterceptingClientHttpRequest.java:88)
	at org.springframework.http.client.InterceptingClientHttpRequest.executeInternal(InterceptingClientHttpRequest.java:72)
	at org.springframework.http.client.AbstractBufferingClientHttpRequest.executeInternal(AbstractBufferingClientHttpRequest.java:48)
	at org.springframework.http.client.AbstractClientHttpRequest.execute(AbstractClientHttpRequest.java:66)
	at org.springframework.web.client.RestTemplate.doExecute(RestTemplate.java:889)
	at org.springframework.web.client.RestTemplate.execute(RestTemplate.java:790)
	at org.springframework.web.client.RestTemplate.exchange(RestTemplate.java:672)
	at org.springframework.cloud.netflix.eureka.http.RestTemplateEurekaHttpClient.cancel(RestTemplateEurekaHttpClient.java:87)
	at com.netflix.discovery.shared.transport.decorator.EurekaHttpClientDecorator$2.execute(EurekaHttpClientDecorator.java:74)
	at com.netflix.discovery.shared.transport.decorator.RedirectingEurekaHttpClient.executeOnNewServer(RedirectingEurekaHttpClient.java:121)
	at com.netflix.discovery.shared.transport.decorator.RedirectingEurekaHttpClient.execute(RedirectingEurekaHttpClient.java:80)
	at com.netflix.discovery.shared.transport.decorator.EurekaHttpClientDecorator.cancel(EurekaHttpClientDecorator.java:71)
	at com.netflix.discovery.shared.transport.decorator.EurekaHttpClientDecorator$2.execute(EurekaHttpClientDecorator.java:74)
	at com.netflix.discovery.shared.transport.decorator.RetryableEurekaHttpClient.execute(RetryableEurekaHttpClient.java:120)
	at com.netflix.discovery.shared.transport.decorator.EurekaHttpClientDecorator.cancel(EurekaHttpClientDecorator.java:71)
	at com.netflix.discovery.shared.transport.decorator.EurekaHttpClientDecorator$2.execute(EurekaHttpClientDecorator.java:74)
	at com.netflix.discovery.shared.transport.decorator.SessionedEurekaHttpClient.execute(SessionedEurekaHttpClient.java:77)
	at com.netflix.discovery.shared.transport.decorator.EurekaHttpClientDecorator.cancel(EurekaHttpClientDecorator.java:71)
	at com.netflix.discovery.DiscoveryClient.unregister(DiscoveryClient.java:916)
	at com.netflix.discovery.DiscoveryClient.shutdown(DiscoveryClient.java:892)
	at java.base/jdk.internal.reflect.DirectMethodHandleAccessor.invoke(DirectMethodHandleAccessor.java:103)
	at java.base/java.lang.reflect.Method.invoke(Method.java:580)
	at org.springframework.beans.factory.annotation.InitDestroyAnnotationBeanPostProcessor$LifecycleMethod.invoke(InitDestroyAnnotationBeanPostProcessor.java:457)
	at org.springframework.beans.factory.annotation.InitDestroyAnnotationBeanPostProcessor$LifecycleMetadata.invokeDestroyMethods(InitDestroyAnnotationBeanPostProcessor.java:415)
	at org.springframework.beans.factory.annotation.InitDestroyAnnotationBeanPostProcessor.postProcessBeforeDestruction(InitDestroyAnnotationBeanPostProcessor.java:239)
	at org.springframework.beans.factory.support.DisposableBeanAdapter.destroy(DisposableBeanAdapter.java:202)
	at org.springframework.beans.factory.support.DisposableBeanAdapter.run(DisposableBeanAdapter.java:195)
	at org.springframework.cloud.context.scope.GenericScope$BeanLifecycleWrapper.destroy(GenericScope.java:389)
	at org.springframework.cloud.context.scope.GenericScope.destroy(GenericScope.java:136)
	at org.springframework.beans.factory.support.DisposableBeanAdapter.destroy(DisposableBeanAdapter.java:211)
	at org.springframework.beans.factory.support.DefaultSingletonBeanRegistry.destroyBean(DefaultSingletonBeanRegistry.java:587)
	at org.springframework.beans.factory.support.DefaultSingletonBeanRegistry.destroySingleton(DefaultSingletonBeanRegistry.java:559)
	at org.springframework.beans.factory.support.DefaultListableBeanFactory.destroySingleton(DefaultListableBeanFactory.java:1202)
	at org.springframework.beans.factory.support.DefaultSingletonBeanRegistry.destroySingletons(DefaultSingletonBeanRegistry.java:520)
	at org.springframework.beans.factory.support.DefaultListableBeanFactory.destroySingletons(DefaultListableBeanFactory.java:1195)
	at org.springframework.context.support.AbstractApplicationContext.destroyBeans(AbstractApplicationContext.java:1183)
	at org.springframework.context.support.AbstractApplicationContext.doClose(AbstractApplicationContext.java:1144)
	at org.springframework.boot.web.servlet.context.ServletWebServerApplicationContext.doClose(ServletWebServerApplicationContext.java:174)
	at org.springframework.context.support.AbstractApplicationContext.close(AbstractApplicationContext.java:1090)
	at org.springframework.boot.SpringApplicationShutdownHook.closeAndWait(SpringApplicationShutdownHook.java:145)
	at java.base/java.lang.Iterable.forEach(Iterable.java:75)
	at org.springframework.boot.SpringApplicationShutdownHook.run(SpringApplicationShutdownHook.java:114)
	at java.base/java.lang.Thread.run(Thread.java:1583)

2026-03-26 10:06:06.529 [SpringApplicationShutdownHook] WARN  c.n.d.s.t.d.RetryableEurekaHttpClient - Request execution failed with message: Connection pool shut down
2026-03-26 10:06:06.529 [SpringApplicationShutdownHook] ERROR c.netflix.discovery.DiscoveryClient - DiscoveryClient_USER-SERVICE/user-service:8081 - de-registration failedCannot execute request on any known server
com.netflix.discovery.shared.transport.TransportException: Cannot execute request on any known server
	at com.netflix.discovery.shared.transport.decorator.RetryableEurekaHttpClient.execute(RetryableEurekaHttpClient.java:112)
	at com.netflix.discovery.shared.transport.decorator.EurekaHttpClientDecorator.cancel(EurekaHttpClientDecorator.java:71)
	at com.netflix.discovery.shared.transport.decorator.EurekaHttpClientDecorator$2.execute(EurekaHttpClientDecorator.java:74)
	at com.netflix.discovery.shared.transport.decorator.SessionedEurekaHttpClient.execute(SessionedEurekaHttpClient.java:77)
	at com.netflix.discovery.shared.transport.decorator.EurekaHttpClientDecorator.cancel(EurekaHttpClientDecorator.java:71)
	at com.netflix.discovery.DiscoveryClient.unregister(DiscoveryClient.java:916)
	at com.netflix.discovery.DiscoveryClient.shutdown(DiscoveryClient.java:892)
	at java.base/jdk.internal.reflect.DirectMethodHandleAccessor.invoke(DirectMethodHandleAccessor.java:103)
	at java.base/java.lang.reflect.Method.invoke(Method.java:580)
	at org.springframework.beans.factory.annotation.InitDestroyAnnotationBeanPostProcessor$LifecycleMethod.invoke(InitDestroyAnnotationBeanPostProcessor.java:457)
	at org.springframework.beans.factory.annotation.InitDestroyAnnotationBeanPostProcessor$LifecycleMetadata.invokeDestroyMethods(InitDestroyAnnotationBeanPostProcessor.java:415)
	at org.springframework.beans.factory.annotation.InitDestroyAnnotationBeanPostProcessor.postProcessBeforeDestruction(InitDestroyAnnotationBeanPostProcessor.java:239)
	at org.springframework.beans.factory.support.DisposableBeanAdapter.destroy(DisposableBeanAdapter.java:202)
	at org.springframework.beans.factory.support.DisposableBeanAdapter.run(DisposableBeanAdapter.java:195)
	at org.springframework.cloud.context.scope.GenericScope$BeanLifecycleWrapper.destroy(GenericScope.java:389)
	at org.springframework.cloud.context.scope.GenericScope.destroy(GenericScope.java:136)
	at org.springframework.beans.factory.support.DisposableBeanAdapter.destroy(DisposableBeanAdapter.java:211)
	at org.springframework.beans.factory.support.DefaultSingletonBeanRegistry.destroyBean(DefaultSingletonBeanRegistry.java:587)
	at org.springframework.beans.factory.support.DefaultSingletonBeanRegistry.destroySingleton(DefaultSingletonBeanRegistry.java:559)
	at org.springframework.beans.factory.support.DefaultListableBeanFactory.destroySingleton(DefaultListableBeanFactory.java:1202)
	at org.springframework.beans.factory.support.DefaultSingletonBeanRegistry.destroySingletons(DefaultSingletonBeanRegistry.java:520)
	at org.springframework.beans.factory.support.DefaultListableBeanFactory.destroySingletons(DefaultListableBeanFactory.java:1195)
	at org.springframework.context.support.AbstractApplicationContext.destroyBeans(AbstractApplicationContext.java:1183)
	at org.springframework.context.support.AbstractApplicationContext.doClose(AbstractApplicationContext.java:1144)
	at org.springframework.boot.web.servlet.context.ServletWebServerApplicationContext.doClose(ServletWebServerApplicationContext.java:174)
	at org.springframework.context.support.AbstractApplicationContext.close(AbstractApplicationContext.java:1090)
	at org.springframework.boot.SpringApplicationShutdownHook.closeAndWait(SpringApplicationShutdownHook.java:145)
	at java.base/java.lang.Iterable.forEach(Iterable.java:75)
	at org.springframework.boot.SpringApplicationShutdownHook.run(SpringApplicationShutdownHook.java:114)
	at java.base/java.lang.Thread.run(Thread.java:1583)
2026-03-26 10:06:06.538 [SpringApplicationShutdownHook] INFO  c.netflix.discovery.DiscoveryClient - Completed shut down of DiscoveryClient
2026-03-26 11:11:55.465 [background-preinit] INFO  o.h.validator.internal.util.Version - HV000001: Hibernate Validator 8.0.1.Final
2026-03-26 11:11:55.507 [main] INFO  c.e.u.UserServiceApplication - Starting UserServiceApplication using Java 21.0.2 with PID 6940 (F:\Ecommerce Production Level Application\user-service\target\classes started by nanda royality in F:\Ecommerce Production Level Application\user-service)
2026-03-26 11:11:55.507 [main] DEBUG c.e.u.UserServiceApplication - Running with Spring Boot v3.2.3, Spring v6.1.4
2026-03-26 11:11:55.508 [main] INFO  c.e.u.UserServiceApplication - No active profile set, falling back to 1 default profile: "default"
2026-03-26 11:11:57.670 [main] INFO  o.s.d.r.c.RepositoryConfigurationDelegate - Multiple Spring Data modules found, entering strict repository configuration mode
2026-03-26 11:11:57.671 [main] INFO  o.s.d.r.c.RepositoryConfigurationDelegate - Bootstrapping Spring Data JPA repositories in DEFAULT mode.
2026-03-26 11:11:57.784 [main] INFO  o.s.d.r.c.RepositoryConfigurationDelegate - Finished Spring Data repository scanning in 104 ms. Found 5 JPA repository interfaces.
2026-03-26 11:11:57.786 [main] INFO  o.s.d.r.c.RepositoryConfigurationDelegate - Multiple Spring Data modules found, entering strict repository configuration mode
2026-03-26 11:11:57.786 [main] INFO  o.s.d.r.c.RepositoryConfigurationDelegate - Bootstrapping Spring Data Redis repositories in DEFAULT mode.
2026-03-26 11:11:57.795 [main] INFO  o.s.d.r.c.RepositoryConfigurationDelegate - Finished Spring Data repository scanning in 0 ms. Found 0 Redis repository interfaces.
2026-03-26 11:11:58.640 [main] INFO  o.s.cloud.context.scope.GenericScope - BeanFactory id=1c316f2b-5e62-3f97-b33f-b4d0bc6dda7e
2026-03-26 11:11:59.040 [main] WARN  o.s.c.s.PostProcessorRegistrationDelegate$BeanPostProcessorChecker - Bean 'org.springframework.cloud.client.loadbalancer.LoadBalancerAutoConfiguration$DeferringLoadBalancerInterceptorConfig' of type [org.springframework.cloud.client.loadbalancer.LoadBalancerAutoConfiguration$DeferringLoadBalancerInterceptorConfig] is not eligible for getting processed by all BeanPostProcessors (for example: not eligible for auto-proxying). The currently created BeanPostProcessor [lbRestClientPostProcessor] is declared through a non-static factory method on that class; consider declaring it as static instead.
2026-03-26 11:11:59.044 [main] WARN  o.s.c.s.PostProcessorRegistrationDelegate$BeanPostProcessorChecker - Bean 'deferringLoadBalancerInterceptor' of type [org.springframework.cloud.client.loadbalancer.DeferringLoadBalancerInterceptor] is not eligible for getting processed by all BeanPostProcessors (for example: not eligible for auto-proxying). Is this bean getting eagerly injected into a currently created BeanPostProcessor [lbRestClientPostProcessor]? Check the corresponding BeanPostProcessor declaration and its dependencies.
2026-03-26 11:11:59.397 [main] INFO  o.s.b.w.e.tomcat.TomcatWebServer - Tomcat initialized with port 8081 (http)
2026-03-26 11:11:59.409 [main] INFO  o.a.coyote.http11.Http11NioProtocol - Initializing ProtocolHandler ["http-nio-8081"]
2026-03-26 11:11:59.411 [main] INFO  o.a.catalina.core.StandardService - Starting service [Tomcat]
2026-03-26 11:11:59.411 [main] INFO  o.a.catalina.core.StandardEngine - Starting Servlet engine: [Apache Tomcat/10.1.19]
2026-03-26 11:11:59.510 [main] INFO  o.a.c.c.C.[Tomcat].[localhost].[/] - Initializing Spring embedded WebApplicationContext
2026-03-26 11:11:59.510 [main] INFO  o.s.b.w.s.c.ServletWebServerApplicationContext - Root WebApplicationContext: initialization completed in 3764 ms
2026-03-26 11:11:59.769 [main] DEBUG c.e.u.s.JwtAuthenticationFilter - Filter 'jwtAuthenticationFilter' configured for use
2026-03-26 11:11:59.910 [main] INFO  o.h.jpa.internal.util.LogHelper - HHH000204: Processing PersistenceUnitInfo [name: default]
2026-03-26 11:11:59.984 [main] INFO  org.hibernate.Version - HHH000412: Hibernate ORM core version 6.4.4.Final
2026-03-26 11:12:00.030 [main] INFO  o.h.c.i.RegionFactoryInitiator - HHH000026: Second-level cache disabled
2026-03-26 11:12:00.353 [main] INFO  o.s.o.j.p.SpringPersistenceUnitInfo - No LoadTimeWeaver setup: ignoring JPA class transformer
2026-03-26 11:12:00.378 [main] INFO  com.zaxxer.hikari.HikariDataSource - UserServicePool - Starting...
2026-03-26 11:12:02.045 [main] INFO  com.zaxxer.hikari.pool.HikariPool - UserServicePool - Added connection com.mysql.cj.jdbc.ConnectionImpl@71a7cf7c
2026-03-26 11:12:02.046 [main] INFO  com.zaxxer.hikari.HikariDataSource - UserServicePool - Start completed.
2026-03-26 11:12:02.422 [main] WARN  org.hibernate.orm.deprecation - HHH90000025: MySQLDialect does not need to be specified explicitly using 'hibernate.dialect' (remove the property setting and it will be selected by default)
2026-03-26 11:12:03.377 [main] INFO  o.h.e.t.j.p.i.JtaPlatformInitiator - HHH000489: No JTA platform available (set 'hibernate.transaction.jta.platform' to enable JTA platform integration)
2026-03-26 11:12:06.376 [main] INFO  o.s.o.j.LocalContainerEntityManagerFactoryBean - Initialized JPA EntityManagerFactory for persistence unit 'default'
2026-03-26 11:12:06.694 [main] INFO  o.s.d.j.r.query.QueryEnhancerFactory - Hibernate is in classpath; If applicable, HQL parser will be used.
2026-03-26 11:12:08.328 [main] INFO  o.s.c.o.FeignClientFactoryBean - For 'product-service' URL not provided. Will try picking an instance via load-balancing.
2026-03-26 11:12:09.609 [main] INFO  o.s.b.a.e.web.EndpointLinksResolver - Exposing 1 endpoint(s) beneath base path '/actuator'
2026-03-26 11:12:09.745 [main] INFO  o.s.s.web.DefaultSecurityFilterChain - Will secure any request with [org.springframework.security.web.session.DisableEncodeUrlFilter@58f7544c, org.springframework.security.web.context.request.async.WebAsyncManagerIntegrationFilter@21826d78, org.springframework.security.web.context.SecurityContextHolderFilter@23295bac, org.springframework.security.web.header.HeaderWriterFilter@71637a85, org.springframework.web.filter.CorsFilter@2faec75a, org.springframework.security.web.authentication.logout.LogoutFilter@624fedfd, com.ecommerce.user_service.security.JwtAuthenticationFilter@514dc5f4, org.springframework.security.web.savedrequest.RequestCacheAwareFilter@1f628b31, org.springframework.security.web.servletapi.SecurityContextHolderAwareRequestFilter@38613df7, org.springframework.security.web.authentication.AnonymousAuthenticationFilter@7ffdded5, org.springframework.security.web.session.SessionManagementFilter@3e03037f, org.springframework.security.web.access.ExceptionTranslationFilter@7ef9d004, org.springframework.security.web.access.intercept.AuthorizationFilter@2878abcd]
2026-03-26 11:12:11.016 [main] INFO  o.s.c.n.e.c.DiscoveryClientOptionalArgsConfiguration - Eureka HTTP Client uses RestTemplate.
2026-03-26 11:12:11.122 [main] WARN  o.s.c.l.c.LoadBalancerCacheAutoConfiguration$LoadBalancerCaffeineWarnLogger - Spring Cloud LoadBalancer is currently working with the default cache. While this cache implementation is useful for development and tests, it's recommended to use Caffeine cache in production.You can switch to using Caffeine cache, by adding it and org.springframework.cache.caffeine.CaffeineCacheManager to the classpath.
2026-03-26 11:12:11.293 [main] INFO  o.a.k.c.admin.AdminClientConfig - AdminClientConfig values: 
	auto.include.jmx.reporter = true
	bootstrap.servers = [localhost:9092]
	client.dns.lookup = use_all_dns_ips
	client.id = 
	connections.max.idle.ms = 300000
	default.api.timeout.ms = 60000
	metadata.max.age.ms = 300000
	metric.reporters = []
	metrics.num.samples = 2
	metrics.recording.level = INFO
	metrics.sample.window.ms = 30000
	receive.buffer.bytes = 65536
	reconnect.backoff.max.ms = 1000
	reconnect.backoff.ms = 50
	request.timeout.ms = 30000
	retries = 2147483647
	retry.backoff.ms = 100
	sasl.client.callback.handler.class = null
	sasl.jaas.config = null
	sasl.kerberos.kinit.cmd = /usr/bin/kinit
	sasl.kerberos.min.time.before.relogin = 60000
	sasl.kerberos.service.name = null
	sasl.kerberos.ticket.renew.jitter = 0.05
	sasl.kerberos.ticket.renew.window.factor = 0.8
	sasl.login.callback.handler.class = null
	sasl.login.class = null
	sasl.login.connect.timeout.ms = null
	sasl.login.read.timeout.ms = null
	sasl.login.refresh.buffer.seconds = 300
	sasl.login.refresh.min.period.seconds = 60
	sasl.login.refresh.window.factor = 0.8
	sasl.login.refresh.window.jitter = 0.05
	sasl.login.retry.backoff.max.ms = 10000
	sasl.login.retry.backoff.ms = 100
	sasl.mechanism = GSSAPI
	sasl.oauthbearer.clock.skew.seconds = 30
	sasl.oauthbearer.expected.audience = null
	sasl.oauthbearer.expected.issuer = null
	sasl.oauthbearer.jwks.endpoint.refresh.ms = 3600000
	sasl.oauthbearer.jwks.endpoint.retry.backoff.max.ms = 10000
	sasl.oauthbearer.jwks.endpoint.retry.backoff.ms = 100
	sasl.oauthbearer.jwks.endpoint.url = null
	sasl.oauthbearer.scope.claim.name = scope
	sasl.oauthbearer.sub.claim.name = sub
	sasl.oauthbearer.token.endpoint.url = null
	security.protocol = PLAINTEXT
	security.providers = null
	send.buffer.bytes = 131072
	socket.connection.setup.timeout.max.ms = 30000
	socket.connection.setup.timeout.ms = 10000
	ssl.cipher.suites = null
	ssl.enabled.protocols = [TLSv1.2, TLSv1.3]
	ssl.endpoint.identification.algorithm = https
	ssl.engine.factory.class = null
	ssl.key.password = null
	ssl.keymanager.algorithm = SunX509
	ssl.keystore.certificate.chain = null
	ssl.keystore.key = null
	ssl.keystore.location = null
	ssl.keystore.password = null
	ssl.keystore.type = JKS
	ssl.protocol = TLSv1.3
	ssl.provider = null
	ssl.secure.random.implementation = null
	ssl.trustmanager.algorithm = PKIX
	ssl.truststore.certificates = null
	ssl.truststore.location = null
	ssl.truststore.password = null
	ssl.truststore.type = JKS

2026-03-26 11:12:11.497 [main] INFO  o.a.kafka.common.utils.AppInfoParser - Kafka version: 3.6.1
2026-03-26 11:12:11.497 [main] INFO  o.a.kafka.common.utils.AppInfoParser - Kafka commitId: 5e3c2b738d253ff5
2026-03-26 11:12:11.497 [main] INFO  o.a.kafka.common.utils.AppInfoParser - Kafka startTimeMs: 1774503731495
2026-03-26 11:12:12.133 [kafka-admin-client-thread | adminclient-1] INFO  o.a.kafka.common.utils.AppInfoParser - App info kafka.admin.client for adminclient-1 unregistered
2026-03-26 11:12:12.143 [kafka-admin-client-thread | adminclient-1] INFO  o.a.kafka.common.metrics.Metrics - Metrics scheduler closed
2026-03-26 11:12:12.145 [kafka-admin-client-thread | adminclient-1] INFO  o.a.kafka.common.metrics.Metrics - Closing reporter org.apache.kafka.common.metrics.JmxReporter
2026-03-26 11:12:12.145 [kafka-admin-client-thread | adminclient-1] INFO  o.a.kafka.common.metrics.Metrics - Metrics reporters closed
2026-03-26 11:12:12.183 [main] INFO  o.s.c.n.eureka.InstanceInfoFactory - Setting initial instance status as: STARTING
2026-03-26 11:12:12.283 [main] INFO  c.netflix.discovery.DiscoveryClient - Initializing Eureka in region us-east-1
2026-03-26 11:12:12.297 [main] INFO  c.n.d.s.r.aws.ConfigClusterResolver - Resolving eureka endpoints via configuration
2026-03-26 11:12:12.366 [main] INFO  c.netflix.discovery.DiscoveryClient - Disable delta property : false
2026-03-26 11:12:12.366 [main] INFO  c.netflix.discovery.DiscoveryClient - Single vip registry refresh property : null
2026-03-26 11:12:12.367 [main] INFO  c.netflix.discovery.DiscoveryClient - Force full registry fetch : false
2026-03-26 11:12:12.367 [main] INFO  c.netflix.discovery.DiscoveryClient - Application is null : false
2026-03-26 11:12:12.367 [main] INFO  c.netflix.discovery.DiscoveryClient - Registered Applications size is zero : true
2026-03-26 11:12:12.367 [main] INFO  c.netflix.discovery.DiscoveryClient - Application version is -1: true
2026-03-26 11:12:12.367 [main] INFO  c.netflix.discovery.DiscoveryClient - Getting all instance registry info from the eureka server
2026-03-26 11:12:13.129 [main] INFO  c.netflix.discovery.DiscoveryClient - The response status is 200
2026-03-26 11:12:13.133 [main] INFO  c.netflix.discovery.DiscoveryClient - Starting heartbeat executor: renew interval is: 30
2026-03-26 11:12:13.137 [main] INFO  c.n.discovery.InstanceInfoReplicator - InstanceInfoReplicator onDemand update allowed rate per min is 4
2026-03-26 11:12:13.145 [main] INFO  c.netflix.discovery.DiscoveryClient - Discovery Client initialized at timestamp 1774503733143 with initial instances count: 1
2026-03-26 11:12:13.156 [main] INFO  o.s.c.n.e.s.EurekaServiceRegistry - Registering application USER-SERVICE with eureka with status UP
2026-03-26 11:12:13.158 [main] INFO  c.netflix.discovery.DiscoveryClient - Saw local status change event StatusChangeEvent [timestamp=1774503733157, current=UP, previous=STARTING]
2026-03-26 11:12:13.160 [DiscoveryClient-InstanceInfoReplicator-0] INFO  c.netflix.discovery.DiscoveryClient - DiscoveryClient_USER-SERVICE/user-service:8081: registering service...
2026-03-26 11:12:13.160 [main] INFO  o.a.coyote.http11.Http11NioProtocol - Starting ProtocolHandler ["http-nio-8081"]
2026-03-26 11:12:13.178 [main] INFO  o.s.b.w.e.tomcat.TomcatWebServer - Tomcat started on port 8081 (http) with context path ''
2026-03-26 11:12:13.179 [main] INFO  o.s.c.n.e.s.EurekaAutoServiceRegistration - Updating port to 8081
2026-03-26 11:12:13.216 [main] INFO  c.e.u.UserServiceApplication - Started UserServiceApplication in 18.548 seconds (process running for 19.372)
2026-03-26 11:12:13.216 [DiscoveryClient-InstanceInfoReplicator-0] INFO  c.netflix.discovery.DiscoveryClient - DiscoveryClient_USER-SERVICE/user-service:8081 - registration status: 204
2026-03-26 11:17:23.220 [AsyncResolver-bootstrap-executor-0] INFO  c.n.d.s.r.aws.ConfigClusterResolver - Resolving eureka endpoints via configuration
2026-03-26 11:22:51.947 [AsyncResolver-bootstrap-executor-0] INFO  c.n.d.s.r.aws.ConfigClusterResolver - Resolving eureka endpoints via configuration
2026-03-26 11:26:18.863 [http-nio-8081-exec-1] INFO  o.a.c.c.C.[Tomcat].[localhost].[/] - Initializing Spring DispatcherServlet 'dispatcherServlet'
2026-03-26 11:26:18.911 [http-nio-8081-exec-1] INFO  o.s.web.servlet.DispatcherServlet - Initializing Servlet 'dispatcherServlet'
2026-03-26 11:26:19.855 [http-nio-8081-exec-1] INFO  o.s.web.servlet.DispatcherServlet - Completed initialization in 931 ms
2026-03-26 11:26:29.189 [http-nio-8081-exec-10] INFO  o.s.api.AbstractOpenApiResource - Init duration for springdoc-openapi is: 6444 ms
2026-03-26 11:27:08.591 [http-nio-8081-exec-1] INFO  c.e.u.controller.AuthController - Login request for: kishorenanda518@gmail.com
2026-03-26 11:27:10.867 [http-nio-8081-exec-1] INFO  c.e.u.service.UserServiceImpl - Login attempt for: kishorenanda518@gmail.com
2026-03-26 11:27:11.288 [http-nio-8081-exec-1] DEBUG org.hibernate.SQL - 
    select
        u1_0.id,
        u1_0.created_at,
        u1_0.email,
        u1_0.email_verified,
        u1_0.last_login_at,
        u1_0.password_hash,
        u1_0.phone,
        u1_0.status,
        u1_0.updated_at,
        u1_0.username,
        u1_0.version 
    from
        users u1_0 
    where
        u1_0.username=? 
        or u1_0.email=?
2026-03-26 11:27:11.877 [http-nio-8081-exec-1] DEBUG org.hibernate.SQL - 
    select
        up1_0.id,
        up1_0.bio,
        up1_0.created_at,
        up1_0.date_of_birth,
        up1_0.first_name,
        up1_0.gender,
        up1_0.last_name,
        up1_0.profile_picture_url,
        up1_0.updated_at,
        up1_0.user_id 
    from
        user_profiles up1_0 
    where
        up1_0.user_id=?
2026-03-26 11:27:12.235 [http-nio-8081-exec-1] DEBUG org.hibernate.SQL - 
    select
        r1_0.user_id,
        r1_1.id,
        r1_1.description,
        r1_1.name 
    from
        user_roles r1_0 
    join
        roles r1_1 
            on r1_1.id=r1_0.role_id 
    where
        r1_0.user_id=?
2026-03-26 11:27:13.531 [http-nio-8081-exec-1] DEBUG c.e.u.service.UserServiceImpl - Refresh token stored in Redis for userId: cad6f01a-2bfb-465e-8d5d-fd7bf8b52b63
2026-03-26 11:27:13.585 [http-nio-8081-exec-1] INFO  o.a.k.c.producer.ProducerConfig - ProducerConfig values: 
	acks = -1
	auto.include.jmx.reporter = true
	batch.size = 16384
	bootstrap.servers = [localhost:9092]
	buffer.memory = 33554432
	client.dns.lookup = use_all_dns_ips
	client.id = producer-1
	compression.type = none
	connections.max.idle.ms = 540000
	delivery.timeout.ms = 120000
	enable.idempotence = true
	interceptor.classes = []
	key.serializer = class org.apache.kafka.common.serialization.StringSerializer
	linger.ms = 0
	max.block.ms = 60000
	max.in.flight.requests.per.connection = 5
	max.request.size = 1048576
	metadata.max.age.ms = 300000
	metadata.max.idle.ms = 300000
	metric.reporters = []
	metrics.num.samples = 2
	metrics.recording.level = INFO
	metrics.sample.window.ms = 30000
	partitioner.adaptive.partitioning.enable = true
	partitioner.availability.timeout.ms = 0
	partitioner.class = null
	partitioner.ignore.keys = false
	receive.buffer.bytes = 32768
	reconnect.backoff.max.ms = 1000
	reconnect.backoff.ms = 50
	request.timeout.ms = 30000
	retries = 2147483647
	retry.backoff.ms = 100
	sasl.client.callback.handler.class = null
	sasl.jaas.config = null
	sasl.kerberos.kinit.cmd = /usr/bin/kinit
	sasl.kerberos.min.time.before.relogin = 60000
	sasl.kerberos.service.name = null
	sasl.kerberos.ticket.renew.jitter = 0.05
	sasl.kerberos.ticket.renew.window.factor = 0.8
	sasl.login.callback.handler.class = null
	sasl.login.class = null
	sasl.login.connect.timeout.ms = null
	sasl.login.read.timeout.ms = null
	sasl.login.refresh.buffer.seconds = 300
	sasl.login.refresh.min.period.seconds = 60
	sasl.login.refresh.window.factor = 0.8
	sasl.login.refresh.window.jitter = 0.05
	sasl.login.retry.backoff.max.ms = 10000
	sasl.login.retry.backoff.ms = 100
	sasl.mechanism = GSSAPI
	sasl.oauthbearer.clock.skew.seconds = 30
	sasl.oauthbearer.expected.audience = null
	sasl.oauthbearer.expected.issuer = null
	sasl.oauthbearer.jwks.endpoint.refresh.ms = 3600000
	sasl.oauthbearer.jwks.endpoint.retry.backoff.max.ms = 10000
	sasl.oauthbearer.jwks.endpoint.retry.backoff.ms = 100
	sasl.oauthbearer.jwks.endpoint.url = null
	sasl.oauthbearer.scope.claim.name = scope
	sasl.oauthbearer.sub.claim.name = sub
	sasl.oauthbearer.token.endpoint.url = null
	security.protocol = PLAINTEXT
	security.providers = null
	send.buffer.bytes = 131072
	socket.connection.setup.timeout.max.ms = 30000
	socket.connection.setup.timeout.ms = 10000
	ssl.cipher.suites = null
	ssl.enabled.protocols = [TLSv1.2, TLSv1.3]
	ssl.endpoint.identification.algorithm = https
	ssl.engine.factory.class = null
	ssl.key.password = null
	ssl.keymanager.algorithm = SunX509
	ssl.keystore.certificate.chain = null
	ssl.keystore.key = null
	ssl.keystore.location = null
	ssl.keystore.password = null
	ssl.keystore.type = JKS
	ssl.protocol = TLSv1.3
	ssl.provider = null
	ssl.secure.random.implementation = null
	ssl.trustmanager.algorithm = PKIX
	ssl.truststore.certificates = null
	ssl.truststore.location = null
	ssl.truststore.password = null
	ssl.truststore.type = JKS
	transaction.timeout.ms = 60000
	transactional.id = null
	value.serializer = class org.springframework.kafka.support.serializer.JsonSerializer

2026-03-26 11:27:13.733 [http-nio-8081-exec-1] INFO  o.a.k.clients.producer.KafkaProducer - [Producer clientId=producer-1] Instantiated an idempotent producer.
2026-03-26 11:27:13.765 [http-nio-8081-exec-1] INFO  o.a.kafka.common.utils.AppInfoParser - Kafka version: 3.6.1
2026-03-26 11:27:13.765 [http-nio-8081-exec-1] INFO  o.a.kafka.common.utils.AppInfoParser - Kafka commitId: 5e3c2b738d253ff5
2026-03-26 11:27:13.765 [http-nio-8081-exec-1] INFO  o.a.kafka.common.utils.AppInfoParser - Kafka startTimeMs: 1774504633765
2026-03-26 11:27:14.317 [kafka-producer-network-thread | producer-1] INFO  org.apache.kafka.clients.Metadata - [Producer clientId=producer-1] Cluster ID: CGsHwbpHS06s9vqzSA9uVQ
2026-03-26 11:27:22.411 [kafka-producer-network-thread | producer-1] INFO  o.a.k.c.p.i.TransactionManager - [Producer clientId=producer-1] ProducerId set to 14000 with epoch 0
2026-03-26 11:27:24.070 [kafka-producer-network-thread | producer-1] INFO  c.e.u.kafka.KafkaEventPublisher - Event published → topic: user.login-success | key: cad6f01a-2bfb-465e-8d5d-fd7bf8b52b63 | offset: 49
2026-03-26 11:27:28.795 [http-nio-8081-exec-1] INFO  c.e.u.service.UserServiceImpl - Loaded 20 products after login
2026-03-26 11:27:28.796 [http-nio-8081-exec-1] INFO  c.e.u.service.UserServiceImpl - Login successful for user: Nandakishore
2026-03-26 11:27:28.820 [http-nio-8081-exec-1] DEBUG org.hibernate.SQL - 
    update
        users 
    set
        email=?,
        email_verified=?,
        last_login_at=?,
        password_hash=?,
        phone=?,
        status=?,
        updated_at=?,
        username=?,
        version=? 
    where
        id=? 
        and version=?
2026-03-26 11:27:52.032 [AsyncResolver-bootstrap-executor-0] INFO  c.n.d.s.r.aws.ConfigClusterResolver - Resolving eureka endpoints via configuration
2026-03-26 11:32:52.036 [AsyncResolver-bootstrap-executor-0] INFO  c.n.d.s.r.aws.ConfigClusterResolver - Resolving eureka endpoints via configuration
2026-03-26 11:33:45.121 [DiscoveryClient-0] WARN  c.n.discovery.TimedSupervisorTask - task supervisor timed out
java.util.concurrent.TimeoutException: null
	at java.base/java.util.concurrent.FutureTask.get(FutureTask.java:204)
	at com.netflix.discovery.TimedSupervisorTask.run(TimedSupervisorTask.java:68)
	at java.base/java.util.concurrent.Executors$RunnableAdapter.call(Executors.java:572)
	at java.base/java.util.concurrent.FutureTask.run(FutureTask.java:317)
	at java.base/java.util.concurrent.ScheduledThreadPoolExecutor$ScheduledFutureTask.run(ScheduledThreadPoolExecutor.java:304)
	at java.base/java.util.concurrent.ThreadPoolExecutor.runWorker(ThreadPoolExecutor.java:1144)
	at java.base/java.util.concurrent.ThreadPoolExecutor$Worker.run(ThreadPoolExecutor.java:642)
	at java.base/java.lang.Thread.run(Thread.java:1583)
2026-03-26 11:36:47.820 [kafka-producer-network-thread | producer-1] INFO  o.apache.kafka.clients.NetworkClient - [Producer clientId=producer-1] Node -1 disconnected.
2026-03-26 11:37:52.047 [AsyncResolver-bootstrap-executor-0] INFO  c.n.d.s.r.aws.ConfigClusterResolver - Resolving eureka endpoints via configuration
2026-03-26 11:41:56.172 [UserServicePool housekeeper] WARN  com.zaxxer.hikari.pool.HikariPool - UserServicePool - Thread starvation or clock leap detected (housekeeper delta=53s369ms930µs600ns).
2026-03-26 11:42:52.078 [AsyncResolver-bootstrap-executor-0] INFO  c.n.d.s.r.aws.ConfigClusterResolver - Resolving eureka endpoints via configuration
2026-03-26 11:45:25.485 [DiscoveryClient-1] WARN  c.n.discovery.TimedSupervisorTask - task supervisor timed out
java.util.concurrent.TimeoutException: null
	at java.base/java.util.concurrent.FutureTask.get(FutureTask.java:204)
	at com.netflix.discovery.TimedSupervisorTask.run(TimedSupervisorTask.java:68)
	at java.base/java.util.concurrent.Executors$RunnableAdapter.call(Executors.java:572)
	at java.base/java.util.concurrent.FutureTask.run(FutureTask.java:317)
	at java.base/java.util.concurrent.ScheduledThreadPoolExecutor$ScheduledFutureTask.run(ScheduledThreadPoolExecutor.java:304)
	at java.base/java.util.concurrent.ThreadPoolExecutor.runWorker(ThreadPoolExecutor.java:1144)
	at java.base/java.util.concurrent.ThreadPoolExecutor$Worker.run(ThreadPoolExecutor.java:642)
	at java.base/java.lang.Thread.run(Thread.java:1583)
2026-03-26 11:46:13.268 [DiscoveryClient-0] WARN  c.n.discovery.TimedSupervisorTask - task supervisor timed out
java.util.concurrent.TimeoutException: null
	at java.base/java.util.concurrent.FutureTask.get(FutureTask.java:204)
	at com.netflix.discovery.TimedSupervisorTask.run(TimedSupervisorTask.java:68)
	at java.base/java.util.concurrent.Executors$RunnableAdapter.call(Executors.java:572)
	at java.base/java.util.concurrent.FutureTask.run(FutureTask.java:317)
	at java.base/java.util.concurrent.ScheduledThreadPoolExecutor$ScheduledFutureTask.run(ScheduledThreadPoolExecutor.java:304)
	at java.base/java.util.concurrent.ThreadPoolExecutor.runWorker(ThreadPoolExecutor.java:1144)
	at java.base/java.util.concurrent.ThreadPoolExecutor$Worker.run(ThreadPoolExecutor.java:642)
	at java.base/java.lang.Thread.run(Thread.java:1583)
2026-03-26 11:46:56.533 [DiscoveryClient-1] WARN  c.n.discovery.TimedSupervisorTask - task supervisor timed out
java.util.concurrent.TimeoutException: null
	at java.base/java.util.concurrent.FutureTask.get(FutureTask.java:204)
	at com.netflix.discovery.TimedSupervisorTask.run(TimedSupervisorTask.java:68)
	at java.base/java.util.concurrent.Executors$RunnableAdapter.call(Executors.java:572)
	at java.base/java.util.concurrent.FutureTask.run(FutureTask.java:317)
	at java.base/java.util.concurrent.ScheduledThreadPoolExecutor$ScheduledFutureTask.run(ScheduledThreadPoolExecutor.java:304)
	at java.base/java.util.concurrent.ThreadPoolExecutor.runWorker(ThreadPoolExecutor.java:1144)
	at java.base/java.util.concurrent.ThreadPoolExecutor$Worker.run(ThreadPoolExecutor.java:642)
	at java.base/java.lang.Thread.run(Thread.java:1583)
2026-03-26 11:47:52.088 [AsyncResolver-bootstrap-executor-0] INFO  c.n.d.s.r.aws.ConfigClusterResolver - Resolving eureka endpoints via configuration
2026-03-26 11:52:52.092 [AsyncResolver-bootstrap-executor-0] INFO  c.n.d.s.r.aws.ConfigClusterResolver - Resolving eureka endpoints via configuration
2026-03-26 11:57:52.135 [AsyncResolver-bootstrap-executor-0] INFO  c.n.d.s.r.aws.ConfigClusterResolver - Resolving eureka endpoints via configuration
2026-03-26 12:02:52.149 [AsyncResolver-bootstrap-executor-0] INFO  c.n.d.s.r.aws.ConfigClusterResolver - Resolving eureka endpoints via configuration
2026-03-26 12:07:52.156 [AsyncResolver-bootstrap-executor-0] INFO  c.n.d.s.r.aws.ConfigClusterResolver - Resolving eureka endpoints via configuration
2026-03-26 12:12:52.166 [AsyncResolver-bootstrap-executor-0] INFO  c.n.d.s.r.aws.ConfigClusterResolver - Resolving eureka endpoints via configuration
2026-03-26 12:17:52.192 [AsyncResolver-bootstrap-executor-0] INFO  c.n.d.s.r.aws.ConfigClusterResolver - Resolving eureka endpoints via configuration
2026-03-26 12:36:54.479 [background-preinit] INFO  o.h.validator.internal.util.Version - HV000001: Hibernate Validator 8.0.1.Final
2026-03-26 12:36:54.533 [main] INFO  c.e.u.UserServiceApplication - Starting UserServiceApplication using Java 21.0.2 with PID 19120 (F:\Ecommerce Production Level Application\user-service\target\classes started by nanda royality in F:\Ecommerce Production Level Application\user-service)
2026-03-26 12:36:54.533 [main] DEBUG c.e.u.UserServiceApplication - Running with Spring Boot v3.2.3, Spring v6.1.4
2026-03-26 12:36:54.534 [main] INFO  c.e.u.UserServiceApplication - No active profile set, falling back to 1 default profile: "default"
2026-03-26 12:36:57.595 [main] INFO  o.s.d.r.c.RepositoryConfigurationDelegate - Multiple Spring Data modules found, entering strict repository configuration mode
2026-03-26 12:36:57.595 [main] INFO  o.s.d.r.c.RepositoryConfigurationDelegate - Bootstrapping Spring Data JPA repositories in DEFAULT mode.
2026-03-26 12:36:57.726 [main] INFO  o.s.d.r.c.RepositoryConfigurationDelegate - Finished Spring Data repository scanning in 122 ms. Found 5 JPA repository interfaces.
2026-03-26 12:36:57.727 [main] INFO  o.s.d.r.c.RepositoryConfigurationDelegate - Multiple Spring Data modules found, entering strict repository configuration mode
2026-03-26 12:36:57.728 [main] INFO  o.s.d.r.c.RepositoryConfigurationDelegate - Bootstrapping Spring Data Redis repositories in DEFAULT mode.
2026-03-26 12:36:57.738 [main] INFO  o.s.d.r.c.RepositoryConfigurationDelegate - Finished Spring Data repository scanning in 0 ms. Found 0 Redis repository interfaces.
2026-03-26 12:36:58.651 [main] INFO  o.s.cloud.context.scope.GenericScope - BeanFactory id=1c316f2b-5e62-3f97-b33f-b4d0bc6dda7e
2026-03-26 12:36:59.130 [main] WARN  o.s.c.s.PostProcessorRegistrationDelegate$BeanPostProcessorChecker - Bean 'org.springframework.cloud.client.loadbalancer.LoadBalancerAutoConfiguration$DeferringLoadBalancerInterceptorConfig' of type [org.springframework.cloud.client.loadbalancer.LoadBalancerAutoConfiguration$DeferringLoadBalancerInterceptorConfig] is not eligible for getting processed by all BeanPostProcessors (for example: not eligible for auto-proxying). The currently created BeanPostProcessor [lbRestClientPostProcessor] is declared through a non-static factory method on that class; consider declaring it as static instead.
2026-03-26 12:36:59.134 [main] WARN  o.s.c.s.PostProcessorRegistrationDelegate$BeanPostProcessorChecker - Bean 'deferringLoadBalancerInterceptor' of type [org.springframework.cloud.client.loadbalancer.DeferringLoadBalancerInterceptor] is not eligible for getting processed by all BeanPostProcessors (for example: not eligible for auto-proxying). Is this bean getting eagerly injected into a currently created BeanPostProcessor [lbRestClientPostProcessor]? Check the corresponding BeanPostProcessor declaration and its dependencies.
2026-03-26 12:36:59.496 [main] INFO  o.s.b.w.e.tomcat.TomcatWebServer - Tomcat initialized with port 8081 (http)
2026-03-26 12:36:59.508 [main] INFO  o.a.coyote.http11.Http11NioProtocol - Initializing ProtocolHandler ["http-nio-8081"]
2026-03-26 12:36:59.510 [main] INFO  o.a.catalina.core.StandardService - Starting service [Tomcat]
2026-03-26 12:36:59.512 [main] INFO  o.a.catalina.core.StandardEngine - Starting Servlet engine: [Apache Tomcat/10.1.19]
2026-03-26 12:36:59.635 [main] INFO  o.a.c.c.C.[Tomcat].[localhost].[/] - Initializing Spring embedded WebApplicationContext
2026-03-26 12:36:59.635 [main] INFO  o.s.b.w.s.c.ServletWebServerApplicationContext - Root WebApplicationContext: initialization completed in 4937 ms
2026-03-26 12:36:59.998 [main] DEBUG c.e.u.s.JwtAuthenticationFilter - Filter 'jwtAuthenticationFilter' configured for use
2026-03-26 12:37:00.246 [main] INFO  o.h.jpa.internal.util.LogHelper - HHH000204: Processing PersistenceUnitInfo [name: default]
2026-03-26 12:37:01.177 [main] INFO  org.hibernate.Version - HHH000412: Hibernate ORM core version 6.4.4.Final
2026-03-26 12:37:01.217 [main] INFO  o.h.c.i.RegionFactoryInitiator - HHH000026: Second-level cache disabled
2026-03-26 12:37:01.427 [main] INFO  o.s.o.j.p.SpringPersistenceUnitInfo - No LoadTimeWeaver setup: ignoring JPA class transformer
2026-03-26 12:37:01.451 [main] INFO  com.zaxxer.hikari.HikariDataSource - UserServicePool - Starting...
2026-03-26 12:37:05.054 [main] INFO  com.zaxxer.hikari.pool.HikariPool - UserServicePool - Added connection com.mysql.cj.jdbc.ConnectionImpl@3fd21272
2026-03-26 12:37:05.056 [main] INFO  com.zaxxer.hikari.HikariDataSource - UserServicePool - Start completed.
2026-03-26 12:37:05.224 [main] WARN  org.hibernate.orm.deprecation - HHH90000025: MySQLDialect does not need to be specified explicitly using 'hibernate.dialect' (remove the property setting and it will be selected by default)
2026-03-26 12:37:06.159 [main] INFO  o.h.e.t.j.p.i.JtaPlatformInitiator - HHH000489: No JTA platform available (set 'hibernate.transaction.jta.platform' to enable JTA platform integration)
2026-03-26 12:37:07.592 [main] INFO  o.s.o.j.LocalContainerEntityManagerFactoryBean - Initialized JPA EntityManagerFactory for persistence unit 'default'
2026-03-26 12:37:07.964 [main] INFO  o.s.d.j.r.query.QueryEnhancerFactory - Hibernate is in classpath; If applicable, HQL parser will be used.
2026-03-26 12:37:09.497 [main] INFO  o.s.c.o.FeignClientFactoryBean - For 'product-service' URL not provided. Will try picking an instance via load-balancing.
2026-03-26 12:37:10.304 [main] INFO  o.s.b.a.e.web.EndpointLinksResolver - Exposing 1 endpoint(s) beneath base path '/actuator'
2026-03-26 12:37:10.397 [main] INFO  o.s.s.web.DefaultSecurityFilterChain - Will secure any request with [org.springframework.security.web.session.DisableEncodeUrlFilter@16023bb2, org.springframework.security.web.context.request.async.WebAsyncManagerIntegrationFilter@50859a18, org.springframework.security.web.context.SecurityContextHolderFilter@758a3ba0, org.springframework.security.web.header.HeaderWriterFilter@3d947adf, org.springframework.web.filter.CorsFilter@ee1493e, org.springframework.security.web.authentication.logout.LogoutFilter@3df88e84, com.ecommerce.user_service.security.JwtAuthenticationFilter@3cf70afa, org.springframework.security.web.savedrequest.RequestCacheAwareFilter@1c2912bb, org.springframework.security.web.servletapi.SecurityContextHolderAwareRequestFilter@70abd04e, org.springframework.security.web.authentication.AnonymousAuthenticationFilter@1e73e9e2, org.springframework.security.web.session.SessionManagementFilter@12f3e95d, org.springframework.security.web.access.ExceptionTranslationFilter@1f628b31, org.springframework.security.web.access.intercept.AuthorizationFilter@6bb37a5]
2026-03-26 12:37:11.272 [main] INFO  o.s.c.n.e.c.DiscoveryClientOptionalArgsConfiguration - Eureka HTTP Client uses RestTemplate.
2026-03-26 12:37:11.323 [main] WARN  o.s.c.l.c.LoadBalancerCacheAutoConfiguration$LoadBalancerCaffeineWarnLogger - Spring Cloud LoadBalancer is currently working with the default cache. While this cache implementation is useful for development and tests, it's recommended to use Caffeine cache in production.You can switch to using Caffeine cache, by adding it and org.springframework.cache.caffeine.CaffeineCacheManager to the classpath.
2026-03-26 12:37:11.441 [main] INFO  o.a.k.c.admin.AdminClientConfig - AdminClientConfig values: 
	auto.include.jmx.reporter = true
	bootstrap.servers = [localhost:9092]
	client.dns.lookup = use_all_dns_ips
	client.id = 
	connections.max.idle.ms = 300000
	default.api.timeout.ms = 60000
	metadata.max.age.ms = 300000
	metric.reporters = []
	metrics.num.samples = 2
	metrics.recording.level = INFO
	metrics.sample.window.ms = 30000
	receive.buffer.bytes = 65536
	reconnect.backoff.max.ms = 1000
	reconnect.backoff.ms = 50
	request.timeout.ms = 30000
	retries = 2147483647
	retry.backoff.ms = 100
	sasl.client.callback.handler.class = null
	sasl.jaas.config = null
	sasl.kerberos.kinit.cmd = /usr/bin/kinit
	sasl.kerberos.min.time.before.relogin = 60000
	sasl.kerberos.service.name = null
	sasl.kerberos.ticket.renew.jitter = 0.05
	sasl.kerberos.ticket.renew.window.factor = 0.8
	sasl.login.callback.handler.class = null
	sasl.login.class = null
	sasl.login.connect.timeout.ms = null
	sasl.login.read.timeout.ms = null
	sasl.login.refresh.buffer.seconds = 300
	sasl.login.refresh.min.period.seconds = 60
	sasl.login.refresh.window.factor = 0.8
	sasl.login.refresh.window.jitter = 0.05
	sasl.login.retry.backoff.max.ms = 10000
	sasl.login.retry.backoff.ms = 100
	sasl.mechanism = GSSAPI
	sasl.oauthbearer.clock.skew.seconds = 30
	sasl.oauthbearer.expected.audience = null
	sasl.oauthbearer.expected.issuer = null
	sasl.oauthbearer.jwks.endpoint.refresh.ms = 3600000
	sasl.oauthbearer.jwks.endpoint.retry.backoff.max.ms = 10000
	sasl.oauthbearer.jwks.endpoint.retry.backoff.ms = 100
	sasl.oauthbearer.jwks.endpoint.url = null
	sasl.oauthbearer.scope.claim.name = scope
	sasl.oauthbearer.sub.claim.name = sub
	sasl.oauthbearer.token.endpoint.url = null
	security.protocol = PLAINTEXT
	security.providers = null
	send.buffer.bytes = 131072
	socket.connection.setup.timeout.max.ms = 30000
	socket.connection.setup.timeout.ms = 10000
	ssl.cipher.suites = null
	ssl.enabled.protocols = [TLSv1.2, TLSv1.3]
	ssl.endpoint.identification.algorithm = https
	ssl.engine.factory.class = null
	ssl.key.password = null
	ssl.keymanager.algorithm = SunX509
	ssl.keystore.certificate.chain = null
	ssl.keystore.key = null
	ssl.keystore.location = null
	ssl.keystore.password = null
	ssl.keystore.type = JKS
	ssl.protocol = TLSv1.3
	ssl.provider = null
	ssl.secure.random.implementation = null
	ssl.trustmanager.algorithm = PKIX
	ssl.truststore.certificates = null
	ssl.truststore.location = null
	ssl.truststore.password = null
	ssl.truststore.type = JKS

2026-03-26 12:37:11.847 [main] INFO  o.a.kafka.common.utils.AppInfoParser - Kafka version: 3.6.1
2026-03-26 12:37:11.847 [main] INFO  o.a.kafka.common.utils.AppInfoParser - Kafka commitId: 5e3c2b738d253ff5
2026-03-26 12:37:11.848 [main] INFO  o.a.kafka.common.utils.AppInfoParser - Kafka startTimeMs: 1774508831846
2026-03-26 12:37:12.234 [kafka-admin-client-thread | adminclient-1] INFO  o.a.kafka.common.utils.AppInfoParser - App info kafka.admin.client for adminclient-1 unregistered
2026-03-26 12:37:12.238 [kafka-admin-client-thread | adminclient-1] INFO  o.a.kafka.common.metrics.Metrics - Metrics scheduler closed
2026-03-26 12:37:12.238 [kafka-admin-client-thread | adminclient-1] INFO  o.a.kafka.common.metrics.Metrics - Closing reporter org.apache.kafka.common.metrics.JmxReporter
2026-03-26 12:37:12.238 [kafka-admin-client-thread | adminclient-1] INFO  o.a.kafka.common.metrics.Metrics - Metrics reporters closed
2026-03-26 12:37:12.252 [main] INFO  o.s.c.n.eureka.InstanceInfoFactory - Setting initial instance status as: STARTING
2026-03-26 12:37:12.293 [main] INFO  c.netflix.discovery.DiscoveryClient - Initializing Eureka in region us-east-1
2026-03-26 12:37:12.300 [main] INFO  c.n.d.s.r.aws.ConfigClusterResolver - Resolving eureka endpoints via configuration
2026-03-26 12:37:12.330 [main] INFO  c.netflix.discovery.DiscoveryClient - Disable delta property : false
2026-03-26 12:37:12.331 [main] INFO  c.netflix.discovery.DiscoveryClient - Single vip registry refresh property : null
2026-03-26 12:37:12.331 [main] INFO  c.netflix.discovery.DiscoveryClient - Force full registry fetch : false
2026-03-26 12:37:12.331 [main] INFO  c.netflix.discovery.DiscoveryClient - Application is null : false
2026-03-26 12:37:12.331 [main] INFO  c.netflix.discovery.DiscoveryClient - Registered Applications size is zero : true
2026-03-26 12:37:12.331 [main] INFO  c.netflix.discovery.DiscoveryClient - Application version is -1: true
2026-03-26 12:37:12.331 [main] INFO  c.netflix.discovery.DiscoveryClient - Getting all instance registry info from the eureka server
2026-03-26 12:37:12.896 [main] INFO  c.netflix.discovery.DiscoveryClient - The response status is 200
2026-03-26 12:37:12.898 [main] INFO  c.netflix.discovery.DiscoveryClient - Starting heartbeat executor: renew interval is: 30
2026-03-26 12:37:12.900 [main] INFO  c.n.discovery.InstanceInfoReplicator - InstanceInfoReplicator onDemand update allowed rate per min is 4
2026-03-26 12:37:12.906 [main] INFO  c.netflix.discovery.DiscoveryClient - Discovery Client initialized at timestamp 1774508832905 with initial instances count: 0
2026-03-26 12:37:12.911 [main] INFO  o.s.c.n.e.s.EurekaServiceRegistry - Registering application USER-SERVICE with eureka with status UP
2026-03-26 12:37:12.912 [main] INFO  c.netflix.discovery.DiscoveryClient - Saw local status change event StatusChangeEvent [timestamp=1774508832912, current=UP, previous=STARTING]
2026-03-26 12:37:12.915 [main] INFO  o.a.coyote.http11.Http11NioProtocol - Starting ProtocolHandler ["http-nio-8081"]
2026-03-26 12:37:12.915 [DiscoveryClient-InstanceInfoReplicator-0] INFO  c.netflix.discovery.DiscoveryClient - DiscoveryClient_USER-SERVICE/user-service:8081: registering service...
2026-03-26 12:37:12.928 [main] INFO  o.s.b.w.e.tomcat.TomcatWebServer - Tomcat started on port 8081 (http) with context path ''
2026-03-26 12:37:12.929 [main] INFO  o.s.c.n.e.s.EurekaAutoServiceRegistration - Updating port to 8081
2026-03-26 12:37:12.954 [main] INFO  c.e.u.UserServiceApplication - Started UserServiceApplication in 19.696 seconds (process running for 24.856)
2026-03-26 12:37:13.069 [DiscoveryClient-InstanceInfoReplicator-0] INFO  c.netflix.discovery.DiscoveryClient - DiscoveryClient_USER-SERVICE/user-service:8081 - registration status: 204
2026-03-26 12:37:42.901 [DiscoveryClient-CacheRefreshExecutor-0] INFO  c.netflix.discovery.DiscoveryClient - Disable delta property : false
2026-03-26 12:37:42.901 [DiscoveryClient-CacheRefreshExecutor-0] INFO  c.netflix.discovery.DiscoveryClient - Single vip registry refresh property : null
2026-03-26 12:37:42.901 [DiscoveryClient-CacheRefreshExecutor-0] INFO  c.netflix.discovery.DiscoveryClient - Force full registry fetch : false
2026-03-26 12:37:42.901 [DiscoveryClient-CacheRefreshExecutor-0] INFO  c.netflix.discovery.DiscoveryClient - Application is null : false
2026-03-26 12:37:42.901 [DiscoveryClient-CacheRefreshExecutor-0] INFO  c.netflix.discovery.DiscoveryClient - Registered Applications size is zero : true
2026-03-26 12:37:42.901 [DiscoveryClient-CacheRefreshExecutor-0] INFO  c.netflix.discovery.DiscoveryClient - Application version is -1: false
2026-03-26 12:37:42.901 [DiscoveryClient-CacheRefreshExecutor-0] INFO  c.netflix.discovery.DiscoveryClient - Getting all instance registry info from the eureka server
2026-03-26 12:37:42.932 [DiscoveryClient-CacheRefreshExecutor-0] INFO  c.netflix.discovery.DiscoveryClient - The response status is 200
2026-03-26 12:39:35.004 [http-nio-8081-exec-1] INFO  o.a.c.c.C.[Tomcat].[localhost].[/] - Initializing Spring DispatcherServlet 'dispatcherServlet'
2026-03-26 12:39:35.005 [http-nio-8081-exec-1] INFO  o.s.web.servlet.DispatcherServlet - Initializing Servlet 'dispatcherServlet'
2026-03-26 12:39:35.010 [http-nio-8081-exec-1] INFO  o.s.web.servlet.DispatcherServlet - Completed initialization in 5 ms
2026-03-26 12:39:35.146 [http-nio-8081-exec-2] INFO  c.e.u.controller.AuthController - Login request for: kishorenanda518@gmail.com
2026-03-26 12:39:35.153 [http-nio-8081-exec-2] INFO  c.e.u.service.UserServiceImpl - Login attempt for: kishorenanda518@gmail.com
2026-03-26 12:39:35.225 [http-nio-8081-exec-2] DEBUG org.hibernate.SQL - 
    select
        u1_0.id,
        u1_0.created_at,
        u1_0.email,
        u1_0.email_verified,
        u1_0.last_login_at,
        u1_0.password_hash,
        u1_0.phone,
        u1_0.status,
        u1_0.updated_at,
        u1_0.username,
        u1_0.version 
    from
        users u1_0 
    where
        u1_0.username=? 
        or u1_0.email=?
2026-03-26 12:39:35.617 [http-nio-8081-exec-2] DEBUG org.hibernate.SQL - 
    select
        up1_0.id,
        up1_0.bio,
        up1_0.created_at,
        up1_0.date_of_birth,
        up1_0.first_name,
        up1_0.gender,
        up1_0.last_name,
        up1_0.profile_picture_url,
        up1_0.updated_at,
        up1_0.user_id 
    from
        user_profiles up1_0 
    where
        up1_0.user_id=?
2026-03-26 12:39:35.722 [http-nio-8081-exec-2] DEBUG org.hibernate.SQL - 
    select
        r1_0.user_id,
        r1_1.id,
        r1_1.description,
        r1_1.name 
    from
        user_roles r1_0 
    join
        roles r1_1 
            on r1_1.id=r1_0.role_id 
    where
        r1_0.user_id=?
2026-03-26 12:39:37.239 [http-nio-8081-exec-2] DEBUG c.e.u.service.UserServiceImpl - Refresh token stored in Redis for userId: cad6f01a-2bfb-465e-8d5d-fd7bf8b52b63
2026-03-26 12:39:37.390 [http-nio-8081-exec-2] INFO  o.a.k.c.producer.ProducerConfig - ProducerConfig values: 
	acks = -1
	auto.include.jmx.reporter = true
	batch.size = 16384
	bootstrap.servers = [localhost:9092]
	buffer.memory = 33554432
	client.dns.lookup = use_all_dns_ips
	client.id = producer-1
	compression.type = none
	connections.max.idle.ms = 540000
	delivery.timeout.ms = 120000
	enable.idempotence = true
	interceptor.classes = []
	key.serializer = class org.apache.kafka.common.serialization.StringSerializer
	linger.ms = 0
	max.block.ms = 60000
	max.in.flight.requests.per.connection = 5
	max.request.size = 1048576
	metadata.max.age.ms = 300000
	metadata.max.idle.ms = 300000
	metric.reporters = []
	metrics.num.samples = 2
	metrics.recording.level = INFO
	metrics.sample.window.ms = 30000
	partitioner.adaptive.partitioning.enable = true
	partitioner.availability.timeout.ms = 0
	partitioner.class = null
	partitioner.ignore.keys = false
	receive.buffer.bytes = 32768
	reconnect.backoff.max.ms = 1000
	reconnect.backoff.ms = 50
	request.timeout.ms = 30000
	retries = 2147483647
	retry.backoff.ms = 100
	sasl.client.callback.handler.class = null
	sasl.jaas.config = null
	sasl.kerberos.kinit.cmd = /usr/bin/kinit
	sasl.kerberos.min.time.before.relogin = 60000
	sasl.kerberos.service.name = null
	sasl.kerberos.ticket.renew.jitter = 0.05
	sasl.kerberos.ticket.renew.window.factor = 0.8
	sasl.login.callback.handler.class = null
	sasl.login.class = null
	sasl.login.connect.timeout.ms = null
	sasl.login.read.timeout.ms = null
	sasl.login.refresh.buffer.seconds = 300
	sasl.login.refresh.min.period.seconds = 60
	sasl.login.refresh.window.factor = 0.8
	sasl.login.refresh.window.jitter = 0.05
	sasl.login.retry.backoff.max.ms = 10000
	sasl.login.retry.backoff.ms = 100
	sasl.mechanism = GSSAPI
	sasl.oauthbearer.clock.skew.seconds = 30
	sasl.oauthbearer.expected.audience = null
	sasl.oauthbearer.expected.issuer = null
	sasl.oauthbearer.jwks.endpoint.refresh.ms = 3600000
	sasl.oauthbearer.jwks.endpoint.retry.backoff.max.ms = 10000
	sasl.oauthbearer.jwks.endpoint.retry.backoff.ms = 100
	sasl.oauthbearer.jwks.endpoint.url = null
	sasl.oauthbearer.scope.claim.name = scope
	sasl.oauthbearer.sub.claim.name = sub
	sasl.oauthbearer.token.endpoint.url = null
	security.protocol = PLAINTEXT
	security.providers = null
	send.buffer.bytes = 131072
	socket.connection.setup.timeout.max.ms = 30000
	socket.connection.setup.timeout.ms = 10000
	ssl.cipher.suites = null
	ssl.enabled.protocols = [TLSv1.2, TLSv1.3]
	ssl.endpoint.identification.algorithm = https
	ssl.engine.factory.class = null
	ssl.key.password = null
	ssl.keymanager.algorithm = SunX509
	ssl.keystore.certificate.chain = null
	ssl.keystore.key = null
	ssl.keystore.location = null
	ssl.keystore.password = null
	ssl.keystore.type = JKS
	ssl.protocol = TLSv1.3
	ssl.provider = null
	ssl.secure.random.implementation = null
	ssl.trustmanager.algorithm = PKIX
	ssl.truststore.certificates = null
	ssl.truststore.location = null
	ssl.truststore.password = null
	ssl.truststore.type = JKS
	transaction.timeout.ms = 60000
	transactional.id = null
	value.serializer = class org.springframework.kafka.support.serializer.JsonSerializer

2026-03-26 12:39:37.402 [http-nio-8081-exec-2] INFO  o.a.k.clients.producer.KafkaProducer - [Producer clientId=producer-1] Instantiated an idempotent producer.
2026-03-26 12:39:37.419 [http-nio-8081-exec-2] INFO  o.a.kafka.common.utils.AppInfoParser - Kafka version: 3.6.1
2026-03-26 12:39:37.419 [http-nio-8081-exec-2] INFO  o.a.kafka.common.utils.AppInfoParser - Kafka commitId: 5e3c2b738d253ff5
2026-03-26 12:39:37.419 [http-nio-8081-exec-2] INFO  o.a.kafka.common.utils.AppInfoParser - Kafka startTimeMs: 1774508977419
2026-03-26 12:39:37.428 [kafka-producer-network-thread | producer-1] INFO  org.apache.kafka.clients.Metadata - [Producer clientId=producer-1] Cluster ID: CGsHwbpHS06s9vqzSA9uVQ
2026-03-26 12:39:39.034 [http-nio-8081-exec-2] INFO  c.e.u.service.UserServiceImpl - Loaded 20 products after login
2026-03-26 12:39:39.100 [http-nio-8081-exec-2] INFO  c.e.u.service.UserServiceImpl - Login successful for user: Nandakishore
2026-03-26 12:39:39.124 [http-nio-8081-exec-2] DEBUG org.hibernate.SQL - 
    update
        users 
    set
        email=?,
        email_verified=?,
        last_login_at=?,
        password_hash=?,
        phone=?,
        status=?,
        updated_at=?,
        username=?,
        version=? 
    where
        id=? 
        and version=?
2026-03-26 12:39:43.952 [kafka-producer-network-thread | producer-1] INFO  o.a.k.c.p.i.TransactionManager - [Producer clientId=producer-1] ProducerId set to 15000 with epoch 0
2026-03-26 12:39:44.555 [kafka-producer-network-thread | producer-1] INFO  c.e.u.kafka.KafkaEventPublisher - Event published → topic: user.login-success | key: cad6f01a-2bfb-465e-8d5d-fd7bf8b52b63 | offset: 50
2026-03-26 12:40:21.423 [http-nio-8081-exec-4] DEBUG c.e.u.s.JwtAuthenticationFilter - JWT authenticated user: cad6f01a-2bfb-465e-8d5d-fd7bf8b52b63 | path: /api/v1/auth/logout
2026-03-26 12:40:21.425 [http-nio-8081-exec-4] INFO  c.e.u.controller.AuthController - Logout request received
2026-03-26 12:40:21.426 [http-nio-8081-exec-4] INFO  c.e.u.service.UserServiceImpl - Logout request received
2026-03-26 12:40:21.434 [http-nio-8081-exec-4] DEBUG c.e.u.service.UserServiceImpl - Refresh token deleted from Redis for userId: cad6f01a-2bfb-465e-8d5d-fd7bf8b52b63
2026-03-26 12:40:21.435 [http-nio-8081-exec-4] INFO  c.e.u.service.UserServiceImpl - User logged out: cad6f01a-2bfb-465e-8d5d-fd7bf8b52b63 | token blacklisted
2026-03-26 12:40:21.435 [http-nio-8081-exec-4] INFO  c.e.u.service.UserServiceImpl - Cookies cleared successfully
2026-03-26 12:40:22.873 [http-nio-8081-exec-5] INFO  c.e.u.controller.AuthController - Login request for: kishorenanda518@gmail.com
2026-03-26 12:40:22.874 [http-nio-8081-exec-5] INFO  c.e.u.service.UserServiceImpl - Login attempt for: kishorenanda518@gmail.com
2026-03-26 12:40:22.877 [http-nio-8081-exec-5] DEBUG org.hibernate.SQL - 
    select
        u1_0.id,
        u1_0.created_at,
        u1_0.email,
        u1_0.email_verified,
        u1_0.last_login_at,
        u1_0.password_hash,
        u1_0.phone,
        u1_0.status,
        u1_0.updated_at,
        u1_0.username,
        u1_0.version 
    from
        users u1_0 
    where
        u1_0.username=? 
        or u1_0.email=?
2026-03-26 12:40:22.879 [http-nio-8081-exec-5] DEBUG org.hibernate.SQL - 
    select
        up1_0.id,
        up1_0.bio,
        up1_0.created_at,
        up1_0.date_of_birth,
        up1_0.first_name,
        up1_0.gender,
        up1_0.last_name,
        up1_0.profile_picture_url,
        up1_0.updated_at,
        up1_0.user_id 
    from
        user_profiles up1_0 
    where
        up1_0.user_id=?
2026-03-26 12:40:22.881 [http-nio-8081-exec-5] DEBUG org.hibernate.SQL - 
    select
        r1_0.user_id,
        r1_1.id,
        r1_1.description,
        r1_1.name 
    from
        user_roles r1_0 
    join
        roles r1_1 
            on r1_1.id=r1_0.role_id 
    where
        r1_0.user_id=?
2026-03-26 12:40:23.111 [http-nio-8081-exec-5] DEBUG c.e.u.service.UserServiceImpl - Refresh token stored in Redis for userId: cad6f01a-2bfb-465e-8d5d-fd7bf8b52b63
2026-03-26 12:40:23.151 [http-nio-8081-exec-5] INFO  c.e.u.service.UserServiceImpl - Loaded 20 products after login
2026-03-26 12:40:23.151 [http-nio-8081-exec-5] INFO  c.e.u.service.UserServiceImpl - Login successful for user: Nandakishore
2026-03-26 12:40:23.152 [http-nio-8081-exec-5] DEBUG org.hibernate.SQL - 
    update
        users 
    set
        email=?,
        email_verified=?,
        last_login_at=?,
        password_hash=?,
        phone=?,
        status=?,
        updated_at=?,
        username=?,
        version=? 
    where
        id=? 
        and version=?
2026-03-26 12:40:23.290 [kafka-producer-network-thread | producer-1] INFO  c.e.u.kafka.KafkaEventPublisher - Event published → topic: user.login-success | key: cad6f01a-2bfb-465e-8d5d-fd7bf8b52b63 | offset: 51
2026-03-26 12:40:42.574 [http-nio-8081-exec-7] DEBUG c.e.u.s.JwtAuthenticationFilter - JWT authenticated user: cad6f01a-2bfb-465e-8d5d-fd7bf8b52b63 | path: /api/v1/auth/users
2026-03-26 12:40:42.586 [http-nio-8081-exec-7] INFO  c.e.u.controller.AuthController - Fetching all users — page: 0, size: 10, sortBy: createdAt, direction: desc
2026-03-26 12:40:42.601 [http-nio-8081-exec-7] DEBUG org.hibernate.SQL - 
    select
        u1_0.id,
        u1_0.created_at,
        u1_0.email,
        u1_0.email_verified,
        u1_0.last_login_at,
        u1_0.password_hash,
        u1_0.phone,
        u1_0.status,
        u1_0.updated_at,
        u1_0.username,
        u1_0.version 
    from
        users u1_0 
    order by
        u1_0.created_at desc 
    limit
        ?, ?
2026-03-26 12:40:42.604 [http-nio-8081-exec-7] DEBUG org.hibernate.SQL - 
    select
        up1_0.id,
        up1_0.bio,
        up1_0.created_at,
        up1_0.date_of_birth,
        up1_0.first_name,
        up1_0.gender,
        up1_0.last_name,
        up1_0.profile_picture_url,
        up1_0.updated_at,
        up1_0.user_id 
    from
        user_profiles up1_0 
    where
        up1_0.user_id=?
2026-03-26 12:40:42.606 [http-nio-8081-exec-7] DEBUG org.hibernate.SQL - 
    select
        up1_0.id,
        up1_0.bio,
        up1_0.created_at,
        up1_0.date_of_birth,
        up1_0.first_name,
        up1_0.gender,
        up1_0.last_name,
        up1_0.profile_picture_url,
        up1_0.updated_at,
        up1_0.user_id 
    from
        user_profiles up1_0 
    where
        up1_0.user_id=?
2026-03-26 12:40:42.608 [http-nio-8081-exec-7] DEBUG org.hibernate.SQL - 
    select
        up1_0.id,
        up1_0.bio,
        up1_0.created_at,
        up1_0.date_of_birth,
        up1_0.first_name,
        up1_0.gender,
        up1_0.last_name,
        up1_0.profile_picture_url,
        up1_0.updated_at,
        up1_0.user_id 
    from
        user_profiles up1_0 
    where
        up1_0.user_id=?
2026-03-26 12:40:42.610 [http-nio-8081-exec-7] DEBUG org.hibernate.SQL - 
    select
        up1_0.id,
        up1_0.bio,
        up1_0.created_at,
        up1_0.date_of_birth,
        up1_0.first_name,
        up1_0.gender,
        up1_0.last_name,
        up1_0.profile_picture_url,
        up1_0.updated_at,
        up1_0.user_id 
    from
        user_profiles up1_0 
    where
        up1_0.user_id=?
2026-03-26 12:40:42.613 [http-nio-8081-exec-7] DEBUG org.hibernate.SQL - 
    select
        up1_0.id,
        up1_0.bio,
        up1_0.created_at,
        up1_0.date_of_birth,
        up1_0.first_name,
        up1_0.gender,
        up1_0.last_name,
        up1_0.profile_picture_url,
        up1_0.updated_at,
        up1_0.user_id 
    from
        user_profiles up1_0 
    where
        up1_0.user_id=?
2026-03-26 12:40:42.614 [http-nio-8081-exec-7] DEBUG org.hibernate.SQL - 
    select
        r1_0.user_id,
        r1_1.id,
        r1_1.description,
        r1_1.name 
    from
        user_roles r1_0 
    join
        roles r1_1 
            on r1_1.id=r1_0.role_id 
    where
        r1_0.user_id=?
2026-03-26 12:40:42.616 [http-nio-8081-exec-7] DEBUG org.hibernate.SQL - 
    select
        r1_0.user_id,
        r1_1.id,
        r1_1.description,
        r1_1.name 
    from
        user_roles r1_0 
    join
        roles r1_1 
            on r1_1.id=r1_0.role_id 
    where
        r1_0.user_id=?
2026-03-26 12:40:42.618 [http-nio-8081-exec-7] DEBUG org.hibernate.SQL - 
    select
        r1_0.user_id,
        r1_1.id,
        r1_1.description,
        r1_1.name 
    from
        user_roles r1_0 
    join
        roles r1_1 
            on r1_1.id=r1_0.role_id 
    where
        r1_0.user_id=?
2026-03-26 12:40:42.620 [http-nio-8081-exec-7] DEBUG org.hibernate.SQL - 
    select
        r1_0.user_id,
        r1_1.id,
        r1_1.description,
        r1_1.name 
    from
        user_roles r1_0 
    join
        roles r1_1 
            on r1_1.id=r1_0.role_id 
    where
        r1_0.user_id=?
2026-03-26 12:40:42.622 [http-nio-8081-exec-7] DEBUG org.hibernate.SQL - 
    select
        r1_0.user_id,
        r1_1.id,
        r1_1.description,
        r1_1.name 
    from
        user_roles r1_0 
    join
        roles r1_1 
            on r1_1.id=r1_0.role_id 
    where
        r1_0.user_id=?
2026-03-26 12:40:47.575 [http-nio-8081-exec-10] DEBUG c.e.u.s.JwtAuthenticationFilter - JWT authenticated user: cad6f01a-2bfb-465e-8d5d-fd7bf8b52b63 | path: /api/v1/auth/users
2026-03-26 12:40:47.577 [http-nio-8081-exec-10] INFO  c.e.u.controller.AuthController - Fetching all users — page: 0, size: 10, sortBy: createdAt, direction: desc
2026-03-26 12:40:47.580 [http-nio-8081-exec-10] DEBUG org.hibernate.SQL - 
    select
        u1_0.id,
        u1_0.created_at,
        u1_0.email,
        u1_0.email_verified,
        u1_0.last_login_at,
        u1_0.password_hash,
        u1_0.phone,
        u1_0.status,
        u1_0.updated_at,
        u1_0.username,
        u1_0.version 
    from
        users u1_0 
    order by
        u1_0.created_at desc 
    limit
        ?, ?
2026-03-26 12:40:47.581 [http-nio-8081-exec-10] DEBUG org.hibernate.SQL - 
    select
        up1_0.id,
        up1_0.bio,
        up1_0.created_at,
        up1_0.date_of_birth,
        up1_0.first_name,
        up1_0.gender,
        up1_0.last_name,
        up1_0.profile_picture_url,
        up1_0.updated_at,
        up1_0.user_id 
    from
        user_profiles up1_0 
    where
        up1_0.user_id=?
2026-03-26 12:40:47.583 [http-nio-8081-exec-10] DEBUG org.hibernate.SQL - 
    select
        up1_0.id,
        up1_0.bio,
        up1_0.created_at,
        up1_0.date_of_birth,
        up1_0.first_name,
        up1_0.gender,
        up1_0.last_name,
        up1_0.profile_picture_url,
        up1_0.updated_at,
        up1_0.user_id 
    from
        user_profiles up1_0 
    where
        up1_0.user_id=?
2026-03-26 12:40:47.586 [http-nio-8081-exec-10] DEBUG org.hibernate.SQL - 
    select
        up1_0.id,
        up1_0.bio,
        up1_0.created_at,
        up1_0.date_of_birth,
        up1_0.first_name,
        up1_0.gender,
        up1_0.last_name,
        up1_0.profile_picture_url,
        up1_0.updated_at,
        up1_0.user_id 
    from
        user_profiles up1_0 
    where
        up1_0.user_id=?
2026-03-26 12:40:47.587 [http-nio-8081-exec-10] DEBUG org.hibernate.SQL - 
    select
        up1_0.id,
        up1_0.bio,
        up1_0.created_at,
        up1_0.date_of_birth,
        up1_0.first_name,
        up1_0.gender,
        up1_0.last_name,
        up1_0.profile_picture_url,
        up1_0.updated_at,
        up1_0.user_id 
    from
        user_profiles up1_0 
    where
        up1_0.user_id=?
2026-03-26 12:40:47.588 [http-nio-8081-exec-10] DEBUG org.hibernate.SQL - 
    select
        up1_0.id,
        up1_0.bio,
        up1_0.created_at,
        up1_0.date_of_birth,
        up1_0.first_name,
        up1_0.gender,
        up1_0.last_name,
        up1_0.profile_picture_url,
        up1_0.updated_at,
        up1_0.user_id 
    from
        user_profiles up1_0 
    where
        up1_0.user_id=?
2026-03-26 12:40:47.589 [http-nio-8081-exec-10] DEBUG org.hibernate.SQL - 
    select
        r1_0.user_id,
        r1_1.id,
        r1_1.description,
        r1_1.name 
    from
        user_roles r1_0 
    join
        roles r1_1 
            on r1_1.id=r1_0.role_id 
    where
        r1_0.user_id=?
2026-03-26 12:40:47.590 [http-nio-8081-exec-10] DEBUG org.hibernate.SQL - 
    select
        r1_0.user_id,
        r1_1.id,
        r1_1.description,
        r1_1.name 
    from
        user_roles r1_0 
    join
        roles r1_1 
            on r1_1.id=r1_0.role_id 
    where
        r1_0.user_id=?
2026-03-26 12:40:47.591 [http-nio-8081-exec-10] DEBUG org.hibernate.SQL - 
    select
        r1_0.user_id,
        r1_1.id,
        r1_1.description,
        r1_1.name 
    from
        user_roles r1_0 
    join
        roles r1_1 
            on r1_1.id=r1_0.role_id 
    where
        r1_0.user_id=?
2026-03-26 12:40:47.592 [http-nio-8081-exec-10] DEBUG org.hibernate.SQL - 
    select
        r1_0.user_id,
        r1_1.id,
        r1_1.description,
        r1_1.name 
    from
        user_roles r1_0 
    join
        roles r1_1 
            on r1_1.id=r1_0.role_id 
    where
        r1_0.user_id=?
2026-03-26 12:40:47.592 [http-nio-8081-exec-10] DEBUG org.hibernate.SQL - 
    select
        r1_0.user_id,
        r1_1.id,
        r1_1.description,
        r1_1.name 
    from
        user_roles r1_0 
    join
        roles r1_1 
            on r1_1.id=r1_0.role_id 
    where
        r1_0.user_id=?
2026-03-26 12:41:01.607 [http-nio-8081-exec-9] DEBUG c.e.u.s.JwtAuthenticationFilter - JWT authenticated user: cad6f01a-2bfb-465e-8d5d-fd7bf8b52b63 | path: /api/v1/auth/users
2026-03-26 12:41:01.609 [http-nio-8081-exec-9] INFO  c.e.u.controller.AuthController - Fetching all users — page: 0, size: 10, sortBy: createdAt, direction: desc
2026-03-26 12:41:01.611 [http-nio-8081-exec-9] DEBUG org.hibernate.SQL - 
    select
        u1_0.id,
        u1_0.created_at,
        u1_0.email,
        u1_0.email_verified,
        u1_0.last_login_at,
        u1_0.password_hash,
        u1_0.phone,
        u1_0.status,
        u1_0.updated_at,
        u1_0.username,
        u1_0.version 
    from
        users u1_0 
    order by
        u1_0.created_at desc 
    limit
        ?, ?
2026-03-26 12:41:01.614 [http-nio-8081-exec-9] DEBUG org.hibernate.SQL - 
    select
        up1_0.id,
        up1_0.bio,
        up1_0.created_at,
        up1_0.date_of_birth,
        up1_0.first_name,
        up1_0.gender,
        up1_0.last_name,
        up1_0.profile_picture_url,
        up1_0.updated_at,
        up1_0.user_id 
    from
        user_profiles up1_0 
    where
        up1_0.user_id=?
2026-03-26 12:41:01.616 [http-nio-8081-exec-9] DEBUG org.hibernate.SQL - 
    select
        up1_0.id,
        up1_0.bio,
        up1_0.created_at,
        up1_0.date_of_birth,
        up1_0.first_name,
        up1_0.gender,
        up1_0.last_name,
        up1_0.profile_picture_url,
        up1_0.updated_at,
        up1_0.user_id 
    from
        user_profiles up1_0 
    where
        up1_0.user_id=?
2026-03-26 12:41:01.617 [http-nio-8081-exec-9] DEBUG org.hibernate.SQL - 
    select
        up1_0.id,
        up1_0.bio,
        up1_0.created_at,
        up1_0.date_of_birth,
        up1_0.first_name,
        up1_0.gender,
        up1_0.last_name,
        up1_0.profile_picture_url,
        up1_0.updated_at,
        up1_0.user_id 
    from
        user_profiles up1_0 
    where
        up1_0.user_id=?
2026-03-26 12:41:01.619 [http-nio-8081-exec-9] DEBUG org.hibernate.SQL - 
    select
        up1_0.id,
        up1_0.bio,
        up1_0.created_at,
        up1_0.date_of_birth,
        up1_0.first_name,
        up1_0.gender,
        up1_0.last_name,
        up1_0.profile_picture_url,
        up1_0.updated_at,
        up1_0.user_id 
    from
        user_profiles up1_0 
    where
        up1_0.user_id=?
2026-03-26 12:41:01.620 [http-nio-8081-exec-9] DEBUG org.hibernate.SQL - 
    select
        up1_0.id,
        up1_0.bio,
        up1_0.created_at,
        up1_0.date_of_birth,
        up1_0.first_name,
        up1_0.gender,
        up1_0.last_name,
        up1_0.profile_picture_url,
        up1_0.updated_at,
        up1_0.user_id 
    from
        user_profiles up1_0 
    where
        up1_0.user_id=?
2026-03-26 12:41:01.621 [http-nio-8081-exec-9] DEBUG org.hibernate.SQL - 
    select
        r1_0.user_id,
        r1_1.id,
        r1_1.description,
        r1_1.name 
    from
        user_roles r1_0 
    join
        roles r1_1 
            on r1_1.id=r1_0.role_id 
    where
        r1_0.user_id=?
2026-03-26 12:41:01.622 [http-nio-8081-exec-9] DEBUG org.hibernate.SQL - 
    select
        r1_0.user_id,
        r1_1.id,
        r1_1.description,
        r1_1.name 
    from
        user_roles r1_0 
    join
        roles r1_1 
            on r1_1.id=r1_0.role_id 
    where
        r1_0.user_id=?
2026-03-26 12:41:01.623 [http-nio-8081-exec-9] DEBUG org.hibernate.SQL - 
    select
        r1_0.user_id,
        r1_1.id,
        r1_1.description,
        r1_1.name 
    from
        user_roles r1_0 
    join
        roles r1_1 
            on r1_1.id=r1_0.role_id 
    where
        r1_0.user_id=?
2026-03-26 12:41:01.624 [http-nio-8081-exec-9] DEBUG org.hibernate.SQL - 
    select
        r1_0.user_id,
        r1_1.id,
        r1_1.description,
        r1_1.name 
    from
        user_roles r1_0 
    join
        roles r1_1 
            on r1_1.id=r1_0.role_id 
    where
        r1_0.user_id=?
2026-03-26 12:41:01.625 [http-nio-8081-exec-9] DEBUG org.hibernate.SQL - 
    select
        r1_0.user_id,
        r1_1.id,
        r1_1.description,
        r1_1.name 
    from
        user_roles r1_0 
    join
        roles r1_1 
            on r1_1.id=r1_0.role_id 
    where
        r1_0.user_id=?
2026-03-26 12:42:12.337 [AsyncResolver-bootstrap-executor-0] INFO  c.n.d.s.r.aws.ConfigClusterResolver - Resolving eureka endpoints via configuration
2026-03-26 12:47:12.339 [AsyncResolver-bootstrap-executor-0] INFO  c.n.d.s.r.aws.ConfigClusterResolver - Resolving eureka endpoints via configuration
2026-03-26 12:48:41.607 [kafka-producer-network-thread | producer-1] INFO  o.apache.kafka.clients.NetworkClient - [Producer clientId=producer-1] Node -1 disconnected.
2026-03-26 12:52:13.964 [AsyncResolver-bootstrap-executor-0] INFO  c.n.d.s.r.aws.ConfigClusterResolver - Resolving eureka endpoints via configuration
2026-03-26 12:57:13.980 [AsyncResolver-bootstrap-executor-0] INFO  c.n.d.s.r.aws.ConfigClusterResolver - Resolving eureka endpoints via configuration
2026-03-26 13:02:15.704 [AsyncResolver-bootstrap-executor-0] INFO  c.n.d.s.r.aws.ConfigClusterResolver - Resolving eureka endpoints via configuration
2026-03-26 13:07:15.713 [AsyncResolver-bootstrap-executor-0] INFO  c.n.d.s.r.aws.ConfigClusterResolver - Resolving eureka endpoints via configuration
