2026-03-14 00:04:33.596 [SpringApplicationShutdownHook] INFO  o.s.o.j.LocalContainerEntityManagerFactoryBean - Closing JPA EntityManagerFactory for persistence unit 'default'
2026-03-14 00:04:33.778 [SpringApplicationShutdownHook] INFO  com.zaxxer.hikari.HikariDataSource - UserServicePool - Shutdown initiated...
2026-03-14 00:04:33.878 [SpringApplicationShutdownHook] INFO  com.zaxxer.hikari.HikariDataSource - UserServicePool - Shutdown completed.
2026-03-14 00:04:45.406 [background-preinit] INFO  o.h.validator.internal.util.Version - HV000001: Hibernate Validator 8.0.1.Final
2026-03-14 00:04:45.460 [main] INFO  c.e.u.UserServiceApplication - Starting UserServiceApplication using Java 21.0.2 with PID 28792 (F:\Ecommerce Production Level Application\user-service\target\classes started by nanda royality in F:\Ecommerce Production Level Application\user-service)
2026-03-14 00:04:45.461 [main] DEBUG c.e.u.UserServiceApplication - Running with Spring Boot v3.2.3, Spring v6.1.4
2026-03-14 00:04:45.462 [main] INFO  c.e.u.UserServiceApplication - No active profile set, falling back to 1 default profile: "default"
2026-03-14 00:04:46.831 [main] INFO  o.s.d.r.c.RepositoryConfigurationDelegate - Multiple Spring Data modules found, entering strict repository configuration mode
2026-03-14 00:04:46.831 [main] INFO  o.s.d.r.c.RepositoryConfigurationDelegate - Bootstrapping Spring Data JPA repositories in DEFAULT mode.
2026-03-14 00:04:46.967 [main] INFO  o.s.d.r.c.RepositoryConfigurationDelegate - Finished Spring Data repository scanning in 128 ms. Found 5 JPA repository interfaces.
2026-03-14 00:04:46.969 [main] INFO  o.s.d.r.c.RepositoryConfigurationDelegate - Multiple Spring Data modules found, entering strict repository configuration mode
2026-03-14 00:04:46.969 [main] INFO  o.s.d.r.c.RepositoryConfigurationDelegate - Bootstrapping Spring Data Redis repositories in DEFAULT mode.
2026-03-14 00:04:46.977 [main] INFO  o.s.d.r.c.RepositoryConfigurationDelegate - Finished Spring Data repository scanning in 0 ms. Found 0 Redis repository interfaces.
2026-03-14 00:04:48.984 [main] INFO  o.s.b.w.e.tomcat.TomcatWebServer - Tomcat initialized with port 8081 (http)
2026-03-14 00:04:49.000 [main] INFO  o.a.coyote.http11.Http11NioProtocol - Initializing ProtocolHandler ["http-nio-8081"]
2026-03-14 00:04:49.004 [main] INFO  o.a.catalina.core.StandardService - Starting service [Tomcat]
2026-03-14 00:04:49.004 [main] INFO  o.a.catalina.core.StandardEngine - Starting Servlet engine: [Apache Tomcat/10.1.19]
2026-03-14 00:04:49.130 [main] INFO  o.a.c.c.C.[Tomcat].[localhost].[/] - Initializing Spring embedded WebApplicationContext
2026-03-14 00:04:49.131 [main] INFO  o.s.b.w.s.c.ServletWebServerApplicationContext - Root WebApplicationContext: initialization completed in 3588 ms
2026-03-14 00:04:49.442 [main] DEBUG c.e.u.s.JwtAuthenticationFilter - Filter 'jwtAuthenticationFilter' configured for use
2026-03-14 00:04:49.588 [main] INFO  com.zaxxer.hikari.HikariDataSource - UserServicePool - Starting...
2026-03-14 00:04:49.933 [main] INFO  com.zaxxer.hikari.pool.HikariPool - UserServicePool - Added connection com.mysql.cj.jdbc.ConnectionImpl@12e40e98
2026-03-14 00:04:49.936 [main] INFO  com.zaxxer.hikari.HikariDataSource - UserServicePool - Start completed.
2026-03-14 00:04:50.095 [main] INFO  o.f.c.i.license.VersionPrinter - Flyway Community Edition 9.22.3 by Redgate
2026-03-14 00:04:50.095 [main] INFO  o.f.c.i.license.VersionPrinter - See release notes here: https://rd.gt/416ObMi
2026-03-14 00:04:50.095 [main] INFO  o.f.c.i.license.VersionPrinter - 
2026-03-14 00:04:50.164 [main] INFO  org.flywaydb.core.FlywayExecutor - Database: jdbc:mysql://localhost:3306/user_db (MySQL 8.0)
2026-03-14 00:04:50.267 [main] INFO  o.f.core.internal.command.DbValidate - Successfully validated 0 migrations (execution time 00:00.032s)
2026-03-14 00:04:50.267 [main] WARN  o.f.core.internal.command.DbValidate - No migrations found. Are your locations set up correctly?
2026-03-14 00:04:50.287 [main] INFO  o.f.core.internal.command.DbMigrate - Current version of schema `user_db`: << Empty Schema >>
2026-03-14 00:04:50.294 [main] INFO  o.f.core.internal.command.DbMigrate - Schema `user_db` is up to date. No migration necessary.
2026-03-14 00:04:50.477 [main] INFO  o.h.jpa.internal.util.LogHelper - HHH000204: Processing PersistenceUnitInfo [name: default]
2026-03-14 00:04:50.570 [main] INFO  org.hibernate.Version - HHH000412: Hibernate ORM core version 6.4.4.Final
2026-03-14 00:04:50.621 [main] INFO  o.h.c.i.RegionFactoryInitiator - HHH000026: Second-level cache disabled
2026-03-14 00:04:50.923 [main] INFO  o.s.o.j.p.SpringPersistenceUnitInfo - No LoadTimeWeaver setup: ignoring JPA class transformer
2026-03-14 00:04:50.992 [main] WARN  org.hibernate.orm.deprecation - HHH90000025: MySQLDialect does not need to be specified explicitly using 'hibernate.dialect' (remove the property setting and it will be selected by default)
2026-03-14 00:04:52.159 [main] INFO  o.h.e.t.j.p.i.JtaPlatformInitiator - HHH000489: No JTA platform available (set 'hibernate.transaction.jta.platform' to enable JTA platform integration)
2026-03-14 00:04:52.534 [main] INFO  o.s.o.j.LocalContainerEntityManagerFactoryBean - Initialized JPA EntityManagerFactory for persistence unit 'default'
2026-03-14 00:04:52.955 [main] INFO  o.s.d.j.r.query.QueryEnhancerFactory - Hibernate is in classpath; If applicable, HQL parser will be used.
2026-03-14 00:04:55.069 [main] INFO  o.s.b.a.e.web.EndpointLinksResolver - Exposing 1 endpoint(s) beneath base path '/actuator'
2026-03-14 00:04:55.193 [main] INFO  o.s.s.web.DefaultSecurityFilterChain - Will secure any request with [org.springframework.security.web.session.DisableEncodeUrlFilter@70aebcee, org.springframework.security.web.context.request.async.WebAsyncManagerIntegrationFilter@399fd2ab, org.springframework.security.web.context.SecurityContextHolderFilter@66589578, org.springframework.security.web.header.HeaderWriterFilter@34552734, org.springframework.web.filter.CorsFilter@5dac488d, org.springframework.security.web.authentication.logout.LogoutFilter@1b8117f4, com.ecommerce.user_service.security.JwtAuthenticationFilter@1214c98b, org.springframework.security.web.savedrequest.RequestCacheAwareFilter@15f8b713, org.springframework.security.web.servletapi.SecurityContextHolderAwareRequestFilter@6f78d086, org.springframework.security.web.authentication.AnonymousAuthenticationFilter@65ec90d5, org.springframework.security.web.session.SessionManagementFilter@fca4863, org.springframework.security.web.access.ExceptionTranslationFilter@3cdb3788, org.springframework.security.web.access.intercept.AuthorizationFilter@4d62b6da]
2026-03-14 00:04:56.212 [main] INFO  o.a.k.c.admin.AdminClientConfig - AdminClientConfig values: 
	auto.include.jmx.reporter = true
	bootstrap.servers = [localhost:9092]
	client.dns.lookup = use_all_dns_ips
	client.id = 
	connections.max.idle.ms = 300000
	default.api.timeout.ms = 60000
	metadata.max.age.ms = 300000
	metric.reporters = []
	metrics.num.samples = 2
	metrics.recording.level = INFO
	metrics.sample.window.ms = 30000
	receive.buffer.bytes = 65536
	reconnect.backoff.max.ms = 1000
	reconnect.backoff.ms = 50
	request.timeout.ms = 30000
	retries = 2147483647
	retry.backoff.ms = 100
	sasl.client.callback.handler.class = null
	sasl.jaas.config = null
	sasl.kerberos.kinit.cmd = /usr/bin/kinit
	sasl.kerberos.min.time.before.relogin = 60000
	sasl.kerberos.service.name = null
	sasl.kerberos.ticket.renew.jitter = 0.05
	sasl.kerberos.ticket.renew.window.factor = 0.8
	sasl.login.callback.handler.class = null
	sasl.login.class = null
	sasl.login.connect.timeout.ms = null
	sasl.login.read.timeout.ms = null
	sasl.login.refresh.buffer.seconds = 300
	sasl.login.refresh.min.period.seconds = 60
	sasl.login.refresh.window.factor = 0.8
	sasl.login.refresh.window.jitter = 0.05
	sasl.login.retry.backoff.max.ms = 10000
	sasl.login.retry.backoff.ms = 100
	sasl.mechanism = GSSAPI
	sasl.oauthbearer.clock.skew.seconds = 30
	sasl.oauthbearer.expected.audience = null
	sasl.oauthbearer.expected.issuer = null
	sasl.oauthbearer.jwks.endpoint.refresh.ms = 3600000
	sasl.oauthbearer.jwks.endpoint.retry.backoff.max.ms = 10000
	sasl.oauthbearer.jwks.endpoint.retry.backoff.ms = 100
	sasl.oauthbearer.jwks.endpoint.url = null
	sasl.oauthbearer.scope.claim.name = scope
	sasl.oauthbearer.sub.claim.name = sub
	sasl.oauthbearer.token.endpoint.url = null
	security.protocol = PLAINTEXT
	security.providers = null
	send.buffer.bytes = 131072
	socket.connection.setup.timeout.max.ms = 30000
	socket.connection.setup.timeout.ms = 10000
	ssl.cipher.suites = null
	ssl.enabled.protocols = [TLSv1.2, TLSv1.3]
	ssl.endpoint.identification.algorithm = https
	ssl.engine.factory.class = null
	ssl.key.password = null
	ssl.keymanager.algorithm = SunX509
	ssl.keystore.certificate.chain = null
	ssl.keystore.key = null
	ssl.keystore.location = null
	ssl.keystore.password = null
	ssl.keystore.type = JKS
	ssl.protocol = TLSv1.3
	ssl.provider = null
	ssl.secure.random.implementation = null
	ssl.trustmanager.algorithm = PKIX
	ssl.truststore.certificates = null
	ssl.truststore.location = null
	ssl.truststore.password = null
	ssl.truststore.type = JKS

2026-03-14 00:04:56.466 [main] INFO  o.a.kafka.common.utils.AppInfoParser - Kafka version: 3.6.1
2026-03-14 00:04:56.467 [main] INFO  o.a.kafka.common.utils.AppInfoParser - Kafka commitId: 5e3c2b738d253ff5
2026-03-14 00:04:56.467 [main] INFO  o.a.kafka.common.utils.AppInfoParser - Kafka startTimeMs: 1773426896464
2026-03-14 00:04:57.922 [kafka-admin-client-thread | adminclient-1] INFO  o.a.kafka.common.utils.AppInfoParser - App info kafka.admin.client for adminclient-1 unregistered
2026-03-14 00:04:57.927 [kafka-admin-client-thread | adminclient-1] INFO  o.a.kafka.common.metrics.Metrics - Metrics scheduler closed
2026-03-14 00:04:57.927 [kafka-admin-client-thread | adminclient-1] INFO  o.a.kafka.common.metrics.Metrics - Closing reporter org.apache.kafka.common.metrics.JmxReporter
2026-03-14 00:04:57.927 [kafka-admin-client-thread | adminclient-1] INFO  o.a.kafka.common.metrics.Metrics - Metrics reporters closed
2026-03-14 00:04:57.933 [main] INFO  o.a.coyote.http11.Http11NioProtocol - Starting ProtocolHandler ["http-nio-8081"]
2026-03-14 00:04:57.946 [main] INFO  o.s.b.w.e.tomcat.TomcatWebServer - Tomcat started on port 8081 (http) with context path ''
2026-03-14 00:04:57.966 [main] INFO  c.e.u.UserServiceApplication - Started UserServiceApplication in 13.266 seconds (process running for 18.355)
2026-03-14 00:07:06.952 [http-nio-8081-exec-1] INFO  o.a.c.c.C.[Tomcat].[localhost].[/] - Initializing Spring DispatcherServlet 'dispatcherServlet'
2026-03-14 00:07:06.952 [http-nio-8081-exec-1] INFO  o.s.web.servlet.DispatcherServlet - Initializing Servlet 'dispatcherServlet'
2026-03-14 00:07:06.954 [http-nio-8081-exec-1] INFO  o.s.web.servlet.DispatcherServlet - Completed initialization in 2 ms
2026-03-14 00:07:08.104 [http-nio-8081-exec-5] INFO  o.s.api.AbstractOpenApiResource - Init duration for springdoc-openapi is: 899 ms
2026-03-14 00:07:34.494 [http-nio-8081-exec-6] INFO  c.e.u.controller.AuthController - Login request for: kishorenanda518@gmail.com
2026-03-14 00:07:34.505 [http-nio-8081-exec-6] INFO  c.e.u.service.UserServiceImpl - Login attempt for: kishorenanda518@gmail.com
2026-03-14 00:07:34.610 [http-nio-8081-exec-6] DEBUG org.hibernate.SQL - 
    select
        u1_0.id,
        u1_0.created_at,
        u1_0.email,
        u1_0.email_verified,
        u1_0.last_login_at,
        u1_0.password_hash,
        u1_0.phone,
        u1_0.status,
        u1_0.updated_at,
        u1_0.username,
        u1_0.version 
    from
        users u1_0 
    where
        u1_0.username=? 
        or u1_0.email=?
2026-03-14 00:07:34.633 [http-nio-8081-exec-6] DEBUG org.hibernate.SQL - 
    select
        up1_0.id,
        up1_0.bio,
        up1_0.created_at,
        up1_0.date_of_birth,
        up1_0.first_name,
        up1_0.gender,
        up1_0.last_name,
        up1_0.profile_picture_url,
        up1_0.updated_at,
        up1_0.user_id 
    from
        user_profiles up1_0 
    where
        up1_0.user_id=?
2026-03-14 00:07:34.655 [http-nio-8081-exec-6] DEBUG org.hibernate.SQL - 
    select
        r1_0.user_id,
        r1_1.id,
        r1_1.description,
        r1_1.name 
    from
        user_roles r1_0 
    join
        roles r1_1 
            on r1_1.id=r1_0.role_id 
    where
        r1_0.user_id=?
2026-03-14 00:07:35.315 [http-nio-8081-exec-6] DEBUG c.e.u.service.UserServiceImpl - Refresh token stored in Redis for userId: cad6f01a-2bfb-465e-8d5d-fd7bf8b52b63
2026-03-14 00:07:35.335 [http-nio-8081-exec-6] INFO  c.e.u.service.UserServiceImpl - Login successful for user: Nandakishore | id: cad6f01a-2bfb-465e-8d5d-fd7bf8b52b63
2026-03-14 00:07:35.358 [http-nio-8081-exec-6] DEBUG org.hibernate.SQL - 
    update
        users 
    set
        email=?,
        email_verified=?,
        last_login_at=?,
        password_hash=?,
        phone=?,
        status=?,
        updated_at=?,
        username=?,
        version=? 
    where
        id=? 
        and version=?
2026-03-14 00:10:34.000 [SpringApplicationShutdownHook] INFO  o.s.o.j.LocalContainerEntityManagerFactoryBean - Closing JPA EntityManagerFactory for persistence unit 'default'
2026-03-14 00:10:34.007 [SpringApplicationShutdownHook] INFO  com.zaxxer.hikari.HikariDataSource - UserServicePool - Shutdown initiated...
2026-03-14 00:10:34.016 [SpringApplicationShutdownHook] INFO  com.zaxxer.hikari.HikariDataSource - UserServicePool - Shutdown completed.
2026-03-14 00:10:37.398 [background-preinit] INFO  o.h.validator.internal.util.Version - HV000001: Hibernate Validator 8.0.1.Final
2026-03-14 00:10:37.449 [main] INFO  c.e.u.UserServiceApplication - Starting UserServiceApplication using Java 21.0.2 with PID 2852 (F:\Ecommerce Production Level Application\user-service\target\classes started by nanda royality in F:\Ecommerce Production Level Application\user-service)
2026-03-14 00:10:37.450 [main] DEBUG c.e.u.UserServiceApplication - Running with Spring Boot v3.2.3, Spring v6.1.4
2026-03-14 00:10:37.451 [main] INFO  c.e.u.UserServiceApplication - No active profile set, falling back to 1 default profile: "default"
2026-03-14 00:10:38.562 [main] INFO  o.s.d.r.c.RepositoryConfigurationDelegate - Multiple Spring Data modules found, entering strict repository configuration mode
2026-03-14 00:10:38.562 [main] INFO  o.s.d.r.c.RepositoryConfigurationDelegate - Bootstrapping Spring Data JPA repositories in DEFAULT mode.
2026-03-14 00:10:38.679 [main] INFO  o.s.d.r.c.RepositoryConfigurationDelegate - Finished Spring Data repository scanning in 111 ms. Found 5 JPA repository interfaces.
2026-03-14 00:10:38.681 [main] INFO  o.s.d.r.c.RepositoryConfigurationDelegate - Multiple Spring Data modules found, entering strict repository configuration mode
2026-03-14 00:10:38.681 [main] INFO  o.s.d.r.c.RepositoryConfigurationDelegate - Bootstrapping Spring Data Redis repositories in DEFAULT mode.
2026-03-14 00:10:38.689 [main] INFO  o.s.d.r.c.RepositoryConfigurationDelegate - Finished Spring Data repository scanning in 0 ms. Found 0 Redis repository interfaces.
2026-03-14 00:10:40.387 [main] INFO  o.s.b.w.e.tomcat.TomcatWebServer - Tomcat initialized with port 8080 (http)
2026-03-14 00:10:40.402 [main] INFO  o.a.coyote.http11.Http11NioProtocol - Initializing ProtocolHandler ["http-nio-8080"]
2026-03-14 00:10:40.406 [main] INFO  o.a.catalina.core.StandardService - Starting service [Tomcat]
2026-03-14 00:10:40.406 [main] INFO  o.a.catalina.core.StandardEngine - Starting Servlet engine: [Apache Tomcat/10.1.19]
2026-03-14 00:10:40.518 [main] INFO  o.a.c.c.C.[Tomcat].[localhost].[/] - Initializing Spring embedded WebApplicationContext
2026-03-14 00:10:40.519 [main] INFO  o.s.b.w.s.c.ServletWebServerApplicationContext - Root WebApplicationContext: initialization completed in 2988 ms
2026-03-14 00:10:40.820 [main] DEBUG c.e.u.s.JwtAuthenticationFilter - Filter 'jwtAuthenticationFilter' configured for use
2026-03-14 00:10:40.947 [main] INFO  com.zaxxer.hikari.HikariDataSource - UserServicePool - Starting...
2026-03-14 00:10:41.208 [main] INFO  com.zaxxer.hikari.pool.HikariPool - UserServicePool - Added connection com.mysql.cj.jdbc.ConnectionImpl@240f2efd
2026-03-14 00:10:41.211 [main] INFO  com.zaxxer.hikari.HikariDataSource - UserServicePool - Start completed.
2026-03-14 00:10:41.374 [main] INFO  o.f.c.i.license.VersionPrinter - Flyway Community Edition 9.22.3 by Redgate
2026-03-14 00:10:41.374 [main] INFO  o.f.c.i.license.VersionPrinter - See release notes here: https://rd.gt/416ObMi
2026-03-14 00:10:41.374 [main] INFO  o.f.c.i.license.VersionPrinter - 
2026-03-14 00:10:41.429 [main] INFO  org.flywaydb.core.FlywayExecutor - Database: jdbc:mysql://localhost:3306/user_db (MySQL 8.0)
2026-03-14 00:10:41.517 [main] INFO  o.f.core.internal.command.DbValidate - Successfully validated 0 migrations (execution time 00:00.042s)
2026-03-14 00:10:41.519 [main] WARN  o.f.core.internal.command.DbValidate - No migrations found. Are your locations set up correctly?
2026-03-14 00:10:41.543 [main] INFO  o.f.core.internal.command.DbMigrate - Current version of schema `user_db`: << Empty Schema >>
2026-03-14 00:10:41.551 [main] INFO  o.f.core.internal.command.DbMigrate - Schema `user_db` is up to date. No migration necessary.
2026-03-14 00:10:41.697 [main] INFO  o.h.jpa.internal.util.LogHelper - HHH000204: Processing PersistenceUnitInfo [name: default]
2026-03-14 00:10:41.793 [main] INFO  org.hibernate.Version - HHH000412: Hibernate ORM core version 6.4.4.Final
2026-03-14 00:10:41.845 [main] INFO  o.h.c.i.RegionFactoryInitiator - HHH000026: Second-level cache disabled
2026-03-14 00:10:42.199 [main] INFO  o.s.o.j.p.SpringPersistenceUnitInfo - No LoadTimeWeaver setup: ignoring JPA class transformer
2026-03-14 00:10:42.283 [main] WARN  org.hibernate.orm.deprecation - HHH90000025: MySQLDialect does not need to be specified explicitly using 'hibernate.dialect' (remove the property setting and it will be selected by default)
2026-03-14 00:10:43.503 [main] INFO  o.h.e.t.j.p.i.JtaPlatformInitiator - HHH000489: No JTA platform available (set 'hibernate.transaction.jta.platform' to enable JTA platform integration)
2026-03-14 00:10:43.596 [main] INFO  o.s.o.j.LocalContainerEntityManagerFactoryBean - Initialized JPA EntityManagerFactory for persistence unit 'default'
2026-03-14 00:10:44.004 [main] INFO  o.s.d.j.r.query.QueryEnhancerFactory - Hibernate is in classpath; If applicable, HQL parser will be used.
2026-03-14 00:10:46.262 [main] INFO  o.s.b.a.e.web.EndpointLinksResolver - Exposing 1 endpoint(s) beneath base path '/actuator'
2026-03-14 00:10:46.397 [main] INFO  o.s.s.web.DefaultSecurityFilterChain - Will secure any request with [org.springframework.security.web.session.DisableEncodeUrlFilter@2f5823c7, org.springframework.security.web.context.request.async.WebAsyncManagerIntegrationFilter@79cc08fb, org.springframework.security.web.context.SecurityContextHolderFilter@3385f1a8, org.springframework.security.web.header.HeaderWriterFilter@6e79cc31, org.springframework.web.filter.CorsFilter@46a9af36, org.springframework.security.web.authentication.logout.LogoutFilter@b8df260, com.ecommerce.user_service.security.JwtAuthenticationFilter@413eaf5d, org.springframework.security.web.savedrequest.RequestCacheAwareFilter@4071aa13, org.springframework.security.web.servletapi.SecurityContextHolderAwareRequestFilter@ba1f5d1, org.springframework.security.web.authentication.AnonymousAuthenticationFilter@3d1b97e4, org.springframework.security.web.session.SessionManagementFilter@2655ad3b, org.springframework.security.web.access.ExceptionTranslationFilter@2981a626, org.springframework.security.web.access.intercept.AuthorizationFilter@4dd139e0]
2026-03-14 00:10:47.557 [main] INFO  o.a.k.c.admin.AdminClientConfig - AdminClientConfig values: 
	auto.include.jmx.reporter = true
	bootstrap.servers = [localhost:9092]
	client.dns.lookup = use_all_dns_ips
	client.id = 
	connections.max.idle.ms = 300000
	default.api.timeout.ms = 60000
	metadata.max.age.ms = 300000
	metric.reporters = []
	metrics.num.samples = 2
	metrics.recording.level = INFO
	metrics.sample.window.ms = 30000
	receive.buffer.bytes = 65536
	reconnect.backoff.max.ms = 1000
	reconnect.backoff.ms = 50
	request.timeout.ms = 30000
	retries = 2147483647
	retry.backoff.ms = 100
	sasl.client.callback.handler.class = null
	sasl.jaas.config = null
	sasl.kerberos.kinit.cmd = /usr/bin/kinit
	sasl.kerberos.min.time.before.relogin = 60000
	sasl.kerberos.service.name = null
	sasl.kerberos.ticket.renew.jitter = 0.05
	sasl.kerberos.ticket.renew.window.factor = 0.8
	sasl.login.callback.handler.class = null
	sasl.login.class = null
	sasl.login.connect.timeout.ms = null
	sasl.login.read.timeout.ms = null
	sasl.login.refresh.buffer.seconds = 300
	sasl.login.refresh.min.period.seconds = 60
	sasl.login.refresh.window.factor = 0.8
	sasl.login.refresh.window.jitter = 0.05
	sasl.login.retry.backoff.max.ms = 10000
	sasl.login.retry.backoff.ms = 100
	sasl.mechanism = GSSAPI
	sasl.oauthbearer.clock.skew.seconds = 30
	sasl.oauthbearer.expected.audience = null
	sasl.oauthbearer.expected.issuer = null
	sasl.oauthbearer.jwks.endpoint.refresh.ms = 3600000
	sasl.oauthbearer.jwks.endpoint.retry.backoff.max.ms = 10000
	sasl.oauthbearer.jwks.endpoint.retry.backoff.ms = 100
	sasl.oauthbearer.jwks.endpoint.url = null
	sasl.oauthbearer.scope.claim.name = scope
	sasl.oauthbearer.sub.claim.name = sub
	sasl.oauthbearer.token.endpoint.url = null
	security.protocol = PLAINTEXT
	security.providers = null
	send.buffer.bytes = 131072
	socket.connection.setup.timeout.max.ms = 30000
	socket.connection.setup.timeout.ms = 10000
	ssl.cipher.suites = null
	ssl.enabled.protocols = [TLSv1.2, TLSv1.3]
	ssl.endpoint.identification.algorithm = https
	ssl.engine.factory.class = null
	ssl.key.password = null
	ssl.keymanager.algorithm = SunX509
	ssl.keystore.certificate.chain = null
	ssl.keystore.key = null
	ssl.keystore.location = null
	ssl.keystore.password = null
	ssl.keystore.type = JKS
	ssl.protocol = TLSv1.3
	ssl.provider = null
	ssl.secure.random.implementation = null
	ssl.trustmanager.algorithm = PKIX
	ssl.truststore.certificates = null
	ssl.truststore.location = null
	ssl.truststore.password = null
	ssl.truststore.type = JKS

2026-03-14 00:10:47.769 [main] INFO  o.a.kafka.common.utils.AppInfoParser - Kafka version: 3.6.1
2026-03-14 00:10:47.769 [main] INFO  o.a.kafka.common.utils.AppInfoParser - Kafka commitId: 5e3c2b738d253ff5
2026-03-14 00:10:47.769 [main] INFO  o.a.kafka.common.utils.AppInfoParser - Kafka startTimeMs: 1773427247767
2026-03-14 00:10:48.344 [kafka-admin-client-thread | adminclient-1] INFO  o.a.kafka.common.utils.AppInfoParser - App info kafka.admin.client for adminclient-1 unregistered
2026-03-14 00:10:48.349 [kafka-admin-client-thread | adminclient-1] INFO  o.a.kafka.common.metrics.Metrics - Metrics scheduler closed
2026-03-14 00:10:48.350 [kafka-admin-client-thread | adminclient-1] INFO  o.a.kafka.common.metrics.Metrics - Closing reporter org.apache.kafka.common.metrics.JmxReporter
2026-03-14 00:10:48.350 [kafka-admin-client-thread | adminclient-1] INFO  o.a.kafka.common.metrics.Metrics - Metrics reporters closed
2026-03-14 00:10:48.356 [main] INFO  o.a.coyote.http11.Http11NioProtocol - Starting ProtocolHandler ["http-nio-8080"]
2026-03-14 00:10:48.372 [main] INFO  o.s.b.w.e.tomcat.TomcatWebServer - Tomcat started on port 8080 (http) with context path ''
2026-03-14 00:10:48.393 [main] INFO  c.e.u.UserServiceApplication - Started UserServiceApplication in 11.658 seconds (process running for 12.439)
2026-03-14 00:11:48.067 [http-nio-8080-exec-1] INFO  o.a.c.c.C.[Tomcat].[localhost].[/] - Initializing Spring DispatcherServlet 'dispatcherServlet'
2026-03-14 00:11:48.067 [http-nio-8080-exec-1] INFO  o.s.web.servlet.DispatcherServlet - Initializing Servlet 'dispatcherServlet'
2026-03-14 00:11:48.069 [http-nio-8080-exec-1] INFO  o.s.web.servlet.DispatcherServlet - Completed initialization in 2 ms
2026-03-14 00:11:48.804 [http-nio-8080-exec-9] INFO  o.s.api.AbstractOpenApiResource - Init duration for springdoc-openapi is: 407 ms
2026-03-14 00:12:15.613 [http-nio-8080-exec-10] INFO  c.e.u.controller.AuthController - Login request for: kishorenanda518@gmail.com
2026-03-14 00:12:15.625 [http-nio-8080-exec-10] INFO  c.e.u.service.UserServiceImpl - Login attempt for: kishorenanda518@gmail.com
2026-03-14 00:12:15.716 [http-nio-8080-exec-10] DEBUG org.hibernate.SQL - 
    select
        u1_0.id,
        u1_0.created_at,
        u1_0.email,
        u1_0.email_verified,
        u1_0.last_login_at,
        u1_0.password_hash,
        u1_0.phone,
        u1_0.status,
        u1_0.updated_at,
        u1_0.username,
        u1_0.version 
    from
        users u1_0 
    where
        u1_0.username=? 
        or u1_0.email=?
2026-03-14 00:12:15.730 [http-nio-8080-exec-10] DEBUG org.hibernate.SQL - 
    select
        up1_0.id,
        up1_0.bio,
        up1_0.created_at,
        up1_0.date_of_birth,
        up1_0.first_name,
        up1_0.gender,
        up1_0.last_name,
        up1_0.profile_picture_url,
        up1_0.updated_at,
        up1_0.user_id 
    from
        user_profiles up1_0 
    where
        up1_0.user_id=?
2026-03-14 00:12:15.743 [http-nio-8080-exec-10] DEBUG org.hibernate.SQL - 
    select
        r1_0.user_id,
        r1_1.id,
        r1_1.description,
        r1_1.name 
    from
        user_roles r1_0 
    join
        roles r1_1 
            on r1_1.id=r1_0.role_id 
    where
        r1_0.user_id=?
2026-03-14 00:12:16.019 [http-nio-8080-exec-10] ERROR c.e.u.e.GlobalExceptionHandler - Unexpected error [/api/v1/auth/login]: Decode argument cannot be null.
java.lang.IllegalArgumentException: Decode argument cannot be null.
	at io.jsonwebtoken.lang.Assert.notNull(Assert.java:82)
	at io.jsonwebtoken.io.ExceptionPropagatingDecoder.decode(ExceptionPropagatingDecoder.java:34)
	at com.ecommerce.user_service.security.JwtUtil.getSigningKey(JwtUtil.java:25)
	at com.ecommerce.user_service.security.JwtUtil.generateAccessToken(JwtUtil.java:42)
	at com.ecommerce.user_service.service.UserServiceImpl.login(UserServiceImpl.java:261)
	at java.base/jdk.internal.reflect.DirectMethodHandleAccessor.invoke(DirectMethodHandleAccessor.java:103)
	at java.base/java.lang.reflect.Method.invoke(Method.java:580)
	at org.springframework.aop.support.AopUtils.invokeJoinpointUsingReflection(AopUtils.java:351)
	at org.springframework.aop.framework.ReflectiveMethodInvocation.invokeJoinpoint(ReflectiveMethodInvocation.java:196)
	at org.springframework.aop.framework.ReflectiveMethodInvocation.proceed(ReflectiveMethodInvocation.java:163)
	at org.springframework.aop.framework.CglibAopProxy$CglibMethodInvocation.proceed(CglibAopProxy.java:765)
	at org.springframework.transaction.interceptor.TransactionInterceptor$1.proceedWithInvocation(TransactionInterceptor.java:123)
	at org.springframework.transaction.interceptor.TransactionAspectSupport.invokeWithinTransaction(TransactionAspectSupport.java:385)
	at org.springframework.transaction.interceptor.TransactionInterceptor.invoke(TransactionInterceptor.java:119)
	at org.springframework.aop.framework.ReflectiveMethodInvocation.proceed(ReflectiveMethodInvocation.java:184)
	at org.springframework.aop.framework.CglibAopProxy$CglibMethodInvocation.proceed(CglibAopProxy.java:765)
	at org.springframework.aop.framework.CglibAopProxy$DynamicAdvisedInterceptor.intercept(CglibAopProxy.java:717)
	at com.ecommerce.user_service.service.UserServiceImpl$$SpringCGLIB$$0.login(<generated>)
	at com.ecommerce.user_service.controller.AuthController.login(AuthController.java:83)
	at java.base/jdk.internal.reflect.DirectMethodHandleAccessor.invoke(DirectMethodHandleAccessor.java:103)
	at java.base/java.lang.reflect.Method.invoke(Method.java:580)
	at org.springframework.web.method.support.InvocableHandlerMethod.doInvoke(InvocableHandlerMethod.java:259)
	at org.springframework.web.method.support.InvocableHandlerMethod.invokeForRequest(InvocableHandlerMethod.java:192)
	at org.springframework.web.servlet.mvc.method.annotation.ServletInvocableHandlerMethod.invokeAndHandle(ServletInvocableHandlerMethod.java:118)
	at org.springframework.web.servlet.mvc.method.annotation.RequestMappingHandlerAdapter.invokeHandlerMethod(RequestMappingHandlerAdapter.java:920)
	at org.springframework.web.servlet.mvc.method.annotation.RequestMappingHandlerAdapter.handleInternal(RequestMappingHandlerAdapter.java:830)
	at org.springframework.web.servlet.mvc.method.AbstractHandlerMethodAdapter.handle(AbstractHandlerMethodAdapter.java:87)
	at org.springframework.web.servlet.DispatcherServlet.doDispatch(DispatcherServlet.java:1089)
	at org.springframework.web.servlet.DispatcherServlet.doService(DispatcherServlet.java:979)
	at org.springframework.web.servlet.FrameworkServlet.processRequest(FrameworkServlet.java:1014)
	at org.springframework.web.servlet.FrameworkServlet.doPost(FrameworkServlet.java:914)
	at jakarta.servlet.http.HttpServlet.service(HttpServlet.java:590)
	at org.springframework.web.servlet.FrameworkServlet.service(FrameworkServlet.java:885)
	at jakarta.servlet.http.HttpServlet.service(HttpServlet.java:658)
	at org.apache.catalina.core.ApplicationFilterChain.internalDoFilter(ApplicationFilterChain.java:205)
	at org.apache.catalina.core.ApplicationFilterChain.doFilter(ApplicationFilterChain.java:149)
	at org.apache.tomcat.websocket.server.WsFilter.doFilter(WsFilter.java:51)
	at org.apache.catalina.core.ApplicationFilterChain.internalDoFilter(ApplicationFilterChain.java:174)
	at org.apache.catalina.core.ApplicationFilterChain.doFilter(ApplicationFilterChain.java:149)
	at org.springframework.web.filter.OncePerRequestFilter.doFilter(OncePerRequestFilter.java:101)
	at org.apache.catalina.core.ApplicationFilterChain.internalDoFilter(ApplicationFilterChain.java:174)
	at org.apache.catalina.core.ApplicationFilterChain.doFilter(ApplicationFilterChain.java:149)
	at org.springframework.web.filter.CompositeFilter$VirtualFilterChain.doFilter(CompositeFilter.java:108)
	at org.springframework.security.web.FilterChainProxy.lambda$doFilterInternal$3(FilterChainProxy.java:231)
	at org.springframework.security.web.ObservationFilterChainDecorator$FilterObservation$SimpleFilterObservation.lambda$wrap$1(ObservationFilterChainDecorator.java:479)
	at org.springframework.security.web.ObservationFilterChainDecorator$AroundFilterObservation$SimpleAroundFilterObservation.lambda$wrap$1(ObservationFilterChainDecorator.java:340)
	at org.springframework.security.web.ObservationFilterChainDecorator.lambda$wrapSecured$0(ObservationFilterChainDecorator.java:82)
	at org.springframework.security.web.ObservationFilterChainDecorator$VirtualFilterChain.doFilter(ObservationFilterChainDecorator.java:128)
	at org.springframework.security.web.access.intercept.AuthorizationFilter.doFilter(AuthorizationFilter.java:100)
	at org.springframework.security.web.ObservationFilterChainDecorator$ObservationFilter.wrapFilter(ObservationFilterChainDecorator.java:240)
	at org.springframework.security.web.ObservationFilterChainDecorator$ObservationFilter.doFilter(ObservationFilterChainDecorator.java:227)
	at org.springframework.security.web.ObservationFilterChainDecorator$VirtualFilterChain.doFilter(ObservationFilterChainDecorator.java:137)
	at org.springframework.security.web.access.ExceptionTranslationFilter.doFilter(ExceptionTranslationFilter.java:126)
	at org.springframework.security.web.access.ExceptionTranslationFilter.doFilter(ExceptionTranslationFilter.java:120)
	at org.springframework.security.web.ObservationFilterChainDecorator$ObservationFilter.wrapFilter(ObservationFilterChainDecorator.java:240)
	at org.springframework.security.web.ObservationFilterChainDecorator$ObservationFilter.doFilter(ObservationFilterChainDecorator.java:227)
	at org.springframework.security.web.ObservationFilterChainDecorator$VirtualFilterChain.doFilter(ObservationFilterChainDecorator.java:137)
	at org.springframework.security.web.session.SessionManagementFilter.doFilter(SessionManagementFilter.java:131)
	at org.springframework.security.web.session.SessionManagementFilter.doFilter(SessionManagementFilter.java:85)
	at org.springframework.security.web.ObservationFilterChainDecorator$ObservationFilter.wrapFilter(ObservationFilterChainDecorator.java:240)
	at org.springframework.security.web.ObservationFilterChainDecorator$ObservationFilter.doFilter(ObservationFilterChainDecorator.java:227)
	at org.springframework.security.web.ObservationFilterChainDecorator$VirtualFilterChain.doFilter(ObservationFilterChainDecorator.java:137)
	at org.springframework.security.web.authentication.AnonymousAuthenticationFilter.doFilter(AnonymousAuthenticationFilter.java:100)
	at org.springframework.security.web.ObservationFilterChainDecorator$ObservationFilter.wrapFilter(ObservationFilterChainDecorator.java:240)
	at org.springframework.security.web.ObservationFilterChainDecorator$ObservationFilter.doFilter(ObservationFilterChainDecorator.java:227)
	at org.springframework.security.web.ObservationFilterChainDecorator$VirtualFilterChain.doFilter(ObservationFilterChainDecorator.java:137)
	at org.springframework.security.web.servletapi.SecurityContextHolderAwareRequestFilter.doFilter(SecurityContextHolderAwareRequestFilter.java:179)
	at org.springframework.security.web.ObservationFilterChainDecorator$ObservationFilter.wrapFilter(ObservationFilterChainDecorator.java:240)
	at org.springframework.security.web.ObservationFilterChainDecorator$ObservationFilter.doFilter(ObservationFilterChainDecorator.java:227)
	at org.springframework.security.web.ObservationFilterChainDecorator$VirtualFilterChain.doFilter(ObservationFilterChainDecorator.java:137)
	at org.springframework.security.web.savedrequest.RequestCacheAwareFilter.doFilter(RequestCacheAwareFilter.java:63)
	at org.springframework.security.web.ObservationFilterChainDecorator$ObservationFilter.wrapFilter(ObservationFilterChainDecorator.java:240)
	at org.springframework.security.web.ObservationFilterChainDecorator$ObservationFilter.doFilter(ObservationFilterChainDecorator.java:227)
	at org.springframework.security.web.ObservationFilterChainDecorator$VirtualFilterChain.doFilter(ObservationFilterChainDecorator.java:137)
	at org.springframework.web.filter.OncePerRequestFilter.doFilter(OncePerRequestFilter.java:101)
	at org.springframework.security.web.ObservationFilterChainDecorator$ObservationFilter.wrapFilter(ObservationFilterChainDecorator.java:240)
	at org.springframework.security.web.ObservationFilterChainDecorator$ObservationFilter.doFilter(ObservationFilterChainDecorator.java:227)
	at org.springframework.security.web.ObservationFilterChainDecorator$VirtualFilterChain.doFilter(ObservationFilterChainDecorator.java:137)
	at org.springframework.security.web.authentication.logout.LogoutFilter.doFilter(LogoutFilter.java:107)
	at org.springframework.security.web.authentication.logout.LogoutFilter.doFilter(LogoutFilter.java:93)
	at org.springframework.security.web.ObservationFilterChainDecorator$ObservationFilter.wrapFilter(ObservationFilterChainDecorator.java:240)
	at org.springframework.security.web.ObservationFilterChainDecorator$ObservationFilter.doFilter(ObservationFilterChainDecorator.java:227)
	at org.springframework.security.web.ObservationFilterChainDecorator$VirtualFilterChain.doFilter(ObservationFilterChainDecorator.java:137)
	at org.springframework.web.filter.CorsFilter.doFilterInternal(CorsFilter.java:91)
	at org.springframework.web.filter.OncePerRequestFilter.doFilter(OncePerRequestFilter.java:116)
	at org.springframework.security.web.ObservationFilterChainDecorator$ObservationFilter.wrapFilter(ObservationFilterChainDecorator.java:240)
	at org.springframework.security.web.ObservationFilterChainDecorator$ObservationFilter.doFilter(ObservationFilterChainDecorator.java:227)
	at org.springframework.security.web.ObservationFilterChainDecorator$VirtualFilterChain.doFilter(ObservationFilterChainDecorator.java:137)
	at org.springframework.security.web.header.HeaderWriterFilter.doHeadersAfter(HeaderWriterFilter.java:90)
	at org.springframework.security.web.header.HeaderWriterFilter.doFilterInternal(HeaderWriterFilter.java:75)
	at org.springframework.web.filter.OncePerRequestFilter.doFilter(OncePerRequestFilter.java:116)
	at org.springframework.security.web.ObservationFilterChainDecorator$ObservationFilter.wrapFilter(ObservationFilterChainDecorator.java:240)
	at org.springframework.security.web.ObservationFilterChainDecorator$ObservationFilter.doFilter(ObservationFilterChainDecorator.java:227)
	at org.springframework.security.web.ObservationFilterChainDecorator$VirtualFilterChain.doFilter(ObservationFilterChainDecorator.java:137)
	at org.springframework.security.web.context.SecurityContextHolderFilter.doFilter(SecurityContextHolderFilter.java:82)
	at org.springframework.security.web.context.SecurityContextHolderFilter.doFilter(SecurityContextHolderFilter.java:69)
	at org.springframework.security.web.ObservationFilterChainDecorator$ObservationFilter.wrapFilter(ObservationFilterChainDecorator.java:240)
	at org.springframework.security.web.ObservationFilterChainDecorator$ObservationFilter.doFilter(ObservationFilterChainDecorator.java:227)
	at org.springframework.security.web.ObservationFilterChainDecorator$VirtualFilterChain.doFilter(ObservationFilterChainDecorator.java:137)
	at org.springframework.security.web.context.request.async.WebAsyncManagerIntegrationFilter.doFilterInternal(WebAsyncManagerIntegrationFilter.java:62)
	at org.springframework.web.filter.OncePerRequestFilter.doFilter(OncePerRequestFilter.java:116)
	at org.springframework.security.web.ObservationFilterChainDecorator$ObservationFilter.wrapFilter(ObservationFilterChainDecorator.java:240)
	at org.springframework.security.web.ObservationFilterChainDecorator$ObservationFilter.doFilter(ObservationFilterChainDecorator.java:227)
	at org.springframework.security.web.ObservationFilterChainDecorator$VirtualFilterChain.doFilter(ObservationFilterChainDecorator.java:137)
	at org.springframework.security.web.session.DisableEncodeUrlFilter.doFilterInternal(DisableEncodeUrlFilter.java:42)
	at org.springframework.web.filter.OncePerRequestFilter.doFilter(OncePerRequestFilter.java:116)
	at org.springframework.security.web.ObservationFilterChainDecorator$ObservationFilter.wrapFilter(ObservationFilterChainDecorator.java:240)
	at org.springframework.security.web.ObservationFilterChainDecorator$AroundFilterObservation$SimpleAroundFilterObservation.lambda$wrap$0(ObservationFilterChainDecorator.java:323)
	at org.springframework.security.web.ObservationFilterChainDecorator$ObservationFilter.doFilter(ObservationFilterChainDecorator.java:224)
	at org.springframework.security.web.ObservationFilterChainDecorator$VirtualFilterChain.doFilter(ObservationFilterChainDecorator.java:137)
	at org.springframework.security.web.FilterChainProxy.doFilterInternal(FilterChainProxy.java:233)
	at org.springframework.security.web.FilterChainProxy.doFilter(FilterChainProxy.java:191)
	at org.springframework.web.filter.CompositeFilter$VirtualFilterChain.doFilter(CompositeFilter.java:113)
	at org.springframework.web.servlet.handler.HandlerMappingIntrospector.lambda$createCacheFilter$3(HandlerMappingIntrospector.java:195)
	at org.springframework.web.filter.CompositeFilter$VirtualFilterChain.doFilter(CompositeFilter.java:113)
	at org.springframework.web.filter.CompositeFilter.doFilter(CompositeFilter.java:74)
	at org.springframework.security.config.annotation.web.configuration.WebMvcSecurityConfiguration$CompositeFilterChainProxy.doFilter(WebMvcSecurityConfiguration.java:230)
	at org.springframework.web.filter.DelegatingFilterProxy.invokeDelegate(DelegatingFilterProxy.java:352)
	at org.springframework.web.filter.DelegatingFilterProxy.doFilter(DelegatingFilterProxy.java:268)
	at org.apache.catalina.core.ApplicationFilterChain.internalDoFilter(ApplicationFilterChain.java:174)
	at org.apache.catalina.core.ApplicationFilterChain.doFilter(ApplicationFilterChain.java:149)
	at org.springframework.web.filter.RequestContextFilter.doFilterInternal(RequestContextFilter.java:100)
	at org.springframework.web.filter.OncePerRequestFilter.doFilter(OncePerRequestFilter.java:116)
	at org.apache.catalina.core.ApplicationFilterChain.internalDoFilter(ApplicationFilterChain.java:174)
	at org.apache.catalina.core.ApplicationFilterChain.doFilter(ApplicationFilterChain.java:149)
	at org.springframework.web.filter.FormContentFilter.doFilterInternal(FormContentFilter.java:93)
	at org.springframework.web.filter.OncePerRequestFilter.doFilter(OncePerRequestFilter.java:116)
	at org.apache.catalina.core.ApplicationFilterChain.internalDoFilter(ApplicationFilterChain.java:174)
	at org.apache.catalina.core.ApplicationFilterChain.doFilter(ApplicationFilterChain.java:149)
	at org.springframework.web.filter.ServerHttpObservationFilter.doFilterInternal(ServerHttpObservationFilter.java:109)
	at org.springframework.web.filter.OncePerRequestFilter.doFilter(OncePerRequestFilter.java:116)
	at org.apache.catalina.core.ApplicationFilterChain.internalDoFilter(ApplicationFilterChain.java:174)
	at org.apache.catalina.core.ApplicationFilterChain.doFilter(ApplicationFilterChain.java:149)
	at org.springframework.web.filter.CharacterEncodingFilter.doFilterInternal(CharacterEncodingFilter.java:201)
	at org.springframework.web.filter.OncePerRequestFilter.doFilter(OncePerRequestFilter.java:116)
	at org.apache.catalina.core.ApplicationFilterChain.internalDoFilter(ApplicationFilterChain.java:174)
	at org.apache.catalina.core.ApplicationFilterChain.doFilter(ApplicationFilterChain.java:149)
	at org.apache.catalina.core.StandardWrapperValve.invoke(StandardWrapperValve.java:167)
	at org.apache.catalina.core.StandardContextValve.invoke(StandardContextValve.java:90)
	at org.apache.catalina.authenticator.AuthenticatorBase.invoke(AuthenticatorBase.java:482)
	at org.apache.catalina.core.StandardHostValve.invoke(StandardHostValve.java:115)
	at org.apache.catalina.valves.ErrorReportValve.invoke(ErrorReportValve.java:93)
	at org.apache.catalina.core.StandardEngineValve.invoke(StandardEngineValve.java:74)
	at org.apache.catalina.connector.CoyoteAdapter.service(CoyoteAdapter.java:344)
	at org.apache.coyote.http11.Http11Processor.service(Http11Processor.java:391)
	at org.apache.coyote.AbstractProcessorLight.process(AbstractProcessorLight.java:63)
	at org.apache.coyote.AbstractProtocol$ConnectionHandler.process(AbstractProtocol.java:896)
	at org.apache.tomcat.util.net.NioEndpoint$SocketProcessor.doRun(NioEndpoint.java:1744)
	at org.apache.tomcat.util.net.SocketProcessorBase.run(SocketProcessorBase.java:52)
	at org.apache.tomcat.util.threads.ThreadPoolExecutor.runWorker(ThreadPoolExecutor.java:1191)
	at org.apache.tomcat.util.threads.ThreadPoolExecutor$Worker.run(ThreadPoolExecutor.java:659)
	at org.apache.tomcat.util.threads.TaskThread$WrappingRunnable.run(TaskThread.java:63)
	at java.base/java.lang.Thread.run(Thread.java:1583)
2026-03-14 00:12:50.471 [http-nio-8080-exec-4] INFO  c.e.u.controller.AuthController - Login request for: kishorenanda518@gmail.com
2026-03-14 00:12:50.473 [http-nio-8080-exec-4] INFO  c.e.u.service.UserServiceImpl - Login attempt for: kishorenanda518@gmail.com
2026-03-14 00:12:50.475 [http-nio-8080-exec-4] DEBUG org.hibernate.SQL - 
    select
        u1_0.id,
        u1_0.created_at,
        u1_0.email,
        u1_0.email_verified,
        u1_0.last_login_at,
        u1_0.password_hash,
        u1_0.phone,
        u1_0.status,
        u1_0.updated_at,
        u1_0.username,
        u1_0.version 
    from
        users u1_0 
    where
        u1_0.username=? 
        or u1_0.email=?
2026-03-14 00:12:50.477 [http-nio-8080-exec-4] DEBUG org.hibernate.SQL - 
    select
        up1_0.id,
        up1_0.bio,
        up1_0.created_at,
        up1_0.date_of_birth,
        up1_0.first_name,
        up1_0.gender,
        up1_0.last_name,
        up1_0.profile_picture_url,
        up1_0.updated_at,
        up1_0.user_id 
    from
        user_profiles up1_0 
    where
        up1_0.user_id=?
2026-03-14 00:12:50.480 [http-nio-8080-exec-4] DEBUG org.hibernate.SQL - 
    select
        r1_0.user_id,
        r1_1.id,
        r1_1.description,
        r1_1.name 
    from
        user_roles r1_0 
    join
        roles r1_1 
            on r1_1.id=r1_0.role_id 
    where
        r1_0.user_id=?
2026-03-14 00:12:50.707 [http-nio-8080-exec-4] ERROR c.e.u.e.GlobalExceptionHandler - Unexpected error [/api/v1/auth/login]: Decode argument cannot be null.
java.lang.IllegalArgumentException: Decode argument cannot be null.
	at io.jsonwebtoken.lang.Assert.notNull(Assert.java:82)
	at io.jsonwebtoken.io.ExceptionPropagatingDecoder.decode(ExceptionPropagatingDecoder.java:34)
	at com.ecommerce.user_service.security.JwtUtil.getSigningKey(JwtUtil.java:25)
	at com.ecommerce.user_service.security.JwtUtil.generateAccessToken(JwtUtil.java:42)
	at com.ecommerce.user_service.service.UserServiceImpl.login(UserServiceImpl.java:261)
	at java.base/jdk.internal.reflect.DirectMethodHandleAccessor.invoke(DirectMethodHandleAccessor.java:103)
	at java.base/java.lang.reflect.Method.invoke(Method.java:580)
	at org.springframework.aop.support.AopUtils.invokeJoinpointUsingReflection(AopUtils.java:351)
	at org.springframework.aop.framework.ReflectiveMethodInvocation.invokeJoinpoint(ReflectiveMethodInvocation.java:196)
	at org.springframework.aop.framework.ReflectiveMethodInvocation.proceed(ReflectiveMethodInvocation.java:163)
	at org.springframework.aop.framework.CglibAopProxy$CglibMethodInvocation.proceed(CglibAopProxy.java:765)
	at org.springframework.transaction.interceptor.TransactionInterceptor$1.proceedWithInvocation(TransactionInterceptor.java:123)
	at org.springframework.transaction.interceptor.TransactionAspectSupport.invokeWithinTransaction(TransactionAspectSupport.java:385)
	at org.springframework.transaction.interceptor.TransactionInterceptor.invoke(TransactionInterceptor.java:119)
	at org.springframework.aop.framework.ReflectiveMethodInvocation.proceed(ReflectiveMethodInvocation.java:184)
	at org.springframework.aop.framework.CglibAopProxy$CglibMethodInvocation.proceed(CglibAopProxy.java:765)
	at org.springframework.aop.framework.CglibAopProxy$DynamicAdvisedInterceptor.intercept(CglibAopProxy.java:717)
	at com.ecommerce.user_service.service.UserServiceImpl$$SpringCGLIB$$0.login(<generated>)
	at com.ecommerce.user_service.controller.AuthController.login(AuthController.java:83)
	at java.base/jdk.internal.reflect.DirectMethodHandleAccessor.invoke(DirectMethodHandleAccessor.java:103)
	at java.base/java.lang.reflect.Method.invoke(Method.java:580)
	at org.springframework.web.method.support.InvocableHandlerMethod.doInvoke(InvocableHandlerMethod.java:259)
	at org.springframework.web.method.support.InvocableHandlerMethod.invokeForRequest(InvocableHandlerMethod.java:192)
	at org.springframework.web.servlet.mvc.method.annotation.ServletInvocableHandlerMethod.invokeAndHandle(ServletInvocableHandlerMethod.java:118)
	at org.springframework.web.servlet.mvc.method.annotation.RequestMappingHandlerAdapter.invokeHandlerMethod(RequestMappingHandlerAdapter.java:920)
	at org.springframework.web.servlet.mvc.method.annotation.RequestMappingHandlerAdapter.handleInternal(RequestMappingHandlerAdapter.java:830)
	at org.springframework.web.servlet.mvc.method.AbstractHandlerMethodAdapter.handle(AbstractHandlerMethodAdapter.java:87)
	at org.springframework.web.servlet.DispatcherServlet.doDispatch(DispatcherServlet.java:1089)
	at org.springframework.web.servlet.DispatcherServlet.doService(DispatcherServlet.java:979)
	at org.springframework.web.servlet.FrameworkServlet.processRequest(FrameworkServlet.java:1014)
	at org.springframework.web.servlet.FrameworkServlet.doPost(FrameworkServlet.java:914)
	at jakarta.servlet.http.HttpServlet.service(HttpServlet.java:590)
	at org.springframework.web.servlet.FrameworkServlet.service(FrameworkServlet.java:885)
	at jakarta.servlet.http.HttpServlet.service(HttpServlet.java:658)
	at org.apache.catalina.core.ApplicationFilterChain.internalDoFilter(ApplicationFilterChain.java:205)
	at org.apache.catalina.core.ApplicationFilterChain.doFilter(ApplicationFilterChain.java:149)
	at org.apache.tomcat.websocket.server.WsFilter.doFilter(WsFilter.java:51)
	at org.apache.catalina.core.ApplicationFilterChain.internalDoFilter(ApplicationFilterChain.java:174)
	at org.apache.catalina.core.ApplicationFilterChain.doFilter(ApplicationFilterChain.java:149)
	at org.springframework.web.filter.OncePerRequestFilter.doFilter(OncePerRequestFilter.java:101)
	at org.apache.catalina.core.ApplicationFilterChain.internalDoFilter(ApplicationFilterChain.java:174)
	at org.apache.catalina.core.ApplicationFilterChain.doFilter(ApplicationFilterChain.java:149)
	at org.springframework.web.filter.CompositeFilter$VirtualFilterChain.doFilter(CompositeFilter.java:108)
	at org.springframework.security.web.FilterChainProxy.lambda$doFilterInternal$3(FilterChainProxy.java:231)
	at org.springframework.security.web.ObservationFilterChainDecorator$FilterObservation$SimpleFilterObservation.lambda$wrap$1(ObservationFilterChainDecorator.java:479)
	at org.springframework.security.web.ObservationFilterChainDecorator$AroundFilterObservation$SimpleAroundFilterObservation.lambda$wrap$1(ObservationFilterChainDecorator.java:340)
	at org.springframework.security.web.ObservationFilterChainDecorator.lambda$wrapSecured$0(ObservationFilterChainDecorator.java:82)
	at org.springframework.security.web.ObservationFilterChainDecorator$VirtualFilterChain.doFilter(ObservationFilterChainDecorator.java:128)
	at org.springframework.security.web.access.intercept.AuthorizationFilter.doFilter(AuthorizationFilter.java:100)
	at org.springframework.security.web.ObservationFilterChainDecorator$ObservationFilter.wrapFilter(ObservationFilterChainDecorator.java:240)
	at org.springframework.security.web.ObservationFilterChainDecorator$ObservationFilter.doFilter(ObservationFilterChainDecorator.java:227)
	at org.springframework.security.web.ObservationFilterChainDecorator$VirtualFilterChain.doFilter(ObservationFilterChainDecorator.java:137)
	at org.springframework.security.web.access.ExceptionTranslationFilter.doFilter(ExceptionTranslationFilter.java:126)
	at org.springframework.security.web.access.ExceptionTranslationFilter.doFilter(ExceptionTranslationFilter.java:120)
	at org.springframework.security.web.ObservationFilterChainDecorator$ObservationFilter.wrapFilter(ObservationFilterChainDecorator.java:240)
	at org.springframework.security.web.ObservationFilterChainDecorator$ObservationFilter.doFilter(ObservationFilterChainDecorator.java:227)
	at org.springframework.security.web.ObservationFilterChainDecorator$VirtualFilterChain.doFilter(ObservationFilterChainDecorator.java:137)
	at org.springframework.security.web.session.SessionManagementFilter.doFilter(SessionManagementFilter.java:131)
	at org.springframework.security.web.session.SessionManagementFilter.doFilter(SessionManagementFilter.java:85)
	at org.springframework.security.web.ObservationFilterChainDecorator$ObservationFilter.wrapFilter(ObservationFilterChainDecorator.java:240)
	at org.springframework.security.web.ObservationFilterChainDecorator$ObservationFilter.doFilter(ObservationFilterChainDecorator.java:227)
	at org.springframework.security.web.ObservationFilterChainDecorator$VirtualFilterChain.doFilter(ObservationFilterChainDecorator.java:137)
	at org.springframework.security.web.authentication.AnonymousAuthenticationFilter.doFilter(AnonymousAuthenticationFilter.java:100)
	at org.springframework.security.web.ObservationFilterChainDecorator$ObservationFilter.wrapFilter(ObservationFilterChainDecorator.java:240)
	at org.springframework.security.web.ObservationFilterChainDecorator$ObservationFilter.doFilter(ObservationFilterChainDecorator.java:227)
	at org.springframework.security.web.ObservationFilterChainDecorator$VirtualFilterChain.doFilter(ObservationFilterChainDecorator.java:137)
	at org.springframework.security.web.servletapi.SecurityContextHolderAwareRequestFilter.doFilter(SecurityContextHolderAwareRequestFilter.java:179)
	at org.springframework.security.web.ObservationFilterChainDecorator$ObservationFilter.wrapFilter(ObservationFilterChainDecorator.java:240)
	at org.springframework.security.web.ObservationFilterChainDecorator$ObservationFilter.doFilter(ObservationFilterChainDecorator.java:227)
	at org.springframework.security.web.ObservationFilterChainDecorator$VirtualFilterChain.doFilter(ObservationFilterChainDecorator.java:137)
	at org.springframework.security.web.savedrequest.RequestCacheAwareFilter.doFilter(RequestCacheAwareFilter.java:63)
	at org.springframework.security.web.ObservationFilterChainDecorator$ObservationFilter.wrapFilter(ObservationFilterChainDecorator.java:240)
	at org.springframework.security.web.ObservationFilterChainDecorator$ObservationFilter.doFilter(ObservationFilterChainDecorator.java:227)
	at org.springframework.security.web.ObservationFilterChainDecorator$VirtualFilterChain.doFilter(ObservationFilterChainDecorator.java:137)
	at org.springframework.web.filter.OncePerRequestFilter.doFilter(OncePerRequestFilter.java:101)
	at org.springframework.security.web.ObservationFilterChainDecorator$ObservationFilter.wrapFilter(ObservationFilterChainDecorator.java:240)
	at org.springframework.security.web.ObservationFilterChainDecorator$ObservationFilter.doFilter(ObservationFilterChainDecorator.java:227)
	at org.springframework.security.web.ObservationFilterChainDecorator$VirtualFilterChain.doFilter(ObservationFilterChainDecorator.java:137)
	at org.springframework.security.web.authentication.logout.LogoutFilter.doFilter(LogoutFilter.java:107)
	at org.springframework.security.web.authentication.logout.LogoutFilter.doFilter(LogoutFilter.java:93)
	at org.springframework.security.web.ObservationFilterChainDecorator$ObservationFilter.wrapFilter(ObservationFilterChainDecorator.java:240)
	at org.springframework.security.web.ObservationFilterChainDecorator$ObservationFilter.doFilter(ObservationFilterChainDecorator.java:227)
	at org.springframework.security.web.ObservationFilterChainDecorator$VirtualFilterChain.doFilter(ObservationFilterChainDecorator.java:137)
	at org.springframework.web.filter.CorsFilter.doFilterInternal(CorsFilter.java:91)
	at org.springframework.web.filter.OncePerRequestFilter.doFilter(OncePerRequestFilter.java:116)
	at org.springframework.security.web.ObservationFilterChainDecorator$ObservationFilter.wrapFilter(ObservationFilterChainDecorator.java:240)
	at org.springframework.security.web.ObservationFilterChainDecorator$ObservationFilter.doFilter(ObservationFilterChainDecorator.java:227)
	at org.springframework.security.web.ObservationFilterChainDecorator$VirtualFilterChain.doFilter(ObservationFilterChainDecorator.java:137)
	at org.springframework.security.web.header.HeaderWriterFilter.doHeadersAfter(HeaderWriterFilter.java:90)
	at org.springframework.security.web.header.HeaderWriterFilter.doFilterInternal(HeaderWriterFilter.java:75)
	at org.springframework.web.filter.OncePerRequestFilter.doFilter(OncePerRequestFilter.java:116)
	at org.springframework.security.web.ObservationFilterChainDecorator$ObservationFilter.wrapFilter(ObservationFilterChainDecorator.java:240)
	at org.springframework.security.web.ObservationFilterChainDecorator$ObservationFilter.doFilter(ObservationFilterChainDecorator.java:227)
	at org.springframework.security.web.ObservationFilterChainDecorator$VirtualFilterChain.doFilter(ObservationFilterChainDecorator.java:137)
	at org.springframework.security.web.context.SecurityContextHolderFilter.doFilter(SecurityContextHolderFilter.java:82)
	at org.springframework.security.web.context.SecurityContextHolderFilter.doFilter(SecurityContextHolderFilter.java:69)
	at org.springframework.security.web.ObservationFilterChainDecorator$ObservationFilter.wrapFilter(ObservationFilterChainDecorator.java:240)
	at org.springframework.security.web.ObservationFilterChainDecorator$ObservationFilter.doFilter(ObservationFilterChainDecorator.java:227)
	at org.springframework.security.web.ObservationFilterChainDecorator$VirtualFilterChain.doFilter(ObservationFilterChainDecorator.java:137)
	at org.springframework.security.web.context.request.async.WebAsyncManagerIntegrationFilter.doFilterInternal(WebAsyncManagerIntegrationFilter.java:62)
	at org.springframework.web.filter.OncePerRequestFilter.doFilter(OncePerRequestFilter.java:116)
	at org.springframework.security.web.ObservationFilterChainDecorator$ObservationFilter.wrapFilter(ObservationFilterChainDecorator.java:240)
	at org.springframework.security.web.ObservationFilterChainDecorator$ObservationFilter.doFilter(ObservationFilterChainDecorator.java:227)
	at org.springframework.security.web.ObservationFilterChainDecorator$VirtualFilterChain.doFilter(ObservationFilterChainDecorator.java:137)
	at org.springframework.security.web.session.DisableEncodeUrlFilter.doFilterInternal(DisableEncodeUrlFilter.java:42)
	at org.springframework.web.filter.OncePerRequestFilter.doFilter(OncePerRequestFilter.java:116)
	at org.springframework.security.web.ObservationFilterChainDecorator$ObservationFilter.wrapFilter(ObservationFilterChainDecorator.java:240)
	at org.springframework.security.web.ObservationFilterChainDecorator$AroundFilterObservation$SimpleAroundFilterObservation.lambda$wrap$0(ObservationFilterChainDecorator.java:323)
	at org.springframework.security.web.ObservationFilterChainDecorator$ObservationFilter.doFilter(ObservationFilterChainDecorator.java:224)
	at org.springframework.security.web.ObservationFilterChainDecorator$VirtualFilterChain.doFilter(ObservationFilterChainDecorator.java:137)
	at org.springframework.security.web.FilterChainProxy.doFilterInternal(FilterChainProxy.java:233)
	at org.springframework.security.web.FilterChainProxy.doFilter(FilterChainProxy.java:191)
	at org.springframework.web.filter.CompositeFilter$VirtualFilterChain.doFilter(CompositeFilter.java:113)
	at org.springframework.web.servlet.handler.HandlerMappingIntrospector.lambda$createCacheFilter$3(HandlerMappingIntrospector.java:195)
	at org.springframework.web.filter.CompositeFilter$VirtualFilterChain.doFilter(CompositeFilter.java:113)
	at org.springframework.web.filter.CompositeFilter.doFilter(CompositeFilter.java:74)
	at org.springframework.security.config.annotation.web.configuration.WebMvcSecurityConfiguration$CompositeFilterChainProxy.doFilter(WebMvcSecurityConfiguration.java:230)
	at org.springframework.web.filter.DelegatingFilterProxy.invokeDelegate(DelegatingFilterProxy.java:352)
	at org.springframework.web.filter.DelegatingFilterProxy.doFilter(DelegatingFilterProxy.java:268)
	at org.apache.catalina.core.ApplicationFilterChain.internalDoFilter(ApplicationFilterChain.java:174)
	at org.apache.catalina.core.ApplicationFilterChain.doFilter(ApplicationFilterChain.java:149)
	at org.springframework.web.filter.RequestContextFilter.doFilterInternal(RequestContextFilter.java:100)
	at org.springframework.web.filter.OncePerRequestFilter.doFilter(OncePerRequestFilter.java:116)
	at org.apache.catalina.core.ApplicationFilterChain.internalDoFilter(ApplicationFilterChain.java:174)
	at org.apache.catalina.core.ApplicationFilterChain.doFilter(ApplicationFilterChain.java:149)
	at org.springframework.web.filter.FormContentFilter.doFilterInternal(FormContentFilter.java:93)
	at org.springframework.web.filter.OncePerRequestFilter.doFilter(OncePerRequestFilter.java:116)
	at org.apache.catalina.core.ApplicationFilterChain.internalDoFilter(ApplicationFilterChain.java:174)
	at org.apache.catalina.core.ApplicationFilterChain.doFilter(ApplicationFilterChain.java:149)
	at org.springframework.web.filter.ServerHttpObservationFilter.doFilterInternal(ServerHttpObservationFilter.java:109)
	at org.springframework.web.filter.OncePerRequestFilter.doFilter(OncePerRequestFilter.java:116)
	at org.apache.catalina.core.ApplicationFilterChain.internalDoFilter(ApplicationFilterChain.java:174)
	at org.apache.catalina.core.ApplicationFilterChain.doFilter(ApplicationFilterChain.java:149)
	at org.springframework.web.filter.CharacterEncodingFilter.doFilterInternal(CharacterEncodingFilter.java:201)
	at org.springframework.web.filter.OncePerRequestFilter.doFilter(OncePerRequestFilter.java:116)
	at org.apache.catalina.core.ApplicationFilterChain.internalDoFilter(ApplicationFilterChain.java:174)
	at org.apache.catalina.core.ApplicationFilterChain.doFilter(ApplicationFilterChain.java:149)
	at org.apache.catalina.core.StandardWrapperValve.invoke(StandardWrapperValve.java:167)
	at org.apache.catalina.core.StandardContextValve.invoke(StandardContextValve.java:90)
	at org.apache.catalina.authenticator.AuthenticatorBase.invoke(AuthenticatorBase.java:482)
	at org.apache.catalina.core.StandardHostValve.invoke(StandardHostValve.java:115)
	at org.apache.catalina.valves.ErrorReportValve.invoke(ErrorReportValve.java:93)
	at org.apache.catalina.core.StandardEngineValve.invoke(StandardEngineValve.java:74)
	at org.apache.catalina.connector.CoyoteAdapter.service(CoyoteAdapter.java:344)
	at org.apache.coyote.http11.Http11Processor.service(Http11Processor.java:391)
	at org.apache.coyote.AbstractProcessorLight.process(AbstractProcessorLight.java:63)
	at org.apache.coyote.AbstractProtocol$ConnectionHandler.process(AbstractProtocol.java:896)
	at org.apache.tomcat.util.net.NioEndpoint$SocketProcessor.doRun(NioEndpoint.java:1744)
	at org.apache.tomcat.util.net.SocketProcessorBase.run(SocketProcessorBase.java:52)
	at org.apache.tomcat.util.threads.ThreadPoolExecutor.runWorker(ThreadPoolExecutor.java:1191)
	at org.apache.tomcat.util.threads.ThreadPoolExecutor$Worker.run(ThreadPoolExecutor.java:659)
	at org.apache.tomcat.util.threads.TaskThread$WrappingRunnable.run(TaskThread.java:63)
	at java.base/java.lang.Thread.run(Thread.java:1583)
2026-03-14 00:13:00.755 [http-nio-8080-exec-6] INFO  c.e.u.controller.AuthController - Login request for: kishorenanda518@gmail.com
2026-03-14 00:13:00.757 [http-nio-8080-exec-6] INFO  c.e.u.service.UserServiceImpl - Login attempt for: kishorenanda518@gmail.com
2026-03-14 00:13:00.759 [http-nio-8080-exec-6] DEBUG org.hibernate.SQL - 
    select
        u1_0.id,
        u1_0.created_at,
        u1_0.email,
        u1_0.email_verified,
        u1_0.last_login_at,
        u1_0.password_hash,
        u1_0.phone,
        u1_0.status,
        u1_0.updated_at,
        u1_0.username,
        u1_0.version 
    from
        users u1_0 
    where
        u1_0.username=? 
        or u1_0.email=?
2026-03-14 00:13:00.762 [http-nio-8080-exec-6] DEBUG org.hibernate.SQL - 
    select
        up1_0.id,
        up1_0.bio,
        up1_0.created_at,
        up1_0.date_of_birth,
        up1_0.first_name,
        up1_0.gender,
        up1_0.last_name,
        up1_0.profile_picture_url,
        up1_0.updated_at,
        up1_0.user_id 
    from
        user_profiles up1_0 
    where
        up1_0.user_id=?
2026-03-14 00:13:00.766 [http-nio-8080-exec-6] DEBUG org.hibernate.SQL - 
    select
        r1_0.user_id,
        r1_1.id,
        r1_1.description,
        r1_1.name 
    from
        user_roles r1_0 
    join
        roles r1_1 
            on r1_1.id=r1_0.role_id 
    where
        r1_0.user_id=?
2026-03-14 00:13:00.991 [http-nio-8080-exec-6] ERROR c.e.u.e.GlobalExceptionHandler - Unexpected error [/api/v1/auth/login]: Decode argument cannot be null.
java.lang.IllegalArgumentException: Decode argument cannot be null.
	at io.jsonwebtoken.lang.Assert.notNull(Assert.java:82)
	at io.jsonwebtoken.io.ExceptionPropagatingDecoder.decode(ExceptionPropagatingDecoder.java:34)
	at com.ecommerce.user_service.security.JwtUtil.getSigningKey(JwtUtil.java:25)
	at com.ecommerce.user_service.security.JwtUtil.generateAccessToken(JwtUtil.java:42)
	at com.ecommerce.user_service.service.UserServiceImpl.login(UserServiceImpl.java:261)
	at java.base/jdk.internal.reflect.DirectMethodHandleAccessor.invoke(DirectMethodHandleAccessor.java:103)
	at java.base/java.lang.reflect.Method.invoke(Method.java:580)
	at org.springframework.aop.support.AopUtils.invokeJoinpointUsingReflection(AopUtils.java:351)
	at org.springframework.aop.framework.ReflectiveMethodInvocation.invokeJoinpoint(ReflectiveMethodInvocation.java:196)
	at org.springframework.aop.framework.ReflectiveMethodInvocation.proceed(ReflectiveMethodInvocation.java:163)
	at org.springframework.aop.framework.CglibAopProxy$CglibMethodInvocation.proceed(CglibAopProxy.java:765)
	at org.springframework.transaction.interceptor.TransactionInterceptor$1.proceedWithInvocation(TransactionInterceptor.java:123)
	at org.springframework.transaction.interceptor.TransactionAspectSupport.invokeWithinTransaction(TransactionAspectSupport.java:385)
	at org.springframework.transaction.interceptor.TransactionInterceptor.invoke(TransactionInterceptor.java:119)
	at org.springframework.aop.framework.ReflectiveMethodInvocation.proceed(ReflectiveMethodInvocation.java:184)
	at org.springframework.aop.framework.CglibAopProxy$CglibMethodInvocation.proceed(CglibAopProxy.java:765)
	at org.springframework.aop.framework.CglibAopProxy$DynamicAdvisedInterceptor.intercept(CglibAopProxy.java:717)
	at com.ecommerce.user_service.service.UserServiceImpl$$SpringCGLIB$$0.login(<generated>)
	at com.ecommerce.user_service.controller.AuthController.login(AuthController.java:83)
	at java.base/jdk.internal.reflect.DirectMethodHandleAccessor.invoke(DirectMethodHandleAccessor.java:103)
	at java.base/java.lang.reflect.Method.invoke(Method.java:580)
	at org.springframework.web.method.support.InvocableHandlerMethod.doInvoke(InvocableHandlerMethod.java:259)
	at org.springframework.web.method.support.InvocableHandlerMethod.invokeForRequest(InvocableHandlerMethod.java:192)
	at org.springframework.web.servlet.mvc.method.annotation.ServletInvocableHandlerMethod.invokeAndHandle(ServletInvocableHandlerMethod.java:118)
	at org.springframework.web.servlet.mvc.method.annotation.RequestMappingHandlerAdapter.invokeHandlerMethod(RequestMappingHandlerAdapter.java:920)
	at org.springframework.web.servlet.mvc.method.annotation.RequestMappingHandlerAdapter.handleInternal(RequestMappingHandlerAdapter.java:830)
	at org.springframework.web.servlet.mvc.method.AbstractHandlerMethodAdapter.handle(AbstractHandlerMethodAdapter.java:87)
	at org.springframework.web.servlet.DispatcherServlet.doDispatch(DispatcherServlet.java:1089)
	at org.springframework.web.servlet.DispatcherServlet.doService(DispatcherServlet.java:979)
	at org.springframework.web.servlet.FrameworkServlet.processRequest(FrameworkServlet.java:1014)
	at org.springframework.web.servlet.FrameworkServlet.doPost(FrameworkServlet.java:914)
	at jakarta.servlet.http.HttpServlet.service(HttpServlet.java:590)
	at org.springframework.web.servlet.FrameworkServlet.service(FrameworkServlet.java:885)
	at jakarta.servlet.http.HttpServlet.service(HttpServlet.java:658)
	at org.apache.catalina.core.ApplicationFilterChain.internalDoFilter(ApplicationFilterChain.java:205)
	at org.apache.catalina.core.ApplicationFilterChain.doFilter(ApplicationFilterChain.java:149)
	at org.apache.tomcat.websocket.server.WsFilter.doFilter(WsFilter.java:51)
	at org.apache.catalina.core.ApplicationFilterChain.internalDoFilter(ApplicationFilterChain.java:174)
	at org.apache.catalina.core.ApplicationFilterChain.doFilter(ApplicationFilterChain.java:149)
	at org.springframework.web.filter.OncePerRequestFilter.doFilter(OncePerRequestFilter.java:101)
	at org.apache.catalina.core.ApplicationFilterChain.internalDoFilter(ApplicationFilterChain.java:174)
	at org.apache.catalina.core.ApplicationFilterChain.doFilter(ApplicationFilterChain.java:149)
	at org.springframework.web.filter.CompositeFilter$VirtualFilterChain.doFilter(CompositeFilter.java:108)
	at org.springframework.security.web.FilterChainProxy.lambda$doFilterInternal$3(FilterChainProxy.java:231)
	at org.springframework.security.web.ObservationFilterChainDecorator$FilterObservation$SimpleFilterObservation.lambda$wrap$1(ObservationFilterChainDecorator.java:479)
	at org.springframework.security.web.ObservationFilterChainDecorator$AroundFilterObservation$SimpleAroundFilterObservation.lambda$wrap$1(ObservationFilterChainDecorator.java:340)
	at org.springframework.security.web.ObservationFilterChainDecorator.lambda$wrapSecured$0(ObservationFilterChainDecorator.java:82)
	at org.springframework.security.web.ObservationFilterChainDecorator$VirtualFilterChain.doFilter(ObservationFilterChainDecorator.java:128)
	at org.springframework.security.web.access.intercept.AuthorizationFilter.doFilter(AuthorizationFilter.java:100)
	at org.springframework.security.web.ObservationFilterChainDecorator$ObservationFilter.wrapFilter(ObservationFilterChainDecorator.java:240)
	at org.springframework.security.web.ObservationFilterChainDecorator$ObservationFilter.doFilter(ObservationFilterChainDecorator.java:227)
	at org.springframework.security.web.ObservationFilterChainDecorator$VirtualFilterChain.doFilter(ObservationFilterChainDecorator.java:137)
	at org.springframework.security.web.access.ExceptionTranslationFilter.doFilter(ExceptionTranslationFilter.java:126)
	at org.springframework.security.web.access.ExceptionTranslationFilter.doFilter(ExceptionTranslationFilter.java:120)
	at org.springframework.security.web.ObservationFilterChainDecorator$ObservationFilter.wrapFilter(ObservationFilterChainDecorator.java:240)
	at org.springframework.security.web.ObservationFilterChainDecorator$ObservationFilter.doFilter(ObservationFilterChainDecorator.java:227)
	at org.springframework.security.web.ObservationFilterChainDecorator$VirtualFilterChain.doFilter(ObservationFilterChainDecorator.java:137)
	at org.springframework.security.web.session.SessionManagementFilter.doFilter(SessionManagementFilter.java:131)
	at org.springframework.security.web.session.SessionManagementFilter.doFilter(SessionManagementFilter.java:85)
	at org.springframework.security.web.ObservationFilterChainDecorator$ObservationFilter.wrapFilter(ObservationFilterChainDecorator.java:240)
	at org.springframework.security.web.ObservationFilterChainDecorator$ObservationFilter.doFilter(ObservationFilterChainDecorator.java:227)
	at org.springframework.security.web.ObservationFilterChainDecorator$VirtualFilterChain.doFilter(ObservationFilterChainDecorator.java:137)
	at org.springframework.security.web.authentication.AnonymousAuthenticationFilter.doFilter(AnonymousAuthenticationFilter.java:100)
	at org.springframework.security.web.ObservationFilterChainDecorator$ObservationFilter.wrapFilter(ObservationFilterChainDecorator.java:240)
	at org.springframework.security.web.ObservationFilterChainDecorator$ObservationFilter.doFilter(ObservationFilterChainDecorator.java:227)
	at org.springframework.security.web.ObservationFilterChainDecorator$VirtualFilterChain.doFilter(ObservationFilterChainDecorator.java:137)
	at org.springframework.security.web.servletapi.SecurityContextHolderAwareRequestFilter.doFilter(SecurityContextHolderAwareRequestFilter.java:179)
	at org.springframework.security.web.ObservationFilterChainDecorator$ObservationFilter.wrapFilter(ObservationFilterChainDecorator.java:240)
	at org.springframework.security.web.ObservationFilterChainDecorator$ObservationFilter.doFilter(ObservationFilterChainDecorator.java:227)
	at org.springframework.security.web.ObservationFilterChainDecorator$VirtualFilterChain.doFilter(ObservationFilterChainDecorator.java:137)
	at org.springframework.security.web.savedrequest.RequestCacheAwareFilter.doFilter(RequestCacheAwareFilter.java:63)
	at org.springframework.security.web.ObservationFilterChainDecorator$ObservationFilter.wrapFilter(ObservationFilterChainDecorator.java:240)
	at org.springframework.security.web.ObservationFilterChainDecorator$ObservationFilter.doFilter(ObservationFilterChainDecorator.java:227)
	at org.springframework.security.web.ObservationFilterChainDecorator$VirtualFilterChain.doFilter(ObservationFilterChainDecorator.java:137)
	at org.springframework.web.filter.OncePerRequestFilter.doFilter(OncePerRequestFilter.java:101)
	at org.springframework.security.web.ObservationFilterChainDecorator$ObservationFilter.wrapFilter(ObservationFilterChainDecorator.java:240)
	at org.springframework.security.web.ObservationFilterChainDecorator$ObservationFilter.doFilter(ObservationFilterChainDecorator.java:227)
	at org.springframework.security.web.ObservationFilterChainDecorator$VirtualFilterChain.doFilter(ObservationFilterChainDecorator.java:137)
	at org.springframework.security.web.authentication.logout.LogoutFilter.doFilter(LogoutFilter.java:107)
	at org.springframework.security.web.authentication.logout.LogoutFilter.doFilter(LogoutFilter.java:93)
	at org.springframework.security.web.ObservationFilterChainDecorator$ObservationFilter.wrapFilter(ObservationFilterChainDecorator.java:240)
	at org.springframework.security.web.ObservationFilterChainDecorator$ObservationFilter.doFilter(ObservationFilterChainDecorator.java:227)
	at org.springframework.security.web.ObservationFilterChainDecorator$VirtualFilterChain.doFilter(ObservationFilterChainDecorator.java:137)
	at org.springframework.web.filter.CorsFilter.doFilterInternal(CorsFilter.java:91)
	at org.springframework.web.filter.OncePerRequestFilter.doFilter(OncePerRequestFilter.java:116)
	at org.springframework.security.web.ObservationFilterChainDecorator$ObservationFilter.wrapFilter(ObservationFilterChainDecorator.java:240)
	at org.springframework.security.web.ObservationFilterChainDecorator$ObservationFilter.doFilter(ObservationFilterChainDecorator.java:227)
	at org.springframework.security.web.ObservationFilterChainDecorator$VirtualFilterChain.doFilter(ObservationFilterChainDecorator.java:137)
	at org.springframework.security.web.header.HeaderWriterFilter.doHeadersAfter(HeaderWriterFilter.java:90)
	at org.springframework.security.web.header.HeaderWriterFilter.doFilterInternal(HeaderWriterFilter.java:75)
	at org.springframework.web.filter.OncePerRequestFilter.doFilter(OncePerRequestFilter.java:116)
	at org.springframework.security.web.ObservationFilterChainDecorator$ObservationFilter.wrapFilter(ObservationFilterChainDecorator.java:240)
	at org.springframework.security.web.ObservationFilterChainDecorator$ObservationFilter.doFilter(ObservationFilterChainDecorator.java:227)
	at org.springframework.security.web.ObservationFilterChainDecorator$VirtualFilterChain.doFilter(ObservationFilterChainDecorator.java:137)
	at org.springframework.security.web.context.SecurityContextHolderFilter.doFilter(SecurityContextHolderFilter.java:82)
	at org.springframework.security.web.context.SecurityContextHolderFilter.doFilter(SecurityContextHolderFilter.java:69)
	at org.springframework.security.web.ObservationFilterChainDecorator$ObservationFilter.wrapFilter(ObservationFilterChainDecorator.java:240)
	at org.springframework.security.web.ObservationFilterChainDecorator$ObservationFilter.doFilter(ObservationFilterChainDecorator.java:227)
	at org.springframework.security.web.ObservationFilterChainDecorator$VirtualFilterChain.doFilter(ObservationFilterChainDecorator.java:137)
	at org.springframework.security.web.context.request.async.WebAsyncManagerIntegrationFilter.doFilterInternal(WebAsyncManagerIntegrationFilter.java:62)
	at org.springframework.web.filter.OncePerRequestFilter.doFilter(OncePerRequestFilter.java:116)
	at org.springframework.security.web.ObservationFilterChainDecorator$ObservationFilter.wrapFilter(ObservationFilterChainDecorator.java:240)
	at org.springframework.security.web.ObservationFilterChainDecorator$ObservationFilter.doFilter(ObservationFilterChainDecorator.java:227)
	at org.springframework.security.web.ObservationFilterChainDecorator$VirtualFilterChain.doFilter(ObservationFilterChainDecorator.java:137)
	at org.springframework.security.web.session.DisableEncodeUrlFilter.doFilterInternal(DisableEncodeUrlFilter.java:42)
	at org.springframework.web.filter.OncePerRequestFilter.doFilter(OncePerRequestFilter.java:116)
	at org.springframework.security.web.ObservationFilterChainDecorator$ObservationFilter.wrapFilter(ObservationFilterChainDecorator.java:240)
	at org.springframework.security.web.ObservationFilterChainDecorator$AroundFilterObservation$SimpleAroundFilterObservation.lambda$wrap$0(ObservationFilterChainDecorator.java:323)
	at org.springframework.security.web.ObservationFilterChainDecorator$ObservationFilter.doFilter(ObservationFilterChainDecorator.java:224)
	at org.springframework.security.web.ObservationFilterChainDecorator$VirtualFilterChain.doFilter(ObservationFilterChainDecorator.java:137)
	at org.springframework.security.web.FilterChainProxy.doFilterInternal(FilterChainProxy.java:233)
	at org.springframework.security.web.FilterChainProxy.doFilter(FilterChainProxy.java:191)
	at org.springframework.web.filter.CompositeFilter$VirtualFilterChain.doFilter(CompositeFilter.java:113)
	at org.springframework.web.servlet.handler.HandlerMappingIntrospector.lambda$createCacheFilter$3(HandlerMappingIntrospector.java:195)
	at org.springframework.web.filter.CompositeFilter$VirtualFilterChain.doFilter(CompositeFilter.java:113)
	at org.springframework.web.filter.CompositeFilter.doFilter(CompositeFilter.java:74)
	at org.springframework.security.config.annotation.web.configuration.WebMvcSecurityConfiguration$CompositeFilterChainProxy.doFilter(WebMvcSecurityConfiguration.java:230)
	at org.springframework.web.filter.DelegatingFilterProxy.invokeDelegate(DelegatingFilterProxy.java:352)
	at org.springframework.web.filter.DelegatingFilterProxy.doFilter(DelegatingFilterProxy.java:268)
	at org.apache.catalina.core.ApplicationFilterChain.internalDoFilter(ApplicationFilterChain.java:174)
	at org.apache.catalina.core.ApplicationFilterChain.doFilter(ApplicationFilterChain.java:149)
	at org.springframework.web.filter.RequestContextFilter.doFilterInternal(RequestContextFilter.java:100)
	at org.springframework.web.filter.OncePerRequestFilter.doFilter(OncePerRequestFilter.java:116)
	at org.apache.catalina.core.ApplicationFilterChain.internalDoFilter(ApplicationFilterChain.java:174)
	at org.apache.catalina.core.ApplicationFilterChain.doFilter(ApplicationFilterChain.java:149)
	at org.springframework.web.filter.FormContentFilter.doFilterInternal(FormContentFilter.java:93)
	at org.springframework.web.filter.OncePerRequestFilter.doFilter(OncePerRequestFilter.java:116)
	at org.apache.catalina.core.ApplicationFilterChain.internalDoFilter(ApplicationFilterChain.java:174)
	at org.apache.catalina.core.ApplicationFilterChain.doFilter(ApplicationFilterChain.java:149)
	at org.springframework.web.filter.ServerHttpObservationFilter.doFilterInternal(ServerHttpObservationFilter.java:109)
	at org.springframework.web.filter.OncePerRequestFilter.doFilter(OncePerRequestFilter.java:116)
	at org.apache.catalina.core.ApplicationFilterChain.internalDoFilter(ApplicationFilterChain.java:174)
	at org.apache.catalina.core.ApplicationFilterChain.doFilter(ApplicationFilterChain.java:149)
	at org.springframework.web.filter.CharacterEncodingFilter.doFilterInternal(CharacterEncodingFilter.java:201)
	at org.springframework.web.filter.OncePerRequestFilter.doFilter(OncePerRequestFilter.java:116)
	at org.apache.catalina.core.ApplicationFilterChain.internalDoFilter(ApplicationFilterChain.java:174)
	at org.apache.catalina.core.ApplicationFilterChain.doFilter(ApplicationFilterChain.java:149)
	at org.apache.catalina.core.StandardWrapperValve.invoke(StandardWrapperValve.java:167)
	at org.apache.catalina.core.StandardContextValve.invoke(StandardContextValve.java:90)
	at org.apache.catalina.authenticator.AuthenticatorBase.invoke(AuthenticatorBase.java:482)
	at org.apache.catalina.core.StandardHostValve.invoke(StandardHostValve.java:115)
	at org.apache.catalina.valves.ErrorReportValve.invoke(ErrorReportValve.java:93)
	at org.apache.catalina.core.StandardEngineValve.invoke(StandardEngineValve.java:74)
	at org.apache.catalina.connector.CoyoteAdapter.service(CoyoteAdapter.java:344)
	at org.apache.coyote.http11.Http11Processor.service(Http11Processor.java:391)
	at org.apache.coyote.AbstractProcessorLight.process(AbstractProcessorLight.java:63)
	at org.apache.coyote.AbstractProtocol$ConnectionHandler.process(AbstractProtocol.java:896)
	at org.apache.tomcat.util.net.NioEndpoint$SocketProcessor.doRun(NioEndpoint.java:1744)
	at org.apache.tomcat.util.net.SocketProcessorBase.run(SocketProcessorBase.java:52)
	at org.apache.tomcat.util.threads.ThreadPoolExecutor.runWorker(ThreadPoolExecutor.java:1191)
	at org.apache.tomcat.util.threads.ThreadPoolExecutor$Worker.run(ThreadPoolExecutor.java:659)
	at org.apache.tomcat.util.threads.TaskThread$WrappingRunnable.run(TaskThread.java:63)
	at java.base/java.lang.Thread.run(Thread.java:1583)
2026-03-14 00:15:11.886 [SpringApplicationShutdownHook] INFO  o.s.o.j.LocalContainerEntityManagerFactoryBean - Closing JPA EntityManagerFactory for persistence unit 'default'
2026-03-14 00:15:11.889 [SpringApplicationShutdownHook] INFO  com.zaxxer.hikari.HikariDataSource - UserServicePool - Shutdown initiated...
2026-03-14 00:15:11.896 [SpringApplicationShutdownHook] INFO  com.zaxxer.hikari.HikariDataSource - UserServicePool - Shutdown completed.
2026-03-14 00:15:14.733 [background-preinit] INFO  o.h.validator.internal.util.Version - HV000001: Hibernate Validator 8.0.1.Final
2026-03-14 00:15:14.780 [main] INFO  c.e.u.UserServiceApplication - Starting UserServiceApplication using Java 21.0.2 with PID 19316 (F:\Ecommerce Production Level Application\user-service\target\classes started by nanda royality in F:\Ecommerce Production Level Application\user-service)
2026-03-14 00:15:14.780 [main] DEBUG c.e.u.UserServiceApplication - Running with Spring Boot v3.2.3, Spring v6.1.4
2026-03-14 00:15:14.781 [main] INFO  c.e.u.UserServiceApplication - No active profile set, falling back to 1 default profile: "default"
2026-03-14 00:15:16.397 [main] INFO  o.s.d.r.c.RepositoryConfigurationDelegate - Multiple Spring Data modules found, entering strict repository configuration mode
2026-03-14 00:15:16.398 [main] INFO  o.s.d.r.c.RepositoryConfigurationDelegate - Bootstrapping Spring Data JPA repositories in DEFAULT mode.
2026-03-14 00:15:16.530 [main] INFO  o.s.d.r.c.RepositoryConfigurationDelegate - Finished Spring Data repository scanning in 127 ms. Found 5 JPA repository interfaces.
2026-03-14 00:15:16.532 [main] INFO  o.s.d.r.c.RepositoryConfigurationDelegate - Multiple Spring Data modules found, entering strict repository configuration mode
2026-03-14 00:15:16.532 [main] INFO  o.s.d.r.c.RepositoryConfigurationDelegate - Bootstrapping Spring Data Redis repositories in DEFAULT mode.
2026-03-14 00:15:16.540 [main] INFO  o.s.d.r.c.RepositoryConfigurationDelegate - Finished Spring Data repository scanning in 0 ms. Found 0 Redis repository interfaces.
2026-03-14 00:15:18.132 [main] INFO  o.s.b.w.e.tomcat.TomcatWebServer - Tomcat initialized with port 8081 (http)
2026-03-14 00:15:18.147 [main] INFO  o.a.coyote.http11.Http11NioProtocol - Initializing ProtocolHandler ["http-nio-8081"]
2026-03-14 00:15:18.151 [main] INFO  o.a.catalina.core.StandardService - Starting service [Tomcat]
2026-03-14 00:15:18.152 [main] INFO  o.a.catalina.core.StandardEngine - Starting Servlet engine: [Apache Tomcat/10.1.19]
2026-03-14 00:15:18.260 [main] INFO  o.a.c.c.C.[Tomcat].[localhost].[/] - Initializing Spring embedded WebApplicationContext
2026-03-14 00:15:18.260 [main] INFO  o.s.b.w.s.c.ServletWebServerApplicationContext - Root WebApplicationContext: initialization completed in 3399 ms
2026-03-14 00:15:18.536 [main] DEBUG c.e.u.s.JwtAuthenticationFilter - Filter 'jwtAuthenticationFilter' configured for use
2026-03-14 00:15:18.663 [main] INFO  com.zaxxer.hikari.HikariDataSource - UserServicePool - Starting...
2026-03-14 00:15:18.947 [main] INFO  com.zaxxer.hikari.pool.HikariPool - UserServicePool - Added connection com.mysql.cj.jdbc.ConnectionImpl@565a6af
2026-03-14 00:15:18.950 [main] INFO  com.zaxxer.hikari.HikariDataSource - UserServicePool - Start completed.
2026-03-14 00:15:19.075 [main] INFO  o.f.c.i.license.VersionPrinter - Flyway Community Edition 9.22.3 by Redgate
2026-03-14 00:15:19.075 [main] INFO  o.f.c.i.license.VersionPrinter - See release notes here: https://rd.gt/416ObMi
2026-03-14 00:15:19.075 [main] INFO  o.f.c.i.license.VersionPrinter - 
2026-03-14 00:15:19.098 [main] INFO  org.flywaydb.core.FlywayExecutor - Database: jdbc:mysql://localhost:3306/user_db (MySQL 8.0)
2026-03-14 00:15:19.145 [main] INFO  o.f.core.internal.command.DbValidate - Successfully validated 0 migrations (execution time 00:00.022s)
2026-03-14 00:15:19.145 [main] WARN  o.f.core.internal.command.DbValidate - No migrations found. Are your locations set up correctly?
2026-03-14 00:15:19.166 [main] INFO  o.f.core.internal.command.DbMigrate - Current version of schema `user_db`: << Empty Schema >>
2026-03-14 00:15:19.177 [main] INFO  o.f.core.internal.command.DbMigrate - Schema `user_db` is up to date. No migration necessary.
2026-03-14 00:15:19.323 [main] INFO  o.h.jpa.internal.util.LogHelper - HHH000204: Processing PersistenceUnitInfo [name: default]
2026-03-14 00:15:19.419 [main] INFO  org.hibernate.Version - HHH000412: Hibernate ORM core version 6.4.4.Final
2026-03-14 00:15:19.471 [main] INFO  o.h.c.i.RegionFactoryInitiator - HHH000026: Second-level cache disabled
2026-03-14 00:15:19.768 [main] INFO  o.s.o.j.p.SpringPersistenceUnitInfo - No LoadTimeWeaver setup: ignoring JPA class transformer
2026-03-14 00:15:19.837 [main] WARN  org.hibernate.orm.deprecation - HHH90000025: MySQLDialect does not need to be specified explicitly using 'hibernate.dialect' (remove the property setting and it will be selected by default)
2026-03-14 00:15:20.976 [main] INFO  o.h.e.t.j.p.i.JtaPlatformInitiator - HHH000489: No JTA platform available (set 'hibernate.transaction.jta.platform' to enable JTA platform integration)
2026-03-14 00:15:21.057 [main] INFO  o.s.o.j.LocalContainerEntityManagerFactoryBean - Initialized JPA EntityManagerFactory for persistence unit 'default'
2026-03-14 00:15:21.464 [main] INFO  o.s.d.j.r.query.QueryEnhancerFactory - Hibernate is in classpath; If applicable, HQL parser will be used.
2026-03-14 00:15:23.796 [main] INFO  o.s.b.a.e.web.EndpointLinksResolver - Exposing 1 endpoint(s) beneath base path '/actuator'
2026-03-14 00:15:23.916 [main] INFO  o.s.s.web.DefaultSecurityFilterChain - Will secure any request with [org.springframework.security.web.session.DisableEncodeUrlFilter@276d957f, org.springframework.security.web.context.request.async.WebAsyncManagerIntegrationFilter@183a593f, org.springframework.security.web.context.SecurityContextHolderFilter@6e79cc31, org.springframework.security.web.header.HeaderWriterFilter@2ed34811, org.springframework.web.filter.CorsFilter@19d118d5, org.springframework.security.web.authentication.logout.LogoutFilter@4a4d59c1, com.ecommerce.user_service.security.JwtAuthenticationFilter@4627dfda, org.springframework.security.web.savedrequest.RequestCacheAwareFilter@1fd0f9dd, org.springframework.security.web.servletapi.SecurityContextHolderAwareRequestFilter@5cd549ae, org.springframework.security.web.authentication.AnonymousAuthenticationFilter@79dba8fc, org.springframework.security.web.session.SessionManagementFilter@66589578, org.springframework.security.web.access.ExceptionTranslationFilter@654fdde2, org.springframework.security.web.access.intercept.AuthorizationFilter@399fd2ab]
2026-03-14 00:15:24.967 [main] INFO  o.a.k.c.admin.AdminClientConfig - AdminClientConfig values: 
	auto.include.jmx.reporter = true
	bootstrap.servers = [localhost:9092]
	client.dns.lookup = use_all_dns_ips
	client.id = 
	connections.max.idle.ms = 300000
	default.api.timeout.ms = 60000
	metadata.max.age.ms = 300000
	metric.reporters = []
	metrics.num.samples = 2
	metrics.recording.level = INFO
	metrics.sample.window.ms = 30000
	receive.buffer.bytes = 65536
	reconnect.backoff.max.ms = 1000
	reconnect.backoff.ms = 50
	request.timeout.ms = 30000
	retries = 2147483647
	retry.backoff.ms = 100
	sasl.client.callback.handler.class = null
	sasl.jaas.config = null
	sasl.kerberos.kinit.cmd = /usr/bin/kinit
	sasl.kerberos.min.time.before.relogin = 60000
	sasl.kerberos.service.name = null
	sasl.kerberos.ticket.renew.jitter = 0.05
	sasl.kerberos.ticket.renew.window.factor = 0.8
	sasl.login.callback.handler.class = null
	sasl.login.class = null
	sasl.login.connect.timeout.ms = null
	sasl.login.read.timeout.ms = null
	sasl.login.refresh.buffer.seconds = 300
	sasl.login.refresh.min.period.seconds = 60
	sasl.login.refresh.window.factor = 0.8
	sasl.login.refresh.window.jitter = 0.05
	sasl.login.retry.backoff.max.ms = 10000
	sasl.login.retry.backoff.ms = 100
	sasl.mechanism = GSSAPI
	sasl.oauthbearer.clock.skew.seconds = 30
	sasl.oauthbearer.expected.audience = null
	sasl.oauthbearer.expected.issuer = null
	sasl.oauthbearer.jwks.endpoint.refresh.ms = 3600000
	sasl.oauthbearer.jwks.endpoint.retry.backoff.max.ms = 10000
	sasl.oauthbearer.jwks.endpoint.retry.backoff.ms = 100
	sasl.oauthbearer.jwks.endpoint.url = null
	sasl.oauthbearer.scope.claim.name = scope
	sasl.oauthbearer.sub.claim.name = sub
	sasl.oauthbearer.token.endpoint.url = null
	security.protocol = PLAINTEXT
	security.providers = null
	send.buffer.bytes = 131072
	socket.connection.setup.timeout.max.ms = 30000
	socket.connection.setup.timeout.ms = 10000
	ssl.cipher.suites = null
	ssl.enabled.protocols = [TLSv1.2, TLSv1.3]
	ssl.endpoint.identification.algorithm = https
	ssl.engine.factory.class = null
	ssl.key.password = null
	ssl.keymanager.algorithm = SunX509
	ssl.keystore.certificate.chain = null
	ssl.keystore.key = null
	ssl.keystore.location = null
	ssl.keystore.password = null
	ssl.keystore.type = JKS
	ssl.protocol = TLSv1.3
	ssl.provider = null
	ssl.secure.random.implementation = null
	ssl.trustmanager.algorithm = PKIX
	ssl.truststore.certificates = null
	ssl.truststore.location = null
	ssl.truststore.password = null
	ssl.truststore.type = JKS

2026-03-14 00:15:25.185 [main] INFO  o.a.kafka.common.utils.AppInfoParser - Kafka version: 3.6.1
2026-03-14 00:15:25.185 [main] INFO  o.a.kafka.common.utils.AppInfoParser - Kafka commitId: 5e3c2b738d253ff5
2026-03-14 00:15:25.186 [main] INFO  o.a.kafka.common.utils.AppInfoParser - Kafka startTimeMs: 1773427525183
2026-03-14 00:15:25.848 [kafka-admin-client-thread | adminclient-1] INFO  o.a.kafka.common.utils.AppInfoParser - App info kafka.admin.client for adminclient-1 unregistered
2026-03-14 00:15:26.181 [kafka-admin-client-thread | adminclient-1] INFO  o.a.kafka.common.metrics.Metrics - Metrics scheduler closed
2026-03-14 00:15:26.181 [kafka-admin-client-thread | adminclient-1] INFO  o.a.kafka.common.metrics.Metrics - Closing reporter org.apache.kafka.common.metrics.JmxReporter
2026-03-14 00:15:26.181 [kafka-admin-client-thread | adminclient-1] INFO  o.a.kafka.common.metrics.Metrics - Metrics reporters closed
2026-03-14 00:15:26.186 [main] INFO  o.a.coyote.http11.Http11NioProtocol - Starting ProtocolHandler ["http-nio-8081"]
2026-03-14 00:15:26.204 [main] INFO  o.s.b.w.e.tomcat.TomcatWebServer - Tomcat started on port 8081 (http) with context path ''
2026-03-14 00:15:26.220 [main] INFO  c.e.u.UserServiceApplication - Started UserServiceApplication in 12.143 seconds (process running for 12.802)
2026-03-14 00:15:38.690 [http-nio-8081-exec-1] INFO  o.a.c.c.C.[Tomcat].[localhost].[/] - Initializing Spring DispatcherServlet 'dispatcherServlet'
2026-03-14 00:15:38.690 [http-nio-8081-exec-1] INFO  o.s.web.servlet.DispatcherServlet - Initializing Servlet 'dispatcherServlet'
2026-03-14 00:15:38.692 [http-nio-8081-exec-1] INFO  o.s.web.servlet.DispatcherServlet - Completed initialization in 2 ms
2026-03-14 00:15:39.451 [http-nio-8081-exec-4] INFO  o.s.api.AbstractOpenApiResource - Init duration for springdoc-openapi is: 511 ms
2026-03-14 00:15:59.832 [http-nio-8081-exec-5] INFO  c.e.u.controller.AuthController - Login request for: kishorenanda518@gmail.com
2026-03-14 00:15:59.840 [http-nio-8081-exec-5] INFO  c.e.u.service.UserServiceImpl - Login attempt for: kishorenanda518@gmail.com
2026-03-14 00:15:59.962 [http-nio-8081-exec-5] DEBUG org.hibernate.SQL - 
    select
        u1_0.id,
        u1_0.created_at,
        u1_0.email,
        u1_0.email_verified,
        u1_0.last_login_at,
        u1_0.password_hash,
        u1_0.phone,
        u1_0.status,
        u1_0.updated_at,
        u1_0.username,
        u1_0.version 
    from
        users u1_0 
    where
        u1_0.username=? 
        or u1_0.email=?
2026-03-14 00:15:59.979 [http-nio-8081-exec-5] DEBUG org.hibernate.SQL - 
    select
        up1_0.id,
        up1_0.bio,
        up1_0.created_at,
        up1_0.date_of_birth,
        up1_0.first_name,
        up1_0.gender,
        up1_0.last_name,
        up1_0.profile_picture_url,
        up1_0.updated_at,
        up1_0.user_id 
    from
        user_profiles up1_0 
    where
        up1_0.user_id=?
2026-03-14 00:15:59.993 [http-nio-8081-exec-5] DEBUG org.hibernate.SQL - 
    select
        r1_0.user_id,
        r1_1.id,
        r1_1.description,
        r1_1.name 
    from
        user_roles r1_0 
    join
        roles r1_1 
            on r1_1.id=r1_0.role_id 
    where
        r1_0.user_id=?
2026-03-14 00:16:00.702 [http-nio-8081-exec-5] DEBUG c.e.u.service.UserServiceImpl - Refresh token stored in Redis for userId: cad6f01a-2bfb-465e-8d5d-fd7bf8b52b63
2026-03-14 00:16:00.720 [http-nio-8081-exec-5] INFO  c.e.u.service.UserServiceImpl - Login successful for user: Nandakishore | id: cad6f01a-2bfb-465e-8d5d-fd7bf8b52b63
2026-03-14 00:16:00.743 [http-nio-8081-exec-5] DEBUG org.hibernate.SQL - 
    update
        users 
    set
        email=?,
        email_verified=?,
        last_login_at=?,
        password_hash=?,
        phone=?,
        status=?,
        updated_at=?,
        username=?,
        version=? 
    where
        id=? 
        and version=?
2026-03-14 00:18:43.621 [SpringApplicationShutdownHook] INFO  o.s.o.j.LocalContainerEntityManagerFactoryBean - Closing JPA EntityManagerFactory for persistence unit 'default'
2026-03-14 00:18:43.623 [SpringApplicationShutdownHook] INFO  com.zaxxer.hikari.HikariDataSource - UserServicePool - Shutdown initiated...
2026-03-14 00:18:43.631 [SpringApplicationShutdownHook] INFO  com.zaxxer.hikari.HikariDataSource - UserServicePool - Shutdown completed.
2026-03-14 00:18:45.969 [background-preinit] INFO  o.h.validator.internal.util.Version - HV000001: Hibernate Validator 8.0.1.Final
2026-03-14 00:18:46.016 [main] INFO  c.e.u.UserServiceApplication - Starting UserServiceApplication using Java 21.0.2 with PID 26784 (F:\Ecommerce Production Level Application\user-service\target\classes started by nanda royality in F:\Ecommerce Production Level Application\user-service)
2026-03-14 00:18:46.017 [main] DEBUG c.e.u.UserServiceApplication - Running with Spring Boot v3.2.3, Spring v6.1.4
2026-03-14 00:18:46.018 [main] INFO  c.e.u.UserServiceApplication - No active profile set, falling back to 1 default profile: "default"
2026-03-14 00:18:47.375 [main] INFO  o.s.d.r.c.RepositoryConfigurationDelegate - Multiple Spring Data modules found, entering strict repository configuration mode
2026-03-14 00:18:47.375 [main] INFO  o.s.d.r.c.RepositoryConfigurationDelegate - Bootstrapping Spring Data JPA repositories in DEFAULT mode.
2026-03-14 00:18:47.524 [main] INFO  o.s.d.r.c.RepositoryConfigurationDelegate - Finished Spring Data repository scanning in 141 ms. Found 5 JPA repository interfaces.
2026-03-14 00:18:47.527 [main] INFO  o.s.d.r.c.RepositoryConfigurationDelegate - Multiple Spring Data modules found, entering strict repository configuration mode
2026-03-14 00:18:47.528 [main] INFO  o.s.d.r.c.RepositoryConfigurationDelegate - Bootstrapping Spring Data Redis repositories in DEFAULT mode.
2026-03-14 00:18:47.540 [main] INFO  o.s.d.r.c.RepositoryConfigurationDelegate - Finished Spring Data repository scanning in 0 ms. Found 0 Redis repository interfaces.
2026-03-14 00:18:49.280 [main] INFO  o.s.b.w.e.tomcat.TomcatWebServer - Tomcat initialized with port 8081 (http)
2026-03-14 00:18:49.293 [main] INFO  o.a.coyote.http11.Http11NioProtocol - Initializing ProtocolHandler ["http-nio-8081"]
2026-03-14 00:18:49.296 [main] INFO  o.a.catalina.core.StandardService - Starting service [Tomcat]
2026-03-14 00:18:49.296 [main] INFO  o.a.catalina.core.StandardEngine - Starting Servlet engine: [Apache Tomcat/10.1.19]
2026-03-14 00:18:49.384 [main] INFO  o.a.c.c.C.[Tomcat].[localhost].[/] - Initializing Spring embedded WebApplicationContext
2026-03-14 00:18:49.386 [main] INFO  o.s.b.w.s.c.ServletWebServerApplicationContext - Root WebApplicationContext: initialization completed in 3302 ms
2026-03-14 00:18:49.692 [main] DEBUG c.e.u.s.JwtAuthenticationFilter - Filter 'jwtAuthenticationFilter' configured for use
2026-03-14 00:18:49.821 [main] INFO  com.zaxxer.hikari.HikariDataSource - UserServicePool - Starting...
2026-03-14 00:18:50.071 [main] INFO  com.zaxxer.hikari.pool.HikariPool - UserServicePool - Added connection com.mysql.cj.jdbc.ConnectionImpl@5b1420f9
2026-03-14 00:18:50.073 [main] INFO  com.zaxxer.hikari.HikariDataSource - UserServicePool - Start completed.
2026-03-14 00:18:50.194 [main] INFO  o.f.c.i.license.VersionPrinter - Flyway Community Edition 9.22.3 by Redgate
2026-03-14 00:18:50.195 [main] INFO  o.f.c.i.license.VersionPrinter - See release notes here: https://rd.gt/416ObMi
2026-03-14 00:18:50.195 [main] INFO  o.f.c.i.license.VersionPrinter - 
2026-03-14 00:18:50.216 [main] INFO  org.flywaydb.core.FlywayExecutor - Database: jdbc:mysql://localhost:3306/user_db (MySQL 8.0)
2026-03-14 00:18:50.252 [main] INFO  o.f.core.internal.command.DbValidate - Successfully validated 0 migrations (execution time 00:00.013s)
2026-03-14 00:18:50.253 [main] WARN  o.f.core.internal.command.DbValidate - No migrations found. Are your locations set up correctly?
2026-03-14 00:18:50.271 [main] INFO  o.f.core.internal.command.DbMigrate - Current version of schema `user_db`: << Empty Schema >>
2026-03-14 00:18:50.278 [main] INFO  o.f.core.internal.command.DbMigrate - Schema `user_db` is up to date. No migration necessary.
2026-03-14 00:18:50.437 [main] INFO  o.h.jpa.internal.util.LogHelper - HHH000204: Processing PersistenceUnitInfo [name: default]
2026-03-14 00:18:50.502 [main] INFO  org.hibernate.Version - HHH000412: Hibernate ORM core version 6.4.4.Final
2026-03-14 00:18:50.546 [main] INFO  o.h.c.i.RegionFactoryInitiator - HHH000026: Second-level cache disabled
2026-03-14 00:18:50.875 [main] INFO  o.s.o.j.p.SpringPersistenceUnitInfo - No LoadTimeWeaver setup: ignoring JPA class transformer
2026-03-14 00:18:50.954 [main] WARN  org.hibernate.orm.deprecation - HHH90000025: MySQLDialect does not need to be specified explicitly using 'hibernate.dialect' (remove the property setting and it will be selected by default)
2026-03-14 00:18:52.172 [main] INFO  o.h.e.t.j.p.i.JtaPlatformInitiator - HHH000489: No JTA platform available (set 'hibernate.transaction.jta.platform' to enable JTA platform integration)
2026-03-14 00:18:52.265 [main] INFO  o.s.o.j.LocalContainerEntityManagerFactoryBean - Initialized JPA EntityManagerFactory for persistence unit 'default'
2026-03-14 00:18:52.749 [main] INFO  o.s.d.j.r.query.QueryEnhancerFactory - Hibernate is in classpath; If applicable, HQL parser will be used.
2026-03-14 00:18:55.118 [main] INFO  o.s.b.a.e.web.EndpointLinksResolver - Exposing 1 endpoint(s) beneath base path '/actuator'
2026-03-14 00:18:55.267 [main] INFO  o.s.s.web.DefaultSecurityFilterChain - Will secure any request with [org.springframework.security.web.session.DisableEncodeUrlFilter@4f1a6259, org.springframework.security.web.context.request.async.WebAsyncManagerIntegrationFilter@548051d7, org.springframework.security.web.context.SecurityContextHolderFilter@5233d3e0, org.springframework.security.web.header.HeaderWriterFilter@2a1107a9, org.springframework.web.filter.CorsFilter@350cf434, org.springframework.security.web.authentication.logout.LogoutFilter@223f8c82, com.ecommerce.user_service.security.JwtAuthenticationFilter@71ee2fff, org.springframework.security.web.savedrequest.RequestCacheAwareFilter@43aa26a9, org.springframework.security.web.servletapi.SecurityContextHolderAwareRequestFilter@74d56a25, org.springframework.security.web.authentication.AnonymousAuthenticationFilter@51761e07, org.springframework.security.web.session.SessionManagementFilter@654fdde2, org.springframework.security.web.access.ExceptionTranslationFilter@8749c08, org.springframework.security.web.access.intercept.AuthorizationFilter@78c7928a]
2026-03-14 00:18:56.476 [main] INFO  o.a.k.c.admin.AdminClientConfig - AdminClientConfig values: 
	auto.include.jmx.reporter = true
	bootstrap.servers = [localhost:9092]
	client.dns.lookup = use_all_dns_ips
	client.id = 
	connections.max.idle.ms = 300000
	default.api.timeout.ms = 60000
	metadata.max.age.ms = 300000
	metric.reporters = []
	metrics.num.samples = 2
	metrics.recording.level = INFO
	metrics.sample.window.ms = 30000
	receive.buffer.bytes = 65536
	reconnect.backoff.max.ms = 1000
	reconnect.backoff.ms = 50
	request.timeout.ms = 30000
	retries = 2147483647
	retry.backoff.ms = 100
	sasl.client.callback.handler.class = null
	sasl.jaas.config = null
	sasl.kerberos.kinit.cmd = /usr/bin/kinit
	sasl.kerberos.min.time.before.relogin = 60000
	sasl.kerberos.service.name = null
	sasl.kerberos.ticket.renew.jitter = 0.05
	sasl.kerberos.ticket.renew.window.factor = 0.8
	sasl.login.callback.handler.class = null
	sasl.login.class = null
	sasl.login.connect.timeout.ms = null
	sasl.login.read.timeout.ms = null
	sasl.login.refresh.buffer.seconds = 300
	sasl.login.refresh.min.period.seconds = 60
	sasl.login.refresh.window.factor = 0.8
	sasl.login.refresh.window.jitter = 0.05
	sasl.login.retry.backoff.max.ms = 10000
	sasl.login.retry.backoff.ms = 100
	sasl.mechanism = GSSAPI
	sasl.oauthbearer.clock.skew.seconds = 30
	sasl.oauthbearer.expected.audience = null
	sasl.oauthbearer.expected.issuer = null
	sasl.oauthbearer.jwks.endpoint.refresh.ms = 3600000
	sasl.oauthbearer.jwks.endpoint.retry.backoff.max.ms = 10000
	sasl.oauthbearer.jwks.endpoint.retry.backoff.ms = 100
	sasl.oauthbearer.jwks.endpoint.url = null
	sasl.oauthbearer.scope.claim.name = scope
	sasl.oauthbearer.sub.claim.name = sub
	sasl.oauthbearer.token.endpoint.url = null
	security.protocol = PLAINTEXT
	security.providers = null
	send.buffer.bytes = 131072
	socket.connection.setup.timeout.max.ms = 30000
	socket.connection.setup.timeout.ms = 10000
	ssl.cipher.suites = null
	ssl.enabled.protocols = [TLSv1.2, TLSv1.3]
	ssl.endpoint.identification.algorithm = https
	ssl.engine.factory.class = null
	ssl.key.password = null
	ssl.keymanager.algorithm = SunX509
	ssl.keystore.certificate.chain = null
	ssl.keystore.key = null
	ssl.keystore.location = null
	ssl.keystore.password = null
	ssl.keystore.type = JKS
	ssl.protocol = TLSv1.3
	ssl.provider = null
	ssl.secure.random.implementation = null
	ssl.trustmanager.algorithm = PKIX
	ssl.truststore.certificates = null
	ssl.truststore.location = null
	ssl.truststore.password = null
	ssl.truststore.type = JKS

2026-03-14 00:18:56.687 [main] INFO  o.a.kafka.common.utils.AppInfoParser - Kafka version: 3.6.1
2026-03-14 00:18:56.687 [main] INFO  o.a.kafka.common.utils.AppInfoParser - Kafka commitId: 5e3c2b738d253ff5
2026-03-14 00:18:56.688 [main] INFO  o.a.kafka.common.utils.AppInfoParser - Kafka startTimeMs: 1773427736686
2026-03-14 00:18:57.222 [kafka-admin-client-thread | adminclient-1] INFO  o.a.kafka.common.utils.AppInfoParser - App info kafka.admin.client for adminclient-1 unregistered
2026-03-14 00:18:57.229 [kafka-admin-client-thread | adminclient-1] INFO  o.a.kafka.common.metrics.Metrics - Metrics scheduler closed
2026-03-14 00:18:57.229 [kafka-admin-client-thread | adminclient-1] INFO  o.a.kafka.common.metrics.Metrics - Closing reporter org.apache.kafka.common.metrics.JmxReporter
2026-03-14 00:18:57.229 [kafka-admin-client-thread | adminclient-1] INFO  o.a.kafka.common.metrics.Metrics - Metrics reporters closed
2026-03-14 00:18:57.242 [main] INFO  o.a.coyote.http11.Http11NioProtocol - Starting ProtocolHandler ["http-nio-8081"]
2026-03-14 00:18:57.266 [main] INFO  o.s.b.w.e.tomcat.TomcatWebServer - Tomcat started on port 8081 (http) with context path ''
2026-03-14 00:18:57.291 [main] INFO  c.e.u.UserServiceApplication - Started UserServiceApplication in 11.925 seconds (process running for 12.542)
2026-03-14 00:19:21.274 [http-nio-8081-exec-1] INFO  o.a.c.c.C.[Tomcat].[localhost].[/] - Initializing Spring DispatcherServlet 'dispatcherServlet'
2026-03-14 00:19:21.274 [http-nio-8081-exec-1] INFO  o.s.web.servlet.DispatcherServlet - Initializing Servlet 'dispatcherServlet'
2026-03-14 00:19:21.276 [http-nio-8081-exec-1] INFO  o.s.web.servlet.DispatcherServlet - Completed initialization in 2 ms
2026-03-14 00:19:21.497 [http-nio-8081-exec-1] INFO  c.e.u.controller.AuthController - Login request for: kishorenanda518@gmail.com
2026-03-14 00:19:21.510 [http-nio-8081-exec-1] INFO  c.e.u.service.UserServiceImpl - Login attempt for: kishorenanda518@gmail.com
2026-03-14 00:19:21.616 [http-nio-8081-exec-1] DEBUG org.hibernate.SQL - 
    select
        u1_0.id,
        u1_0.created_at,
        u1_0.email,
        u1_0.email_verified,
        u1_0.last_login_at,
        u1_0.password_hash,
        u1_0.phone,
        u1_0.status,
        u1_0.updated_at,
        u1_0.username,
        u1_0.version 
    from
        users u1_0 
    where
        u1_0.username=? 
        or u1_0.email=?
2026-03-14 00:19:21.638 [http-nio-8081-exec-1] DEBUG org.hibernate.SQL - 
    select
        up1_0.id,
        up1_0.bio,
        up1_0.created_at,
        up1_0.date_of_birth,
        up1_0.first_name,
        up1_0.gender,
        up1_0.last_name,
        up1_0.profile_picture_url,
        up1_0.updated_at,
        up1_0.user_id 
    from
        user_profiles up1_0 
    where
        up1_0.user_id=?
2026-03-14 00:19:21.658 [http-nio-8081-exec-1] DEBUG org.hibernate.SQL - 
    select
        r1_0.user_id,
        r1_1.id,
        r1_1.description,
        r1_1.name 
    from
        user_roles r1_0 
    join
        roles r1_1 
            on r1_1.id=r1_0.role_id 
    where
        r1_0.user_id=?
2026-03-14 00:19:21.946 [http-nio-8081-exec-1] ERROR c.e.u.e.GlobalExceptionHandler - Unexpected error [/api/v1/auth/login]: Decode argument cannot be null.
java.lang.IllegalArgumentException: Decode argument cannot be null.
	at io.jsonwebtoken.lang.Assert.notNull(Assert.java:82)
	at io.jsonwebtoken.io.ExceptionPropagatingDecoder.decode(ExceptionPropagatingDecoder.java:34)
	at com.ecommerce.user_service.security.JwtUtil.getSigningKey(JwtUtil.java:25)
	at com.ecommerce.user_service.security.JwtUtil.generateAccessToken(JwtUtil.java:42)
	at com.ecommerce.user_service.service.UserServiceImpl.login(UserServiceImpl.java:261)
	at java.base/jdk.internal.reflect.DirectMethodHandleAccessor.invoke(DirectMethodHandleAccessor.java:103)
	at java.base/java.lang.reflect.Method.invoke(Method.java:580)
	at org.springframework.aop.support.AopUtils.invokeJoinpointUsingReflection(AopUtils.java:351)
	at org.springframework.aop.framework.ReflectiveMethodInvocation.invokeJoinpoint(ReflectiveMethodInvocation.java:196)
	at org.springframework.aop.framework.ReflectiveMethodInvocation.proceed(ReflectiveMethodInvocation.java:163)
	at org.springframework.aop.framework.CglibAopProxy$CglibMethodInvocation.proceed(CglibAopProxy.java:765)
	at org.springframework.transaction.interceptor.TransactionInterceptor$1.proceedWithInvocation(TransactionInterceptor.java:123)
	at org.springframework.transaction.interceptor.TransactionAspectSupport.invokeWithinTransaction(TransactionAspectSupport.java:385)
	at org.springframework.transaction.interceptor.TransactionInterceptor.invoke(TransactionInterceptor.java:119)
	at org.springframework.aop.framework.ReflectiveMethodInvocation.proceed(ReflectiveMethodInvocation.java:184)
	at org.springframework.aop.framework.CglibAopProxy$CglibMethodInvocation.proceed(CglibAopProxy.java:765)
	at org.springframework.aop.framework.CglibAopProxy$DynamicAdvisedInterceptor.intercept(CglibAopProxy.java:717)
	at com.ecommerce.user_service.service.UserServiceImpl$$SpringCGLIB$$0.login(<generated>)
	at com.ecommerce.user_service.controller.AuthController.login(AuthController.java:83)
	at java.base/jdk.internal.reflect.DirectMethodHandleAccessor.invoke(DirectMethodHandleAccessor.java:103)
	at java.base/java.lang.reflect.Method.invoke(Method.java:580)
	at org.springframework.web.method.support.InvocableHandlerMethod.doInvoke(InvocableHandlerMethod.java:259)
	at org.springframework.web.method.support.InvocableHandlerMethod.invokeForRequest(InvocableHandlerMethod.java:192)
	at org.springframework.web.servlet.mvc.method.annotation.ServletInvocableHandlerMethod.invokeAndHandle(ServletInvocableHandlerMethod.java:118)
	at org.springframework.web.servlet.mvc.method.annotation.RequestMappingHandlerAdapter.invokeHandlerMethod(RequestMappingHandlerAdapter.java:920)
	at org.springframework.web.servlet.mvc.method.annotation.RequestMappingHandlerAdapter.handleInternal(RequestMappingHandlerAdapter.java:830)
	at org.springframework.web.servlet.mvc.method.AbstractHandlerMethodAdapter.handle(AbstractHandlerMethodAdapter.java:87)
	at org.springframework.web.servlet.DispatcherServlet.doDispatch(DispatcherServlet.java:1089)
	at org.springframework.web.servlet.DispatcherServlet.doService(DispatcherServlet.java:979)
	at org.springframework.web.servlet.FrameworkServlet.processRequest(FrameworkServlet.java:1014)
	at org.springframework.web.servlet.FrameworkServlet.doPost(FrameworkServlet.java:914)
	at jakarta.servlet.http.HttpServlet.service(HttpServlet.java:590)
	at org.springframework.web.servlet.FrameworkServlet.service(FrameworkServlet.java:885)
	at jakarta.servlet.http.HttpServlet.service(HttpServlet.java:658)
	at org.apache.catalina.core.ApplicationFilterChain.internalDoFilter(ApplicationFilterChain.java:205)
	at org.apache.catalina.core.ApplicationFilterChain.doFilter(ApplicationFilterChain.java:149)
	at org.apache.tomcat.websocket.server.WsFilter.doFilter(WsFilter.java:51)
	at org.apache.catalina.core.ApplicationFilterChain.internalDoFilter(ApplicationFilterChain.java:174)
	at org.apache.catalina.core.ApplicationFilterChain.doFilter(ApplicationFilterChain.java:149)
	at org.springframework.web.filter.OncePerRequestFilter.doFilter(OncePerRequestFilter.java:101)
	at org.apache.catalina.core.ApplicationFilterChain.internalDoFilter(ApplicationFilterChain.java:174)
	at org.apache.catalina.core.ApplicationFilterChain.doFilter(ApplicationFilterChain.java:149)
	at org.springframework.web.filter.CompositeFilter$VirtualFilterChain.doFilter(CompositeFilter.java:108)
	at org.springframework.security.web.FilterChainProxy.lambda$doFilterInternal$3(FilterChainProxy.java:231)
	at org.springframework.security.web.ObservationFilterChainDecorator$FilterObservation$SimpleFilterObservation.lambda$wrap$1(ObservationFilterChainDecorator.java:479)
	at org.springframework.security.web.ObservationFilterChainDecorator$AroundFilterObservation$SimpleAroundFilterObservation.lambda$wrap$1(ObservationFilterChainDecorator.java:340)
	at org.springframework.security.web.ObservationFilterChainDecorator.lambda$wrapSecured$0(ObservationFilterChainDecorator.java:82)
	at org.springframework.security.web.ObservationFilterChainDecorator$VirtualFilterChain.doFilter(ObservationFilterChainDecorator.java:128)
	at org.springframework.security.web.access.intercept.AuthorizationFilter.doFilter(AuthorizationFilter.java:100)
	at org.springframework.security.web.ObservationFilterChainDecorator$ObservationFilter.wrapFilter(ObservationFilterChainDecorator.java:240)
	at org.springframework.security.web.ObservationFilterChainDecorator$ObservationFilter.doFilter(ObservationFilterChainDecorator.java:227)
	at org.springframework.security.web.ObservationFilterChainDecorator$VirtualFilterChain.doFilter(ObservationFilterChainDecorator.java:137)
	at org.springframework.security.web.access.ExceptionTranslationFilter.doFilter(ExceptionTranslationFilter.java:126)
	at org.springframework.security.web.access.ExceptionTranslationFilter.doFilter(ExceptionTranslationFilter.java:120)
	at org.springframework.security.web.ObservationFilterChainDecorator$ObservationFilter.wrapFilter(ObservationFilterChainDecorator.java:240)
	at org.springframework.security.web.ObservationFilterChainDecorator$ObservationFilter.doFilter(ObservationFilterChainDecorator.java:227)
	at org.springframework.security.web.ObservationFilterChainDecorator$VirtualFilterChain.doFilter(ObservationFilterChainDecorator.java:137)
	at org.springframework.security.web.session.SessionManagementFilter.doFilter(SessionManagementFilter.java:131)
	at org.springframework.security.web.session.SessionManagementFilter.doFilter(SessionManagementFilter.java:85)
	at org.springframework.security.web.ObservationFilterChainDecorator$ObservationFilter.wrapFilter(ObservationFilterChainDecorator.java:240)
	at org.springframework.security.web.ObservationFilterChainDecorator$ObservationFilter.doFilter(ObservationFilterChainDecorator.java:227)
	at org.springframework.security.web.ObservationFilterChainDecorator$VirtualFilterChain.doFilter(ObservationFilterChainDecorator.java:137)
	at org.springframework.security.web.authentication.AnonymousAuthenticationFilter.doFilter(AnonymousAuthenticationFilter.java:100)
	at org.springframework.security.web.ObservationFilterChainDecorator$ObservationFilter.wrapFilter(ObservationFilterChainDecorator.java:240)
	at org.springframework.security.web.ObservationFilterChainDecorator$ObservationFilter.doFilter(ObservationFilterChainDecorator.java:227)
	at org.springframework.security.web.ObservationFilterChainDecorator$VirtualFilterChain.doFilter(ObservationFilterChainDecorator.java:137)
	at org.springframework.security.web.servletapi.SecurityContextHolderAwareRequestFilter.doFilter(SecurityContextHolderAwareRequestFilter.java:179)
	at org.springframework.security.web.ObservationFilterChainDecorator$ObservationFilter.wrapFilter(ObservationFilterChainDecorator.java:240)
	at org.springframework.security.web.ObservationFilterChainDecorator$ObservationFilter.doFilter(ObservationFilterChainDecorator.java:227)
	at org.springframework.security.web.ObservationFilterChainDecorator$VirtualFilterChain.doFilter(ObservationFilterChainDecorator.java:137)
	at org.springframework.security.web.savedrequest.RequestCacheAwareFilter.doFilter(RequestCacheAwareFilter.java:63)
	at org.springframework.security.web.ObservationFilterChainDecorator$ObservationFilter.wrapFilter(ObservationFilterChainDecorator.java:240)
	at org.springframework.security.web.ObservationFilterChainDecorator$ObservationFilter.doFilter(ObservationFilterChainDecorator.java:227)
	at org.springframework.security.web.ObservationFilterChainDecorator$VirtualFilterChain.doFilter(ObservationFilterChainDecorator.java:137)
	at org.springframework.web.filter.OncePerRequestFilter.doFilter(OncePerRequestFilter.java:101)
	at org.springframework.security.web.ObservationFilterChainDecorator$ObservationFilter.wrapFilter(ObservationFilterChainDecorator.java:240)
	at org.springframework.security.web.ObservationFilterChainDecorator$ObservationFilter.doFilter(ObservationFilterChainDecorator.java:227)
	at org.springframework.security.web.ObservationFilterChainDecorator$VirtualFilterChain.doFilter(ObservationFilterChainDecorator.java:137)
	at org.springframework.security.web.authentication.logout.LogoutFilter.doFilter(LogoutFilter.java:107)
	at org.springframework.security.web.authentication.logout.LogoutFilter.doFilter(LogoutFilter.java:93)
	at org.springframework.security.web.ObservationFilterChainDecorator$ObservationFilter.wrapFilter(ObservationFilterChainDecorator.java:240)
	at org.springframework.security.web.ObservationFilterChainDecorator$ObservationFilter.doFilter(ObservationFilterChainDecorator.java:227)
	at org.springframework.security.web.ObservationFilterChainDecorator$VirtualFilterChain.doFilter(ObservationFilterChainDecorator.java:137)
	at org.springframework.web.filter.CorsFilter.doFilterInternal(CorsFilter.java:91)
	at org.springframework.web.filter.OncePerRequestFilter.doFilter(OncePerRequestFilter.java:116)
	at org.springframework.security.web.ObservationFilterChainDecorator$ObservationFilter.wrapFilter(ObservationFilterChainDecorator.java:240)
	at org.springframework.security.web.ObservationFilterChainDecorator$ObservationFilter.doFilter(ObservationFilterChainDecorator.java:227)
	at org.springframework.security.web.ObservationFilterChainDecorator$VirtualFilterChain.doFilter(ObservationFilterChainDecorator.java:137)
	at org.springframework.security.web.header.HeaderWriterFilter.doHeadersAfter(HeaderWriterFilter.java:90)
	at org.springframework.security.web.header.HeaderWriterFilter.doFilterInternal(HeaderWriterFilter.java:75)
	at org.springframework.web.filter.OncePerRequestFilter.doFilter(OncePerRequestFilter.java:116)
	at org.springframework.security.web.ObservationFilterChainDecorator$ObservationFilter.wrapFilter(ObservationFilterChainDecorator.java:240)
	at org.springframework.security.web.ObservationFilterChainDecorator$ObservationFilter.doFilter(ObservationFilterChainDecorator.java:227)
	at org.springframework.security.web.ObservationFilterChainDecorator$VirtualFilterChain.doFilter(ObservationFilterChainDecorator.java:137)
	at org.springframework.security.web.context.SecurityContextHolderFilter.doFilter(SecurityContextHolderFilter.java:82)
	at org.springframework.security.web.context.SecurityContextHolderFilter.doFilter(SecurityContextHolderFilter.java:69)
	at org.springframework.security.web.ObservationFilterChainDecorator$ObservationFilter.wrapFilter(ObservationFilterChainDecorator.java:240)
	at org.springframework.security.web.ObservationFilterChainDecorator$ObservationFilter.doFilter(ObservationFilterChainDecorator.java:227)
	at org.springframework.security.web.ObservationFilterChainDecorator$VirtualFilterChain.doFilter(ObservationFilterChainDecorator.java:137)
	at org.springframework.security.web.context.request.async.WebAsyncManagerIntegrationFilter.doFilterInternal(WebAsyncManagerIntegrationFilter.java:62)
	at org.springframework.web.filter.OncePerRequestFilter.doFilter(OncePerRequestFilter.java:116)
	at org.springframework.security.web.ObservationFilterChainDecorator$ObservationFilter.wrapFilter(ObservationFilterChainDecorator.java:240)
	at org.springframework.security.web.ObservationFilterChainDecorator$ObservationFilter.doFilter(ObservationFilterChainDecorator.java:227)
	at org.springframework.security.web.ObservationFilterChainDecorator$VirtualFilterChain.doFilter(ObservationFilterChainDecorator.java:137)
	at org.springframework.security.web.session.DisableEncodeUrlFilter.doFilterInternal(DisableEncodeUrlFilter.java:42)
	at org.springframework.web.filter.OncePerRequestFilter.doFilter(OncePerRequestFilter.java:116)
	at org.springframework.security.web.ObservationFilterChainDecorator$ObservationFilter.wrapFilter(ObservationFilterChainDecorator.java:240)
	at org.springframework.security.web.ObservationFilterChainDecorator$AroundFilterObservation$SimpleAroundFilterObservation.lambda$wrap$0(ObservationFilterChainDecorator.java:323)
	at org.springframework.security.web.ObservationFilterChainDecorator$ObservationFilter.doFilter(ObservationFilterChainDecorator.java:224)
	at org.springframework.security.web.ObservationFilterChainDecorator$VirtualFilterChain.doFilter(ObservationFilterChainDecorator.java:137)
	at org.springframework.security.web.FilterChainProxy.doFilterInternal(FilterChainProxy.java:233)
	at org.springframework.security.web.FilterChainProxy.doFilter(FilterChainProxy.java:191)
	at org.springframework.web.filter.CompositeFilter$VirtualFilterChain.doFilter(CompositeFilter.java:113)
	at org.springframework.web.servlet.handler.HandlerMappingIntrospector.lambda$createCacheFilter$3(HandlerMappingIntrospector.java:195)
	at org.springframework.web.filter.CompositeFilter$VirtualFilterChain.doFilter(CompositeFilter.java:113)
	at org.springframework.web.filter.CompositeFilter.doFilter(CompositeFilter.java:74)
	at org.springframework.security.config.annotation.web.configuration.WebMvcSecurityConfiguration$CompositeFilterChainProxy.doFilter(WebMvcSecurityConfiguration.java:230)
	at org.springframework.web.filter.DelegatingFilterProxy.invokeDelegate(DelegatingFilterProxy.java:352)
	at org.springframework.web.filter.DelegatingFilterProxy.doFilter(DelegatingFilterProxy.java:268)
	at org.apache.catalina.core.ApplicationFilterChain.internalDoFilter(ApplicationFilterChain.java:174)
	at org.apache.catalina.core.ApplicationFilterChain.doFilter(ApplicationFilterChain.java:149)
	at org.springframework.web.filter.RequestContextFilter.doFilterInternal(RequestContextFilter.java:100)
	at org.springframework.web.filter.OncePerRequestFilter.doFilter(OncePerRequestFilter.java:116)
	at org.apache.catalina.core.ApplicationFilterChain.internalDoFilter(ApplicationFilterChain.java:174)
	at org.apache.catalina.core.ApplicationFilterChain.doFilter(ApplicationFilterChain.java:149)
	at org.springframework.web.filter.FormContentFilter.doFilterInternal(FormContentFilter.java:93)
	at org.springframework.web.filter.OncePerRequestFilter.doFilter(OncePerRequestFilter.java:116)
	at org.apache.catalina.core.ApplicationFilterChain.internalDoFilter(ApplicationFilterChain.java:174)
	at org.apache.catalina.core.ApplicationFilterChain.doFilter(ApplicationFilterChain.java:149)
	at org.springframework.web.filter.ServerHttpObservationFilter.doFilterInternal(ServerHttpObservationFilter.java:109)
	at org.springframework.web.filter.OncePerRequestFilter.doFilter(OncePerRequestFilter.java:116)
	at org.apache.catalina.core.ApplicationFilterChain.internalDoFilter(ApplicationFilterChain.java:174)
	at org.apache.catalina.core.ApplicationFilterChain.doFilter(ApplicationFilterChain.java:149)
	at org.springframework.web.filter.CharacterEncodingFilter.doFilterInternal(CharacterEncodingFilter.java:201)
	at org.springframework.web.filter.OncePerRequestFilter.doFilter(OncePerRequestFilter.java:116)
	at org.apache.catalina.core.ApplicationFilterChain.internalDoFilter(ApplicationFilterChain.java:174)
	at org.apache.catalina.core.ApplicationFilterChain.doFilter(ApplicationFilterChain.java:149)
	at org.apache.catalina.core.StandardWrapperValve.invoke(StandardWrapperValve.java:167)
	at org.apache.catalina.core.StandardContextValve.invoke(StandardContextValve.java:90)
	at org.apache.catalina.authenticator.AuthenticatorBase.invoke(AuthenticatorBase.java:482)
	at org.apache.catalina.core.StandardHostValve.invoke(StandardHostValve.java:115)
	at org.apache.catalina.valves.ErrorReportValve.invoke(ErrorReportValve.java:93)
	at org.apache.catalina.core.StandardEngineValve.invoke(StandardEngineValve.java:74)
	at org.apache.catalina.connector.CoyoteAdapter.service(CoyoteAdapter.java:344)
	at org.apache.coyote.http11.Http11Processor.service(Http11Processor.java:391)
	at org.apache.coyote.AbstractProcessorLight.process(AbstractProcessorLight.java:63)
	at org.apache.coyote.AbstractProtocol$ConnectionHandler.process(AbstractProtocol.java:896)
	at org.apache.tomcat.util.net.NioEndpoint$SocketProcessor.doRun(NioEndpoint.java:1744)
	at org.apache.tomcat.util.net.SocketProcessorBase.run(SocketProcessorBase.java:52)
	at org.apache.tomcat.util.threads.ThreadPoolExecutor.runWorker(ThreadPoolExecutor.java:1191)
	at org.apache.tomcat.util.threads.ThreadPoolExecutor$Worker.run(ThreadPoolExecutor.java:659)
	at org.apache.tomcat.util.threads.TaskThread$WrappingRunnable.run(TaskThread.java:63)
	at java.base/java.lang.Thread.run(Thread.java:1583)
2026-03-14 00:21:29.919 [SpringApplicationShutdownHook] INFO  o.s.o.j.LocalContainerEntityManagerFactoryBean - Closing JPA EntityManagerFactory for persistence unit 'default'
2026-03-14 00:21:29.922 [SpringApplicationShutdownHook] INFO  com.zaxxer.hikari.HikariDataSource - UserServicePool - Shutdown initiated...
2026-03-14 00:21:29.931 [SpringApplicationShutdownHook] INFO  com.zaxxer.hikari.HikariDataSource - UserServicePool - Shutdown completed.
2026-03-14 00:21:34.648 [background-preinit] INFO  o.h.validator.internal.util.Version - HV000001: Hibernate Validator 8.0.1.Final
2026-03-14 00:21:34.692 [main] INFO  c.e.u.UserServiceApplication - Starting UserServiceApplication using Java 21.0.2 with PID 7224 (F:\Ecommerce Production Level Application\user-service\target\classes started by nanda royality in F:\Ecommerce Production Level Application\user-service)
2026-03-14 00:21:34.692 [main] DEBUG c.e.u.UserServiceApplication - Running with Spring Boot v3.2.3, Spring v6.1.4
2026-03-14 00:21:34.693 [main] INFO  c.e.u.UserServiceApplication - No active profile set, falling back to 1 default profile: "default"
2026-03-14 00:21:35.873 [main] INFO  o.s.d.r.c.RepositoryConfigurationDelegate - Multiple Spring Data modules found, entering strict repository configuration mode
2026-03-14 00:21:35.873 [main] INFO  o.s.d.r.c.RepositoryConfigurationDelegate - Bootstrapping Spring Data JPA repositories in DEFAULT mode.
2026-03-14 00:21:35.989 [main] INFO  o.s.d.r.c.RepositoryConfigurationDelegate - Finished Spring Data repository scanning in 110 ms. Found 5 JPA repository interfaces.
2026-03-14 00:21:35.991 [main] INFO  o.s.d.r.c.RepositoryConfigurationDelegate - Multiple Spring Data modules found, entering strict repository configuration mode
2026-03-14 00:21:35.991 [main] INFO  o.s.d.r.c.RepositoryConfigurationDelegate - Bootstrapping Spring Data Redis repositories in DEFAULT mode.
2026-03-14 00:21:35.998 [main] INFO  o.s.d.r.c.RepositoryConfigurationDelegate - Finished Spring Data repository scanning in 0 ms. Found 0 Redis repository interfaces.
2026-03-14 00:21:38.036 [main] INFO  o.s.b.w.e.tomcat.TomcatWebServer - Tomcat initialized with port 8081 (http)
2026-03-14 00:21:38.050 [main] INFO  o.a.coyote.http11.Http11NioProtocol - Initializing ProtocolHandler ["http-nio-8081"]
2026-03-14 00:21:38.054 [main] INFO  o.a.catalina.core.StandardService - Starting service [Tomcat]
2026-03-14 00:21:38.055 [main] INFO  o.a.catalina.core.StandardEngine - Starting Servlet engine: [Apache Tomcat/10.1.19]
2026-03-14 00:21:38.172 [main] INFO  o.a.c.c.C.[Tomcat].[localhost].[/] - Initializing Spring embedded WebApplicationContext
2026-03-14 00:21:38.172 [main] INFO  o.s.b.w.s.c.ServletWebServerApplicationContext - Root WebApplicationContext: initialization completed in 3399 ms
2026-03-14 00:21:38.482 [main] DEBUG c.e.u.s.JwtAuthenticationFilter - Filter 'jwtAuthenticationFilter' configured for use
2026-03-14 00:21:38.648 [main] INFO  com.zaxxer.hikari.HikariDataSource - UserServicePool - Starting...
2026-03-14 00:21:38.931 [main] INFO  com.zaxxer.hikari.pool.HikariPool - UserServicePool - Added connection com.mysql.cj.jdbc.ConnectionImpl@67c2b55d
2026-03-14 00:21:38.934 [main] INFO  com.zaxxer.hikari.HikariDataSource - UserServicePool - Start completed.
2026-03-14 00:21:39.080 [main] INFO  o.f.c.i.license.VersionPrinter - Flyway Community Edition 9.22.3 by Redgate
2026-03-14 00:21:39.081 [main] INFO  o.f.c.i.license.VersionPrinter - See release notes here: https://rd.gt/416ObMi
2026-03-14 00:21:39.081 [main] INFO  o.f.c.i.license.VersionPrinter - 
2026-03-14 00:21:39.100 [main] INFO  org.flywaydb.core.FlywayExecutor - Database: jdbc:mysql://localhost:3306/user_db (MySQL 8.0)
2026-03-14 00:21:39.141 [main] INFO  o.f.core.internal.command.DbValidate - Successfully validated 0 migrations (execution time 00:00.017s)
2026-03-14 00:21:39.141 [main] WARN  o.f.core.internal.command.DbValidate - No migrations found. Are your locations set up correctly?
2026-03-14 00:21:39.167 [main] INFO  o.f.core.internal.command.DbMigrate - Current version of schema `user_db`: << Empty Schema >>
2026-03-14 00:21:39.178 [main] INFO  o.f.core.internal.command.DbMigrate - Schema `user_db` is up to date. No migration necessary.
2026-03-14 00:21:39.314 [main] INFO  o.h.jpa.internal.util.LogHelper - HHH000204: Processing PersistenceUnitInfo [name: default]
2026-03-14 00:21:39.424 [main] INFO  org.hibernate.Version - HHH000412: Hibernate ORM core version 6.4.4.Final
2026-03-14 00:21:39.473 [main] INFO  o.h.c.i.RegionFactoryInitiator - HHH000026: Second-level cache disabled
2026-03-14 00:21:39.795 [main] INFO  o.s.o.j.p.SpringPersistenceUnitInfo - No LoadTimeWeaver setup: ignoring JPA class transformer
2026-03-14 00:21:39.879 [main] WARN  org.hibernate.orm.deprecation - HHH90000025: MySQLDialect does not need to be specified explicitly using 'hibernate.dialect' (remove the property setting and it will be selected by default)
2026-03-14 00:21:41.091 [main] INFO  o.h.e.t.j.p.i.JtaPlatformInitiator - HHH000489: No JTA platform available (set 'hibernate.transaction.jta.platform' to enable JTA platform integration)
2026-03-14 00:21:41.168 [main] INFO  o.s.o.j.LocalContainerEntityManagerFactoryBean - Initialized JPA EntityManagerFactory for persistence unit 'default'
2026-03-14 00:21:41.575 [main] INFO  o.s.d.j.r.query.QueryEnhancerFactory - Hibernate is in classpath; If applicable, HQL parser will be used.
2026-03-14 00:21:43.819 [main] INFO  o.s.b.a.e.web.EndpointLinksResolver - Exposing 1 endpoint(s) beneath base path '/actuator'
2026-03-14 00:21:43.956 [main] INFO  o.s.s.web.DefaultSecurityFilterChain - Will secure any request with [org.springframework.security.web.session.DisableEncodeUrlFilter@27dbe9a3, org.springframework.security.web.context.request.async.WebAsyncManagerIntegrationFilter@3eeba527, org.springframework.security.web.context.SecurityContextHolderFilter@4ba64e36, org.springframework.security.web.header.HeaderWriterFilter@7ff4f301, org.springframework.web.filter.CorsFilter@9252e52, org.springframework.security.web.authentication.logout.LogoutFilter@79dba8fc, com.ecommerce.user_service.security.JwtAuthenticationFilter@1214c98b, org.springframework.security.web.savedrequest.RequestCacheAwareFilter@62af3d4c, org.springframework.security.web.servletapi.SecurityContextHolderAwareRequestFilter@51934be2, org.springframework.security.web.authentication.AnonymousAuthenticationFilter@9fec3a3, org.springframework.security.web.session.SessionManagementFilter@223f8c82, org.springframework.security.web.access.ExceptionTranslationFilter@456b4892, org.springframework.security.web.access.intercept.AuthorizationFilter@2b05371a]
2026-03-14 00:21:45.030 [main] INFO  o.a.k.c.admin.AdminClientConfig - AdminClientConfig values: 
	auto.include.jmx.reporter = true
	bootstrap.servers = [localhost:9092]
	client.dns.lookup = use_all_dns_ips
	client.id = 
	connections.max.idle.ms = 300000
	default.api.timeout.ms = 60000
	metadata.max.age.ms = 300000
	metric.reporters = []
	metrics.num.samples = 2
	metrics.recording.level = INFO
	metrics.sample.window.ms = 30000
	receive.buffer.bytes = 65536
	reconnect.backoff.max.ms = 1000
	reconnect.backoff.ms = 50
	request.timeout.ms = 30000
	retries = 2147483647
	retry.backoff.ms = 100
	sasl.client.callback.handler.class = null
	sasl.jaas.config = null
	sasl.kerberos.kinit.cmd = /usr/bin/kinit
	sasl.kerberos.min.time.before.relogin = 60000
	sasl.kerberos.service.name = null
	sasl.kerberos.ticket.renew.jitter = 0.05
	sasl.kerberos.ticket.renew.window.factor = 0.8
	sasl.login.callback.handler.class = null
	sasl.login.class = null
	sasl.login.connect.timeout.ms = null
	sasl.login.read.timeout.ms = null
	sasl.login.refresh.buffer.seconds = 300
	sasl.login.refresh.min.period.seconds = 60
	sasl.login.refresh.window.factor = 0.8
	sasl.login.refresh.window.jitter = 0.05
	sasl.login.retry.backoff.max.ms = 10000
	sasl.login.retry.backoff.ms = 100
	sasl.mechanism = GSSAPI
	sasl.oauthbearer.clock.skew.seconds = 30
	sasl.oauthbearer.expected.audience = null
	sasl.oauthbearer.expected.issuer = null
	sasl.oauthbearer.jwks.endpoint.refresh.ms = 3600000
	sasl.oauthbearer.jwks.endpoint.retry.backoff.max.ms = 10000
	sasl.oauthbearer.jwks.endpoint.retry.backoff.ms = 100
	sasl.oauthbearer.jwks.endpoint.url = null
	sasl.oauthbearer.scope.claim.name = scope
	sasl.oauthbearer.sub.claim.name = sub
	sasl.oauthbearer.token.endpoint.url = null
	security.protocol = PLAINTEXT
	security.providers = null
	send.buffer.bytes = 131072
	socket.connection.setup.timeout.max.ms = 30000
	socket.connection.setup.timeout.ms = 10000
	ssl.cipher.suites = null
	ssl.enabled.protocols = [TLSv1.2, TLSv1.3]
	ssl.endpoint.identification.algorithm = https
	ssl.engine.factory.class = null
	ssl.key.password = null
	ssl.keymanager.algorithm = SunX509
	ssl.keystore.certificate.chain = null
	ssl.keystore.key = null
	ssl.keystore.location = null
	ssl.keystore.password = null
	ssl.keystore.type = JKS
	ssl.protocol = TLSv1.3
	ssl.provider = null
	ssl.secure.random.implementation = null
	ssl.trustmanager.algorithm = PKIX
	ssl.truststore.certificates = null
	ssl.truststore.location = null
	ssl.truststore.password = null
	ssl.truststore.type = JKS

2026-03-14 00:21:45.230 [main] INFO  o.a.kafka.common.utils.AppInfoParser - Kafka version: 3.6.1
2026-03-14 00:21:45.261 [main] INFO  o.a.kafka.common.utils.AppInfoParser - Kafka commitId: 5e3c2b738d253ff5
2026-03-14 00:21:45.261 [main] INFO  o.a.kafka.common.utils.AppInfoParser - Kafka startTimeMs: 1773427905228
2026-03-14 00:21:45.885 [kafka-admin-client-thread | adminclient-1] INFO  o.a.kafka.common.utils.AppInfoParser - App info kafka.admin.client for adminclient-1 unregistered
2026-03-14 00:21:45.890 [kafka-admin-client-thread | adminclient-1] INFO  o.a.kafka.common.metrics.Metrics - Metrics scheduler closed
2026-03-14 00:21:45.891 [kafka-admin-client-thread | adminclient-1] INFO  o.a.kafka.common.metrics.Metrics - Closing reporter org.apache.kafka.common.metrics.JmxReporter
2026-03-14 00:21:45.891 [kafka-admin-client-thread | adminclient-1] INFO  o.a.kafka.common.metrics.Metrics - Metrics reporters closed
2026-03-14 00:21:45.897 [main] INFO  o.a.coyote.http11.Http11NioProtocol - Starting ProtocolHandler ["http-nio-8081"]
2026-03-14 00:21:45.912 [main] INFO  o.s.b.w.e.tomcat.TomcatWebServer - Tomcat started on port 8081 (http) with context path ''
2026-03-14 00:21:45.938 [main] INFO  c.e.u.UserServiceApplication - Started UserServiceApplication in 11.954 seconds (process running for 12.589)
2026-03-14 00:21:55.348 [http-nio-8081-exec-1] INFO  o.a.c.c.C.[Tomcat].[localhost].[/] - Initializing Spring DispatcherServlet 'dispatcherServlet'
2026-03-14 00:21:55.349 [http-nio-8081-exec-1] INFO  o.s.web.servlet.DispatcherServlet - Initializing Servlet 'dispatcherServlet'
2026-03-14 00:21:55.350 [http-nio-8081-exec-1] INFO  o.s.web.servlet.DispatcherServlet - Completed initialization in 1 ms
2026-03-14 00:21:55.541 [http-nio-8081-exec-1] INFO  c.e.u.controller.AuthController - Login request for: kishorenanda518@gmail.com
2026-03-14 00:21:55.554 [http-nio-8081-exec-1] INFO  c.e.u.service.UserServiceImpl - Login attempt for: kishorenanda518@gmail.com
2026-03-14 00:21:55.682 [http-nio-8081-exec-1] DEBUG org.hibernate.SQL - 
    select
        u1_0.id,
        u1_0.created_at,
        u1_0.email,
        u1_0.email_verified,
        u1_0.last_login_at,
        u1_0.password_hash,
        u1_0.phone,
        u1_0.status,
        u1_0.updated_at,
        u1_0.username,
        u1_0.version 
    from
        users u1_0 
    where
        u1_0.username=? 
        or u1_0.email=?
2026-03-14 00:21:55.695 [http-nio-8081-exec-1] DEBUG org.hibernate.SQL - 
    select
        up1_0.id,
        up1_0.bio,
        up1_0.created_at,
        up1_0.date_of_birth,
        up1_0.first_name,
        up1_0.gender,
        up1_0.last_name,
        up1_0.profile_picture_url,
        up1_0.updated_at,
        up1_0.user_id 
    from
        user_profiles up1_0 
    where
        up1_0.user_id=?
2026-03-14 00:21:55.707 [http-nio-8081-exec-1] DEBUG org.hibernate.SQL - 
    select
        r1_0.user_id,
        r1_1.id,
        r1_1.description,
        r1_1.name 
    from
        user_roles r1_0 
    join
        roles r1_1 
            on r1_1.id=r1_0.role_id 
    where
        r1_0.user_id=?
2026-03-14 00:21:56.408 [http-nio-8081-exec-1] DEBUG c.e.u.service.UserServiceImpl - Refresh token stored in Redis for userId: cad6f01a-2bfb-465e-8d5d-fd7bf8b52b63
2026-03-14 00:21:56.437 [http-nio-8081-exec-1] INFO  c.e.u.service.UserServiceImpl - Login successful for user: Nandakishore | id: cad6f01a-2bfb-465e-8d5d-fd7bf8b52b63
2026-03-14 00:21:56.472 [http-nio-8081-exec-1] DEBUG org.hibernate.SQL - 
    update
        users 
    set
        email=?,
        email_verified=?,
        last_login_at=?,
        password_hash=?,
        phone=?,
        status=?,
        updated_at=?,
        username=?,
        version=? 
    where
        id=? 
        and version=?
2026-03-14 00:31:32.918 [SpringApplicationShutdownHook] INFO  o.s.o.j.LocalContainerEntityManagerFactoryBean - Closing JPA EntityManagerFactory for persistence unit 'default'
2026-03-14 00:31:32.929 [SpringApplicationShutdownHook] INFO  com.zaxxer.hikari.HikariDataSource - UserServicePool - Shutdown initiated...
2026-03-14 00:31:32.947 [SpringApplicationShutdownHook] INFO  com.zaxxer.hikari.HikariDataSource - UserServicePool - Shutdown completed.
2026-03-14 00:31:38.999 [background-preinit] INFO  o.h.validator.internal.util.Version - HV000001: Hibernate Validator 8.0.1.Final
2026-03-14 00:31:39.044 [main] INFO  c.e.u.UserServiceApplication - Starting UserServiceApplication using Java 21.0.2 with PID 14172 (F:\Ecommerce Production Level Application\user-service\target\classes started by nanda royality in F:\Ecommerce Production Level Application\user-service)
2026-03-14 00:31:39.045 [main] DEBUG c.e.u.UserServiceApplication - Running with Spring Boot v3.2.3, Spring v6.1.4
2026-03-14 00:31:39.045 [main] INFO  c.e.u.UserServiceApplication - No active profile set, falling back to 1 default profile: "default"
2026-03-14 00:31:40.322 [main] INFO  o.s.d.r.c.RepositoryConfigurationDelegate - Multiple Spring Data modules found, entering strict repository configuration mode
2026-03-14 00:31:40.323 [main] INFO  o.s.d.r.c.RepositoryConfigurationDelegate - Bootstrapping Spring Data JPA repositories in DEFAULT mode.
2026-03-14 00:31:40.434 [main] INFO  o.s.d.r.c.RepositoryConfigurationDelegate - Finished Spring Data repository scanning in 105 ms. Found 5 JPA repository interfaces.
2026-03-14 00:31:40.436 [main] INFO  o.s.d.r.c.RepositoryConfigurationDelegate - Multiple Spring Data modules found, entering strict repository configuration mode
2026-03-14 00:31:40.436 [main] INFO  o.s.d.r.c.RepositoryConfigurationDelegate - Bootstrapping Spring Data Redis repositories in DEFAULT mode.
2026-03-14 00:31:40.443 [main] INFO  o.s.d.r.c.RepositoryConfigurationDelegate - Finished Spring Data repository scanning in 0 ms. Found 0 Redis repository interfaces.
2026-03-14 00:31:42.228 [main] INFO  o.s.b.w.e.tomcat.TomcatWebServer - Tomcat initialized with port 8081 (http)
2026-03-14 00:31:42.257 [main] INFO  o.a.coyote.http11.Http11NioProtocol - Initializing ProtocolHandler ["http-nio-8081"]
2026-03-14 00:31:42.260 [main] INFO  o.a.catalina.core.StandardService - Starting service [Tomcat]
2026-03-14 00:31:42.260 [main] INFO  o.a.catalina.core.StandardEngine - Starting Servlet engine: [Apache Tomcat/10.1.19]
2026-03-14 00:31:42.381 [main] INFO  o.a.c.c.C.[Tomcat].[localhost].[/] - Initializing Spring embedded WebApplicationContext
2026-03-14 00:31:42.381 [main] INFO  o.s.b.w.s.c.ServletWebServerApplicationContext - Root WebApplicationContext: initialization completed in 3258 ms
2026-03-14 00:31:42.683 [main] DEBUG c.e.u.s.JwtAuthenticationFilter - Filter 'jwtAuthenticationFilter' configured for use
2026-03-14 00:31:42.804 [main] INFO  com.zaxxer.hikari.HikariDataSource - UserServicePool - Starting...
2026-03-14 00:31:43.074 [main] INFO  com.zaxxer.hikari.pool.HikariPool - UserServicePool - Added connection com.mysql.cj.jdbc.ConnectionImpl@565a6af
2026-03-14 00:31:43.077 [main] INFO  com.zaxxer.hikari.HikariDataSource - UserServicePool - Start completed.
2026-03-14 00:31:43.197 [main] INFO  o.f.c.i.license.VersionPrinter - Flyway Community Edition 9.22.3 by Redgate
2026-03-14 00:31:43.198 [main] INFO  o.f.c.i.license.VersionPrinter - See release notes here: https://rd.gt/416ObMi
2026-03-14 00:31:43.198 [main] INFO  o.f.c.i.license.VersionPrinter - 
2026-03-14 00:31:43.239 [main] INFO  org.flywaydb.core.FlywayExecutor - Database: jdbc:mysql://localhost:3306/user_db (MySQL 8.0)
2026-03-14 00:31:43.296 [main] INFO  o.f.core.internal.command.DbValidate - Successfully validated 0 migrations (execution time 00:00.027s)
2026-03-14 00:31:43.296 [main] WARN  o.f.core.internal.command.DbValidate - No migrations found. Are your locations set up correctly?
2026-03-14 00:31:43.324 [main] INFO  o.f.core.internal.command.DbMigrate - Current version of schema `user_db`: << Empty Schema >>
2026-03-14 00:31:43.334 [main] INFO  o.f.core.internal.command.DbMigrate - Schema `user_db` is up to date. No migration necessary.
2026-03-14 00:31:43.490 [main] INFO  o.h.jpa.internal.util.LogHelper - HHH000204: Processing PersistenceUnitInfo [name: default]
2026-03-14 00:31:43.603 [main] INFO  org.hibernate.Version - HHH000412: Hibernate ORM core version 6.4.4.Final
2026-03-14 00:31:43.665 [main] INFO  o.h.c.i.RegionFactoryInitiator - HHH000026: Second-level cache disabled
2026-03-14 00:31:44.054 [main] INFO  o.s.o.j.p.SpringPersistenceUnitInfo - No LoadTimeWeaver setup: ignoring JPA class transformer
2026-03-14 00:31:44.147 [main] WARN  org.hibernate.orm.deprecation - HHH90000025: MySQLDialect does not need to be specified explicitly using 'hibernate.dialect' (remove the property setting and it will be selected by default)
2026-03-14 00:31:45.680 [main] INFO  o.h.e.t.j.p.i.JtaPlatformInitiator - HHH000489: No JTA platform available (set 'hibernate.transaction.jta.platform' to enable JTA platform integration)
2026-03-14 00:31:45.778 [main] INFO  o.s.o.j.LocalContainerEntityManagerFactoryBean - Initialized JPA EntityManagerFactory for persistence unit 'default'
2026-03-14 00:31:46.204 [main] INFO  o.s.d.j.r.query.QueryEnhancerFactory - Hibernate is in classpath; If applicable, HQL parser will be used.
2026-03-14 00:31:48.497 [main] INFO  o.s.b.a.e.web.EndpointLinksResolver - Exposing 1 endpoint(s) beneath base path '/actuator'
2026-03-14 00:31:48.611 [main] INFO  o.s.s.web.DefaultSecurityFilterChain - Will secure any request with [org.springframework.security.web.session.DisableEncodeUrlFilter@183a593f, org.springframework.security.web.context.request.async.WebAsyncManagerIntegrationFilter@19d118d5, org.springframework.security.web.context.SecurityContextHolderFilter@15f8b713, org.springframework.security.web.header.HeaderWriterFilter@4fc23215, org.springframework.web.filter.CorsFilter@79dba8fc, org.springframework.security.web.authentication.logout.LogoutFilter@4151af88, com.ecommerce.user_service.security.JwtAuthenticationFilter@4627dfda, org.springframework.security.web.savedrequest.RequestCacheAwareFilter@f80a0ad, org.springframework.security.web.servletapi.SecurityContextHolderAwareRequestFilter@44535df8, org.springframework.security.web.authentication.AnonymousAuthenticationFilter@32561cd5, org.springframework.security.web.session.SessionManagementFilter@74d56a25, org.springframework.security.web.access.ExceptionTranslationFilter@1d66664f, org.springframework.security.web.access.intercept.AuthorizationFilter@5dac488d]
2026-03-14 00:31:49.720 [main] INFO  o.a.k.c.admin.AdminClientConfig - AdminClientConfig values: 
	auto.include.jmx.reporter = true
	bootstrap.servers = [localhost:9092]
	client.dns.lookup = use_all_dns_ips
	client.id = 
	connections.max.idle.ms = 300000
	default.api.timeout.ms = 60000
	metadata.max.age.ms = 300000
	metric.reporters = []
	metrics.num.samples = 2
	metrics.recording.level = INFO
	metrics.sample.window.ms = 30000
	receive.buffer.bytes = 65536
	reconnect.backoff.max.ms = 1000
	reconnect.backoff.ms = 50
	request.timeout.ms = 30000
	retries = 2147483647
	retry.backoff.ms = 100
	sasl.client.callback.handler.class = null
	sasl.jaas.config = null
	sasl.kerberos.kinit.cmd = /usr/bin/kinit
	sasl.kerberos.min.time.before.relogin = 60000
	sasl.kerberos.service.name = null
	sasl.kerberos.ticket.renew.jitter = 0.05
	sasl.kerberos.ticket.renew.window.factor = 0.8
	sasl.login.callback.handler.class = null
	sasl.login.class = null
	sasl.login.connect.timeout.ms = null
	sasl.login.read.timeout.ms = null
	sasl.login.refresh.buffer.seconds = 300
	sasl.login.refresh.min.period.seconds = 60
	sasl.login.refresh.window.factor = 0.8
	sasl.login.refresh.window.jitter = 0.05
	sasl.login.retry.backoff.max.ms = 10000
	sasl.login.retry.backoff.ms = 100
	sasl.mechanism = GSSAPI
	sasl.oauthbearer.clock.skew.seconds = 30
	sasl.oauthbearer.expected.audience = null
	sasl.oauthbearer.expected.issuer = null
	sasl.oauthbearer.jwks.endpoint.refresh.ms = 3600000
	sasl.oauthbearer.jwks.endpoint.retry.backoff.max.ms = 10000
	sasl.oauthbearer.jwks.endpoint.retry.backoff.ms = 100
	sasl.oauthbearer.jwks.endpoint.url = null
	sasl.oauthbearer.scope.claim.name = scope
	sasl.oauthbearer.sub.claim.name = sub
	sasl.oauthbearer.token.endpoint.url = null
	security.protocol = PLAINTEXT
	security.providers = null
	send.buffer.bytes = 131072
	socket.connection.setup.timeout.max.ms = 30000
	socket.connection.setup.timeout.ms = 10000
	ssl.cipher.suites = null
	ssl.enabled.protocols = [TLSv1.2, TLSv1.3]
	ssl.endpoint.identification.algorithm = https
	ssl.engine.factory.class = null
	ssl.key.password = null
	ssl.keymanager.algorithm = SunX509
	ssl.keystore.certificate.chain = null
	ssl.keystore.key = null
	ssl.keystore.location = null
	ssl.keystore.password = null
	ssl.keystore.type = JKS
	ssl.protocol = TLSv1.3
	ssl.provider = null
	ssl.secure.random.implementation = null
	ssl.trustmanager.algorithm = PKIX
	ssl.truststore.certificates = null
	ssl.truststore.location = null
	ssl.truststore.password = null
	ssl.truststore.type = JKS

2026-03-14 00:31:49.935 [main] INFO  o.a.kafka.common.utils.AppInfoParser - Kafka version: 3.6.1
2026-03-14 00:31:49.935 [main] INFO  o.a.kafka.common.utils.AppInfoParser - Kafka commitId: 5e3c2b738d253ff5
2026-03-14 00:31:49.936 [main] INFO  o.a.kafka.common.utils.AppInfoParser - Kafka startTimeMs: 1773428509932
2026-03-14 00:31:50.463 [kafka-admin-client-thread | adminclient-1] INFO  o.a.kafka.common.utils.AppInfoParser - App info kafka.admin.client for adminclient-1 unregistered
2026-03-14 00:31:50.468 [kafka-admin-client-thread | adminclient-1] INFO  o.a.kafka.common.metrics.Metrics - Metrics scheduler closed
2026-03-14 00:31:50.468 [kafka-admin-client-thread | adminclient-1] INFO  o.a.kafka.common.metrics.Metrics - Closing reporter org.apache.kafka.common.metrics.JmxReporter
2026-03-14 00:31:50.469 [kafka-admin-client-thread | adminclient-1] INFO  o.a.kafka.common.metrics.Metrics - Metrics reporters closed
2026-03-14 00:31:50.476 [main] INFO  o.a.coyote.http11.Http11NioProtocol - Starting ProtocolHandler ["http-nio-8081"]
2026-03-14 00:31:50.490 [main] INFO  o.s.b.w.e.tomcat.TomcatWebServer - Tomcat started on port 8081 (http) with context path ''
2026-03-14 00:31:50.510 [main] INFO  c.e.u.UserServiceApplication - Started UserServiceApplication in 12.334 seconds (process running for 12.952)
2026-03-14 00:34:11.192 [http-nio-8081-exec-1] INFO  o.a.c.c.C.[Tomcat].[localhost].[/] - Initializing Spring DispatcherServlet 'dispatcherServlet'
2026-03-14 00:34:11.192 [http-nio-8081-exec-1] INFO  o.s.web.servlet.DispatcherServlet - Initializing Servlet 'dispatcherServlet'
2026-03-14 00:34:11.194 [http-nio-8081-exec-1] INFO  o.s.web.servlet.DispatcherServlet - Completed initialization in 2 ms
2026-03-14 00:34:11.340 [http-nio-8081-exec-1] INFO  c.e.u.controller.AuthController - Login request for: kishorenanda518@gmail.com
2026-03-14 00:34:11.349 [http-nio-8081-exec-1] INFO  c.e.u.service.UserServiceImpl - Login attempt for: kishorenanda518@gmail.com
2026-03-14 00:34:11.450 [http-nio-8081-exec-1] DEBUG org.hibernate.SQL - 
    select
        u1_0.id,
        u1_0.created_at,
        u1_0.email,
        u1_0.email_verified,
        u1_0.last_login_at,
        u1_0.password_hash,
        u1_0.phone,
        u1_0.status,
        u1_0.updated_at,
        u1_0.username,
        u1_0.version 
    from
        users u1_0 
    where
        u1_0.username=? 
        or u1_0.email=?
2026-03-14 00:34:11.465 [http-nio-8081-exec-1] DEBUG org.hibernate.SQL - 
    select
        up1_0.id,
        up1_0.bio,
        up1_0.created_at,
        up1_0.date_of_birth,
        up1_0.first_name,
        up1_0.gender,
        up1_0.last_name,
        up1_0.profile_picture_url,
        up1_0.updated_at,
        up1_0.user_id 
    from
        user_profiles up1_0 
    where
        up1_0.user_id=?
2026-03-14 00:34:11.481 [http-nio-8081-exec-1] DEBUG org.hibernate.SQL - 
    select
        r1_0.user_id,
        r1_1.id,
        r1_1.description,
        r1_1.name 
    from
        user_roles r1_0 
    join
        roles r1_1 
            on r1_1.id=r1_0.role_id 
    where
        r1_0.user_id=?
2026-03-14 00:34:12.111 [http-nio-8081-exec-1] DEBUG c.e.u.service.UserServiceImpl - Refresh token stored in Redis for userId: cad6f01a-2bfb-465e-8d5d-fd7bf8b52b63
2026-03-14 00:34:12.147 [http-nio-8081-exec-1] INFO  o.a.k.c.producer.ProducerConfig - ProducerConfig values: 
	acks = -1
	auto.include.jmx.reporter = true
	batch.size = 16384
	bootstrap.servers = [localhost:9092]
	buffer.memory = 33554432
	client.dns.lookup = use_all_dns_ips
	client.id = producer-1
	compression.type = none
	connections.max.idle.ms = 540000
	delivery.timeout.ms = 120000
	enable.idempotence = true
	interceptor.classes = []
	key.serializer = class org.apache.kafka.common.serialization.StringSerializer
	linger.ms = 0
	max.block.ms = 60000
	max.in.flight.requests.per.connection = 5
	max.request.size = 1048576
	metadata.max.age.ms = 300000
	metadata.max.idle.ms = 300000
	metric.reporters = []
	metrics.num.samples = 2
	metrics.recording.level = INFO
	metrics.sample.window.ms = 30000
	partitioner.adaptive.partitioning.enable = true
	partitioner.availability.timeout.ms = 0
	partitioner.class = null
	partitioner.ignore.keys = false
	receive.buffer.bytes = 32768
	reconnect.backoff.max.ms = 1000
	reconnect.backoff.ms = 50
	request.timeout.ms = 30000
	retries = 2147483647
	retry.backoff.ms = 100
	sasl.client.callback.handler.class = null
	sasl.jaas.config = null
	sasl.kerberos.kinit.cmd = /usr/bin/kinit
	sasl.kerberos.min.time.before.relogin = 60000
	sasl.kerberos.service.name = null
	sasl.kerberos.ticket.renew.jitter = 0.05
	sasl.kerberos.ticket.renew.window.factor = 0.8
	sasl.login.callback.handler.class = null
	sasl.login.class = null
	sasl.login.connect.timeout.ms = null
	sasl.login.read.timeout.ms = null
	sasl.login.refresh.buffer.seconds = 300
	sasl.login.refresh.min.period.seconds = 60
	sasl.login.refresh.window.factor = 0.8
	sasl.login.refresh.window.jitter = 0.05
	sasl.login.retry.backoff.max.ms = 10000
	sasl.login.retry.backoff.ms = 100
	sasl.mechanism = GSSAPI
	sasl.oauthbearer.clock.skew.seconds = 30
	sasl.oauthbearer.expected.audience = null
	sasl.oauthbearer.expected.issuer = null
	sasl.oauthbearer.jwks.endpoint.refresh.ms = 3600000
	sasl.oauthbearer.jwks.endpoint.retry.backoff.max.ms = 10000
	sasl.oauthbearer.jwks.endpoint.retry.backoff.ms = 100
	sasl.oauthbearer.jwks.endpoint.url = null
	sasl.oauthbearer.scope.claim.name = scope
	sasl.oauthbearer.sub.claim.name = sub
	sasl.oauthbearer.token.endpoint.url = null
	security.protocol = PLAINTEXT
	security.providers = null
	send.buffer.bytes = 131072
	socket.connection.setup.timeout.max.ms = 30000
	socket.connection.setup.timeout.ms = 10000
	ssl.cipher.suites = null
	ssl.enabled.protocols = [TLSv1.2, TLSv1.3]
	ssl.endpoint.identification.algorithm = https
	ssl.engine.factory.class = null
	ssl.key.password = null
	ssl.keymanager.algorithm = SunX509
	ssl.keystore.certificate.chain = null
	ssl.keystore.key = null
	ssl.keystore.location = null
	ssl.keystore.password = null
	ssl.keystore.type = JKS
	ssl.protocol = TLSv1.3
	ssl.provider = null
	ssl.secure.random.implementation = null
	ssl.trustmanager.algorithm = PKIX
	ssl.truststore.certificates = null
	ssl.truststore.location = null
	ssl.truststore.password = null
	ssl.truststore.type = JKS
	transaction.timeout.ms = 60000
	transactional.id = null
	value.serializer = class org.springframework.kafka.support.serializer.JsonSerializer

2026-03-14 00:34:12.159 [http-nio-8081-exec-1] INFO  o.a.k.clients.producer.KafkaProducer - [Producer clientId=producer-1] Instantiated an idempotent producer.
2026-03-14 00:34:12.174 [http-nio-8081-exec-1] INFO  o.a.kafka.common.utils.AppInfoParser - Kafka version: 3.6.1
2026-03-14 00:34:12.175 [http-nio-8081-exec-1] INFO  o.a.kafka.common.utils.AppInfoParser - Kafka commitId: 5e3c2b738d253ff5
2026-03-14 00:34:12.175 [http-nio-8081-exec-1] INFO  o.a.kafka.common.utils.AppInfoParser - Kafka startTimeMs: 1773428652174
2026-03-14 00:34:12.182 [kafka-producer-network-thread | producer-1] INFO  org.apache.kafka.clients.Metadata - [Producer clientId=producer-1] Cluster ID: CGsHwbpHS06s9vqzSA9uVQ
2026-03-14 00:34:12.231 [http-nio-8081-exec-1] INFO  c.e.u.service.UserServiceImpl - Login successful for user: Nandakishore | id: cad6f01a-2bfb-465e-8d5d-fd7bf8b52b63
2026-03-14 00:34:12.263 [http-nio-8081-exec-1] DEBUG org.hibernate.SQL - 
    update
        users 
    set
        email=?,
        email_verified=?,
        last_login_at=?,
        password_hash=?,
        phone=?,
        status=?,
        updated_at=?,
        username=?,
        version=? 
    where
        id=? 
        and version=?
2026-03-14 00:34:12.442 [kafka-producer-network-thread | producer-1] INFO  o.a.k.c.p.i.TransactionManager - [Producer clientId=producer-1] ProducerId set to 0 with epoch 0
2026-03-14 00:34:12.491 [kafka-producer-network-thread | producer-1] INFO  c.e.u.kafka.KafkaEventPublisher - Event published → topic: user.login-success | key: cad6f01a-2bfb-465e-8d5d-fd7bf8b52b63 | offset: 0
2026-03-14 00:43:12.233 [kafka-producer-network-thread | producer-1] INFO  o.apache.kafka.clients.NetworkClient - [Producer clientId=producer-1] Node -1 disconnected.
2026-03-14 00:46:38.649 [SpringApplicationShutdownHook] INFO  o.a.k.clients.producer.KafkaProducer - [Producer clientId=producer-1] Closing the Kafka producer with timeoutMillis = 30000 ms.
2026-03-14 00:46:38.652 [SpringApplicationShutdownHook] INFO  o.a.kafka.common.metrics.Metrics - Metrics scheduler closed
2026-03-14 00:46:38.653 [SpringApplicationShutdownHook] INFO  o.a.kafka.common.metrics.Metrics - Closing reporter org.apache.kafka.common.metrics.JmxReporter
2026-03-14 00:46:38.653 [SpringApplicationShutdownHook] INFO  o.a.kafka.common.metrics.Metrics - Metrics reporters closed
2026-03-14 00:46:38.653 [SpringApplicationShutdownHook] INFO  o.a.kafka.common.utils.AppInfoParser - App info kafka.producer for producer-1 unregistered
2026-03-14 00:46:38.665 [SpringApplicationShutdownHook] INFO  o.s.o.j.LocalContainerEntityManagerFactoryBean - Closing JPA EntityManagerFactory for persistence unit 'default'
2026-03-14 00:46:38.670 [SpringApplicationShutdownHook] INFO  com.zaxxer.hikari.HikariDataSource - UserServicePool - Shutdown initiated...
2026-03-14 00:46:38.682 [SpringApplicationShutdownHook] INFO  com.zaxxer.hikari.HikariDataSource - UserServicePool - Shutdown completed.
2026-03-14 00:46:43.838 [background-preinit] INFO  o.h.validator.internal.util.Version - HV000001: Hibernate Validator 8.0.1.Final
2026-03-14 00:46:43.891 [main] INFO  c.e.u.UserServiceApplication - Starting UserServiceApplication using Java 21.0.2 with PID 27500 (F:\Ecommerce Production Level Application\user-service\target\classes started by nanda royality in F:\Ecommerce Production Level Application\user-service)
2026-03-14 00:46:43.892 [main] DEBUG c.e.u.UserServiceApplication - Running with Spring Boot v3.2.3, Spring v6.1.4
2026-03-14 00:46:43.893 [main] INFO  c.e.u.UserServiceApplication - No active profile set, falling back to 1 default profile: "default"
2026-03-14 00:46:45.611 [main] INFO  o.s.d.r.c.RepositoryConfigurationDelegate - Multiple Spring Data modules found, entering strict repository configuration mode
2026-03-14 00:46:45.611 [main] INFO  o.s.d.r.c.RepositoryConfigurationDelegate - Bootstrapping Spring Data JPA repositories in DEFAULT mode.
2026-03-14 00:46:45.775 [main] INFO  o.s.d.r.c.RepositoryConfigurationDelegate - Finished Spring Data repository scanning in 154 ms. Found 5 JPA repository interfaces.
2026-03-14 00:46:45.778 [main] INFO  o.s.d.r.c.RepositoryConfigurationDelegate - Multiple Spring Data modules found, entering strict repository configuration mode
2026-03-14 00:46:45.778 [main] INFO  o.s.d.r.c.RepositoryConfigurationDelegate - Bootstrapping Spring Data Redis repositories in DEFAULT mode.
2026-03-14 00:46:45.791 [main] INFO  o.s.d.r.c.RepositoryConfigurationDelegate - Finished Spring Data repository scanning in 0 ms. Found 0 Redis repository interfaces.
2026-03-14 00:46:47.979 [main] INFO  o.s.b.w.e.tomcat.TomcatWebServer - Tomcat initialized with port 8081 (http)
2026-03-14 00:46:47.996 [main] INFO  o.a.coyote.http11.Http11NioProtocol - Initializing ProtocolHandler ["http-nio-8081"]
2026-03-14 00:46:47.999 [main] INFO  o.a.catalina.core.StandardService - Starting service [Tomcat]
2026-03-14 00:46:47.999 [main] INFO  o.a.catalina.core.StandardEngine - Starting Servlet engine: [Apache Tomcat/10.1.19]
2026-03-14 00:46:48.143 [main] INFO  o.a.c.c.C.[Tomcat].[localhost].[/] - Initializing Spring embedded WebApplicationContext
2026-03-14 00:46:48.144 [main] INFO  o.s.b.w.s.c.ServletWebServerApplicationContext - Root WebApplicationContext: initialization completed in 4171 ms
2026-03-14 00:46:48.473 [main] DEBUG c.e.u.s.JwtAuthenticationFilter - Filter 'jwtAuthenticationFilter' configured for use
2026-03-14 00:46:48.596 [main] INFO  com.zaxxer.hikari.HikariDataSource - UserServicePool - Starting...
2026-03-14 00:46:48.875 [main] INFO  com.zaxxer.hikari.pool.HikariPool - UserServicePool - Added connection com.mysql.cj.jdbc.ConnectionImpl@3b64f131
2026-03-14 00:46:48.878 [main] INFO  com.zaxxer.hikari.HikariDataSource - UserServicePool - Start completed.
2026-03-14 00:46:49.039 [main] INFO  o.f.c.i.license.VersionPrinter - Flyway Community Edition 9.22.3 by Redgate
2026-03-14 00:46:49.039 [main] INFO  o.f.c.i.license.VersionPrinter - See release notes here: https://rd.gt/416ObMi
2026-03-14 00:46:49.039 [main] INFO  o.f.c.i.license.VersionPrinter - 
2026-03-14 00:46:49.069 [main] INFO  org.flywaydb.core.FlywayExecutor - Database: jdbc:mysql://localhost:3306/user_db (MySQL 8.0)
2026-03-14 00:46:49.122 [main] INFO  o.f.core.internal.command.DbValidate - Successfully validated 0 migrations (execution time 00:00.019s)
2026-03-14 00:46:49.122 [main] WARN  o.f.core.internal.command.DbValidate - No migrations found. Are your locations set up correctly?
2026-03-14 00:46:49.151 [main] INFO  o.f.core.internal.command.DbMigrate - Current version of schema `user_db`: << Empty Schema >>
2026-03-14 00:46:49.157 [main] INFO  o.f.core.internal.command.DbMigrate - Schema `user_db` is up to date. No migration necessary.
2026-03-14 00:46:49.341 [main] INFO  o.h.jpa.internal.util.LogHelper - HHH000204: Processing PersistenceUnitInfo [name: default]
2026-03-14 00:46:49.449 [main] INFO  org.hibernate.Version - HHH000412: Hibernate ORM core version 6.4.4.Final
2026-03-14 00:46:49.500 [main] INFO  o.h.c.i.RegionFactoryInitiator - HHH000026: Second-level cache disabled
2026-03-14 00:46:49.800 [main] INFO  o.s.o.j.p.SpringPersistenceUnitInfo - No LoadTimeWeaver setup: ignoring JPA class transformer
2026-03-14 00:46:49.867 [main] WARN  org.hibernate.orm.deprecation - HHH90000025: MySQLDialect does not need to be specified explicitly using 'hibernate.dialect' (remove the property setting and it will be selected by default)
2026-03-14 00:46:51.018 [main] INFO  o.h.e.t.j.p.i.JtaPlatformInitiator - HHH000489: No JTA platform available (set 'hibernate.transaction.jta.platform' to enable JTA platform integration)
2026-03-14 00:46:51.102 [main] INFO  o.s.o.j.LocalContainerEntityManagerFactoryBean - Initialized JPA EntityManagerFactory for persistence unit 'default'
2026-03-14 00:46:51.521 [main] INFO  o.s.d.j.r.query.QueryEnhancerFactory - Hibernate is in classpath; If applicable, HQL parser will be used.
2026-03-14 00:46:54.117 [main] INFO  o.s.b.a.e.web.EndpointLinksResolver - Exposing 1 endpoint(s) beneath base path '/actuator'
2026-03-14 00:46:54.244 [main] INFO  o.s.s.web.DefaultSecurityFilterChain - Will secure any request with [org.springframework.security.web.session.DisableEncodeUrlFilter@32561cd5, org.springframework.security.web.context.request.async.WebAsyncManagerIntegrationFilter@78ef5801, org.springframework.security.web.context.SecurityContextHolderFilter@1fd0f9dd, org.springframework.security.web.header.HeaderWriterFilter@2981a626, org.springframework.web.filter.CorsFilter@6969e079, org.springframework.security.web.authentication.logout.LogoutFilter@1e287867, com.ecommerce.user_service.security.JwtAuthenticationFilter@174b8d0e, org.springframework.security.web.savedrequest.RequestCacheAwareFilter@44535df8, org.springframework.security.web.servletapi.SecurityContextHolderAwareRequestFilter@3385f1a8, org.springframework.security.web.authentication.AnonymousAuthenticationFilter@4dd139e0, org.springframework.security.web.session.SessionManagementFilter@15f8b713, org.springframework.security.web.access.ExceptionTranslationFilter@1140585, org.springframework.security.web.access.intercept.AuthorizationFilter@276d957f]
2026-03-14 00:46:55.345 [main] INFO  o.a.k.c.admin.AdminClientConfig - AdminClientConfig values: 
	auto.include.jmx.reporter = true
	bootstrap.servers = [localhost:9092]
	client.dns.lookup = use_all_dns_ips
	client.id = 
	connections.max.idle.ms = 300000
	default.api.timeout.ms = 60000
	metadata.max.age.ms = 300000
	metric.reporters = []
	metrics.num.samples = 2
	metrics.recording.level = INFO
	metrics.sample.window.ms = 30000
	receive.buffer.bytes = 65536
	reconnect.backoff.max.ms = 1000
	reconnect.backoff.ms = 50
	request.timeout.ms = 30000
	retries = 2147483647
	retry.backoff.ms = 100
	sasl.client.callback.handler.class = null
	sasl.jaas.config = null
	sasl.kerberos.kinit.cmd = /usr/bin/kinit
	sasl.kerberos.min.time.before.relogin = 60000
	sasl.kerberos.service.name = null
	sasl.kerberos.ticket.renew.jitter = 0.05
	sasl.kerberos.ticket.renew.window.factor = 0.8
	sasl.login.callback.handler.class = null
	sasl.login.class = null
	sasl.login.connect.timeout.ms = null
	sasl.login.read.timeout.ms = null
	sasl.login.refresh.buffer.seconds = 300
	sasl.login.refresh.min.period.seconds = 60
	sasl.login.refresh.window.factor = 0.8
	sasl.login.refresh.window.jitter = 0.05
	sasl.login.retry.backoff.max.ms = 10000
	sasl.login.retry.backoff.ms = 100
	sasl.mechanism = GSSAPI
	sasl.oauthbearer.clock.skew.seconds = 30
	sasl.oauthbearer.expected.audience = null
	sasl.oauthbearer.expected.issuer = null
	sasl.oauthbearer.jwks.endpoint.refresh.ms = 3600000
	sasl.oauthbearer.jwks.endpoint.retry.backoff.max.ms = 10000
	sasl.oauthbearer.jwks.endpoint.retry.backoff.ms = 100
	sasl.oauthbearer.jwks.endpoint.url = null
	sasl.oauthbearer.scope.claim.name = scope
	sasl.oauthbearer.sub.claim.name = sub
	sasl.oauthbearer.token.endpoint.url = null
	security.protocol = PLAINTEXT
	security.providers = null
	send.buffer.bytes = 131072
	socket.connection.setup.timeout.max.ms = 30000
	socket.connection.setup.timeout.ms = 10000
	ssl.cipher.suites = null
	ssl.enabled.protocols = [TLSv1.2, TLSv1.3]
	ssl.endpoint.identification.algorithm = https
	ssl.engine.factory.class = null
	ssl.key.password = null
	ssl.keymanager.algorithm = SunX509
	ssl.keystore.certificate.chain = null
	ssl.keystore.key = null
	ssl.keystore.location = null
	ssl.keystore.password = null
	ssl.keystore.type = JKS
	ssl.protocol = TLSv1.3
	ssl.provider = null
	ssl.secure.random.implementation = null
	ssl.trustmanager.algorithm = PKIX
	ssl.truststore.certificates = null
	ssl.truststore.location = null
	ssl.truststore.password = null
	ssl.truststore.type = JKS

2026-03-14 00:46:55.650 [main] INFO  o.a.kafka.common.utils.AppInfoParser - Kafka version: 3.6.1
2026-03-14 00:46:55.650 [main] INFO  o.a.kafka.common.utils.AppInfoParser - Kafka commitId: 5e3c2b738d253ff5
2026-03-14 00:46:55.650 [main] INFO  o.a.kafka.common.utils.AppInfoParser - Kafka startTimeMs: 1773429415648
2026-03-14 00:46:56.321 [kafka-admin-client-thread | adminclient-1] INFO  o.a.kafka.common.utils.AppInfoParser - App info kafka.admin.client for adminclient-1 unregistered
2026-03-14 00:46:56.325 [kafka-admin-client-thread | adminclient-1] INFO  o.a.kafka.common.metrics.Metrics - Metrics scheduler closed
2026-03-14 00:46:56.326 [kafka-admin-client-thread | adminclient-1] INFO  o.a.kafka.common.metrics.Metrics - Closing reporter org.apache.kafka.common.metrics.JmxReporter
2026-03-14 00:46:56.326 [kafka-admin-client-thread | adminclient-1] INFO  o.a.kafka.common.metrics.Metrics - Metrics reporters closed
2026-03-14 00:46:56.332 [main] INFO  o.a.coyote.http11.Http11NioProtocol - Starting ProtocolHandler ["http-nio-8081"]
2026-03-14 00:46:56.346 [main] INFO  o.s.b.w.e.tomcat.TomcatWebServer - Tomcat started on port 8081 (http) with context path ''
2026-03-14 00:46:56.364 [main] INFO  c.e.u.UserServiceApplication - Started UserServiceApplication in 13.333 seconds (process running for 14.022)
2026-03-14 00:47:43.620 [http-nio-8081-exec-1] INFO  o.a.c.c.C.[Tomcat].[localhost].[/] - Initializing Spring DispatcherServlet 'dispatcherServlet'
2026-03-14 00:47:43.620 [http-nio-8081-exec-1] INFO  o.s.web.servlet.DispatcherServlet - Initializing Servlet 'dispatcherServlet'
2026-03-14 00:47:43.622 [http-nio-8081-exec-1] INFO  o.s.web.servlet.DispatcherServlet - Completed initialization in 2 ms
2026-03-14 00:47:43.804 [http-nio-8081-exec-1] INFO  c.e.u.controller.UserControllerImpl - Forgot password request for: kishorenanda518@gmail.com
2026-03-14 00:47:47.204 [http-nio-8081-exec-1] DEBUG org.hibernate.SQL - 
    select
        u1_0.id,
        u1_0.created_at,
        u1_0.email,
        u1_0.email_verified,
        u1_0.last_login_at,
        u1_0.password_hash,
        u1_0.phone,
        u1_0.status,
        u1_0.updated_at,
        u1_0.username,
        u1_0.version 
    from
        users u1_0 
    where
        u1_0.email=?
2026-03-14 00:47:47.221 [http-nio-8081-exec-1] DEBUG org.hibernate.SQL - 
    select
        up1_0.id,
        up1_0.bio,
        up1_0.created_at,
        up1_0.date_of_birth,
        up1_0.first_name,
        up1_0.gender,
        up1_0.last_name,
        up1_0.profile_picture_url,
        up1_0.updated_at,
        up1_0.user_id 
    from
        user_profiles up1_0 
    where
        up1_0.user_id=?
2026-03-14 00:47:47.235 [http-nio-8081-exec-1] DEBUG org.hibernate.SQL - 
    select
        r1_0.user_id,
        r1_1.id,
        r1_1.description,
        r1_1.name 
    from
        user_roles r1_0 
    join
        roles r1_1 
            on r1_1.id=r1_0.role_id 
    where
        r1_0.user_id=?
2026-03-14 00:47:47.551 [http-nio-8081-exec-1] INFO  c.e.u.service.OtpServiceImpl - OTP generated and stored for email: kishorenanda518@gmail.com | TTL: 10 min
2026-03-14 00:47:47.566 [http-nio-8081-exec-1] DEBUG c.e.user_service.util.CommonMethods - Forgot password OTP stored in Redis for email: kishorenanda518@gmail.com
2026-03-14 00:47:47.583 [http-nio-8081-exec-1] INFO  c.e.u.controller.UserControllerImpl - Password reset OTP sent to: kishorenanda518@gmail.com
2026-03-14 00:47:52.684 [task-1] INFO  c.e.u.service.EmailServiceImpl - Password reset email sent to: kishorenanda518@gmail.com
2026-03-14 00:48:46.805 [http-nio-8081-exec-2] INFO  c.e.u.controller.UserControllerImpl - Reset password request for: kishorenanda518@gmail.com
2026-03-14 00:48:46.807 [http-nio-8081-exec-2] DEBUG org.hibernate.SQL - 
    select
        u1_0.id,
        u1_0.created_at,
        u1_0.email,
        u1_0.email_verified,
        u1_0.last_login_at,
        u1_0.password_hash,
        u1_0.phone,
        u1_0.status,
        u1_0.updated_at,
        u1_0.username,
        u1_0.version 
    from
        users u1_0 
    where
        u1_0.email=?
2026-03-14 00:48:46.810 [http-nio-8081-exec-2] DEBUG org.hibernate.SQL - 
    select
        up1_0.id,
        up1_0.bio,
        up1_0.created_at,
        up1_0.date_of_birth,
        up1_0.first_name,
        up1_0.gender,
        up1_0.last_name,
        up1_0.profile_picture_url,
        up1_0.updated_at,
        up1_0.user_id 
    from
        user_profiles up1_0 
    where
        up1_0.user_id=?
2026-03-14 00:48:46.812 [http-nio-8081-exec-2] DEBUG org.hibernate.SQL - 
    select
        r1_0.user_id,
        r1_1.id,
        r1_1.description,
        r1_1.name 
    from
        user_roles r1_0 
    join
        roles r1_1 
            on r1_1.id=r1_0.role_id 
    where
        r1_0.user_id=?
2026-03-14 00:48:47.433 [http-nio-8081-exec-2] DEBUG org.hibernate.SQL - 
    select
        u1_0.id,
        u1_0.created_at,
        u1_0.email,
        u1_0.email_verified,
        u1_0.last_login_at,
        u1_0.password_hash,
        u1_0.phone,
        p1_0.id,
        p1_0.bio,
        p1_0.created_at,
        p1_0.date_of_birth,
        p1_0.first_name,
        p1_0.gender,
        p1_0.last_name,
        p1_0.profile_picture_url,
        p1_0.updated_at,
        p1_0.user_id,
        r1_0.user_id,
        r1_1.id,
        r1_1.description,
        r1_1.name,
        u1_0.status,
        u1_0.updated_at,
        u1_0.username,
        u1_0.version 
    from
        users u1_0 
    left join
        user_profiles p1_0 
            on u1_0.id=p1_0.user_id 
    left join
        user_roles r1_0 
            on u1_0.id=r1_0.user_id 
    left join
        roles r1_1 
            on r1_1.id=r1_0.role_id 
    where
        u1_0.id=?
2026-03-14 00:48:47.459 [http-nio-8081-exec-2] DEBUG org.hibernate.SQL - 
    update
        users 
    set
        email=?,
        email_verified=?,
        last_login_at=?,
        password_hash=?,
        phone=?,
        status=?,
        updated_at=?,
        username=?,
        version=? 
    where
        id=? 
        and version=?
2026-03-14 00:48:47.473 [http-nio-8081-exec-2] INFO  c.e.u.controller.UserControllerImpl - Password updated in DB for: kishorenanda518@gmail.com
2026-03-14 00:48:47.475 [http-nio-8081-exec-2] DEBUG c.e.user_service.util.CommonMethods - Forgot password OTP deleted from Redis for email: kishorenanda518@gmail.com
2026-03-14 00:48:47.475 [http-nio-8081-exec-2] DEBUG c.e.user_service.util.CommonMethods - Refresh token deleted from Redis for userId: cad6f01a-2bfb-465e-8d5d-fd7bf8b52b63
2026-03-14 00:48:47.476 [http-nio-8081-exec-2] INFO  c.e.u.controller.UserControllerImpl - Password reset successfully for: kishorenanda518@gmail.com
2026-03-14 00:48:47.490 [http-nio-8081-exec-2] INFO  o.a.k.c.producer.ProducerConfig - ProducerConfig values: 
	acks = -1
	auto.include.jmx.reporter = true
	batch.size = 16384
	bootstrap.servers = [localhost:9092]
	buffer.memory = 33554432
	client.dns.lookup = use_all_dns_ips
	client.id = producer-1
	compression.type = none
	connections.max.idle.ms = 540000
	delivery.timeout.ms = 120000
	enable.idempotence = true
	interceptor.classes = []
	key.serializer = class org.apache.kafka.common.serialization.StringSerializer
	linger.ms = 0
	max.block.ms = 60000
	max.in.flight.requests.per.connection = 5
	max.request.size = 1048576
	metadata.max.age.ms = 300000
	metadata.max.idle.ms = 300000
	metric.reporters = []
	metrics.num.samples = 2
	metrics.recording.level = INFO
	metrics.sample.window.ms = 30000
	partitioner.adaptive.partitioning.enable = true
	partitioner.availability.timeout.ms = 0
	partitioner.class = null
	partitioner.ignore.keys = false
	receive.buffer.bytes = 32768
	reconnect.backoff.max.ms = 1000
	reconnect.backoff.ms = 50
	request.timeout.ms = 30000
	retries = 2147483647
	retry.backoff.ms = 100
	sasl.client.callback.handler.class = null
	sasl.jaas.config = null
	sasl.kerberos.kinit.cmd = /usr/bin/kinit
	sasl.kerberos.min.time.before.relogin = 60000
	sasl.kerberos.service.name = null
	sasl.kerberos.ticket.renew.jitter = 0.05
	sasl.kerberos.ticket.renew.window.factor = 0.8
	sasl.login.callback.handler.class = null
	sasl.login.class = null
	sasl.login.connect.timeout.ms = null
	sasl.login.read.timeout.ms = null
	sasl.login.refresh.buffer.seconds = 300
	sasl.login.refresh.min.period.seconds = 60
	sasl.login.refresh.window.factor = 0.8
	sasl.login.refresh.window.jitter = 0.05
	sasl.login.retry.backoff.max.ms = 10000
	sasl.login.retry.backoff.ms = 100
	sasl.mechanism = GSSAPI
	sasl.oauthbearer.clock.skew.seconds = 30
	sasl.oauthbearer.expected.audience = null
	sasl.oauthbearer.expected.issuer = null
	sasl.oauthbearer.jwks.endpoint.refresh.ms = 3600000
	sasl.oauthbearer.jwks.endpoint.retry.backoff.max.ms = 10000
	sasl.oauthbearer.jwks.endpoint.retry.backoff.ms = 100
	sasl.oauthbearer.jwks.endpoint.url = null
	sasl.oauthbearer.scope.claim.name = scope
	sasl.oauthbearer.sub.claim.name = sub
	sasl.oauthbearer.token.endpoint.url = null
	security.protocol = PLAINTEXT
	security.providers = null
	send.buffer.bytes = 131072
	socket.connection.setup.timeout.max.ms = 30000
	socket.connection.setup.timeout.ms = 10000
	ssl.cipher.suites = null
	ssl.enabled.protocols = [TLSv1.2, TLSv1.3]
	ssl.endpoint.identification.algorithm = https
	ssl.engine.factory.class = null
	ssl.key.password = null
	ssl.keymanager.algorithm = SunX509
	ssl.keystore.certificate.chain = null
	ssl.keystore.key = null
	ssl.keystore.location = null
	ssl.keystore.password = null
	ssl.keystore.type = JKS
	ssl.protocol = TLSv1.3
	ssl.provider = null
	ssl.secure.random.implementation = null
	ssl.trustmanager.algorithm = PKIX
	ssl.truststore.certificates = null
	ssl.truststore.location = null
	ssl.truststore.password = null
	ssl.truststore.type = JKS
	transaction.timeout.ms = 60000
	transactional.id = null
	value.serializer = class org.springframework.kafka.support.serializer.JsonSerializer

2026-03-14 00:48:47.513 [http-nio-8081-exec-2] INFO  o.a.k.clients.producer.KafkaProducer - [Producer clientId=producer-1] Instantiated an idempotent producer.
2026-03-14 00:48:47.549 [http-nio-8081-exec-2] INFO  o.a.kafka.common.utils.AppInfoParser - Kafka version: 3.6.1
2026-03-14 00:48:47.549 [http-nio-8081-exec-2] INFO  o.a.kafka.common.utils.AppInfoParser - Kafka commitId: 5e3c2b738d253ff5
2026-03-14 00:48:47.549 [http-nio-8081-exec-2] INFO  o.a.kafka.common.utils.AppInfoParser - Kafka startTimeMs: 1773429527549
2026-03-14 00:48:47.565 [kafka-producer-network-thread | producer-1] INFO  org.apache.kafka.clients.Metadata - [Producer clientId=producer-1] Cluster ID: CGsHwbpHS06s9vqzSA9uVQ
2026-03-14 00:48:47.566 [kafka-producer-network-thread | producer-1] INFO  o.a.k.c.p.i.TransactionManager - [Producer clientId=producer-1] ProducerId set to 1 with epoch 0
2026-03-14 00:48:47.620 [kafka-producer-network-thread | producer-1] INFO  c.e.u.kafka.KafkaEventPublisher - Event published → topic: user.password-changed | key: cad6f01a-2bfb-465e-8d5d-fd7bf8b52b63 | offset: 0
2026-03-14 00:57:47.673 [kafka-producer-network-thread | producer-1] INFO  o.apache.kafka.clients.NetworkClient - [Producer clientId=producer-1] Node -1 disconnected.
2026-03-14 01:01:45.074 [kafka-producer-network-thread | producer-1] INFO  o.apache.kafka.clients.NetworkClient - [Producer clientId=producer-1] Node 0 disconnected.
2026-03-14 01:01:45.111 [lettuce-nioEventLoop-4-1] INFO  i.l.core.protocol.CommandHandler - null Unexpected exception during request: java.net.SocketException: Connection reset
java.net.SocketException: Connection reset
	at java.base/sun.nio.ch.SocketChannelImpl.throwConnectionReset(SocketChannelImpl.java:401)
	at java.base/sun.nio.ch.SocketChannelImpl.read(SocketChannelImpl.java:434)
	at io.netty.buffer.PooledByteBuf.setBytes(PooledByteBuf.java:255)
	at io.netty.buffer.AbstractByteBuf.writeBytes(AbstractByteBuf.java:1132)
	at io.netty.channel.socket.nio.NioSocketChannel.doReadBytes(NioSocketChannel.java:357)
	at io.netty.channel.nio.AbstractNioByteChannel$NioByteUnsafe.read(AbstractNioByteChannel.java:151)
	at io.netty.channel.nio.NioEventLoop.processSelectedKey(NioEventLoop.java:788)
	at io.netty.channel.nio.NioEventLoop.processSelectedKeysOptimized(NioEventLoop.java:724)
	at io.netty.channel.nio.NioEventLoop.processSelectedKeys(NioEventLoop.java:650)
	at io.netty.channel.nio.NioEventLoop.run(NioEventLoop.java:562)
	at io.netty.util.concurrent.SingleThreadEventExecutor$4.run(SingleThreadEventExecutor.java:997)
	at io.netty.util.internal.ThreadExecutorMap$2.run(ThreadExecutorMap.java:74)
	at io.netty.util.concurrent.FastThreadLocalRunnable.run(FastThreadLocalRunnable.java:30)
	at java.base/java.lang.Thread.run(Thread.java:1583)
2026-03-14 01:01:45.371 [lettuce-eventExecutorLoop-1-10] INFO  i.l.core.protocol.ConnectionWatchdog - Reconnecting, last destination was localhost/127.0.0.1:6379
2026-03-14 01:01:45.414 [lettuce-nioEventLoop-4-2] WARN  i.l.core.protocol.ConnectionWatchdog - Cannot reconnect to [localhost/<unresolved>:6379]: Connection refused: getsockopt: localhost/127.0.0.1:6379
2026-03-14 01:01:47.174 [kafka-producer-network-thread | producer-1] INFO  o.apache.kafka.clients.NetworkClient - [Producer clientId=producer-1] Node 0 disconnected.
2026-03-14 01:01:47.174 [kafka-producer-network-thread | producer-1] WARN  o.apache.kafka.clients.NetworkClient - [Producer clientId=producer-1] Connection to node 0 (MSI/192.168.0.19:9092) could not be established. Broker may not be available.
2026-03-14 01:01:49.297 [kafka-producer-network-thread | producer-1] INFO  o.apache.kafka.clients.NetworkClient - [Producer clientId=producer-1] Node 0 disconnected.
2026-03-14 01:01:49.297 [kafka-producer-network-thread | producer-1] WARN  o.apache.kafka.clients.NetworkClient - [Producer clientId=producer-1] Connection to node 0 (MSI/192.168.0.19:9092) could not be established. Broker may not be available.
2026-03-14 01:01:51.548 [kafka-producer-network-thread | producer-1] INFO  o.apache.kafka.clients.NetworkClient - [Producer clientId=producer-1] Node 0 disconnected.
2026-03-14 01:01:51.549 [kafka-producer-network-thread | producer-1] WARN  o.apache.kafka.clients.NetworkClient - [Producer clientId=producer-1] Connection to node 0 (MSI/192.168.0.19:9092) could not be established. Broker may not be available.
2026-03-14 01:01:53.929 [kafka-producer-network-thread | producer-1] INFO  o.apache.kafka.clients.NetworkClient - [Producer clientId=producer-1] Node 0 disconnected.
2026-03-14 01:01:53.930 [kafka-producer-network-thread | producer-1] WARN  o.apache.kafka.clients.NetworkClient - [Producer clientId=producer-1] Connection to node 0 (MSI/192.168.0.19:9092) could not be established. Broker may not be available.
2026-03-14 01:01:54.464 [lettuce-eventExecutorLoop-1-10] INFO  i.l.core.protocol.ConnectionWatchdog - Reconnecting, last destination was localhost/<unresolved>:6379
2026-03-14 01:01:54.465 [lettuce-nioEventLoop-4-2] WARN  i.l.core.protocol.ConnectionWatchdog - Cannot reconnect to [localhost/<unresolved>:6379]: Connection refused: getsockopt: localhost/127.0.0.1:6379
2026-03-14 01:01:56.943 [kafka-producer-network-thread | producer-1] INFO  o.apache.kafka.clients.NetworkClient - [Producer clientId=producer-1] Node 0 disconnected.
2026-03-14 01:01:56.945 [kafka-producer-network-thread | producer-1] WARN  o.apache.kafka.clients.NetworkClient - [Producer clientId=producer-1] Connection to node 0 (MSI/192.168.0.19:9092) could not be established. Broker may not be available.
2026-03-14 01:02:00.153 [kafka-producer-network-thread | producer-1] INFO  o.apache.kafka.clients.NetworkClient - [Producer clientId=producer-1] Node 0 disconnected.
2026-03-14 01:02:00.153 [kafka-producer-network-thread | producer-1] WARN  o.apache.kafka.clients.NetworkClient - [Producer clientId=producer-1] Connection to node 0 (MSI/192.168.0.19:9092) could not be established. Broker may not be available.
2026-03-14 01:02:02.761 [lettuce-eventExecutorLoop-1-12] INFO  i.l.core.protocol.ConnectionWatchdog - Reconnecting, last destination was localhost/<unresolved>:6379
2026-03-14 01:02:02.763 [lettuce-nioEventLoop-4-3] WARN  i.l.core.protocol.ConnectionWatchdog - Cannot reconnect to [localhost/<unresolved>:6379]: Connection refused: getsockopt: localhost/127.0.0.1:6379
2026-03-14 01:02:03.185 [kafka-producer-network-thread | producer-1] INFO  o.apache.kafka.clients.NetworkClient - [Producer clientId=producer-1] Node 0 disconnected.
2026-03-14 01:02:03.185 [kafka-producer-network-thread | producer-1] WARN  o.apache.kafka.clients.NetworkClient - [Producer clientId=producer-1] Connection to node 0 (MSI/192.168.0.19:9092) could not be established. Broker may not be available.
2026-03-14 01:02:06.031 [kafka-producer-network-thread | producer-1] INFO  o.apache.kafka.clients.NetworkClient - [Producer clientId=producer-1] Node 0 disconnected.
2026-03-14 01:02:06.032 [kafka-producer-network-thread | producer-1] WARN  o.apache.kafka.clients.NetworkClient - [Producer clientId=producer-1] Connection to node 0 (MSI/192.168.0.19:9092) could not be established. Broker may not be available.
2026-03-14 01:02:09.294 [kafka-producer-network-thread | producer-1] INFO  o.apache.kafka.clients.NetworkClient - [Producer clientId=producer-1] Node 0 disconnected.
2026-03-14 01:02:09.295 [kafka-producer-network-thread | producer-1] WARN  o.apache.kafka.clients.NetworkClient - [Producer clientId=producer-1] Connection to node 0 (MSI/192.168.0.19:9092) could not be established. Broker may not be available.
2026-03-14 01:02:12.380 [kafka-producer-network-thread | producer-1] INFO  o.apache.kafka.clients.NetworkClient - [Producer clientId=producer-1] Node 0 disconnected.
2026-03-14 01:02:12.380 [kafka-producer-network-thread | producer-1] WARN  o.apache.kafka.clients.NetworkClient - [Producer clientId=producer-1] Connection to node 0 (MSI/192.168.0.19:9092) could not be established. Broker may not be available.
2026-03-14 01:02:15.261 [kafka-producer-network-thread | producer-1] INFO  o.apache.kafka.clients.NetworkClient - [Producer clientId=producer-1] Node 0 disconnected.
2026-03-14 01:02:15.261 [kafka-producer-network-thread | producer-1] WARN  o.apache.kafka.clients.NetworkClient - [Producer clientId=producer-1] Connection to node 0 (MSI/192.168.0.19:9092) could not be established. Broker may not be available.
2026-03-14 01:02:18.470 [kafka-producer-network-thread | producer-1] INFO  o.apache.kafka.clients.NetworkClient - [Producer clientId=producer-1] Node 0 disconnected.
2026-03-14 01:02:18.470 [kafka-producer-network-thread | producer-1] WARN  o.apache.kafka.clients.NetworkClient - [Producer clientId=producer-1] Connection to node 0 (MSI/192.168.0.19:9092) could not be established. Broker may not be available.
2026-03-14 01:02:19.163 [lettuce-eventExecutorLoop-1-2] INFO  i.l.core.protocol.ConnectionWatchdog - Reconnecting, last destination was localhost/<unresolved>:6379
2026-03-14 01:02:19.165 [lettuce-nioEventLoop-4-4] WARN  i.l.core.protocol.ConnectionWatchdog - Cannot reconnect to [localhost/<unresolved>:6379]: Connection refused: getsockopt: localhost/127.0.0.1:6379
2026-03-14 01:02:21.367 [kafka-producer-network-thread | producer-1] INFO  o.apache.kafka.clients.NetworkClient - [Producer clientId=producer-1] Node 0 disconnected.
2026-03-14 01:02:21.367 [kafka-producer-network-thread | producer-1] WARN  o.apache.kafka.clients.NetworkClient - [Producer clientId=producer-1] Connection to node 0 (MSI/192.168.0.19:9092) could not be established. Broker may not be available.
2026-03-14 01:02:24.331 [kafka-producer-network-thread | producer-1] INFO  o.apache.kafka.clients.NetworkClient - [Producer clientId=producer-1] Node 0 disconnected.
2026-03-14 01:02:24.331 [kafka-producer-network-thread | producer-1] WARN  o.apache.kafka.clients.NetworkClient - [Producer clientId=producer-1] Connection to node 0 (MSI/192.168.0.19:9092) could not be established. Broker may not be available.
2026-03-14 01:02:27.235 [kafka-producer-network-thread | producer-1] INFO  o.apache.kafka.clients.NetworkClient - [Producer clientId=producer-1] Node 0 disconnected.
2026-03-14 01:02:27.235 [kafka-producer-network-thread | producer-1] WARN  o.apache.kafka.clients.NetworkClient - [Producer clientId=producer-1] Connection to node 0 (MSI/192.168.0.19:9092) could not be established. Broker may not be available.
2026-03-14 01:02:30.270 [kafka-producer-network-thread | producer-1] INFO  o.apache.kafka.clients.NetworkClient - [Producer clientId=producer-1] Node 0 disconnected.
2026-03-14 01:02:30.271 [kafka-producer-network-thread | producer-1] WARN  o.apache.kafka.clients.NetworkClient - [Producer clientId=producer-1] Connection to node 0 (MSI/192.168.0.19:9092) could not be established. Broker may not be available.
2026-03-14 01:02:33.406 [kafka-producer-network-thread | producer-1] INFO  o.apache.kafka.clients.NetworkClient - [Producer clientId=producer-1] Node 0 disconnected.
2026-03-14 01:02:33.406 [kafka-producer-network-thread | producer-1] WARN  o.apache.kafka.clients.NetworkClient - [Producer clientId=producer-1] Connection to node 0 (MSI/192.168.0.19:9092) could not be established. Broker may not be available.
2026-03-14 01:02:36.281 [kafka-producer-network-thread | producer-1] INFO  o.apache.kafka.clients.NetworkClient - [Producer clientId=producer-1] Node 0 disconnected.
2026-03-14 01:02:36.283 [kafka-producer-network-thread | producer-1] WARN  o.apache.kafka.clients.NetworkClient - [Producer clientId=producer-1] Connection to node 0 (MSI/192.168.0.19:9092) could not be established. Broker may not be available.
2026-03-14 01:02:39.131 [kafka-producer-network-thread | producer-1] INFO  o.apache.kafka.clients.NetworkClient - [Producer clientId=producer-1] Node 0 disconnected.
2026-03-14 01:02:39.132 [kafka-producer-network-thread | producer-1] WARN  o.apache.kafka.clients.NetworkClient - [Producer clientId=producer-1] Connection to node 0 (MSI/192.168.0.19:9092) could not be established. Broker may not be available.
2026-03-14 01:02:42.265 [kafka-producer-network-thread | producer-1] INFO  o.apache.kafka.clients.NetworkClient - [Producer clientId=producer-1] Node 0 disconnected.
2026-03-14 01:02:42.266 [kafka-producer-network-thread | producer-1] WARN  o.apache.kafka.clients.NetworkClient - [Producer clientId=producer-1] Connection to node 0 (MSI/192.168.0.19:9092) could not be established. Broker may not be available.
2026-03-14 01:02:45.226 [kafka-producer-network-thread | producer-1] INFO  o.apache.kafka.clients.NetworkClient - [Producer clientId=producer-1] Node 0 disconnected.
2026-03-14 01:02:45.226 [kafka-producer-network-thread | producer-1] WARN  o.apache.kafka.clients.NetworkClient - [Producer clientId=producer-1] Connection to node 0 (MSI/192.168.0.19:9092) could not be established. Broker may not be available.
2026-03-14 01:02:48.173 [kafka-producer-network-thread | producer-1] INFO  o.apache.kafka.clients.NetworkClient - [Producer clientId=producer-1] Node 0 disconnected.
2026-03-14 01:02:48.174 [kafka-producer-network-thread | producer-1] WARN  o.apache.kafka.clients.NetworkClient - [Producer clientId=producer-1] Connection to node 0 (MSI/192.168.0.19:9092) could not be established. Broker may not be available.
2026-03-14 01:02:49.253 [lettuce-eventExecutorLoop-1-4] INFO  i.l.core.protocol.ConnectionWatchdog - Reconnecting, last destination was localhost/<unresolved>:6379
2026-03-14 01:02:49.256 [lettuce-nioEventLoop-4-5] WARN  i.l.core.protocol.ConnectionWatchdog - Cannot reconnect to [localhost/<unresolved>:6379]: Connection refused: getsockopt: localhost/127.0.0.1:6379
2026-03-14 01:02:51.269 [kafka-producer-network-thread | producer-1] INFO  o.apache.kafka.clients.NetworkClient - [Producer clientId=producer-1] Node 0 disconnected.
2026-03-14 01:02:51.272 [kafka-producer-network-thread | producer-1] WARN  o.apache.kafka.clients.NetworkClient - [Producer clientId=producer-1] Connection to node 0 (MSI/192.168.0.19:9092) could not be established. Broker may not be available.
2026-03-14 01:02:54.482 [kafka-producer-network-thread | producer-1] INFO  o.apache.kafka.clients.NetworkClient - [Producer clientId=producer-1] Node 0 disconnected.
2026-03-14 01:02:54.482 [kafka-producer-network-thread | producer-1] WARN  o.apache.kafka.clients.NetworkClient - [Producer clientId=producer-1] Connection to node 0 (MSI/192.168.0.19:9092) could not be established. Broker may not be available.
2026-03-14 01:02:57.481 [kafka-producer-network-thread | producer-1] INFO  o.apache.kafka.clients.NetworkClient - [Producer clientId=producer-1] Node 0 disconnected.
2026-03-14 01:02:57.482 [kafka-producer-network-thread | producer-1] WARN  o.apache.kafka.clients.NetworkClient - [Producer clientId=producer-1] Connection to node 0 (MSI/192.168.0.19:9092) could not be established. Broker may not be available.
2026-03-14 01:03:00.380 [kafka-producer-network-thread | producer-1] INFO  o.apache.kafka.clients.NetworkClient - [Producer clientId=producer-1] Node 0 disconnected.
2026-03-14 01:03:00.380 [kafka-producer-network-thread | producer-1] WARN  o.apache.kafka.clients.NetworkClient - [Producer clientId=producer-1] Connection to node 0 (MSI/192.168.0.19:9092) could not be established. Broker may not be available.
2026-03-14 01:03:03.469 [kafka-producer-network-thread | producer-1] INFO  o.apache.kafka.clients.NetworkClient - [Producer clientId=producer-1] Node 0 disconnected.
2026-03-14 01:03:03.470 [kafka-producer-network-thread | producer-1] WARN  o.apache.kafka.clients.NetworkClient - [Producer clientId=producer-1] Connection to node 0 (MSI/192.168.0.19:9092) could not be established. Broker may not be available.
2026-03-14 01:03:06.591 [kafka-producer-network-thread | producer-1] INFO  o.apache.kafka.clients.NetworkClient - [Producer clientId=producer-1] Node 0 disconnected.
2026-03-14 01:03:06.591 [kafka-producer-network-thread | producer-1] WARN  o.apache.kafka.clients.NetworkClient - [Producer clientId=producer-1] Connection to node 0 (MSI/192.168.0.19:9092) could not be established. Broker may not be available.
2026-03-14 01:03:09.461 [kafka-producer-network-thread | producer-1] INFO  o.apache.kafka.clients.NetworkClient - [Producer clientId=producer-1] Node 0 disconnected.
2026-03-14 01:03:09.461 [kafka-producer-network-thread | producer-1] WARN  o.apache.kafka.clients.NetworkClient - [Producer clientId=producer-1] Connection to node 0 (MSI/192.168.0.19:9092) could not be established. Broker may not be available.
2026-03-14 01:03:12.403 [kafka-producer-network-thread | producer-1] INFO  o.apache.kafka.clients.NetworkClient - [Producer clientId=producer-1] Node 0 disconnected.
2026-03-14 01:03:12.404 [kafka-producer-network-thread | producer-1] WARN  o.apache.kafka.clients.NetworkClient - [Producer clientId=producer-1] Connection to node 0 (MSI/192.168.0.19:9092) could not be established. Broker may not be available.
2026-03-14 01:03:15.321 [kafka-producer-network-thread | producer-1] INFO  o.apache.kafka.clients.NetworkClient - [Producer clientId=producer-1] Node 0 disconnected.
2026-03-14 01:03:15.321 [kafka-producer-network-thread | producer-1] WARN  o.apache.kafka.clients.NetworkClient - [Producer clientId=producer-1] Connection to node 0 (MSI/192.168.0.19:9092) could not be established. Broker may not be available.
2026-03-14 01:03:18.201 [kafka-producer-network-thread | producer-1] INFO  o.apache.kafka.clients.NetworkClient - [Producer clientId=producer-1] Node 0 disconnected.
2026-03-14 01:03:18.201 [kafka-producer-network-thread | producer-1] WARN  o.apache.kafka.clients.NetworkClient - [Producer clientId=producer-1] Connection to node 0 (MSI/192.168.0.19:9092) could not be established. Broker may not be available.
2026-03-14 01:03:19.351 [lettuce-eventExecutorLoop-1-6] INFO  i.l.core.protocol.ConnectionWatchdog - Reconnecting, last destination was localhost/<unresolved>:6379
2026-03-14 01:03:19.353 [lettuce-nioEventLoop-4-6] WARN  i.l.core.protocol.ConnectionWatchdog - Cannot reconnect to [localhost/<unresolved>:6379]: Connection refused: getsockopt: localhost/127.0.0.1:6379
2026-03-14 01:03:21.205 [kafka-producer-network-thread | producer-1] INFO  o.apache.kafka.clients.NetworkClient - [Producer clientId=producer-1] Node 0 disconnected.
2026-03-14 01:03:21.205 [kafka-producer-network-thread | producer-1] WARN  o.apache.kafka.clients.NetworkClient - [Producer clientId=producer-1] Connection to node 0 (MSI/192.168.0.19:9092) could not be established. Broker may not be available.
2026-03-14 01:03:24.083 [kafka-producer-network-thread | producer-1] INFO  o.apache.kafka.clients.NetworkClient - [Producer clientId=producer-1] Node 0 disconnected.
2026-03-14 01:03:24.084 [kafka-producer-network-thread | producer-1] WARN  o.apache.kafka.clients.NetworkClient - [Producer clientId=producer-1] Connection to node 0 (MSI/192.168.0.19:9092) could not be established. Broker may not be available.
2026-03-14 01:03:26.938 [kafka-producer-network-thread | producer-1] INFO  o.apache.kafka.clients.NetworkClient - [Producer clientId=producer-1] Node 0 disconnected.
2026-03-14 01:03:26.938 [kafka-producer-network-thread | producer-1] WARN  o.apache.kafka.clients.NetworkClient - [Producer clientId=producer-1] Connection to node 0 (MSI/192.168.0.19:9092) could not be established. Broker may not be available.
2026-03-14 01:03:30.187 [kafka-producer-network-thread | producer-1] INFO  o.apache.kafka.clients.NetworkClient - [Producer clientId=producer-1] Node 0 disconnected.
2026-03-14 01:03:30.188 [kafka-producer-network-thread | producer-1] WARN  o.apache.kafka.clients.NetworkClient - [Producer clientId=producer-1] Connection to node 0 (MSI/192.168.0.19:9092) could not be established. Broker may not be available.
2026-03-14 01:03:33.137 [kafka-producer-network-thread | producer-1] INFO  o.apache.kafka.clients.NetworkClient - [Producer clientId=producer-1] Node 0 disconnected.
2026-03-14 01:03:33.137 [kafka-producer-network-thread | producer-1] WARN  o.apache.kafka.clients.NetworkClient - [Producer clientId=producer-1] Connection to node 0 (MSI/192.168.0.19:9092) could not be established. Broker may not be available.
2026-03-14 01:03:36.306 [kafka-producer-network-thread | producer-1] INFO  o.apache.kafka.clients.NetworkClient - [Producer clientId=producer-1] Node 0 disconnected.
2026-03-14 01:03:36.306 [kafka-producer-network-thread | producer-1] WARN  o.apache.kafka.clients.NetworkClient - [Producer clientId=producer-1] Connection to node 0 (MSI/192.168.0.19:9092) could not be established. Broker may not be available.
2026-03-14 01:03:39.447 [kafka-producer-network-thread | producer-1] INFO  o.apache.kafka.clients.NetworkClient - [Producer clientId=producer-1] Node 0 disconnected.
2026-03-14 01:03:39.447 [kafka-producer-network-thread | producer-1] WARN  o.apache.kafka.clients.NetworkClient - [Producer clientId=producer-1] Connection to node 0 (MSI/192.168.0.19:9092) could not be established. Broker may not be available.
2026-03-14 01:03:42.730 [kafka-producer-network-thread | producer-1] INFO  o.apache.kafka.clients.NetworkClient - [Producer clientId=producer-1] Node 0 disconnected.
2026-03-14 01:03:42.730 [kafka-producer-network-thread | producer-1] WARN  o.apache.kafka.clients.NetworkClient - [Producer clientId=producer-1] Connection to node 0 (MSI/192.168.0.19:9092) could not be established. Broker may not be available.
2026-03-14 01:03:45.827 [kafka-producer-network-thread | producer-1] INFO  o.apache.kafka.clients.NetworkClient - [Producer clientId=producer-1] Node 0 disconnected.
2026-03-14 01:03:45.827 [kafka-producer-network-thread | producer-1] WARN  o.apache.kafka.clients.NetworkClient - [Producer clientId=producer-1] Connection to node 0 (MSI/192.168.0.19:9092) could not be established. Broker may not be available.
2026-03-14 01:03:49.077 [kafka-producer-network-thread | producer-1] INFO  o.apache.kafka.clients.NetworkClient - [Producer clientId=producer-1] Node 0 disconnected.
2026-03-14 01:03:49.077 [kafka-producer-network-thread | producer-1] WARN  o.apache.kafka.clients.NetworkClient - [Producer clientId=producer-1] Connection to node 0 (MSI/192.168.0.19:9092) could not be established. Broker may not be available.
2026-03-14 01:03:49.455 [lettuce-eventExecutorLoop-1-8] INFO  i.l.core.protocol.ConnectionWatchdog - Reconnecting, last destination was localhost/<unresolved>:6379
2026-03-14 01:03:49.459 [lettuce-nioEventLoop-4-7] WARN  i.l.core.protocol.ConnectionWatchdog - Cannot reconnect to [localhost/<unresolved>:6379]: Connection refused: getsockopt: localhost/127.0.0.1:6379
2026-03-14 01:03:52.108 [kafka-producer-network-thread | producer-1] INFO  o.apache.kafka.clients.NetworkClient - [Producer clientId=producer-1] Node 0 disconnected.
2026-03-14 01:03:52.108 [kafka-producer-network-thread | producer-1] WARN  o.apache.kafka.clients.NetworkClient - [Producer clientId=producer-1] Connection to node 0 (MSI/192.168.0.19:9092) could not be established. Broker may not be available.
2026-03-14 01:03:55.051 [kafka-producer-network-thread | producer-1] INFO  o.apache.kafka.clients.NetworkClient - [Producer clientId=producer-1] Node 0 disconnected.
2026-03-14 01:03:55.057 [kafka-producer-network-thread | producer-1] WARN  o.apache.kafka.clients.NetworkClient - [Producer clientId=producer-1] Connection to node 0 (MSI/192.168.0.19:9092) could not be established. Broker may not be available.
2026-03-14 01:03:58.250 [kafka-producer-network-thread | producer-1] INFO  o.apache.kafka.clients.NetworkClient - [Producer clientId=producer-1] Node 0 disconnected.
2026-03-14 01:03:58.250 [kafka-producer-network-thread | producer-1] WARN  o.apache.kafka.clients.NetworkClient - [Producer clientId=producer-1] Connection to node 0 (MSI/192.168.0.19:9092) could not be established. Broker may not be available.
2026-03-14 01:04:01.138 [kafka-producer-network-thread | producer-1] INFO  o.apache.kafka.clients.NetworkClient - [Producer clientId=producer-1] Node 0 disconnected.
2026-03-14 01:04:01.138 [kafka-producer-network-thread | producer-1] WARN  o.apache.kafka.clients.NetworkClient - [Producer clientId=producer-1] Connection to node 0 (MSI/192.168.0.19:9092) could not be established. Broker may not be available.
2026-03-14 01:04:04.134 [kafka-producer-network-thread | producer-1] INFO  o.apache.kafka.clients.NetworkClient - [Producer clientId=producer-1] Node 0 disconnected.
2026-03-14 01:04:04.134 [kafka-producer-network-thread | producer-1] WARN  o.apache.kafka.clients.NetworkClient - [Producer clientId=producer-1] Connection to node 0 (MSI/192.168.0.19:9092) could not be established. Broker may not be available.
2026-03-14 01:04:07.012 [kafka-producer-network-thread | producer-1] INFO  o.apache.kafka.clients.NetworkClient - [Producer clientId=producer-1] Node 0 disconnected.
2026-03-14 01:04:07.012 [kafka-producer-network-thread | producer-1] WARN  o.apache.kafka.clients.NetworkClient - [Producer clientId=producer-1] Connection to node 0 (MSI/192.168.0.19:9092) could not be established. Broker may not be available.
2026-03-14 01:04:09.955 [kafka-producer-network-thread | producer-1] INFO  o.apache.kafka.clients.NetworkClient - [Producer clientId=producer-1] Node 0 disconnected.
2026-03-14 01:04:09.956 [kafka-producer-network-thread | producer-1] WARN  o.apache.kafka.clients.NetworkClient - [Producer clientId=producer-1] Connection to node 0 (MSI/192.168.0.19:9092) could not be established. Broker may not be available.
2026-03-14 01:04:13.014 [kafka-producer-network-thread | producer-1] INFO  o.apache.kafka.clients.NetworkClient - [Producer clientId=producer-1] Node 0 disconnected.
2026-03-14 01:04:13.014 [kafka-producer-network-thread | producer-1] WARN  o.apache.kafka.clients.NetworkClient - [Producer clientId=producer-1] Connection to node 0 (MSI/192.168.0.19:9092) could not be established. Broker may not be available.
2026-03-14 01:04:16.084 [kafka-producer-network-thread | producer-1] INFO  o.apache.kafka.clients.NetworkClient - [Producer clientId=producer-1] Node 0 disconnected.
2026-03-14 01:04:16.084 [kafka-producer-network-thread | producer-1] WARN  o.apache.kafka.clients.NetworkClient - [Producer clientId=producer-1] Connection to node 0 (MSI/192.168.0.19:9092) could not be established. Broker may not be available.
2026-03-14 01:04:19.005 [kafka-producer-network-thread | producer-1] INFO  o.apache.kafka.clients.NetworkClient - [Producer clientId=producer-1] Node 0 disconnected.
2026-03-14 01:04:19.005 [kafka-producer-network-thread | producer-1] WARN  o.apache.kafka.clients.NetworkClient - [Producer clientId=producer-1] Connection to node 0 (MSI/192.168.0.19:9092) could not be established. Broker may not be available.
2026-03-14 01:04:19.557 [lettuce-eventExecutorLoop-1-10] INFO  i.l.core.protocol.ConnectionWatchdog - Reconnecting, last destination was localhost/<unresolved>:6379
2026-03-14 01:04:19.561 [lettuce-nioEventLoop-4-8] WARN  i.l.core.protocol.ConnectionWatchdog - Cannot reconnect to [localhost/<unresolved>:6379]: Connection refused: getsockopt: localhost/127.0.0.1:6379
2026-03-14 01:04:21.958 [kafka-producer-network-thread | producer-1] INFO  o.apache.kafka.clients.NetworkClient - [Producer clientId=producer-1] Node 0 disconnected.
2026-03-14 01:04:21.958 [kafka-producer-network-thread | producer-1] WARN  o.apache.kafka.clients.NetworkClient - [Producer clientId=producer-1] Connection to node 0 (MSI/192.168.0.19:9092) could not be established. Broker may not be available.
2026-03-14 01:04:25.165 [kafka-producer-network-thread | producer-1] INFO  o.apache.kafka.clients.NetworkClient - [Producer clientId=producer-1] Node 0 disconnected.
2026-03-14 01:04:25.165 [kafka-producer-network-thread | producer-1] WARN  o.apache.kafka.clients.NetworkClient - [Producer clientId=producer-1] Connection to node 0 (MSI/192.168.0.19:9092) could not be established. Broker may not be available.
2026-03-14 01:04:28.277 [kafka-producer-network-thread | producer-1] INFO  o.apache.kafka.clients.NetworkClient - [Producer clientId=producer-1] Node 0 disconnected.
2026-03-14 01:04:28.277 [kafka-producer-network-thread | producer-1] WARN  o.apache.kafka.clients.NetworkClient - [Producer clientId=producer-1] Connection to node 0 (MSI/192.168.0.19:9092) could not be established. Broker may not be available.
2026-03-14 01:04:31.448 [kafka-producer-network-thread | producer-1] INFO  o.apache.kafka.clients.NetworkClient - [Producer clientId=producer-1] Node 0 disconnected.
2026-03-14 01:04:31.448 [kafka-producer-network-thread | producer-1] WARN  o.apache.kafka.clients.NetworkClient - [Producer clientId=producer-1] Connection to node 0 (MSI/192.168.0.19:9092) could not be established. Broker may not be available.
2026-03-14 01:04:34.371 [kafka-producer-network-thread | producer-1] INFO  o.apache.kafka.clients.NetworkClient - [Producer clientId=producer-1] Node 0 disconnected.
2026-03-14 01:04:34.371 [kafka-producer-network-thread | producer-1] WARN  o.apache.kafka.clients.NetworkClient - [Producer clientId=producer-1] Connection to node 0 (MSI/192.168.0.19:9092) could not be established. Broker may not be available.
2026-03-14 01:04:37.355 [kafka-producer-network-thread | producer-1] INFO  o.apache.kafka.clients.NetworkClient - [Producer clientId=producer-1] Node 0 disconnected.
2026-03-14 01:04:37.356 [kafka-producer-network-thread | producer-1] WARN  o.apache.kafka.clients.NetworkClient - [Producer clientId=producer-1] Connection to node 0 (MSI/192.168.0.19:9092) could not be established. Broker may not be available.
2026-03-14 01:04:40.221 [kafka-producer-network-thread | producer-1] INFO  o.apache.kafka.clients.NetworkClient - [Producer clientId=producer-1] Node 0 disconnected.
2026-03-14 01:04:40.221 [kafka-producer-network-thread | producer-1] WARN  o.apache.kafka.clients.NetworkClient - [Producer clientId=producer-1] Connection to node 0 (MSI/192.168.0.19:9092) could not be established. Broker may not be available.
2026-03-14 01:04:43.379 [kafka-producer-network-thread | producer-1] INFO  o.apache.kafka.clients.NetworkClient - [Producer clientId=producer-1] Node 0 disconnected.
2026-03-14 01:04:43.379 [kafka-producer-network-thread | producer-1] WARN  o.apache.kafka.clients.NetworkClient - [Producer clientId=producer-1] Connection to node 0 (MSI/192.168.0.19:9092) could not be established. Broker may not be available.
2026-03-14 01:04:46.571 [kafka-producer-network-thread | producer-1] INFO  o.apache.kafka.clients.NetworkClient - [Producer clientId=producer-1] Node 0 disconnected.
2026-03-14 01:04:46.571 [kafka-producer-network-thread | producer-1] WARN  o.apache.kafka.clients.NetworkClient - [Producer clientId=producer-1] Connection to node 0 (MSI/192.168.0.19:9092) could not be established. Broker may not be available.
2026-03-14 01:04:49.655 [lettuce-eventExecutorLoop-1-12] INFO  i.l.core.protocol.ConnectionWatchdog - Reconnecting, last destination was localhost/<unresolved>:6379
2026-03-14 01:04:49.658 [lettuce-nioEventLoop-4-9] WARN  i.l.core.protocol.ConnectionWatchdog - Cannot reconnect to [localhost/<unresolved>:6379]: Connection refused: getsockopt: localhost/127.0.0.1:6379
2026-03-14 01:04:49.813 [kafka-producer-network-thread | producer-1] INFO  o.apache.kafka.clients.NetworkClient - [Producer clientId=producer-1] Node 0 disconnected.
2026-03-14 01:04:49.813 [kafka-producer-network-thread | producer-1] WARN  o.apache.kafka.clients.NetworkClient - [Producer clientId=producer-1] Connection to node 0 (MSI/192.168.0.19:9092) could not be established. Broker may not be available.
2026-03-14 01:04:52.772 [kafka-producer-network-thread | producer-1] INFO  o.apache.kafka.clients.NetworkClient - [Producer clientId=producer-1] Node 0 disconnected.
2026-03-14 01:04:52.772 [kafka-producer-network-thread | producer-1] WARN  o.apache.kafka.clients.NetworkClient - [Producer clientId=producer-1] Connection to node 0 (MSI/192.168.0.19:9092) could not be established. Broker may not be available.
2026-03-14 01:04:56.007 [kafka-producer-network-thread | producer-1] INFO  o.apache.kafka.clients.NetworkClient - [Producer clientId=producer-1] Node 0 disconnected.
2026-03-14 01:04:56.007 [kafka-producer-network-thread | producer-1] WARN  o.apache.kafka.clients.NetworkClient - [Producer clientId=producer-1] Connection to node 0 (MSI/192.168.0.19:9092) could not be established. Broker may not be available.
2026-03-14 01:04:58.880 [kafka-producer-network-thread | producer-1] INFO  o.apache.kafka.clients.NetworkClient - [Producer clientId=producer-1] Node 0 disconnected.
2026-03-14 01:04:58.880 [kafka-producer-network-thread | producer-1] WARN  o.apache.kafka.clients.NetworkClient - [Producer clientId=producer-1] Connection to node 0 (MSI/192.168.0.19:9092) could not be established. Broker may not be available.
2026-03-14 01:05:01.945 [kafka-producer-network-thread | producer-1] INFO  o.apache.kafka.clients.NetworkClient - [Producer clientId=producer-1] Node 0 disconnected.
2026-03-14 01:05:01.945 [kafka-producer-network-thread | producer-1] WARN  o.apache.kafka.clients.NetworkClient - [Producer clientId=producer-1] Connection to node 0 (MSI/192.168.0.19:9092) could not be established. Broker may not be available.
2026-03-14 01:05:04.895 [kafka-producer-network-thread | producer-1] INFO  o.apache.kafka.clients.NetworkClient - [Producer clientId=producer-1] Node 0 disconnected.
2026-03-14 01:05:04.895 [kafka-producer-network-thread | producer-1] WARN  o.apache.kafka.clients.NetworkClient - [Producer clientId=producer-1] Connection to node 0 (MSI/192.168.0.19:9092) could not be established. Broker may not be available.
2026-03-14 01:05:08.003 [kafka-producer-network-thread | producer-1] INFO  o.apache.kafka.clients.NetworkClient - [Producer clientId=producer-1] Node 0 disconnected.
2026-03-14 01:05:08.003 [kafka-producer-network-thread | producer-1] WARN  o.apache.kafka.clients.NetworkClient - [Producer clientId=producer-1] Connection to node 0 (MSI/192.168.0.19:9092) could not be established. Broker may not be available.
2026-03-14 01:05:10.829 [kafka-producer-network-thread | producer-1] INFO  o.apache.kafka.clients.NetworkClient - [Producer clientId=producer-1] Node 0 disconnected.
2026-03-14 01:05:10.829 [kafka-producer-network-thread | producer-1] WARN  o.apache.kafka.clients.NetworkClient - [Producer clientId=producer-1] Connection to node 0 (MSI/192.168.0.19:9092) could not be established. Broker may not be available.
2026-03-14 01:05:13.987 [kafka-producer-network-thread | producer-1] INFO  o.apache.kafka.clients.NetworkClient - [Producer clientId=producer-1] Node 0 disconnected.
2026-03-14 01:05:13.987 [kafka-producer-network-thread | producer-1] WARN  o.apache.kafka.clients.NetworkClient - [Producer clientId=producer-1] Connection to node 0 (MSI/192.168.0.19:9092) could not be established. Broker may not be available.
2026-03-14 01:05:16.979 [kafka-producer-network-thread | producer-1] INFO  o.apache.kafka.clients.NetworkClient - [Producer clientId=producer-1] Node 0 disconnected.
2026-03-14 01:05:16.979 [kafka-producer-network-thread | producer-1] WARN  o.apache.kafka.clients.NetworkClient - [Producer clientId=producer-1] Connection to node 0 (MSI/192.168.0.19:9092) could not be established. Broker may not be available.
2026-03-14 01:05:17.794 [SpringApplicationShutdownHook] INFO  o.a.k.clients.producer.KafkaProducer - [Producer clientId=producer-1] Closing the Kafka producer with timeoutMillis = 30000 ms.
2026-03-14 01:05:17.816 [SpringApplicationShutdownHook] INFO  o.a.kafka.common.metrics.Metrics - Metrics scheduler closed
2026-03-14 01:05:17.816 [SpringApplicationShutdownHook] INFO  o.a.kafka.common.metrics.Metrics - Closing reporter org.apache.kafka.common.metrics.JmxReporter
2026-03-14 01:05:17.816 [SpringApplicationShutdownHook] INFO  o.a.kafka.common.metrics.Metrics - Metrics reporters closed
2026-03-14 01:05:17.817 [SpringApplicationShutdownHook] INFO  o.a.kafka.common.utils.AppInfoParser - App info kafka.producer for producer-1 unregistered
2026-03-14 01:05:17.915 [SpringApplicationShutdownHook] INFO  o.s.o.j.LocalContainerEntityManagerFactoryBean - Closing JPA EntityManagerFactory for persistence unit 'default'
2026-03-14 01:05:17.947 [SpringApplicationShutdownHook] INFO  com.zaxxer.hikari.HikariDataSource - UserServicePool - Shutdown initiated...
2026-03-14 01:05:17.987 [SpringApplicationShutdownHook] INFO  com.zaxxer.hikari.HikariDataSource - UserServicePool - Shutdown completed.
2026-03-14 14:52:21.837 [background-preinit] INFO  o.h.validator.internal.util.Version - HV000001: Hibernate Validator 8.0.1.Final
2026-03-14 14:52:21.881 [main] INFO  c.e.u.UserServiceApplication - Starting UserServiceApplication using Java 21.0.2 with PID 13224 (F:\Ecommerce Production Level Application\user-service\target\classes started by nanda royality in F:\Ecommerce Production Level Application\user-service)
2026-03-14 14:52:21.884 [main] DEBUG c.e.u.UserServiceApplication - Running with Spring Boot v3.2.3, Spring v6.1.4
2026-03-14 14:52:21.885 [main] INFO  c.e.u.UserServiceApplication - No active profile set, falling back to 1 default profile: "default"
2026-03-14 14:52:23.524 [main] INFO  o.s.d.r.c.RepositoryConfigurationDelegate - Multiple Spring Data modules found, entering strict repository configuration mode
2026-03-14 14:52:23.524 [main] INFO  o.s.d.r.c.RepositoryConfigurationDelegate - Bootstrapping Spring Data JPA repositories in DEFAULT mode.
2026-03-14 14:52:23.875 [main] INFO  o.s.d.r.c.RepositoryConfigurationDelegate - Finished Spring Data repository scanning in 338 ms. Found 5 JPA repository interfaces.
2026-03-14 14:52:23.881 [main] INFO  o.s.d.r.c.RepositoryConfigurationDelegate - Multiple Spring Data modules found, entering strict repository configuration mode
2026-03-14 14:52:23.882 [main] INFO  o.s.d.r.c.RepositoryConfigurationDelegate - Bootstrapping Spring Data Redis repositories in DEFAULT mode.
2026-03-14 14:52:23.917 [main] INFO  o.s.d.r.c.RepositoryConfigurationDelegate - Finished Spring Data repository scanning in 0 ms. Found 0 Redis repository interfaces.
2026-03-14 14:52:26.384 [main] INFO  o.s.b.w.e.tomcat.TomcatWebServer - Tomcat initialized with port 8081 (http)
2026-03-14 14:52:26.427 [main] INFO  o.a.coyote.http11.Http11NioProtocol - Initializing ProtocolHandler ["http-nio-8081"]
2026-03-14 14:52:26.433 [main] INFO  o.a.catalina.core.StandardService - Starting service [Tomcat]
2026-03-14 14:52:26.434 [main] INFO  o.a.catalina.core.StandardEngine - Starting Servlet engine: [Apache Tomcat/10.1.19]
2026-03-14 14:52:26.637 [main] INFO  o.a.c.c.C.[Tomcat].[localhost].[/] - Initializing Spring embedded WebApplicationContext
2026-03-14 14:52:26.637 [main] INFO  o.s.b.w.s.c.ServletWebServerApplicationContext - Root WebApplicationContext: initialization completed in 4673 ms
2026-03-14 14:52:27.078 [main] DEBUG c.e.u.s.JwtAuthenticationFilter - Filter 'jwtAuthenticationFilter' configured for use
2026-03-14 14:52:27.209 [main] INFO  com.zaxxer.hikari.HikariDataSource - UserServicePool - Starting...
2026-03-14 14:52:29.100 [main] INFO  com.zaxxer.hikari.pool.HikariPool - UserServicePool - Added connection com.mysql.cj.jdbc.ConnectionImpl@71f056a
2026-03-14 14:52:29.106 [main] INFO  com.zaxxer.hikari.HikariDataSource - UserServicePool - Start completed.
2026-03-14 14:52:29.571 [main] INFO  o.f.c.i.license.VersionPrinter - Flyway Community Edition 9.22.3 by Redgate
2026-03-14 14:52:29.571 [main] INFO  o.f.c.i.license.VersionPrinter - See release notes here: https://rd.gt/416ObMi
2026-03-14 14:52:29.571 [main] INFO  o.f.c.i.license.VersionPrinter - 
2026-03-14 14:52:29.793 [main] INFO  org.flywaydb.core.FlywayExecutor - Database: jdbc:mysql://localhost:3306/user_db (MySQL 8.0)
2026-03-14 14:52:30.120 [main] INFO  o.f.core.internal.command.DbValidate - Successfully validated 0 migrations (execution time 00:00.125s)
2026-03-14 14:52:30.120 [main] WARN  o.f.core.internal.command.DbValidate - No migrations found. Are your locations set up correctly?
2026-03-14 14:52:30.135 [main] INFO  o.f.core.internal.command.DbMigrate - Current version of schema `user_db`: << Empty Schema >>
2026-03-14 14:52:30.149 [main] INFO  o.f.core.internal.command.DbMigrate - Schema `user_db` is up to date. No migration necessary.
2026-03-14 14:52:30.333 [main] INFO  o.h.jpa.internal.util.LogHelper - HHH000204: Processing PersistenceUnitInfo [name: default]
2026-03-14 14:52:30.460 [main] INFO  org.hibernate.Version - HHH000412: Hibernate ORM core version 6.4.4.Final
2026-03-14 14:52:30.528 [main] INFO  o.h.c.i.RegionFactoryInitiator - HHH000026: Second-level cache disabled
2026-03-14 14:52:31.239 [main] INFO  o.s.o.j.p.SpringPersistenceUnitInfo - No LoadTimeWeaver setup: ignoring JPA class transformer
2026-03-14 14:52:31.529 [main] WARN  org.hibernate.orm.deprecation - HHH90000025: MySQLDialect does not need to be specified explicitly using 'hibernate.dialect' (remove the property setting and it will be selected by default)
2026-03-14 14:52:34.134 [main] INFO  o.h.e.t.j.p.i.JtaPlatformInitiator - HHH000489: No JTA platform available (set 'hibernate.transaction.jta.platform' to enable JTA platform integration)
2026-03-14 14:52:34.625 [main] INFO  o.s.o.j.LocalContainerEntityManagerFactoryBean - Initialized JPA EntityManagerFactory for persistence unit 'default'
2026-03-14 14:52:35.275 [main] INFO  o.s.d.j.r.query.QueryEnhancerFactory - Hibernate is in classpath; If applicable, HQL parser will be used.
2026-03-14 14:52:38.025 [main] INFO  o.s.b.a.e.web.EndpointLinksResolver - Exposing 1 endpoint(s) beneath base path '/actuator'
2026-03-14 14:52:38.153 [main] INFO  o.s.s.web.DefaultSecurityFilterChain - Will secure any request with [org.springframework.security.web.session.DisableEncodeUrlFilter@37717b97, org.springframework.security.web.context.request.async.WebAsyncManagerIntegrationFilter@12837172, org.springframework.security.web.context.SecurityContextHolderFilter@128acee, org.springframework.security.web.header.HeaderWriterFilter@2d29b8d3, org.springframework.web.filter.CorsFilter@c0ed96c, org.springframework.security.web.authentication.logout.LogoutFilter@5308b244, com.ecommerce.user_service.security.JwtAuthenticationFilter@611a2d82, org.springframework.security.web.savedrequest.RequestCacheAwareFilter@55002de6, org.springframework.security.web.servletapi.SecurityContextHolderAwareRequestFilter@eeb1cac, org.springframework.security.web.authentication.AnonymousAuthenticationFilter@57149e0a, org.springframework.security.web.session.SessionManagementFilter@583c416c, org.springframework.security.web.access.ExceptionTranslationFilter@525efc8c, org.springframework.security.web.access.intercept.AuthorizationFilter@1f406a62]
2026-03-14 14:52:39.304 [main] INFO  o.a.k.c.admin.AdminClientConfig - AdminClientConfig values: 
	auto.include.jmx.reporter = true
	bootstrap.servers = [localhost:9092]
	client.dns.lookup = use_all_dns_ips
	client.id = 
	connections.max.idle.ms = 300000
	default.api.timeout.ms = 60000
	metadata.max.age.ms = 300000
	metric.reporters = []
	metrics.num.samples = 2
	metrics.recording.level = INFO
	metrics.sample.window.ms = 30000
	receive.buffer.bytes = 65536
	reconnect.backoff.max.ms = 1000
	reconnect.backoff.ms = 50
	request.timeout.ms = 30000
	retries = 2147483647
	retry.backoff.ms = 100
	sasl.client.callback.handler.class = null
	sasl.jaas.config = null
	sasl.kerberos.kinit.cmd = /usr/bin/kinit
	sasl.kerberos.min.time.before.relogin = 60000
	sasl.kerberos.service.name = null
	sasl.kerberos.ticket.renew.jitter = 0.05
	sasl.kerberos.ticket.renew.window.factor = 0.8
	sasl.login.callback.handler.class = null
	sasl.login.class = null
	sasl.login.connect.timeout.ms = null
	sasl.login.read.timeout.ms = null
	sasl.login.refresh.buffer.seconds = 300
	sasl.login.refresh.min.period.seconds = 60
	sasl.login.refresh.window.factor = 0.8
	sasl.login.refresh.window.jitter = 0.05
	sasl.login.retry.backoff.max.ms = 10000
	sasl.login.retry.backoff.ms = 100
	sasl.mechanism = GSSAPI
	sasl.oauthbearer.clock.skew.seconds = 30
	sasl.oauthbearer.expected.audience = null
	sasl.oauthbearer.expected.issuer = null
	sasl.oauthbearer.jwks.endpoint.refresh.ms = 3600000
	sasl.oauthbearer.jwks.endpoint.retry.backoff.max.ms = 10000
	sasl.oauthbearer.jwks.endpoint.retry.backoff.ms = 100
	sasl.oauthbearer.jwks.endpoint.url = null
	sasl.oauthbearer.scope.claim.name = scope
	sasl.oauthbearer.sub.claim.name = sub
	sasl.oauthbearer.token.endpoint.url = null
	security.protocol = PLAINTEXT
	security.providers = null
	send.buffer.bytes = 131072
	socket.connection.setup.timeout.max.ms = 30000
	socket.connection.setup.timeout.ms = 10000
	ssl.cipher.suites = null
	ssl.enabled.protocols = [TLSv1.2, TLSv1.3]
	ssl.endpoint.identification.algorithm = https
	ssl.engine.factory.class = null
	ssl.key.password = null
	ssl.keymanager.algorithm = SunX509
	ssl.keystore.certificate.chain = null
	ssl.keystore.key = null
	ssl.keystore.location = null
	ssl.keystore.password = null
	ssl.keystore.type = JKS
	ssl.protocol = TLSv1.3
	ssl.provider = null
	ssl.secure.random.implementation = null
	ssl.trustmanager.algorithm = PKIX
	ssl.truststore.certificates = null
	ssl.truststore.location = null
	ssl.truststore.password = null
	ssl.truststore.type = JKS

2026-03-14 14:52:39.577 [main] INFO  o.a.kafka.common.utils.AppInfoParser - Kafka version: 3.6.1
2026-03-14 14:52:39.577 [main] INFO  o.a.kafka.common.utils.AppInfoParser - Kafka commitId: 5e3c2b738d253ff5
2026-03-14 14:52:39.577 [main] INFO  o.a.kafka.common.utils.AppInfoParser - Kafka startTimeMs: 1773480159576
2026-03-14 14:52:39.974 [kafka-admin-client-thread | adminclient-1] INFO  o.a.kafka.common.utils.AppInfoParser - App info kafka.admin.client for adminclient-1 unregistered
2026-03-14 14:52:39.978 [kafka-admin-client-thread | adminclient-1] INFO  o.a.kafka.common.metrics.Metrics - Metrics scheduler closed
2026-03-14 14:52:39.978 [kafka-admin-client-thread | adminclient-1] INFO  o.a.kafka.common.metrics.Metrics - Closing reporter org.apache.kafka.common.metrics.JmxReporter
2026-03-14 14:52:39.978 [kafka-admin-client-thread | adminclient-1] INFO  o.a.kafka.common.metrics.Metrics - Metrics reporters closed
2026-03-14 14:52:39.983 [main] INFO  o.a.coyote.http11.Http11NioProtocol - Starting ProtocolHandler ["http-nio-8081"]
2026-03-14 14:52:39.997 [main] INFO  o.s.b.w.e.tomcat.TomcatWebServer - Tomcat started on port 8081 (http) with context path ''
2026-03-14 14:52:40.017 [main] INFO  c.e.u.UserServiceApplication - Started UserServiceApplication in 18.971 seconds (process running for 22.943)
2026-03-14 14:53:34.586 [http-nio-8081-exec-2] INFO  o.a.c.c.C.[Tomcat].[localhost].[/] - Initializing Spring DispatcherServlet 'dispatcherServlet'
2026-03-14 14:53:34.587 [http-nio-8081-exec-2] INFO  o.s.web.servlet.DispatcherServlet - Initializing Servlet 'dispatcherServlet'
2026-03-14 14:53:34.588 [http-nio-8081-exec-2] INFO  o.s.web.servlet.DispatcherServlet - Completed initialization in 1 ms
2026-03-14 14:53:35.623 [http-nio-8081-exec-5] INFO  o.s.api.AbstractOpenApiResource - Init duration for springdoc-openapi is: 749 ms
2026-03-14 14:54:21.188 [http-nio-8081-exec-7] INFO  c.e.u.controller.AuthController - Login request for: kishorenanda518@gmail.com
2026-03-14 14:54:21.197 [http-nio-8081-exec-7] INFO  c.e.u.service.UserServiceImpl - Login attempt for: kishorenanda518@gmail.com
2026-03-14 14:54:21.286 [http-nio-8081-exec-7] DEBUG org.hibernate.SQL - 
    select
        u1_0.id,
        u1_0.created_at,
        u1_0.email,
        u1_0.email_verified,
        u1_0.last_login_at,
        u1_0.password_hash,
        u1_0.phone,
        u1_0.status,
        u1_0.updated_at,
        u1_0.username,
        u1_0.version 
    from
        users u1_0 
    where
        u1_0.username=? 
        or u1_0.email=?
2026-03-14 14:54:21.322 [http-nio-8081-exec-7] DEBUG org.hibernate.SQL - 
    select
        up1_0.id,
        up1_0.bio,
        up1_0.created_at,
        up1_0.date_of_birth,
        up1_0.first_name,
        up1_0.gender,
        up1_0.last_name,
        up1_0.profile_picture_url,
        up1_0.updated_at,
        up1_0.user_id 
    from
        user_profiles up1_0 
    where
        up1_0.user_id=?
2026-03-14 14:54:21.336 [http-nio-8081-exec-7] DEBUG org.hibernate.SQL - 
    select
        r1_0.user_id,
        r1_1.id,
        r1_1.description,
        r1_1.name 
    from
        user_roles r1_0 
    join
        roles r1_1 
            on r1_1.id=r1_0.role_id 
    where
        r1_0.user_id=?
2026-03-14 14:54:22.105 [http-nio-8081-exec-7] DEBUG c.e.u.service.UserServiceImpl - Refresh token stored in Redis for userId: cad6f01a-2bfb-465e-8d5d-fd7bf8b52b63
2026-03-14 14:54:22.144 [http-nio-8081-exec-7] INFO  o.a.k.c.producer.ProducerConfig - ProducerConfig values: 
	acks = -1
	auto.include.jmx.reporter = true
	batch.size = 16384
	bootstrap.servers = [localhost:9092]
	buffer.memory = 33554432
	client.dns.lookup = use_all_dns_ips
	client.id = producer-1
	compression.type = none
	connections.max.idle.ms = 540000
	delivery.timeout.ms = 120000
	enable.idempotence = true
	interceptor.classes = []
	key.serializer = class org.apache.kafka.common.serialization.StringSerializer
	linger.ms = 0
	max.block.ms = 60000
	max.in.flight.requests.per.connection = 5
	max.request.size = 1048576
	metadata.max.age.ms = 300000
	metadata.max.idle.ms = 300000
	metric.reporters = []
	metrics.num.samples = 2
	metrics.recording.level = INFO
	metrics.sample.window.ms = 30000
	partitioner.adaptive.partitioning.enable = true
	partitioner.availability.timeout.ms = 0
	partitioner.class = null
	partitioner.ignore.keys = false
	receive.buffer.bytes = 32768
	reconnect.backoff.max.ms = 1000
	reconnect.backoff.ms = 50
	request.timeout.ms = 30000
	retries = 2147483647
	retry.backoff.ms = 100
	sasl.client.callback.handler.class = null
	sasl.jaas.config = null
	sasl.kerberos.kinit.cmd = /usr/bin/kinit
	sasl.kerberos.min.time.before.relogin = 60000
	sasl.kerberos.service.name = null
	sasl.kerberos.ticket.renew.jitter = 0.05
	sasl.kerberos.ticket.renew.window.factor = 0.8
	sasl.login.callback.handler.class = null
	sasl.login.class = null
	sasl.login.connect.timeout.ms = null
	sasl.login.read.timeout.ms = null
	sasl.login.refresh.buffer.seconds = 300
	sasl.login.refresh.min.period.seconds = 60
	sasl.login.refresh.window.factor = 0.8
	sasl.login.refresh.window.jitter = 0.05
	sasl.login.retry.backoff.max.ms = 10000
	sasl.login.retry.backoff.ms = 100
	sasl.mechanism = GSSAPI
	sasl.oauthbearer.clock.skew.seconds = 30
	sasl.oauthbearer.expected.audience = null
	sasl.oauthbearer.expected.issuer = null
	sasl.oauthbearer.jwks.endpoint.refresh.ms = 3600000
	sasl.oauthbearer.jwks.endpoint.retry.backoff.max.ms = 10000
	sasl.oauthbearer.jwks.endpoint.retry.backoff.ms = 100
	sasl.oauthbearer.jwks.endpoint.url = null
	sasl.oauthbearer.scope.claim.name = scope
	sasl.oauthbearer.sub.claim.name = sub
	sasl.oauthbearer.token.endpoint.url = null
	security.protocol = PLAINTEXT
	security.providers = null
	send.buffer.bytes = 131072
	socket.connection.setup.timeout.max.ms = 30000
	socket.connection.setup.timeout.ms = 10000
	ssl.cipher.suites = null
	ssl.enabled.protocols = [TLSv1.2, TLSv1.3]
	ssl.endpoint.identification.algorithm = https
	ssl.engine.factory.class = null
	ssl.key.password = null
	ssl.keymanager.algorithm = SunX509
	ssl.keystore.certificate.chain = null
	ssl.keystore.key = null
	ssl.keystore.location = null
	ssl.keystore.password = null
	ssl.keystore.type = JKS
	ssl.protocol = TLSv1.3
	ssl.provider = null
	ssl.secure.random.implementation = null
	ssl.trustmanager.algorithm = PKIX
	ssl.truststore.certificates = null
	ssl.truststore.location = null
	ssl.truststore.password = null
	ssl.truststore.type = JKS
	transaction.timeout.ms = 60000
	transactional.id = null
	value.serializer = class org.springframework.kafka.support.serializer.JsonSerializer

2026-03-14 14:54:22.157 [http-nio-8081-exec-7] INFO  o.a.k.clients.producer.KafkaProducer - [Producer clientId=producer-1] Instantiated an idempotent producer.
2026-03-14 14:54:22.173 [http-nio-8081-exec-7] INFO  o.a.kafka.common.utils.AppInfoParser - Kafka version: 3.6.1
2026-03-14 14:54:22.174 [http-nio-8081-exec-7] INFO  o.a.kafka.common.utils.AppInfoParser - Kafka commitId: 5e3c2b738d253ff5
2026-03-14 14:54:22.174 [http-nio-8081-exec-7] INFO  o.a.kafka.common.utils.AppInfoParser - Kafka startTimeMs: 1773480262173
2026-03-14 14:54:22.185 [kafka-producer-network-thread | producer-1] INFO  org.apache.kafka.clients.Metadata - [Producer clientId=producer-1] Cluster ID: CGsHwbpHS06s9vqzSA9uVQ
2026-03-14 14:54:22.232 [http-nio-8081-exec-7] INFO  c.e.u.service.UserServiceImpl - Login successful for user: Nandakishore | id: cad6f01a-2bfb-465e-8d5d-fd7bf8b52b63
2026-03-14 14:54:22.276 [http-nio-8081-exec-7] DEBUG org.hibernate.SQL - 
    update
        users 
    set
        email=?,
        email_verified=?,
        last_login_at=?,
        password_hash=?,
        phone=?,
        status=?,
        updated_at=?,
        username=?,
        version=? 
    where
        id=? 
        and version=?
2026-03-14 14:54:22.313 [kafka-producer-network-thread | producer-1] INFO  o.a.k.c.p.i.TransactionManager - [Producer clientId=producer-1] ProducerId set to 1000 with epoch 0
2026-03-14 14:54:22.370 [kafka-producer-network-thread | producer-1] INFO  c.e.u.kafka.KafkaEventPublisher - Event published → topic: user.login-success | key: cad6f01a-2bfb-465e-8d5d-fd7bf8b52b63 | offset: 1
2026-03-14 14:54:38.155 [http-nio-8081-exec-8] DEBUG c.e.u.s.JwtAuthenticationFilter - JWT authenticated user: cad6f01a-2bfb-465e-8d5d-fd7bf8b52b63 | path: /api/v1/users/me
2026-03-14 14:54:38.160 [http-nio-8081-exec-8] INFO  c.e.u.controller.UserControllerImpl - Get profile request for userId: cad6f01a-2bfb-465e-8d5d-fd7bf8b52b63
2026-03-14 14:54:38.174 [http-nio-8081-exec-8] DEBUG org.hibernate.SQL - 
    select
        u1_0.id,
        u1_0.created_at,
        u1_0.email,
        u1_0.email_verified,
        u1_0.last_login_at,
        u1_0.password_hash,
        u1_0.phone,
        r1_0.user_id,
        r1_1.id,
        r1_1.description,
        r1_1.name,
        u1_0.status,
        u1_0.updated_at,
        u1_0.username,
        u1_0.version 
    from
        users u1_0 
    left join
        user_roles r1_0 
            on u1_0.id=r1_0.user_id 
    left join
        roles r1_1 
            on r1_1.id=r1_0.role_id 
    where
        u1_0.id=?
2026-03-14 14:54:38.176 [http-nio-8081-exec-8] DEBUG org.hibernate.SQL - 
    select
        up1_0.id,
        up1_0.bio,
        up1_0.created_at,
        up1_0.date_of_birth,
        up1_0.first_name,
        up1_0.gender,
        up1_0.last_name,
        up1_0.profile_picture_url,
        up1_0.updated_at,
        up1_0.user_id 
    from
        user_profiles up1_0 
    where
        up1_0.user_id=?
2026-03-14 14:57:29.747 [http-nio-8081-exec-3] INFO  c.e.u.controller.AuthController - Login request for: kishorenanda518@gmail.com
2026-03-14 14:57:29.748 [http-nio-8081-exec-3] INFO  c.e.u.service.UserServiceImpl - Login attempt for: kishorenanda518@gmail.com
2026-03-14 14:57:29.751 [http-nio-8081-exec-3] DEBUG org.hibernate.SQL - 
    select
        u1_0.id,
        u1_0.created_at,
        u1_0.email,
        u1_0.email_verified,
        u1_0.last_login_at,
        u1_0.password_hash,
        u1_0.phone,
        u1_0.status,
        u1_0.updated_at,
        u1_0.username,
        u1_0.version 
    from
        users u1_0 
    where
        u1_0.username=? 
        or u1_0.email=?
2026-03-14 14:57:29.754 [http-nio-8081-exec-3] DEBUG org.hibernate.SQL - 
    select
        up1_0.id,
        up1_0.bio,
        up1_0.created_at,
        up1_0.date_of_birth,
        up1_0.first_name,
        up1_0.gender,
        up1_0.last_name,
        up1_0.profile_picture_url,
        up1_0.updated_at,
        up1_0.user_id 
    from
        user_profiles up1_0 
    where
        up1_0.user_id=?
2026-03-14 14:57:29.756 [http-nio-8081-exec-3] DEBUG org.hibernate.SQL - 
    select
        r1_0.user_id,
        r1_1.id,
        r1_1.description,
        r1_1.name 
    from
        user_roles r1_0 
    join
        roles r1_1 
            on r1_1.id=r1_0.role_id 
    where
        r1_0.user_id=?
2026-03-14 14:57:29.986 [http-nio-8081-exec-3] DEBUG c.e.u.service.UserServiceImpl - Refresh token stored in Redis for userId: cad6f01a-2bfb-465e-8d5d-fd7bf8b52b63
2026-03-14 14:57:29.987 [http-nio-8081-exec-3] INFO  c.e.u.service.UserServiceImpl - Login successful for user: Nandakishore | id: cad6f01a-2bfb-465e-8d5d-fd7bf8b52b63
2026-03-14 14:57:29.988 [http-nio-8081-exec-3] DEBUG org.hibernate.SQL - 
    update
        users 
    set
        email=?,
        email_verified=?,
        last_login_at=?,
        password_hash=?,
        phone=?,
        status=?,
        updated_at=?,
        username=?,
        version=? 
    where
        id=? 
        and version=?
2026-03-14 14:57:29.994 [kafka-producer-network-thread | producer-1] INFO  c.e.u.kafka.KafkaEventPublisher - Event published → topic: user.login-success | key: cad6f01a-2bfb-465e-8d5d-fd7bf8b52b63 | offset: 2
2026-03-14 14:57:37.790 [http-nio-8081-exec-4] DEBUG c.e.u.s.JwtAuthenticationFilter - JWT authenticated user: cad6f01a-2bfb-465e-8d5d-fd7bf8b52b63 | path: /api/v1/users/me
2026-03-14 14:57:44.442 [http-nio-8081-exec-4] INFO  c.e.u.controller.UserControllerImpl - Update profile request for userId: cad6f01a-2bfb-465e-8d5d-fd7bf8b52b63
2026-03-14 14:57:44.819 [http-nio-8081-exec-4] DEBUG org.hibernate.SQL - 
    select
        u1_0.id,
        u1_0.created_at,
        u1_0.email,
        u1_0.email_verified,
        u1_0.last_login_at,
        u1_0.password_hash,
        u1_0.phone,
        r1_0.user_id,
        r1_1.id,
        r1_1.description,
        r1_1.name,
        u1_0.status,
        u1_0.updated_at,
        u1_0.username,
        u1_0.version 
    from
        users u1_0 
    left join
        user_roles r1_0 
            on u1_0.id=r1_0.user_id 
    left join
        roles r1_1 
            on r1_1.id=r1_0.role_id 
    where
        u1_0.id=?
2026-03-14 14:57:44.827 [http-nio-8081-exec-4] DEBUG org.hibernate.SQL - 
    select
        up1_0.id,
        up1_0.bio,
        up1_0.created_at,
        up1_0.date_of_birth,
        up1_0.first_name,
        up1_0.gender,
        up1_0.last_name,
        up1_0.profile_picture_url,
        up1_0.updated_at,
        up1_0.user_id 
    from
        user_profiles up1_0 
    where
        up1_0.user_id=?
2026-03-14 14:57:49.497 [http-nio-8081-exec-4] DEBUG org.hibernate.SQL - 
    select
        u1_0.id,
        u1_0.created_at,
        u1_0.email,
        u1_0.email_verified,
        u1_0.last_login_at,
        u1_0.password_hash,
        u1_0.phone,
        p1_0.id,
        p1_0.bio,
        p1_0.created_at,
        p1_0.date_of_birth,
        p1_0.first_name,
        p1_0.gender,
        p1_0.last_name,
        p1_0.profile_picture_url,
        p1_0.updated_at,
        p1_0.user_id,
        r1_0.user_id,
        r1_1.id,
        r1_1.description,
        r1_1.name,
        u1_0.status,
        u1_0.updated_at,
        u1_0.username,
        u1_0.version 
    from
        users u1_0 
    left join
        user_profiles p1_0 
            on u1_0.id=p1_0.user_id 
    left join
        user_roles r1_0 
            on u1_0.id=r1_0.user_id 
    left join
        roles r1_1 
            on r1_1.id=r1_0.role_id 
    where
        u1_0.id=?
2026-03-14 14:57:49.513 [http-nio-8081-exec-4] DEBUG org.hibernate.SQL - 
    update
        users 
    set
        email=?,
        email_verified=?,
        last_login_at=?,
        password_hash=?,
        phone=?,
        status=?,
        updated_at=?,
        username=?,
        version=? 
    where
        id=? 
        and version=?
2026-03-14 14:57:54.152 [http-nio-8081-exec-4] INFO  c.e.u.controller.UserControllerImpl - Profile updated for userId: cad6f01a-2bfb-465e-8d5d-fd7bf8b52b63
2026-03-14 14:57:54.645 [kafka-producer-network-thread | producer-1] INFO  c.e.u.kafka.KafkaEventPublisher - Event published → topic: user.updated | key: cad6f01a-2bfb-465e-8d5d-fd7bf8b52b63 | offset: 0
2026-03-14 14:58:16.024 [http-nio-8081-exec-5] DEBUG c.e.u.s.JwtAuthenticationFilter - JWT authenticated user: cad6f01a-2bfb-465e-8d5d-fd7bf8b52b63 | path: /api/v1/admin/users
2026-03-14 14:58:16.037 [http-nio-8081-exec-5] INFO  c.e.u.controller.AdminControllerImpl - Admin: list users — page: 0, size: 10
2026-03-14 14:58:16.050 [http-nio-8081-exec-5] DEBUG org.hibernate.SQL - 
    select
        u1_0.id,
        u1_0.created_at,
        u1_0.email,
        u1_0.email_verified,
        u1_0.last_login_at,
        u1_0.password_hash,
        u1_0.phone,
        u1_0.status,
        u1_0.updated_at,
        u1_0.username,
        u1_0.version 
    from
        users u1_0 
    order by
        u1_0.created_at desc 
    limit
        ?, ?
2026-03-14 14:58:16.052 [http-nio-8081-exec-5] DEBUG org.hibernate.SQL - 
    select
        up1_0.id,
        up1_0.bio,
        up1_0.created_at,
        up1_0.date_of_birth,
        up1_0.first_name,
        up1_0.gender,
        up1_0.last_name,
        up1_0.profile_picture_url,
        up1_0.updated_at,
        up1_0.user_id 
    from
        user_profiles up1_0 
    where
        up1_0.user_id=?
2026-03-14 14:58:16.053 [http-nio-8081-exec-5] DEBUG org.hibernate.SQL - 
    select
        up1_0.id,
        up1_0.bio,
        up1_0.created_at,
        up1_0.date_of_birth,
        up1_0.first_name,
        up1_0.gender,
        up1_0.last_name,
        up1_0.profile_picture_url,
        up1_0.updated_at,
        up1_0.user_id 
    from
        user_profiles up1_0 
    where
        up1_0.user_id=?
2026-03-14 14:58:16.054 [http-nio-8081-exec-5] DEBUG org.hibernate.SQL - 
    select
        up1_0.id,
        up1_0.bio,
        up1_0.created_at,
        up1_0.date_of_birth,
        up1_0.first_name,
        up1_0.gender,
        up1_0.last_name,
        up1_0.profile_picture_url,
        up1_0.updated_at,
        up1_0.user_id 
    from
        user_profiles up1_0 
    where
        up1_0.user_id=?
2026-03-14 14:58:16.056 [http-nio-8081-exec-5] DEBUG org.hibernate.SQL - 
    select
        up1_0.id,
        up1_0.bio,
        up1_0.created_at,
        up1_0.date_of_birth,
        up1_0.first_name,
        up1_0.gender,
        up1_0.last_name,
        up1_0.profile_picture_url,
        up1_0.updated_at,
        up1_0.user_id 
    from
        user_profiles up1_0 
    where
        up1_0.user_id=?
2026-03-14 14:58:16.057 [http-nio-8081-exec-5] DEBUG org.hibernate.SQL - 
    select
        up1_0.id,
        up1_0.bio,
        up1_0.created_at,
        up1_0.date_of_birth,
        up1_0.first_name,
        up1_0.gender,
        up1_0.last_name,
        up1_0.profile_picture_url,
        up1_0.updated_at,
        up1_0.user_id 
    from
        user_profiles up1_0 
    where
        up1_0.user_id=?
2026-03-14 14:58:16.058 [http-nio-8081-exec-5] DEBUG org.hibernate.SQL - 
    select
        r1_0.user_id,
        r1_1.id,
        r1_1.description,
        r1_1.name 
    from
        user_roles r1_0 
    join
        roles r1_1 
            on r1_1.id=r1_0.role_id 
    where
        r1_0.user_id=?
2026-03-14 14:58:16.059 [http-nio-8081-exec-5] DEBUG org.hibernate.SQL - 
    select
        r1_0.user_id,
        r1_1.id,
        r1_1.description,
        r1_1.name 
    from
        user_roles r1_0 
    join
        roles r1_1 
            on r1_1.id=r1_0.role_id 
    where
        r1_0.user_id=?
2026-03-14 14:58:16.060 [http-nio-8081-exec-5] DEBUG org.hibernate.SQL - 
    select
        r1_0.user_id,
        r1_1.id,
        r1_1.description,
        r1_1.name 
    from
        user_roles r1_0 
    join
        roles r1_1 
            on r1_1.id=r1_0.role_id 
    where
        r1_0.user_id=?
2026-03-14 14:58:16.061 [http-nio-8081-exec-5] DEBUG org.hibernate.SQL - 
    select
        r1_0.user_id,
        r1_1.id,
        r1_1.description,
        r1_1.name 
    from
        user_roles r1_0 
    join
        roles r1_1 
            on r1_1.id=r1_0.role_id 
    where
        r1_0.user_id=?
2026-03-14 14:58:16.062 [http-nio-8081-exec-5] DEBUG org.hibernate.SQL - 
    select
        r1_0.user_id,
        r1_1.id,
        r1_1.description,
        r1_1.name 
    from
        user_roles r1_0 
    join
        roles r1_1 
            on r1_1.id=r1_0.role_id 
    where
        r1_0.user_id=?
2026-03-14 14:59:22.199 [kafka-producer-network-thread | producer-1] INFO  org.apache.kafka.clients.Metadata - [Producer clientId=producer-1] Resetting the last seen epoch of partition user.login-success-0 to 0 since the associated topicId changed from null to S-QPf-BQRVWbUQ40O_ECdg
2026-03-14 14:59:22.199 [kafka-producer-network-thread | producer-1] INFO  org.apache.kafka.clients.Metadata - [Producer clientId=producer-1] Resetting the last seen epoch of partition user.login-success-1 to 0 since the associated topicId changed from null to S-QPf-BQRVWbUQ40O_ECdg
2026-03-14 14:59:22.199 [kafka-producer-network-thread | producer-1] INFO  org.apache.kafka.clients.Metadata - [Producer clientId=producer-1] Resetting the last seen epoch of partition user.login-success-2 to 0 since the associated topicId changed from null to S-QPf-BQRVWbUQ40O_ECdg
2026-03-14 15:03:22.308 [kafka-producer-network-thread | producer-1] INFO  o.apache.kafka.clients.NetworkClient - [Producer clientId=producer-1] Node -1 disconnected.
2026-03-14 15:04:34.501 [http-nio-8081-exec-1] INFO  c.e.u.controller.AuthController - Login request for: bhadrasugavasi949@gmail.com
2026-03-14 15:04:34.515 [http-nio-8081-exec-1] INFO  c.e.u.service.UserServiceImpl - Login attempt for: bhadrasugavasi949@gmail.com
2026-03-14 15:04:34.529 [http-nio-8081-exec-1] DEBUG org.hibernate.SQL - 
    select
        u1_0.id,
        u1_0.created_at,
        u1_0.email,
        u1_0.email_verified,
        u1_0.last_login_at,
        u1_0.password_hash,
        u1_0.phone,
        u1_0.status,
        u1_0.updated_at,
        u1_0.username,
        u1_0.version 
    from
        users u1_0 
    where
        u1_0.username=? 
        or u1_0.email=?
2026-03-14 15:04:34.550 [http-nio-8081-exec-1] DEBUG org.hibernate.SQL - 
    select
        up1_0.id,
        up1_0.bio,
        up1_0.created_at,
        up1_0.date_of_birth,
        up1_0.first_name,
        up1_0.gender,
        up1_0.last_name,
        up1_0.profile_picture_url,
        up1_0.updated_at,
        up1_0.user_id 
    from
        user_profiles up1_0 
    where
        up1_0.user_id=?
2026-03-14 15:04:34.556 [http-nio-8081-exec-1] DEBUG org.hibernate.SQL - 
    select
        r1_0.user_id,
        r1_1.id,
        r1_1.description,
        r1_1.name 
    from
        user_roles r1_0 
    join
        roles r1_1 
            on r1_1.id=r1_0.role_id 
    where
        r1_0.user_id=?
2026-03-14 15:04:35.211 [kafka-producer-network-thread | producer-1] INFO  c.e.u.kafka.KafkaEventPublisher - Event published → topic: user.login-failed | key: 76e75436-ca3e-4288-acda-2c483f877325 | offset: 0
2026-03-14 15:04:35.234 [http-nio-8081-exec-1] WARN  c.e.u.e.GlobalExceptionHandler - Invalid credentials attempt at: /api/v1/auth/login
2026-03-14 15:04:42.087 [http-nio-8081-exec-3] INFO  c.e.u.controller.AuthController - Login request for: bhadrasugavasi949@gmail.com
2026-03-14 15:04:42.089 [http-nio-8081-exec-3] INFO  c.e.u.service.UserServiceImpl - Login attempt for: bhadrasugavasi949@gmail.com
2026-03-14 15:04:42.090 [http-nio-8081-exec-3] DEBUG org.hibernate.SQL - 
    select
        u1_0.id,
        u1_0.created_at,
        u1_0.email,
        u1_0.email_verified,
        u1_0.last_login_at,
        u1_0.password_hash,
        u1_0.phone,
        u1_0.status,
        u1_0.updated_at,
        u1_0.username,
        u1_0.version 
    from
        users u1_0 
    where
        u1_0.username=? 
        or u1_0.email=?
2026-03-14 15:04:42.094 [http-nio-8081-exec-3] DEBUG org.hibernate.SQL - 
    select
        up1_0.id,
        up1_0.bio,
        up1_0.created_at,
        up1_0.date_of_birth,
        up1_0.first_name,
        up1_0.gender,
        up1_0.last_name,
        up1_0.profile_picture_url,
        up1_0.updated_at,
        up1_0.user_id 
    from
        user_profiles up1_0 
    where
        up1_0.user_id=?
2026-03-14 15:04:42.096 [http-nio-8081-exec-3] DEBUG org.hibernate.SQL - 
    select
        r1_0.user_id,
        r1_1.id,
        r1_1.description,
        r1_1.name 
    from
        user_roles r1_0 
    join
        roles r1_1 
            on r1_1.id=r1_0.role_id 
    where
        r1_0.user_id=?
2026-03-14 15:04:42.375 [http-nio-8081-exec-3] DEBUG c.e.u.service.UserServiceImpl - Refresh token stored in Redis for userId: 76e75436-ca3e-4288-acda-2c483f877325
2026-03-14 15:04:42.381 [http-nio-8081-exec-3] INFO  c.e.u.service.UserServiceImpl - Login successful for user: badhra | id: 76e75436-ca3e-4288-acda-2c483f877325
2026-03-14 15:04:42.383 [http-nio-8081-exec-3] DEBUG org.hibernate.SQL - 
    update
        users 
    set
        email=?,
        email_verified=?,
        last_login_at=?,
        password_hash=?,
        phone=?,
        status=?,
        updated_at=?,
        username=?,
        version=? 
    where
        id=? 
        and version=?
2026-03-14 15:04:42.385 [kafka-producer-network-thread | producer-1] INFO  c.e.u.kafka.KafkaEventPublisher - Event published → topic: user.login-success | key: 76e75436-ca3e-4288-acda-2c483f877325 | offset: 0
2026-03-14 15:08:22.470 [kafka-producer-network-thread | producer-1] INFO  org.apache.kafka.clients.Metadata - [Producer clientId=producer-1] Resetting the last seen epoch of partition user.login-failed-0 to 0 since the associated topicId changed from null to rrQ1YyAcS3GQ6f1DNEksmA
2026-03-14 15:08:22.470 [kafka-producer-network-thread | producer-1] INFO  org.apache.kafka.clients.Metadata - [Producer clientId=producer-1] Resetting the last seen epoch of partition user.login-failed-1 to 0 since the associated topicId changed from null to rrQ1YyAcS3GQ6f1DNEksmA
2026-03-14 15:08:22.470 [kafka-producer-network-thread | producer-1] INFO  org.apache.kafka.clients.Metadata - [Producer clientId=producer-1] Resetting the last seen epoch of partition user.login-failed-2 to 0 since the associated topicId changed from null to rrQ1YyAcS3GQ6f1DNEksmA
2026-03-14 15:16:39.794 [http-nio-8081-exec-5] INFO  c.e.u.controller.AuthController - Login request for: bhadrasugavasi949@gmail.com
2026-03-14 15:16:39.795 [http-nio-8081-exec-5] INFO  c.e.u.service.UserServiceImpl - Login attempt for: bhadrasugavasi949@gmail.com
2026-03-14 15:16:39.799 [http-nio-8081-exec-5] DEBUG org.hibernate.SQL - 
    select
        u1_0.id,
        u1_0.created_at,
        u1_0.email,
        u1_0.email_verified,
        u1_0.last_login_at,
        u1_0.password_hash,
        u1_0.phone,
        u1_0.status,
        u1_0.updated_at,
        u1_0.username,
        u1_0.version 
    from
        users u1_0 
    where
        u1_0.username=? 
        or u1_0.email=?
2026-03-14 15:16:39.803 [http-nio-8081-exec-5] DEBUG org.hibernate.SQL - 
    select
        up1_0.id,
        up1_0.bio,
        up1_0.created_at,
        up1_0.date_of_birth,
        up1_0.first_name,
        up1_0.gender,
        up1_0.last_name,
        up1_0.profile_picture_url,
        up1_0.updated_at,
        up1_0.user_id 
    from
        user_profiles up1_0 
    where
        up1_0.user_id=?
2026-03-14 15:16:39.807 [http-nio-8081-exec-5] DEBUG org.hibernate.SQL - 
    select
        r1_0.user_id,
        r1_1.id,
        r1_1.description,
        r1_1.name 
    from
        user_roles r1_0 
    join
        roles r1_1 
            on r1_1.id=r1_0.role_id 
    where
        r1_0.user_id=?
2026-03-14 15:16:40.039 [http-nio-8081-exec-5] DEBUG c.e.u.service.UserServiceImpl - Refresh token stored in Redis for userId: 76e75436-ca3e-4288-acda-2c483f877325
2026-03-14 15:16:40.042 [http-nio-8081-exec-5] INFO  c.e.u.service.UserServiceImpl - Login successful for user: badhra | id: 76e75436-ca3e-4288-acda-2c483f877325
2026-03-14 15:16:40.043 [http-nio-8081-exec-5] DEBUG org.hibernate.SQL - 
    update
        users 
    set
        email=?,
        email_verified=?,
        last_login_at=?,
        password_hash=?,
        phone=?,
        status=?,
        updated_at=?,
        username=?,
        version=? 
    where
        id=? 
        and version=?
2026-03-14 15:16:40.045 [kafka-producer-network-thread | producer-1] INFO  c.e.u.kafka.KafkaEventPublisher - Event published → topic: user.login-success | key: 76e75436-ca3e-4288-acda-2c483f877325 | offset: 1
2026-03-14 15:16:45.777 [http-nio-8081-exec-6] DEBUG c.e.u.s.JwtAuthenticationFilter - JWT authenticated user: 76e75436-ca3e-4288-acda-2c483f877325 | path: /api/v1/users/me
2026-03-14 15:16:45.781 [http-nio-8081-exec-6] INFO  c.e.u.controller.UserControllerImpl - Get profile request for userId: 76e75436-ca3e-4288-acda-2c483f877325
2026-03-14 15:16:45.787 [http-nio-8081-exec-6] DEBUG org.hibernate.SQL - 
    select
        u1_0.id,
        u1_0.created_at,
        u1_0.email,
        u1_0.email_verified,
        u1_0.last_login_at,
        u1_0.password_hash,
        u1_0.phone,
        r1_0.user_id,
        r1_1.id,
        r1_1.description,
        r1_1.name,
        u1_0.status,
        u1_0.updated_at,
        u1_0.username,
        u1_0.version 
    from
        users u1_0 
    left join
        user_roles r1_0 
            on u1_0.id=r1_0.user_id 
    left join
        roles r1_1 
            on r1_1.id=r1_0.role_id 
    where
        u1_0.id=?
2026-03-14 15:16:45.788 [http-nio-8081-exec-6] DEBUG org.hibernate.SQL - 
    select
        up1_0.id,
        up1_0.bio,
        up1_0.created_at,
        up1_0.date_of_birth,
        up1_0.first_name,
        up1_0.gender,
        up1_0.last_name,
        up1_0.profile_picture_url,
        up1_0.updated_at,
        up1_0.user_id 
    from
        user_profiles up1_0 
    where
        up1_0.user_id=?
2026-03-14 15:16:56.460 [http-nio-8081-exec-7] DEBUG c.e.u.s.JwtAuthenticationFilter - JWT authenticated user: 76e75436-ca3e-4288-acda-2c483f877325 | path: /api/v1/admin/users
2026-03-14 15:43:05.967 [kafka-producer-network-thread | producer-1] INFO  o.apache.kafka.clients.NetworkClient - [Producer clientId=producer-1] Node 0 disconnected.
2026-03-14 15:51:52.639 [UserServicePool housekeeper] WARN  com.zaxxer.hikari.pool.HikariPool - UserServicePool - Thread starvation or clock leap detected (housekeeper delta=24m1s239ms180µs900ns).
2026-03-14 15:51:58.904 [kafka-producer-network-thread | producer-1] INFO  o.apache.kafka.clients.NetworkClient - [Producer clientId=producer-1] Node 0 disconnected.
2026-03-14 15:56:31.874 [http-nio-8081-exec-10] INFO  c.e.u.controller.AuthController - Login request for: kishorenanda518@gmail.com
2026-03-14 15:56:31.962 [http-nio-8081-exec-10] INFO  c.e.u.service.UserServiceImpl - Login attempt for: kishorenanda518@gmail.com
2026-03-14 15:56:32.059 [http-nio-8081-exec-10] DEBUG org.hibernate.SQL - 
    select
        u1_0.id,
        u1_0.created_at,
        u1_0.email,
        u1_0.email_verified,
        u1_0.last_login_at,
        u1_0.password_hash,
        u1_0.phone,
        u1_0.status,
        u1_0.updated_at,
        u1_0.username,
        u1_0.version 
    from
        users u1_0 
    where
        u1_0.username=? 
        or u1_0.email=?
2026-03-14 15:56:32.189 [http-nio-8081-exec-10] DEBUG org.hibernate.SQL - 
    select
        up1_0.id,
        up1_0.bio,
        up1_0.created_at,
        up1_0.date_of_birth,
        up1_0.first_name,
        up1_0.gender,
        up1_0.last_name,
        up1_0.profile_picture_url,
        up1_0.updated_at,
        up1_0.user_id 
    from
        user_profiles up1_0 
    where
        up1_0.user_id=?
2026-03-14 15:56:32.205 [http-nio-8081-exec-10] DEBUG org.hibernate.SQL - 
    select
        r1_0.user_id,
        r1_1.id,
        r1_1.description,
        r1_1.name 
    from
        user_roles r1_0 
    join
        roles r1_1 
            on r1_1.id=r1_0.role_id 
    where
        r1_0.user_id=?
2026-03-14 15:56:32.760 [http-nio-8081-exec-10] DEBUG c.e.u.service.UserServiceImpl - Refresh token stored in Redis for userId: cad6f01a-2bfb-465e-8d5d-fd7bf8b52b63
2026-03-14 15:56:32.828 [http-nio-8081-exec-10] INFO  c.e.u.service.UserServiceImpl - Login successful for user: Nandakishore | id: cad6f01a-2bfb-465e-8d5d-fd7bf8b52b63
2026-03-14 15:56:32.842 [http-nio-8081-exec-10] DEBUG org.hibernate.SQL - 
    update
        users 
    set
        email=?,
        email_verified=?,
        last_login_at=?,
        password_hash=?,
        phone=?,
        status=?,
        updated_at=?,
        username=?,
        version=? 
    where
        id=? 
        and version=?
2026-03-14 15:56:32.936 [kafka-producer-network-thread | producer-1] INFO  c.e.u.kafka.KafkaEventPublisher - Event published → topic: user.login-success | key: cad6f01a-2bfb-465e-8d5d-fd7bf8b52b63 | offset: 3
2026-03-14 15:56:40.033 [http-nio-8081-exec-2] DEBUG c.e.u.s.JwtAuthenticationFilter - JWT authenticated user: cad6f01a-2bfb-465e-8d5d-fd7bf8b52b63 | path: /api/v1/users/me/profile-picture
2026-03-14 15:56:41.251 [http-nio-8081-exec-2] INFO  c.e.u.controller.UserControllerImpl - Profile picture upload for userId: cad6f01a-2bfb-465e-8d5d-fd7bf8b52b63
2026-03-14 15:56:41.256 [http-nio-8081-exec-2] DEBUG org.hibernate.SQL - 
    select
        u1_0.id,
        u1_0.created_at,
        u1_0.email,
        u1_0.email_verified,
        u1_0.last_login_at,
        u1_0.password_hash,
        u1_0.phone,
        r1_0.user_id,
        r1_1.id,
        r1_1.description,
        r1_1.name,
        u1_0.status,
        u1_0.updated_at,
        u1_0.username,
        u1_0.version 
    from
        users u1_0 
    left join
        user_roles r1_0 
            on u1_0.id=r1_0.user_id 
    left join
        roles r1_1 
            on r1_1.id=r1_0.role_id 
    where
        u1_0.id=?
2026-03-14 15:56:41.260 [http-nio-8081-exec-2] DEBUG org.hibernate.SQL - 
    select
        up1_0.id,
        up1_0.bio,
        up1_0.created_at,
        up1_0.date_of_birth,
        up1_0.first_name,
        up1_0.gender,
        up1_0.last_name,
        up1_0.profile_picture_url,
        up1_0.updated_at,
        up1_0.user_id 
    from
        user_profiles up1_0 
    where
        up1_0.user_id=?
2026-03-14 15:56:41.630 [http-nio-8081-exec-2] DEBUG org.hibernate.SQL - 
    select
        u1_0.id,
        u1_0.created_at,
        u1_0.email,
        u1_0.email_verified,
        u1_0.last_login_at,
        u1_0.password_hash,
        u1_0.phone,
        p1_0.id,
        p1_0.bio,
        p1_0.created_at,
        p1_0.date_of_birth,
        p1_0.first_name,
        p1_0.gender,
        p1_0.last_name,
        p1_0.profile_picture_url,
        p1_0.updated_at,
        p1_0.user_id,
        r1_0.user_id,
        r1_1.id,
        r1_1.description,
        r1_1.name,
        u1_0.status,
        u1_0.updated_at,
        u1_0.username,
        u1_0.version 
    from
        users u1_0 
    left join
        user_profiles p1_0 
            on u1_0.id=p1_0.user_id 
    left join
        user_roles r1_0 
            on u1_0.id=r1_0.user_id 
    left join
        roles r1_1 
            on r1_1.id=r1_0.role_id 
    where
        u1_0.id=?
2026-03-14 15:56:41.676 [http-nio-8081-exec-2] DEBUG org.hibernate.SQL - 
    update
        user_profiles 
    set
        bio=?,
        date_of_birth=?,
        first_name=?,
        gender=?,
        last_name=?,
        profile_picture_url=?,
        updated_at=?,
        user_id=? 
    where
        id=?
2026-03-14 15:56:41.703 [http-nio-8081-exec-2] INFO  c.e.u.controller.UserControllerImpl - Profile picture uploaded for userId: cad6f01a-2bfb-465e-8d5d-fd7bf8b52b63 → cad6f01a-2bfb-465e-8d5d-fd7bf8b52b63_2d691167-85a5-4cce-a69e-d6e7eb93698d.jpg
2026-03-14 17:17:17.570 [SpringApplicationShutdownHook] INFO  o.a.k.clients.producer.KafkaProducer - [Producer clientId=producer-1] Closing the Kafka producer with timeoutMillis = 30000 ms.
2026-03-14 17:17:17.775 [SpringApplicationShutdownHook] INFO  o.a.kafka.common.metrics.Metrics - Metrics scheduler closed
2026-03-14 17:17:17.777 [SpringApplicationShutdownHook] INFO  o.a.kafka.common.metrics.Metrics - Closing reporter org.apache.kafka.common.metrics.JmxReporter
2026-03-14 17:17:17.777 [SpringApplicationShutdownHook] INFO  o.a.kafka.common.metrics.Metrics - Metrics reporters closed
2026-03-14 17:17:17.782 [SpringApplicationShutdownHook] INFO  o.a.kafka.common.utils.AppInfoParser - App info kafka.producer for producer-1 unregistered
2026-03-14 17:17:18.213 [SpringApplicationShutdownHook] INFO  o.s.o.j.LocalContainerEntityManagerFactoryBean - Closing JPA EntityManagerFactory for persistence unit 'default'
2026-03-14 17:17:18.305 [SpringApplicationShutdownHook] INFO  com.zaxxer.hikari.HikariDataSource - UserServicePool - Shutdown initiated...
2026-03-14 17:17:18.340 [SpringApplicationShutdownHook] INFO  com.zaxxer.hikari.HikariDataSource - UserServicePool - Shutdown completed.
2026-03-14 17:20:12.755 [background-preinit] INFO  o.h.validator.internal.util.Version - HV000001: Hibernate Validator 8.0.1.Final
2026-03-14 17:20:12.817 [main] INFO  c.e.u.UserServiceApplication - Starting UserServiceApplication using Java 21.0.2 with PID 18632 (F:\Ecommerce Production Level Application\user-service\target\classes started by nanda royality in F:\Ecommerce Production Level Application\user-service)
2026-03-14 17:20:12.894 [main] DEBUG c.e.u.UserServiceApplication - Running with Spring Boot v3.2.3, Spring v6.1.4
2026-03-14 17:20:12.896 [main] INFO  c.e.u.UserServiceApplication - No active profile set, falling back to 1 default profile: "default"
2026-03-14 17:20:15.211 [main] INFO  o.s.d.r.c.RepositoryConfigurationDelegate - Multiple Spring Data modules found, entering strict repository configuration mode
2026-03-14 17:20:15.212 [main] INFO  o.s.d.r.c.RepositoryConfigurationDelegate - Bootstrapping Spring Data JPA repositories in DEFAULT mode.
2026-03-14 17:20:15.402 [main] INFO  o.s.d.r.c.RepositoryConfigurationDelegate - Finished Spring Data repository scanning in 181 ms. Found 5 JPA repository interfaces.
2026-03-14 17:20:15.405 [main] INFO  o.s.d.r.c.RepositoryConfigurationDelegate - Multiple Spring Data modules found, entering strict repository configuration mode
2026-03-14 17:20:15.405 [main] INFO  o.s.d.r.c.RepositoryConfigurationDelegate - Bootstrapping Spring Data Redis repositories in DEFAULT mode.
2026-03-14 17:20:15.416 [main] INFO  o.s.d.r.c.RepositoryConfigurationDelegate - Finished Spring Data repository scanning in 0 ms. Found 0 Redis repository interfaces.
2026-03-14 17:20:17.645 [main] INFO  o.s.b.w.e.tomcat.TomcatWebServer - Tomcat initialized with port 8081 (http)
2026-03-14 17:20:17.662 [main] INFO  o.a.coyote.http11.Http11NioProtocol - Initializing ProtocolHandler ["http-nio-8081"]
2026-03-14 17:20:17.666 [main] INFO  o.a.catalina.core.StandardService - Starting service [Tomcat]
2026-03-14 17:20:17.667 [main] INFO  o.a.catalina.core.StandardEngine - Starting Servlet engine: [Apache Tomcat/10.1.19]
2026-03-14 17:20:17.789 [main] INFO  o.a.c.c.C.[Tomcat].[localhost].[/] - Initializing Spring embedded WebApplicationContext
2026-03-14 17:20:17.790 [main] INFO  o.s.b.w.s.c.ServletWebServerApplicationContext - Root WebApplicationContext: initialization completed in 4727 ms
2026-03-14 17:20:18.126 [main] DEBUG c.e.u.s.JwtAuthenticationFilter - Filter 'jwtAuthenticationFilter' configured for use
2026-03-14 17:20:18.272 [main] INFO  com.zaxxer.hikari.HikariDataSource - UserServicePool - Starting...
2026-03-14 17:20:18.635 [main] INFO  com.zaxxer.hikari.pool.HikariPool - UserServicePool - Added connection com.mysql.cj.jdbc.ConnectionImpl@42b500aa
2026-03-14 17:20:18.638 [main] INFO  com.zaxxer.hikari.HikariDataSource - UserServicePool - Start completed.
2026-03-14 17:20:18.821 [main] INFO  o.f.c.i.license.VersionPrinter - Flyway Community Edition 9.22.3 by Redgate
2026-03-14 17:20:18.821 [main] INFO  o.f.c.i.license.VersionPrinter - See release notes here: https://rd.gt/416ObMi
2026-03-14 17:20:18.821 [main] INFO  o.f.c.i.license.VersionPrinter - 
2026-03-14 17:20:18.881 [main] INFO  org.flywaydb.core.FlywayExecutor - Database: jdbc:mysql://localhost:3306/user_db (MySQL 8.0)
2026-03-14 17:20:19.007 [main] INFO  o.f.core.internal.command.DbValidate - Successfully validated 0 migrations (execution time 00:00.043s)
2026-03-14 17:20:19.007 [main] WARN  o.f.core.internal.command.DbValidate - No migrations found. Are your locations set up correctly?
2026-03-14 17:20:19.027 [main] INFO  o.f.core.internal.command.DbMigrate - Current version of schema `user_db`: << Empty Schema >>
2026-03-14 17:20:19.036 [main] INFO  o.f.core.internal.command.DbMigrate - Schema `user_db` is up to date. No migration necessary.
2026-03-14 17:20:19.206 [main] INFO  o.h.jpa.internal.util.LogHelper - HHH000204: Processing PersistenceUnitInfo [name: default]
2026-03-14 17:20:19.295 [main] INFO  org.hibernate.Version - HHH000412: Hibernate ORM core version 6.4.4.Final
2026-03-14 17:20:19.339 [main] INFO  o.h.c.i.RegionFactoryInitiator - HHH000026: Second-level cache disabled
2026-03-14 17:20:19.652 [main] INFO  o.s.o.j.p.SpringPersistenceUnitInfo - No LoadTimeWeaver setup: ignoring JPA class transformer
2026-03-14 17:20:19.727 [main] WARN  org.hibernate.orm.deprecation - HHH90000025: MySQLDialect does not need to be specified explicitly using 'hibernate.dialect' (remove the property setting and it will be selected by default)
2026-03-14 17:20:20.933 [main] INFO  o.h.e.t.j.p.i.JtaPlatformInitiator - HHH000489: No JTA platform available (set 'hibernate.transaction.jta.platform' to enable JTA platform integration)
2026-03-14 17:20:21.055 [main] INFO  o.s.o.j.LocalContainerEntityManagerFactoryBean - Initialized JPA EntityManagerFactory for persistence unit 'default'
2026-03-14 17:20:21.756 [main] INFO  o.s.d.j.r.query.QueryEnhancerFactory - Hibernate is in classpath; If applicable, HQL parser will be used.
2026-03-14 17:20:24.827 [main] INFO  o.s.b.a.e.web.EndpointLinksResolver - Exposing 1 endpoint(s) beneath base path '/actuator'
2026-03-14 17:20:24.970 [main] INFO  o.s.s.web.DefaultSecurityFilterChain - Will secure any request with [org.springframework.security.web.session.DisableEncodeUrlFilter@2fb800ca, org.springframework.security.web.context.request.async.WebAsyncManagerIntegrationFilter@6d8c1584, org.springframework.security.web.context.SecurityContextHolderFilter@5ad07f8a, org.springframework.security.web.header.HeaderWriterFilter@46c09751, org.springframework.web.filter.CorsFilter@2e826bd1, org.springframework.security.web.authentication.logout.LogoutFilter@18e8003a, com.ecommerce.user_service.security.JwtAuthenticationFilter@34695b23, org.springframework.security.web.savedrequest.RequestCacheAwareFilter@145baec6, org.springframework.security.web.servletapi.SecurityContextHolderAwareRequestFilter@26b78c2, org.springframework.security.web.authentication.AnonymousAuthenticationFilter@271f6597, org.springframework.security.web.session.SessionManagementFilter@118bace5, org.springframework.security.web.access.ExceptionTranslationFilter@2c34fb51, org.springframework.security.web.access.intercept.AuthorizationFilter@6b85fabc]
2026-03-14 17:20:26.238 [main] INFO  o.a.k.c.admin.AdminClientConfig - AdminClientConfig values: 
	auto.include.jmx.reporter = true
	bootstrap.servers = [localhost:9092]
	client.dns.lookup = use_all_dns_ips
	client.id = 
	connections.max.idle.ms = 300000
	default.api.timeout.ms = 60000
	metadata.max.age.ms = 300000
	metric.reporters = []
	metrics.num.samples = 2
	metrics.recording.level = INFO
	metrics.sample.window.ms = 30000
	receive.buffer.bytes = 65536
	reconnect.backoff.max.ms = 1000
	reconnect.backoff.ms = 50
	request.timeout.ms = 30000
	retries = 2147483647
	retry.backoff.ms = 100
	sasl.client.callback.handler.class = null
	sasl.jaas.config = null
	sasl.kerberos.kinit.cmd = /usr/bin/kinit
	sasl.kerberos.min.time.before.relogin = 60000
	sasl.kerberos.service.name = null
	sasl.kerberos.ticket.renew.jitter = 0.05
	sasl.kerberos.ticket.renew.window.factor = 0.8
	sasl.login.callback.handler.class = null
	sasl.login.class = null
	sasl.login.connect.timeout.ms = null
	sasl.login.read.timeout.ms = null
	sasl.login.refresh.buffer.seconds = 300
	sasl.login.refresh.min.period.seconds = 60
	sasl.login.refresh.window.factor = 0.8
	sasl.login.refresh.window.jitter = 0.05
	sasl.login.retry.backoff.max.ms = 10000
	sasl.login.retry.backoff.ms = 100
	sasl.mechanism = GSSAPI
	sasl.oauthbearer.clock.skew.seconds = 30
	sasl.oauthbearer.expected.audience = null
	sasl.oauthbearer.expected.issuer = null
	sasl.oauthbearer.jwks.endpoint.refresh.ms = 3600000
	sasl.oauthbearer.jwks.endpoint.retry.backoff.max.ms = 10000
	sasl.oauthbearer.jwks.endpoint.retry.backoff.ms = 100
	sasl.oauthbearer.jwks.endpoint.url = null
	sasl.oauthbearer.scope.claim.name = scope
	sasl.oauthbearer.sub.claim.name = sub
	sasl.oauthbearer.token.endpoint.url = null
	security.protocol = PLAINTEXT
	security.providers = null
	send.buffer.bytes = 131072
	socket.connection.setup.timeout.max.ms = 30000
	socket.connection.setup.timeout.ms = 10000
	ssl.cipher.suites = null
	ssl.enabled.protocols = [TLSv1.2, TLSv1.3]
	ssl.endpoint.identification.algorithm = https
	ssl.engine.factory.class = null
	ssl.key.password = null
	ssl.keymanager.algorithm = SunX509
	ssl.keystore.certificate.chain = null
	ssl.keystore.key = null
	ssl.keystore.location = null
	ssl.keystore.password = null
	ssl.keystore.type = JKS
	ssl.protocol = TLSv1.3
	ssl.provider = null
	ssl.secure.random.implementation = null
	ssl.trustmanager.algorithm = PKIX
	ssl.truststore.certificates = null
	ssl.truststore.location = null
	ssl.truststore.password = null
	ssl.truststore.type = JKS

2026-03-14 17:20:26.576 [main] INFO  o.a.kafka.common.utils.AppInfoParser - Kafka version: 3.6.1
2026-03-14 17:20:26.576 [main] INFO  o.a.kafka.common.utils.AppInfoParser - Kafka commitId: 5e3c2b738d253ff5
2026-03-14 17:20:26.576 [main] INFO  o.a.kafka.common.utils.AppInfoParser - Kafka startTimeMs: 1773489026574
2026-03-14 17:20:27.211 [kafka-admin-client-thread | adminclient-1] INFO  o.a.kafka.common.utils.AppInfoParser - App info kafka.admin.client for adminclient-1 unregistered
2026-03-14 17:20:27.215 [kafka-admin-client-thread | adminclient-1] INFO  o.a.kafka.common.metrics.Metrics - Metrics scheduler closed
2026-03-14 17:20:27.215 [kafka-admin-client-thread | adminclient-1] INFO  o.a.kafka.common.metrics.Metrics - Closing reporter org.apache.kafka.common.metrics.JmxReporter
2026-03-14 17:20:27.215 [kafka-admin-client-thread | adminclient-1] INFO  o.a.kafka.common.metrics.Metrics - Metrics reporters closed
2026-03-14 17:20:27.221 [main] INFO  o.a.coyote.http11.Http11NioProtocol - Starting ProtocolHandler ["http-nio-8081"]
2026-03-14 17:20:27.234 [main] INFO  o.s.b.w.e.tomcat.TomcatWebServer - Tomcat started on port 8081 (http) with context path ''
2026-03-14 17:20:27.252 [main] INFO  c.e.u.UserServiceApplication - Started UserServiceApplication in 15.437 seconds (process running for 18.22)
2026-03-14 22:43:41.858 [background-preinit] INFO  o.h.validator.internal.util.Version - HV000001: Hibernate Validator 8.0.1.Final
2026-03-14 22:43:41.904 [main] INFO  c.e.u.UserServiceApplication - Starting UserServiceApplication using Java 21.0.2 with PID 30016 (F:\Ecommerce Production Level Application\user-service\target\classes started by nanda royality in F:\Ecommerce Production Level Application\user-service)
2026-03-14 22:43:41.904 [main] DEBUG c.e.u.UserServiceApplication - Running with Spring Boot v3.2.3, Spring v6.1.4
2026-03-14 22:43:41.905 [main] INFO  c.e.u.UserServiceApplication - No active profile set, falling back to 1 default profile: "default"
2026-03-14 22:43:43.585 [main] INFO  o.s.d.r.c.RepositoryConfigurationDelegate - Multiple Spring Data modules found, entering strict repository configuration mode
2026-03-14 22:43:43.585 [main] INFO  o.s.d.r.c.RepositoryConfigurationDelegate - Bootstrapping Spring Data JPA repositories in DEFAULT mode.
2026-03-14 22:43:43.735 [main] INFO  o.s.d.r.c.RepositoryConfigurationDelegate - Finished Spring Data repository scanning in 143 ms. Found 5 JPA repository interfaces.
2026-03-14 22:43:43.737 [main] INFO  o.s.d.r.c.RepositoryConfigurationDelegate - Multiple Spring Data modules found, entering strict repository configuration mode
2026-03-14 22:43:43.737 [main] INFO  o.s.d.r.c.RepositoryConfigurationDelegate - Bootstrapping Spring Data Redis repositories in DEFAULT mode.
2026-03-14 22:43:43.747 [main] INFO  o.s.d.r.c.RepositoryConfigurationDelegate - Finished Spring Data repository scanning in 0 ms. Found 0 Redis repository interfaces.
2026-03-14 22:43:45.555 [main] INFO  o.s.b.w.e.tomcat.TomcatWebServer - Tomcat initialized with port 8081 (http)
2026-03-14 22:43:45.571 [main] INFO  o.a.coyote.http11.Http11NioProtocol - Initializing ProtocolHandler ["http-nio-8081"]
2026-03-14 22:43:45.575 [main] INFO  o.a.catalina.core.StandardService - Starting service [Tomcat]
2026-03-14 22:43:45.575 [main] INFO  o.a.catalina.core.StandardEngine - Starting Servlet engine: [Apache Tomcat/10.1.19]
2026-03-14 22:43:45.691 [main] INFO  o.a.c.c.C.[Tomcat].[localhost].[/] - Initializing Spring embedded WebApplicationContext
2026-03-14 22:43:45.692 [main] INFO  o.s.b.w.s.c.ServletWebServerApplicationContext - Root WebApplicationContext: initialization completed in 3697 ms
2026-03-14 22:43:46.017 [main] DEBUG c.e.u.s.JwtAuthenticationFilter - Filter 'jwtAuthenticationFilter' configured for use
2026-03-14 22:43:46.136 [main] INFO  com.zaxxer.hikari.HikariDataSource - UserServicePool - Starting...
2026-03-14 22:43:46.429 [main] INFO  com.zaxxer.hikari.pool.HikariPool - UserServicePool - Added connection com.mysql.cj.jdbc.ConnectionImpl@5151accb
2026-03-14 22:43:46.432 [main] INFO  com.zaxxer.hikari.HikariDataSource - UserServicePool - Start completed.
2026-03-14 22:43:46.556 [main] INFO  o.f.c.i.license.VersionPrinter - Flyway Community Edition 9.22.3 by Redgate
2026-03-14 22:43:46.556 [main] INFO  o.f.c.i.license.VersionPrinter - See release notes here: https://rd.gt/416ObMi
2026-03-14 22:43:46.556 [main] INFO  o.f.c.i.license.VersionPrinter - 
2026-03-14 22:43:46.621 [main] INFO  org.flywaydb.core.FlywayExecutor - Database: jdbc:mysql://localhost:3306/user_db (MySQL 8.0)
2026-03-14 22:43:46.740 [main] INFO  o.f.core.internal.command.DbValidate - Successfully validated 0 migrations (execution time 00:00.037s)
2026-03-14 22:43:46.740 [main] WARN  o.f.core.internal.command.DbValidate - No migrations found. Are your locations set up correctly?
2026-03-14 22:43:46.752 [main] INFO  o.f.core.internal.command.DbMigrate - Current version of schema `user_db`: << Empty Schema >>
2026-03-14 22:43:46.757 [main] INFO  o.f.core.internal.command.DbMigrate - Schema `user_db` is up to date. No migration necessary.
2026-03-14 22:43:46.857 [main] INFO  o.h.jpa.internal.util.LogHelper - HHH000204: Processing PersistenceUnitInfo [name: default]
2026-03-14 22:43:46.970 [main] INFO  org.hibernate.Version - HHH000412: Hibernate ORM core version 6.4.4.Final
2026-03-14 22:43:47.030 [main] INFO  o.h.c.i.RegionFactoryInitiator - HHH000026: Second-level cache disabled
2026-03-14 22:43:47.291 [main] INFO  o.s.o.j.p.SpringPersistenceUnitInfo - No LoadTimeWeaver setup: ignoring JPA class transformer
2026-03-14 22:43:47.361 [main] WARN  org.hibernate.orm.deprecation - HHH90000025: MySQLDialect does not need to be specified explicitly using 'hibernate.dialect' (remove the property setting and it will be selected by default)
2026-03-14 22:43:48.407 [main] INFO  o.h.e.t.j.p.i.JtaPlatformInitiator - HHH000489: No JTA platform available (set 'hibernate.transaction.jta.platform' to enable JTA platform integration)
2026-03-14 22:43:48.543 [main] INFO  o.s.o.j.LocalContainerEntityManagerFactoryBean - Initialized JPA EntityManagerFactory for persistence unit 'default'
2026-03-14 22:43:48.949 [main] INFO  o.s.d.j.r.query.QueryEnhancerFactory - Hibernate is in classpath; If applicable, HQL parser will be used.
2026-03-14 22:43:51.332 [main] INFO  o.s.b.a.e.web.EndpointLinksResolver - Exposing 1 endpoint(s) beneath base path '/actuator'
2026-03-14 22:43:51.422 [main] INFO  o.s.s.web.DefaultSecurityFilterChain - Will secure any request with [org.springframework.security.web.session.DisableEncodeUrlFilter@7d80f543, org.springframework.security.web.context.request.async.WebAsyncManagerIntegrationFilter@2531c319, org.springframework.security.web.context.SecurityContextHolderFilter@5c8ba2ed, org.springframework.security.web.header.HeaderWriterFilter@49f9575d, org.springframework.web.filter.CorsFilter@d4c6a43, org.springframework.security.web.authentication.logout.LogoutFilter@4e80180c, com.ecommerce.user_service.security.JwtAuthenticationFilter@5cd701e4, org.springframework.security.web.savedrequest.RequestCacheAwareFilter@2c34fb51, org.springframework.security.web.servletapi.SecurityContextHolderAwareRequestFilter@72ecb71d, org.springframework.security.web.authentication.AnonymousAuthenticationFilter@315edc50, org.springframework.security.web.session.SessionManagementFilter@304c8f39, org.springframework.security.web.access.ExceptionTranslationFilter@33d6bdb7, org.springframework.security.web.access.intercept.AuthorizationFilter@12a96a6e]
2026-03-14 22:43:52.254 [main] INFO  o.a.k.c.admin.AdminClientConfig - AdminClientConfig values: 
	auto.include.jmx.reporter = true
	bootstrap.servers = [localhost:9092]
	client.dns.lookup = use_all_dns_ips
	client.id = 
	connections.max.idle.ms = 300000
	default.api.timeout.ms = 60000
	metadata.max.age.ms = 300000
	metric.reporters = []
	metrics.num.samples = 2
	metrics.recording.level = INFO
	metrics.sample.window.ms = 30000
	receive.buffer.bytes = 65536
	reconnect.backoff.max.ms = 1000
	reconnect.backoff.ms = 50
	request.timeout.ms = 30000
	retries = 2147483647
	retry.backoff.ms = 100
	sasl.client.callback.handler.class = null
	sasl.jaas.config = null
	sasl.kerberos.kinit.cmd = /usr/bin/kinit
	sasl.kerberos.min.time.before.relogin = 60000
	sasl.kerberos.service.name = null
	sasl.kerberos.ticket.renew.jitter = 0.05
	sasl.kerberos.ticket.renew.window.factor = 0.8
	sasl.login.callback.handler.class = null
	sasl.login.class = null
	sasl.login.connect.timeout.ms = null
	sasl.login.read.timeout.ms = null
	sasl.login.refresh.buffer.seconds = 300
	sasl.login.refresh.min.period.seconds = 60
	sasl.login.refresh.window.factor = 0.8
	sasl.login.refresh.window.jitter = 0.05
	sasl.login.retry.backoff.max.ms = 10000
	sasl.login.retry.backoff.ms = 100
	sasl.mechanism = GSSAPI
	sasl.oauthbearer.clock.skew.seconds = 30
	sasl.oauthbearer.expected.audience = null
	sasl.oauthbearer.expected.issuer = null
	sasl.oauthbearer.jwks.endpoint.refresh.ms = 3600000
	sasl.oauthbearer.jwks.endpoint.retry.backoff.max.ms = 10000
	sasl.oauthbearer.jwks.endpoint.retry.backoff.ms = 100
	sasl.oauthbearer.jwks.endpoint.url = null
	sasl.oauthbearer.scope.claim.name = scope
	sasl.oauthbearer.sub.claim.name = sub
	sasl.oauthbearer.token.endpoint.url = null
	security.protocol = PLAINTEXT
	security.providers = null
	send.buffer.bytes = 131072
	socket.connection.setup.timeout.max.ms = 30000
	socket.connection.setup.timeout.ms = 10000
	ssl.cipher.suites = null
	ssl.enabled.protocols = [TLSv1.2, TLSv1.3]
	ssl.endpoint.identification.algorithm = https
	ssl.engine.factory.class = null
	ssl.key.password = null
	ssl.keymanager.algorithm = SunX509
	ssl.keystore.certificate.chain = null
	ssl.keystore.key = null
	ssl.keystore.location = null
	ssl.keystore.password = null
	ssl.keystore.type = JKS
	ssl.protocol = TLSv1.3
	ssl.provider = null
	ssl.secure.random.implementation = null
	ssl.trustmanager.algorithm = PKIX
	ssl.truststore.certificates = null
	ssl.truststore.location = null
	ssl.truststore.password = null
	ssl.truststore.type = JKS

2026-03-14 22:43:52.497 [main] INFO  o.a.kafka.common.utils.AppInfoParser - Kafka version: 3.6.1
2026-03-14 22:43:52.497 [main] INFO  o.a.kafka.common.utils.AppInfoParser - Kafka commitId: 5e3c2b738d253ff5
2026-03-14 22:43:52.497 [main] INFO  o.a.kafka.common.utils.AppInfoParser - Kafka startTimeMs: 1773508432494
2026-03-14 22:43:53.014 [kafka-admin-client-thread | adminclient-1] INFO  o.a.kafka.common.utils.AppInfoParser - App info kafka.admin.client for adminclient-1 unregistered
2026-03-14 22:43:53.018 [kafka-admin-client-thread | adminclient-1] INFO  o.a.kafka.common.metrics.Metrics - Metrics scheduler closed
2026-03-14 22:43:53.018 [kafka-admin-client-thread | adminclient-1] INFO  o.a.kafka.common.metrics.Metrics - Closing reporter org.apache.kafka.common.metrics.JmxReporter
2026-03-14 22:43:53.018 [kafka-admin-client-thread | adminclient-1] INFO  o.a.kafka.common.metrics.Metrics - Metrics reporters closed
2026-03-14 22:43:53.022 [main] INFO  o.a.coyote.http11.Http11NioProtocol - Starting ProtocolHandler ["http-nio-8081"]
2026-03-14 22:43:53.032 [main] INFO  o.s.b.w.e.tomcat.TomcatWebServer - Tomcat started on port 8081 (http) with context path ''
2026-03-14 22:43:53.049 [main] INFO  c.e.u.UserServiceApplication - Started UserServiceApplication in 11.888 seconds (process running for 14.436)
2026-03-14 22:53:48.108 [http-nio-8081-exec-1] INFO  o.a.c.c.C.[Tomcat].[localhost].[/] - Initializing Spring DispatcherServlet 'dispatcherServlet'
2026-03-14 22:53:48.119 [http-nio-8081-exec-1] INFO  o.s.web.servlet.DispatcherServlet - Initializing Servlet 'dispatcherServlet'
2026-03-14 22:53:48.208 [http-nio-8081-exec-1] INFO  o.s.web.servlet.DispatcherServlet - Completed initialization in 89 ms
2026-03-14 22:53:50.381 [http-nio-8081-exec-5] INFO  o.s.api.AbstractOpenApiResource - Init duration for springdoc-openapi is: 1498 ms
2026-03-14 22:54:37.809 [http-nio-8081-exec-6] INFO  c.e.u.controller.AuthController - Login request for: kishorenanda518@gmail.com
2026-03-14 22:54:37.860 [http-nio-8081-exec-6] INFO  c.e.u.service.UserServiceImpl - Login attempt for: kishorenanda518@gmail.com
2026-03-14 22:54:38.037 [http-nio-8081-exec-6] DEBUG org.hibernate.SQL - 
    select
        u1_0.id,
        u1_0.created_at,
        u1_0.email,
        u1_0.email_verified,
        u1_0.last_login_at,
        u1_0.password_hash,
        u1_0.phone,
        u1_0.status,
        u1_0.updated_at,
        u1_0.username,
        u1_0.version 
    from
        users u1_0 
    where
        u1_0.username=? 
        or u1_0.email=?
2026-03-14 22:54:38.083 [http-nio-8081-exec-6] DEBUG org.hibernate.SQL - 
    select
        up1_0.id,
        up1_0.bio,
        up1_0.created_at,
        up1_0.date_of_birth,
        up1_0.first_name,
        up1_0.gender,
        up1_0.last_name,
        up1_0.profile_picture_url,
        up1_0.updated_at,
        up1_0.user_id 
    from
        user_profiles up1_0 
    where
        up1_0.user_id=?
2026-03-14 22:54:38.107 [http-nio-8081-exec-6] DEBUG org.hibernate.SQL - 
    select
        r1_0.user_id,
        r1_1.id,
        r1_1.description,
        r1_1.name 
    from
        user_roles r1_0 
    join
        roles r1_1 
            on r1_1.id=r1_0.role_id 
    where
        r1_0.user_id=?
2026-03-14 22:54:39.197 [http-nio-8081-exec-6] DEBUG c.e.u.service.UserServiceImpl - Refresh token stored in Redis for userId: cad6f01a-2bfb-465e-8d5d-fd7bf8b52b63
2026-03-14 22:54:39.236 [http-nio-8081-exec-6] INFO  o.a.k.c.producer.ProducerConfig - ProducerConfig values: 
	acks = -1
	auto.include.jmx.reporter = true
	batch.size = 16384
	bootstrap.servers = [localhost:9092]
	buffer.memory = 33554432
	client.dns.lookup = use_all_dns_ips
	client.id = producer-1
	compression.type = none
	connections.max.idle.ms = 540000
	delivery.timeout.ms = 120000
	enable.idempotence = true
	interceptor.classes = []
	key.serializer = class org.apache.kafka.common.serialization.StringSerializer
	linger.ms = 0
	max.block.ms = 60000
	max.in.flight.requests.per.connection = 5
	max.request.size = 1048576
	metadata.max.age.ms = 300000
	metadata.max.idle.ms = 300000
	metric.reporters = []
	metrics.num.samples = 2
	metrics.recording.level = INFO
	metrics.sample.window.ms = 30000
	partitioner.adaptive.partitioning.enable = true
	partitioner.availability.timeout.ms = 0
	partitioner.class = null
	partitioner.ignore.keys = false
	receive.buffer.bytes = 32768
	reconnect.backoff.max.ms = 1000
	reconnect.backoff.ms = 50
	request.timeout.ms = 30000
	retries = 2147483647
	retry.backoff.ms = 100
	sasl.client.callback.handler.class = null
	sasl.jaas.config = null
	sasl.kerberos.kinit.cmd = /usr/bin/kinit
	sasl.kerberos.min.time.before.relogin = 60000
	sasl.kerberos.service.name = null
	sasl.kerberos.ticket.renew.jitter = 0.05
	sasl.kerberos.ticket.renew.window.factor = 0.8
	sasl.login.callback.handler.class = null
	sasl.login.class = null
	sasl.login.connect.timeout.ms = null
	sasl.login.read.timeout.ms = null
	sasl.login.refresh.buffer.seconds = 300
	sasl.login.refresh.min.period.seconds = 60
	sasl.login.refresh.window.factor = 0.8
	sasl.login.refresh.window.jitter = 0.05
	sasl.login.retry.backoff.max.ms = 10000
	sasl.login.retry.backoff.ms = 100
	sasl.mechanism = GSSAPI
	sasl.oauthbearer.clock.skew.seconds = 30
	sasl.oauthbearer.expected.audience = null
	sasl.oauthbearer.expected.issuer = null
	sasl.oauthbearer.jwks.endpoint.refresh.ms = 3600000
	sasl.oauthbearer.jwks.endpoint.retry.backoff.max.ms = 10000
	sasl.oauthbearer.jwks.endpoint.retry.backoff.ms = 100
	sasl.oauthbearer.jwks.endpoint.url = null
	sasl.oauthbearer.scope.claim.name = scope
	sasl.oauthbearer.sub.claim.name = sub
	sasl.oauthbearer.token.endpoint.url = null
	security.protocol = PLAINTEXT
	security.providers = null
	send.buffer.bytes = 131072
	socket.connection.setup.timeout.max.ms = 30000
	socket.connection.setup.timeout.ms = 10000
	ssl.cipher.suites = null
	ssl.enabled.protocols = [TLSv1.2, TLSv1.3]
	ssl.endpoint.identification.algorithm = https
	ssl.engine.factory.class = null
	ssl.key.password = null
	ssl.keymanager.algorithm = SunX509
	ssl.keystore.certificate.chain = null
	ssl.keystore.key = null
	ssl.keystore.location = null
	ssl.keystore.password = null
	ssl.keystore.type = JKS
	ssl.protocol = TLSv1.3
	ssl.provider = null
	ssl.secure.random.implementation = null
	ssl.trustmanager.algorithm = PKIX
	ssl.truststore.certificates = null
	ssl.truststore.location = null
	ssl.truststore.password = null
	ssl.truststore.type = JKS
	transaction.timeout.ms = 60000
	transactional.id = null
	value.serializer = class org.springframework.kafka.support.serializer.JsonSerializer

2026-03-14 22:54:39.250 [http-nio-8081-exec-6] INFO  o.a.k.clients.producer.KafkaProducer - [Producer clientId=producer-1] Instantiated an idempotent producer.
2026-03-14 22:54:39.270 [http-nio-8081-exec-6] INFO  o.a.kafka.common.utils.AppInfoParser - Kafka version: 3.6.1
2026-03-14 22:54:39.270 [http-nio-8081-exec-6] INFO  o.a.kafka.common.utils.AppInfoParser - Kafka commitId: 5e3c2b738d253ff5
2026-03-14 22:54:39.270 [http-nio-8081-exec-6] INFO  o.a.kafka.common.utils.AppInfoParser - Kafka startTimeMs: 1773509079270
2026-03-14 22:54:39.301 [kafka-producer-network-thread | producer-1] INFO  org.apache.kafka.clients.Metadata - [Producer clientId=producer-1] Cluster ID: CGsHwbpHS06s9vqzSA9uVQ
2026-03-14 22:54:39.318 [http-nio-8081-exec-6] INFO  c.e.u.service.UserServiceImpl - Login successful for user: Nandakishore | id: cad6f01a-2bfb-465e-8d5d-fd7bf8b52b63
2026-03-14 22:54:39.331 [kafka-producer-network-thread | producer-1] INFO  o.a.k.c.p.i.TransactionManager - [Producer clientId=producer-1] ProducerId set to 1001 with epoch 0
2026-03-14 22:54:39.353 [http-nio-8081-exec-6] DEBUG org.hibernate.SQL - 
    update
        users 
    set
        email=?,
        email_verified=?,
        last_login_at=?,
        password_hash=?,
        phone=?,
        status=?,
        updated_at=?,
        username=?,
        version=? 
    where
        id=? 
        and version=?
2026-03-14 22:54:39.439 [kafka-producer-network-thread | producer-1] INFO  c.e.u.kafka.KafkaEventPublisher - Event published → topic: user.login-success | key: cad6f01a-2bfb-465e-8d5d-fd7bf8b52b63 | offset: 4
2026-03-14 22:54:45.176 [http-nio-8081-exec-7] DEBUG c.e.u.s.JwtAuthenticationFilter - JWT authenticated user: cad6f01a-2bfb-465e-8d5d-fd7bf8b52b63 | path: /.well-known/appspecific/com.chrome.devtools.json
2026-03-14 22:54:45.182 [http-nio-8081-exec-7] ERROR c.e.u.e.GlobalExceptionHandler - Unexpected error [/.well-known/appspecific/com.chrome.devtools.json]: No static resource .well-known/appspecific/com.chrome.devtools.json.
org.springframework.web.servlet.resource.NoResourceFoundException: No static resource .well-known/appspecific/com.chrome.devtools.json.
	at org.springframework.web.servlet.resource.ResourceHttpRequestHandler.handleRequest(ResourceHttpRequestHandler.java:585)
	at org.springframework.web.servlet.mvc.HttpRequestHandlerAdapter.handle(HttpRequestHandlerAdapter.java:52)
	at org.springframework.web.servlet.DispatcherServlet.doDispatch(DispatcherServlet.java:1089)
	at org.springframework.web.servlet.DispatcherServlet.doService(DispatcherServlet.java:979)
	at org.springframework.web.servlet.FrameworkServlet.processRequest(FrameworkServlet.java:1014)
	at org.springframework.web.servlet.FrameworkServlet.doGet(FrameworkServlet.java:903)
	at jakarta.servlet.http.HttpServlet.service(HttpServlet.java:564)
	at org.springframework.web.servlet.FrameworkServlet.service(FrameworkServlet.java:885)
	at jakarta.servlet.http.HttpServlet.service(HttpServlet.java:658)
	at org.apache.catalina.core.ApplicationFilterChain.internalDoFilter(ApplicationFilterChain.java:205)
	at org.apache.catalina.core.ApplicationFilterChain.doFilter(ApplicationFilterChain.java:149)
	at org.apache.tomcat.websocket.server.WsFilter.doFilter(WsFilter.java:51)
	at org.apache.catalina.core.ApplicationFilterChain.internalDoFilter(ApplicationFilterChain.java:174)
	at org.apache.catalina.core.ApplicationFilterChain.doFilter(ApplicationFilterChain.java:149)
	at org.springframework.web.filter.OncePerRequestFilter.doFilter(OncePerRequestFilter.java:110)
	at org.apache.catalina.core.ApplicationFilterChain.internalDoFilter(ApplicationFilterChain.java:174)
	at org.apache.catalina.core.ApplicationFilterChain.doFilter(ApplicationFilterChain.java:149)
	at org.springframework.web.filter.CompositeFilter$VirtualFilterChain.doFilter(CompositeFilter.java:108)
	at org.springframework.security.web.FilterChainProxy.lambda$doFilterInternal$3(FilterChainProxy.java:231)
	at org.springframework.security.web.ObservationFilterChainDecorator$FilterObservation$SimpleFilterObservation.lambda$wrap$1(ObservationFilterChainDecorator.java:479)
	at org.springframework.security.web.ObservationFilterChainDecorator$AroundFilterObservation$SimpleAroundFilterObservation.lambda$wrap$1(ObservationFilterChainDecorator.java:340)
	at org.springframework.security.web.ObservationFilterChainDecorator.lambda$wrapSecured$0(ObservationFilterChainDecorator.java:82)
	at org.springframework.security.web.ObservationFilterChainDecorator$VirtualFilterChain.doFilter(ObservationFilterChainDecorator.java:128)
	at org.springframework.security.web.access.intercept.AuthorizationFilter.doFilter(AuthorizationFilter.java:100)
	at org.springframework.security.web.ObservationFilterChainDecorator$ObservationFilter.wrapFilter(ObservationFilterChainDecorator.java:240)
	at org.springframework.security.web.ObservationFilterChainDecorator$ObservationFilter.doFilter(ObservationFilterChainDecorator.java:227)
	at org.springframework.security.web.ObservationFilterChainDecorator$VirtualFilterChain.doFilter(ObservationFilterChainDecorator.java:137)
	at org.springframework.security.web.access.ExceptionTranslationFilter.doFilter(ExceptionTranslationFilter.java:126)
	at org.springframework.security.web.access.ExceptionTranslationFilter.doFilter(ExceptionTranslationFilter.java:120)
	at org.springframework.security.web.ObservationFilterChainDecorator$ObservationFilter.wrapFilter(ObservationFilterChainDecorator.java:240)
	at org.springframework.security.web.ObservationFilterChainDecorator$ObservationFilter.doFilter(ObservationFilterChainDecorator.java:227)
	at org.springframework.security.web.ObservationFilterChainDecorator$VirtualFilterChain.doFilter(ObservationFilterChainDecorator.java:137)
	at org.springframework.security.web.session.SessionManagementFilter.doFilter(SessionManagementFilter.java:131)
	at org.springframework.security.web.session.SessionManagementFilter.doFilter(SessionManagementFilter.java:85)
	at org.springframework.security.web.ObservationFilterChainDecorator$ObservationFilter.wrapFilter(ObservationFilterChainDecorator.java:240)
	at org.springframework.security.web.ObservationFilterChainDecorator$ObservationFilter.doFilter(ObservationFilterChainDecorator.java:227)
	at org.springframework.security.web.ObservationFilterChainDecorator$VirtualFilterChain.doFilter(ObservationFilterChainDecorator.java:137)
	at org.springframework.security.web.authentication.AnonymousAuthenticationFilter.doFilter(AnonymousAuthenticationFilter.java:100)
	at org.springframework.security.web.ObservationFilterChainDecorator$ObservationFilter.wrapFilter(ObservationFilterChainDecorator.java:240)
	at org.springframework.security.web.ObservationFilterChainDecorator$ObservationFilter.doFilter(ObservationFilterChainDecorator.java:227)
	at org.springframework.security.web.ObservationFilterChainDecorator$VirtualFilterChain.doFilter(ObservationFilterChainDecorator.java:137)
	at org.springframework.security.web.servletapi.SecurityContextHolderAwareRequestFilter.doFilter(SecurityContextHolderAwareRequestFilter.java:179)
	at org.springframework.security.web.ObservationFilterChainDecorator$ObservationFilter.wrapFilter(ObservationFilterChainDecorator.java:240)
	at org.springframework.security.web.ObservationFilterChainDecorator$ObservationFilter.doFilter(ObservationFilterChainDecorator.java:227)
	at org.springframework.security.web.ObservationFilterChainDecorator$VirtualFilterChain.doFilter(ObservationFilterChainDecorator.java:137)
	at org.springframework.security.web.savedrequest.RequestCacheAwareFilter.doFilter(RequestCacheAwareFilter.java:63)
	at org.springframework.security.web.ObservationFilterChainDecorator$ObservationFilter.wrapFilter(ObservationFilterChainDecorator.java:240)
	at org.springframework.security.web.ObservationFilterChainDecorator$ObservationFilter.doFilter(ObservationFilterChainDecorator.java:227)
	at org.springframework.security.web.ObservationFilterChainDecorator$VirtualFilterChain.doFilter(ObservationFilterChainDecorator.java:137)
	at com.ecommerce.user_service.security.JwtAuthenticationFilter.doFilterInternal(JwtAuthenticationFilter.java:75)
	at org.springframework.web.filter.OncePerRequestFilter.doFilter(OncePerRequestFilter.java:116)
	at org.springframework.security.web.ObservationFilterChainDecorator$ObservationFilter.wrapFilter(ObservationFilterChainDecorator.java:240)
	at org.springframework.security.web.ObservationFilterChainDecorator$ObservationFilter.doFilter(ObservationFilterChainDecorator.java:227)
	at org.springframework.security.web.ObservationFilterChainDecorator$VirtualFilterChain.doFilter(ObservationFilterChainDecorator.java:137)
	at org.springframework.security.web.authentication.logout.LogoutFilter.doFilter(LogoutFilter.java:107)
	at org.springframework.security.web.authentication.logout.LogoutFilter.doFilter(LogoutFilter.java:93)
	at org.springframework.security.web.ObservationFilterChainDecorator$ObservationFilter.wrapFilter(ObservationFilterChainDecorator.java:240)
	at org.springframework.security.web.ObservationFilterChainDecorator$ObservationFilter.doFilter(ObservationFilterChainDecorator.java:227)
	at org.springframework.security.web.ObservationFilterChainDecorator$VirtualFilterChain.doFilter(ObservationFilterChainDecorator.java:137)
	at org.springframework.web.filter.CorsFilter.doFilterInternal(CorsFilter.java:91)
	at org.springframework.web.filter.OncePerRequestFilter.doFilter(OncePerRequestFilter.java:116)
	at org.springframework.security.web.ObservationFilterChainDecorator$ObservationFilter.wrapFilter(ObservationFilterChainDecorator.java:240)
	at org.springframework.security.web.ObservationFilterChainDecorator$ObservationFilter.doFilter(ObservationFilterChainDecorator.java:227)
	at org.springframework.security.web.ObservationFilterChainDecorator$VirtualFilterChain.doFilter(ObservationFilterChainDecorator.java:137)
	at org.springframework.security.web.header.HeaderWriterFilter.doHeadersAfter(HeaderWriterFilter.java:90)
	at org.springframework.security.web.header.HeaderWriterFilter.doFilterInternal(HeaderWriterFilter.java:75)
	at org.springframework.web.filter.OncePerRequestFilter.doFilter(OncePerRequestFilter.java:116)
	at org.springframework.security.web.ObservationFilterChainDecorator$ObservationFilter.wrapFilter(ObservationFilterChainDecorator.java:240)
	at org.springframework.security.web.ObservationFilterChainDecorator$ObservationFilter.doFilter(ObservationFilterChainDecorator.java:227)
	at org.springframework.security.web.ObservationFilterChainDecorator$VirtualFilterChain.doFilter(ObservationFilterChainDecorator.java:137)
	at org.springframework.security.web.context.SecurityContextHolderFilter.doFilter(SecurityContextHolderFilter.java:82)
	at org.springframework.security.web.context.SecurityContextHolderFilter.doFilter(SecurityContextHolderFilter.java:69)
	at org.springframework.security.web.ObservationFilterChainDecorator$ObservationFilter.wrapFilter(ObservationFilterChainDecorator.java:240)
	at org.springframework.security.web.ObservationFilterChainDecorator$ObservationFilter.doFilter(ObservationFilterChainDecorator.java:227)
	at org.springframework.security.web.ObservationFilterChainDecorator$VirtualFilterChain.doFilter(ObservationFilterChainDecorator.java:137)
	at org.springframework.security.web.context.request.async.WebAsyncManagerIntegrationFilter.doFilterInternal(WebAsyncManagerIntegrationFilter.java:62)
	at org.springframework.web.filter.OncePerRequestFilter.doFilter(OncePerRequestFilter.java:116)
	at org.springframework.security.web.ObservationFilterChainDecorator$ObservationFilter.wrapFilter(ObservationFilterChainDecorator.java:240)
	at org.springframework.security.web.ObservationFilterChainDecorator$ObservationFilter.doFilter(ObservationFilterChainDecorator.java:227)
	at org.springframework.security.web.ObservationFilterChainDecorator$VirtualFilterChain.doFilter(ObservationFilterChainDecorator.java:137)
	at org.springframework.security.web.session.DisableEncodeUrlFilter.doFilterInternal(DisableEncodeUrlFilter.java:42)
	at org.springframework.web.filter.OncePerRequestFilter.doFilter(OncePerRequestFilter.java:116)
	at org.springframework.security.web.ObservationFilterChainDecorator$ObservationFilter.wrapFilter(ObservationFilterChainDecorator.java:240)
	at org.springframework.security.web.ObservationFilterChainDecorator$AroundFilterObservation$SimpleAroundFilterObservation.lambda$wrap$0(ObservationFilterChainDecorator.java:323)
	at org.springframework.security.web.ObservationFilterChainDecorator$ObservationFilter.doFilter(ObservationFilterChainDecorator.java:224)
	at org.springframework.security.web.ObservationFilterChainDecorator$VirtualFilterChain.doFilter(ObservationFilterChainDecorator.java:137)
	at org.springframework.security.web.FilterChainProxy.doFilterInternal(FilterChainProxy.java:233)
	at org.springframework.security.web.FilterChainProxy.doFilter(FilterChainProxy.java:191)
	at org.springframework.web.filter.CompositeFilter$VirtualFilterChain.doFilter(CompositeFilter.java:113)
	at org.springframework.web.servlet.handler.HandlerMappingIntrospector.lambda$createCacheFilter$3(HandlerMappingIntrospector.java:195)
	at org.springframework.web.filter.CompositeFilter$VirtualFilterChain.doFilter(CompositeFilter.java:113)
	at org.springframework.web.filter.CompositeFilter.doFilter(CompositeFilter.java:74)
	at org.springframework.security.config.annotation.web.configuration.WebMvcSecurityConfiguration$CompositeFilterChainProxy.doFilter(WebMvcSecurityConfiguration.java:230)
	at org.springframework.web.filter.DelegatingFilterProxy.invokeDelegate(DelegatingFilterProxy.java:352)
	at org.springframework.web.filter.DelegatingFilterProxy.doFilter(DelegatingFilterProxy.java:268)
	at org.apache.catalina.core.ApplicationFilterChain.internalDoFilter(ApplicationFilterChain.java:174)
	at org.apache.catalina.core.ApplicationFilterChain.doFilter(ApplicationFilterChain.java:149)
	at org.springframework.web.filter.RequestContextFilter.doFilterInternal(RequestContextFilter.java:100)
	at org.springframework.web.filter.OncePerRequestFilter.doFilter(OncePerRequestFilter.java:116)
	at org.apache.catalina.core.ApplicationFilterChain.internalDoFilter(ApplicationFilterChain.java:174)
	at org.apache.catalina.core.ApplicationFilterChain.doFilter(ApplicationFilterChain.java:149)
	at org.springframework.web.filter.FormContentFilter.doFilterInternal(FormContentFilter.java:93)
	at org.springframework.web.filter.OncePerRequestFilter.doFilter(OncePerRequestFilter.java:116)
	at org.apache.catalina.core.ApplicationFilterChain.internalDoFilter(ApplicationFilterChain.java:174)
	at org.apache.catalina.core.ApplicationFilterChain.doFilter(ApplicationFilterChain.java:149)
	at org.springframework.web.filter.ServerHttpObservationFilter.doFilterInternal(ServerHttpObservationFilter.java:109)
	at org.springframework.web.filter.OncePerRequestFilter.doFilter(OncePerRequestFilter.java:116)
	at org.apache.catalina.core.ApplicationFilterChain.internalDoFilter(ApplicationFilterChain.java:174)
	at org.apache.catalina.core.ApplicationFilterChain.doFilter(ApplicationFilterChain.java:149)
	at org.springframework.web.filter.CharacterEncodingFilter.doFilterInternal(CharacterEncodingFilter.java:201)
	at org.springframework.web.filter.OncePerRequestFilter.doFilter(OncePerRequestFilter.java:116)
	at org.apache.catalina.core.ApplicationFilterChain.internalDoFilter(ApplicationFilterChain.java:174)
	at org.apache.catalina.core.ApplicationFilterChain.doFilter(ApplicationFilterChain.java:149)
	at org.apache.catalina.core.StandardWrapperValve.invoke(StandardWrapperValve.java:167)
	at org.apache.catalina.core.StandardContextValve.invoke(StandardContextValve.java:90)
	at org.apache.catalina.authenticator.AuthenticatorBase.invoke(AuthenticatorBase.java:482)
	at org.apache.catalina.core.StandardHostValve.invoke(StandardHostValve.java:115)
	at org.apache.catalina.valves.ErrorReportValve.invoke(ErrorReportValve.java:93)
	at org.apache.catalina.core.StandardEngineValve.invoke(StandardEngineValve.java:74)
	at org.apache.catalina.connector.CoyoteAdapter.service(CoyoteAdapter.java:344)
	at org.apache.coyote.http11.Http11Processor.service(Http11Processor.java:391)
	at org.apache.coyote.AbstractProcessorLight.process(AbstractProcessorLight.java:63)
	at org.apache.coyote.AbstractProtocol$ConnectionHandler.process(AbstractProtocol.java:896)
	at org.apache.tomcat.util.net.NioEndpoint$SocketProcessor.doRun(NioEndpoint.java:1744)
	at org.apache.tomcat.util.net.SocketProcessorBase.run(SocketProcessorBase.java:52)
	at org.apache.tomcat.util.threads.ThreadPoolExecutor.runWorker(ThreadPoolExecutor.java:1191)
	at org.apache.tomcat.util.threads.ThreadPoolExecutor$Worker.run(ThreadPoolExecutor.java:659)
	at org.apache.tomcat.util.threads.TaskThread$WrappingRunnable.run(TaskThread.java:63)
	at java.base/java.lang.Thread.run(Thread.java:1583)
2026-03-14 23:02:32.396 [http-nio-8081-exec-10] INFO  c.e.u.controller.AuthController - Login request for: kishorenanda518@gmail.com
2026-03-14 23:02:33.323 [http-nio-8081-exec-10] INFO  c.e.u.service.UserServiceImpl - Login attempt for: kishorenanda518@gmail.com
2026-03-14 23:02:33.377 [http-nio-8081-exec-10] DEBUG org.hibernate.SQL - 
    select
        u1_0.id,
        u1_0.created_at,
        u1_0.email,
        u1_0.email_verified,
        u1_0.last_login_at,
        u1_0.password_hash,
        u1_0.phone,
        u1_0.status,
        u1_0.updated_at,
        u1_0.username,
        u1_0.version 
    from
        users u1_0 
    where
        u1_0.username=? 
        or u1_0.email=?
2026-03-14 23:02:33.412 [http-nio-8081-exec-10] DEBUG org.hibernate.SQL - 
    select
        up1_0.id,
        up1_0.bio,
        up1_0.created_at,
        up1_0.date_of_birth,
        up1_0.first_name,
        up1_0.gender,
        up1_0.last_name,
        up1_0.profile_picture_url,
        up1_0.updated_at,
        up1_0.user_id 
    from
        user_profiles up1_0 
    where
        up1_0.user_id=?
2026-03-14 23:02:33.421 [http-nio-8081-exec-10] DEBUG org.hibernate.SQL - 
    select
        r1_0.user_id,
        r1_1.id,
        r1_1.description,
        r1_1.name 
    from
        user_roles r1_0 
    join
        roles r1_1 
            on r1_1.id=r1_0.role_id 
    where
        r1_0.user_id=?
2026-03-14 23:02:33.908 [http-nio-8081-exec-10] DEBUG c.e.u.service.UserServiceImpl - Refresh token stored in Redis for userId: cad6f01a-2bfb-465e-8d5d-fd7bf8b52b63
2026-03-14 23:02:34.014 [http-nio-8081-exec-10] INFO  c.e.u.service.UserServiceImpl - Login successful for user: Nandakishore | id: cad6f01a-2bfb-465e-8d5d-fd7bf8b52b63
2026-03-14 23:02:34.024 [http-nio-8081-exec-10] DEBUG org.hibernate.SQL - 
    update
        users 
    set
        email=?,
        email_verified=?,
        last_login_at=?,
        password_hash=?,
        phone=?,
        status=?,
        updated_at=?,
        username=?,
        version=? 
    where
        id=? 
        and version=?
2026-03-14 23:02:34.101 [kafka-producer-network-thread | producer-1] INFO  c.e.u.kafka.KafkaEventPublisher - Event published → topic: user.login-success | key: cad6f01a-2bfb-465e-8d5d-fd7bf8b52b63 | offset: 5
2026-03-14 23:04:04.142 [kafka-producer-network-thread | producer-1] INFO  o.apache.kafka.clients.NetworkClient - [Producer clientId=producer-1] Node -1 disconnected.
2026-03-14 23:19:17.793 [http-nio-8081-exec-1] INFO  c.e.u.controller.AuthController - Login request for: kishorenanda518@gmail.com
2026-03-14 23:19:17.950 [http-nio-8081-exec-1] INFO  c.e.u.service.UserServiceImpl - Login attempt for: kishorenanda518@gmail.com
2026-03-14 23:19:17.981 [http-nio-8081-exec-1] DEBUG org.hibernate.SQL - 
    select
        u1_0.id,
        u1_0.created_at,
        u1_0.email,
        u1_0.email_verified,
        u1_0.last_login_at,
        u1_0.password_hash,
        u1_0.phone,
        u1_0.status,
        u1_0.updated_at,
        u1_0.username,
        u1_0.version 
    from
        users u1_0 
    where
        u1_0.username=? 
        or u1_0.email=?
2026-03-14 23:19:18.002 [http-nio-8081-exec-1] DEBUG org.hibernate.SQL - 
    select
        up1_0.id,
        up1_0.bio,
        up1_0.created_at,
        up1_0.date_of_birth,
        up1_0.first_name,
        up1_0.gender,
        up1_0.last_name,
        up1_0.profile_picture_url,
        up1_0.updated_at,
        up1_0.user_id 
    from
        user_profiles up1_0 
    where
        up1_0.user_id=?
2026-03-14 23:19:18.009 [http-nio-8081-exec-1] DEBUG org.hibernate.SQL - 
    select
        r1_0.user_id,
        r1_1.id,
        r1_1.description,
        r1_1.name 
    from
        user_roles r1_0 
    join
        roles r1_1 
            on r1_1.id=r1_0.role_id 
    where
        r1_0.user_id=?
2026-03-14 23:19:18.377 [http-nio-8081-exec-1] DEBUG c.e.u.service.UserServiceImpl - Refresh token stored in Redis for userId: cad6f01a-2bfb-465e-8d5d-fd7bf8b52b63
2026-03-14 23:19:18.391 [http-nio-8081-exec-1] INFO  c.e.u.service.UserServiceImpl - Login successful for user: Nandakishore | id: cad6f01a-2bfb-465e-8d5d-fd7bf8b52b63
2026-03-14 23:19:18.394 [http-nio-8081-exec-1] DEBUG org.hibernate.SQL - 
    update
        users 
    set
        email=?,
        email_verified=?,
        last_login_at=?,
        password_hash=?,
        phone=?,
        status=?,
        updated_at=?,
        username=?,
        version=? 
    where
        id=? 
        and version=?
2026-03-14 23:19:18.441 [kafka-producer-network-thread | producer-1] INFO  c.e.u.kafka.KafkaEventPublisher - Event published → topic: user.login-success | key: cad6f01a-2bfb-465e-8d5d-fd7bf8b52b63 | offset: 6
2026-03-14 23:25:36.577 [http-nio-8081-exec-3] INFO  c.e.u.controller.AuthController - Login request for: kishorenanda518@gmail.com
2026-03-14 23:25:36.585 [http-nio-8081-exec-3] INFO  c.e.u.service.UserServiceImpl - Login attempt for: kishorenanda518@gmail.com
2026-03-14 23:25:36.599 [http-nio-8081-exec-3] DEBUG org.hibernate.SQL - 
    select
        u1_0.id,
        u1_0.created_at,
        u1_0.email,
        u1_0.email_verified,
        u1_0.last_login_at,
        u1_0.password_hash,
        u1_0.phone,
        u1_0.status,
        u1_0.updated_at,
        u1_0.username,
        u1_0.version 
    from
        users u1_0 
    where
        u1_0.username=? 
        or u1_0.email=?
2026-03-14 23:25:36.615 [http-nio-8081-exec-3] DEBUG org.hibernate.SQL - 
    select
        up1_0.id,
        up1_0.bio,
        up1_0.created_at,
        up1_0.date_of_birth,
        up1_0.first_name,
        up1_0.gender,
        up1_0.last_name,
        up1_0.profile_picture_url,
        up1_0.updated_at,
        up1_0.user_id 
    from
        user_profiles up1_0 
    where
        up1_0.user_id=?
2026-03-14 23:25:36.620 [http-nio-8081-exec-3] DEBUG org.hibernate.SQL - 
    select
        r1_0.user_id,
        r1_1.id,
        r1_1.description,
        r1_1.name 
    from
        user_roles r1_0 
    join
        roles r1_1 
            on r1_1.id=r1_0.role_id 
    where
        r1_0.user_id=?
2026-03-14 23:25:36.873 [http-nio-8081-exec-3] DEBUG c.e.u.service.UserServiceImpl - Refresh token stored in Redis for userId: cad6f01a-2bfb-465e-8d5d-fd7bf8b52b63
2026-03-14 23:25:36.878 [http-nio-8081-exec-3] INFO  c.e.u.service.UserServiceImpl - Login successful for user: Nandakishore | id: cad6f01a-2bfb-465e-8d5d-fd7bf8b52b63
2026-03-14 23:25:36.881 [http-nio-8081-exec-3] DEBUG org.hibernate.SQL - 
    update
        users 
    set
        email=?,
        email_verified=?,
        last_login_at=?,
        password_hash=?,
        phone=?,
        status=?,
        updated_at=?,
        username=?,
        version=? 
    where
        id=? 
        and version=?
2026-03-14 23:25:36.889 [kafka-producer-network-thread | producer-1] INFO  c.e.u.kafka.KafkaEventPublisher - Event published → topic: user.login-success | key: cad6f01a-2bfb-465e-8d5d-fd7bf8b52b63 | offset: 7
